STRUCTURE,STRUCTURE_ID,STRUCTURE_NAME,ACTION,FREQ,Frequency,INDICATOR,Indicator,GEO_PICT,Pacific Island Countries and territories,SEX,Sex,AGE,Age,URBANIZATION,Urbanization,INCOME,Income,EDUCATION,Education level,OCCUPATION,Occupation,COMPOSITE_BREAKDOWN,Composite breakdown,DISABILITY,Disability,TIME_PERIOD,Time,OBS_VALUE,Observation value,UNIT_MEASURE,Unit of measure,REPORTING_TYPE,Reporting type,NATURE,Nature,DATA_SOURCE,Data source,OBS_STATUS,Observation Status,OBS_COMMENT,Comment
DATAFLOW,SPC:DF_BP50(1.0),Blue Pacific 2050 (all),I,A,Annual,SH_STA_MALR,"Malaria incidence per 1,000 population at risk",NC,New Caledonia,_T,Total,_T,All ages,_T,National,_T,Total,_T,All education levels,_T,All occupations,_Z,Not applicable,_T,No breakdown by disability,2000,,0,,PER_1000_POP,"per 1,000 population",G,Global,_X,Not Available,,,,,,
DATAFLOW,SPC:DF_BP50(1.0),Blue Pacific 2050 (all),I,A,Annual,SH_STA_MALR,"Malaria incidence per 1,000 population at risk",NC,New Caledonia,_T,Total,_T,All ages,_T,National,_T,Total,_T,All education levels,_T,All occupations,_Z,Not applicable,_T,No breakdown by disability,2001,,0,,PER_1000_POP,"per 1,000 population",G,Global,_X,Not Available,,,,,,
DATAFLOW,SPC:DF_BP50(1.0),Blue Pacific 2050 (all),I,A,Annual,SH_STA_MALR,"Malaria incidence per 1,000 population at risk",NC,New Caledonia,_T,Total,_T,All ages,_T,National,_T,Total,_T,All education levels,_T,All occupations,_Z,Not applicable,_T,No breakdown by disability,2002,,0,,PER_1000_POP,"per 1,000 population",G,Global,_X,Not Available,,,,,,
DATAFLOW,SPC:DF_BP50(1.0),Blue Pacific 2050 (all),I,A,Annual,SH_STA_MALR,"Malaria incidence per 1,000 population at risk",NC,New Caledonia,_T,Total,_T,All ages,_T,National,_T,Total,_T,All education levels,_T,All occupations,_Z,Not applicable,_T,No breakdown by disability,2003,,0,,PER_1000_POP,"per 1,000 population",G,Global,_X,Not Available,,,,,,
DATAFLOW,SPC:DF_BP50(1.0),Blue Pacific 2050 (all),I,A,Annual,SH_STA_MALR,"Malaria incidence per 1,000 population at risk",NC,New Caledonia,_T,Total,_T,All ages,_T,National,_T,Total,_T,All education levels,_T,All occupations,_Z,Not applicable,_T,No breakdown by disability,2004,,0,,PER_1000_POP,"per 1,000 population",G,Global,_X,Not Available,,,,,,
DATAFLOW,SPC:DF_BP50(1.0),Blue Pacific 2050 (all),I,A,Annual,SH_STA_MALR,"Malaria incidence per 1,000 population at risk",NC,New Caledonia,_T,Total,_T,All ages,_T,National,_T,Total,_T,All education levels,_T,All occupations,_Z,Not applicable,_T,No breakdown by disability,2005,,0,,PER_1000_POP,"per 1,000 population",G,Global,_X,Not Available,,,,,,
DATAFLOW,SPC:DF_BP50(1.0),Blue Pacific 2050 (all),I,A,Annual,SH_STA_MALR,"Malaria incidence per 1,000 population at risk",NC,New Caledonia,_T,Total,_T,All ages,_T,National,_T,Total,_T,All education levels,_T,All occupations,_Z,Not applicable,_T,No breakdown by disability,2006,,0,,PER_1000_POP,"per 1,000 population",G,Global,_X,Not Available,,,,,,
DATAFLOW,SPC:DF_BP50(1.0),Blue Pacific 2050 (all),I,A,Annual,SH_STA_MALR,"Malaria incidence per 1,000 population at risk",NC,New Caledonia,_T,Total,_T,All ages,_T,National,_T,Total,_T,All education levels,_T,All occupations,_Z,Not applicable,_T,No breakdown by disability,2007,,0,,PER_1000_POP,"per 1,000 population",G,Global,_X,Not Available,,,,,,
DATAFLOW,SPC:DF_BP50(1.0),Blue Pacific 2050 (all),I,A,Annual,SH_STA_MALR,"Malaria incidence per 1,000 population at risk",NC,New Caledonia,_T,Total,_T,All ages,_T,National,_T,Total,_T,All education levels,_T,All occupations,_Z,Not applicable,_T,No breakdown by disability,2008,,0,,PER_1000_POP,"per 1,000 population",G,Global,_X,Not Available,,,,,,
DATAFLOW,SPC:DF_BP50(1.0),Blue Pacific 2050 (all),I,A,Annual,SH_STA_MALR,"Malaria incidence per 1,000 population at risk",NC,New Caledonia,_T,Total,_T,All ages,_T,National,_T,Total,_T,All education levels,_T,All occupations,_Z,Not applicable,_T,No breakdown by disability,2009,,0,,PER_1000_POP,"per 1,000 population",G,Global,_X,Not Available,,,,,,
DATAFLOW,SPC:DF_BP50(1.0),Blue Pacific 2050 (all),I,A,Annual,SH_STA_MALR,"Malaria incidence per 1,000 population at risk",NC,New Caledonia,_T,Total,_T,All ages,_T,National,_T,Total,_T,All education levels,_T,All occupations,_Z,Not applicable,_T,No breakdown by disability,2010,,0,,PER_1000_POP,"per 1,000 population",G,Global,_X,Not Available,,,,,,
DATAFLOW,SPC:DF_BP50(1.0),Blue Pacific 2050 (all),I,A,Annual,SH_STA_MALR,"Malaria incidence per 1,000 population at risk",NC,New Caledonia,_T,Total,_T,All ages,_T,National,_T,Total,_T,All education levels,_T,All occupations,_Z,Not applicable,_T,No breakdown by disability,2011,,0,,PER_1000_POP,"per 1,000 population",G,Global,_X,Not Available,,,,,,
DATAFLOW,SPC:DF_BP50(1.0),Blue Pacific 2050 (all),I,A,Annual,SH_STA_MALR,"Malaria incidence per 1,000 population at risk",NC,New Caledonia,_T,Total,_T,All ages,_T,National,_T,Total,_T,All education levels,_T,All occupations,_Z,Not applicable,_T,No breakdown by disability,2012,,0,,PER_1000_POP,"per 1,000 population",G,Global,_X,Not Available,,,,,,
DATAFLOW,SPC:DF_BP50(1.0),Blue Pacific 2050 (all),I,A,Annual,SH_STA_MALR,"Malaria incidence per 1,000 population at risk",NC,New Caledonia,_T,Total,_T,All ages,_T,National,_T,Total,_T,All education levels,_T,All occupations,_Z,Not applicable,_T,No breakdown by disability,2013,,0,,PER_1000_POP,"per 1,000 population",G,Global,_X,Not Available,,,,,,
DATAFLOW,SPC:DF_BP50(1.0),Blue Pacific 2050 (all),I,A,Annual,SH_STA_MALR,"Malaria incidence per 1,000 population at risk",NC,New Caledonia,_T,Total,_T,All ages,_T,National,_T,Total,_T,All education levels,_T,All occupations,_Z,Not applicable,_T,No breakdown by disability,2014,,0,,PER_1000_POP,"per 1,000 population",G,Global,_X,Not Available,,,,,,
DATAFLOW,SPC:DF_BP50(1.0),Blue Pacific 2050 (all),I,A,Annual,SH_STA_MALR,"Malaria incidence per 1,000 population at risk",NC,New Caledonia,_T,Total,_T,All ages,_T,National,_T,Total,_T,All education levels,_T,All occupations,_Z,Not applicable,_T,No breakdown by disability,2015,,0,,PER_1000_POP,"per 1,000 population",G,Global,_X,Not Available,,,,,,
DATAFLOW,SPC:DF_BP50(1.0),Blue Pacific 2050 (all),I,A,Annual,SH_STA_MALR,"Malaria incidence per 1,000 population at risk",NC,New Caledonia,_T,Total,_T,All ages,_T,National,_T,Total,_T,All education levels,_T,All occupations,_Z,Not applicable,_T,No breakdown by disability,2016,,0,,PER_1000_POP,"per 1,000 population",G,Global,_X,Not Available,,,,,,
DATAFLOW,SPC:DF_BP50(1.0),Blue Pacific 2050 (all),I,A,Annual,SH_STA_MALR,"Malaria incidence per 1,000 population at risk",NC,New Caledonia,_T,Total,_T,All ages,_T,National,_T,Total,_T,All education levels,_T,All occupations,_Z,Not applicable,_T,No breakdown by disability,2017,,0,,PER_1000_POP,"per 1,000 population",G,Global,_X,Not Available,,,,,,
DATAFLOW,SPC:DF_BP50(1.0),Blue Pacific 2050 (all),I,A,Annual,SH_STA_MALR,"Malaria incidence per 1,000 population at risk",NC,New Caledonia,_T,Total,_T,All ages,_T,National,_T,Total,_T,All education levels,_T,All occupations,_Z,Not applicable,_T,No breakdown by disability,2018,,0,,PER_1000_POP,"per 1,000 population",G,Global,_X,Not Available,,,,,,
DATAFLOW,SPC:DF_BP50(1.0),Blue Pacific 2050 (all),I,A,Annual,SH_STA_MALR,"Malaria incidence per 1,000 population at risk",NC,New Caledonia,_T,Total,_T,All ages,_T,National,_T,Total,_T,All education levels,_T,All occupations,_Z,Not applicable,_T,No breakdown by disability,2019,,0,,PER_1000_POP,"per 1,000 population",G,Global,_X,Not Available,,,,,,
DATAFLOW,SPC:DF_BP50(1.0),Blue Pacific 2050 (all),I,A,Annual,SH_STA_MALR,"Malaria incidence per 1,000 population at risk",TV,Tuvalu,_T,Total,_T,All ages,_T,National,_T,Total,_T,All education levels,_T,All occupations,_Z,Not applicable,_T,No breakdown by disability,2000,,0,,PER_1000_POP,"per 1,000 population",G,Global,_X,Not Available,,,,,,
DATAFLOW,SPC:DF_BP50(1.0),Blue Pacific 2050 (all),I,A,Annual,SH_STA_MALR,"Malaria incidence per 1,000 population at risk",TV,Tuvalu,_T,Total,_T,All ages,_T,National,_T,Total,_T,All education levels,_T,All occupations,_Z,Not applicable,_T,No breakdown by disability,2001,,0,,PER_1000_POP,"per 1,000 population",G,Global,_X,Not Available,,,,,,
DATAFLOW,SPC:DF_BP50(1.0),Blue Pacific 2050 (all),I,A,Annual,SH_STA_MALR,"Malaria incidence per 1,000 population at risk",TV,Tuvalu,_T,Total,_T,All ages,_T,National,_T,Total,_T,All education levels,_T,All occupations,_Z,Not applicable,_T,No breakdown by disability,2002,,0,,PER_1000_POP,"per 1,000 population",G,Global,_X,Not Available,,,,,,
DATAFLOW,SPC:DF_BP50(1.0),Blue Pacific 2050 (all),I,A,Annual,SH_STA_MALR,"Malaria incidence per 1,000 population at risk",TV,Tuvalu,_T,Total,_T,All ages,_T,National,_T,Total,_T,All education levels,_T,All occupations,_Z,Not applicable,_T,No breakdown by disability,2003,,0,,PER_1000_POP,"per 1,000 population",G,Global,_X,Not Available,,,,,,
DATAFLOW,SPC:DF_BP50(1.0),Blue Pacific 2050 (all),I,A,Annual,SH_STA_MALR,"Malaria incidence per 1,000 population at risk",TV,Tuvalu,_T,Total,_T,All ages,_T,National,_T,Total,_T,All education levels,_T,All occupations,_Z,Not applicable,_T,No breakdown by disability,2004,,0,,PER_1000_POP,"per 1,000 population",G,Global,_X,Not Available,,,,,,
DATAFLOW,SPC:DF_BP50(1.0),Blue Pacific 2050 (all),I,A,Annual,SH_STA_MALR,"Malaria incidence per 1,000 population at risk",TV,Tuvalu,_T,Total,_T,All ages,_T,National,_T,Total,_T,All education levels,_T,All occupations,_Z,Not applicable,_T,No breakdown by disability,2005,,0,,PER_1000_POP,"per 1,000 population",G,Global,_X,Not Available,,,,,,
DATAFLOW,SPC:DF_BP50(1.0),Blue Pacific 2050 (all),I,A,Annual,SH_STA_MALR,"Malaria incidence per 1,000 population at risk",TV,Tuvalu,_T,Total,_T,All ages,_T,National,_T,Total,_T,All education levels,_T,All occupations,_Z,Not applicable,_T,No breakdown by disability,2006,,0,,PER_1000_POP,"per 1,000 population",G,Global,_X,Not Available,,,,,,
DATAFLOW,SPC:DF_BP50(1.0),Blue Pacific 2050 (all),I,A,Annual,SH_STA_MALR,"Malaria incidence per 1,000 population at risk",TV,Tuvalu,_T,Total,_T,All ages,_T,National,_T,Total,_T,All education levels,_T,All occupations,_Z,Not applicable,_T,No breakdown by disability,2007,,0,,PER_1000_POP,"per 1,000 population",G,Global,_X,Not Available,,,,,,
DATAFLOW,SPC:DF_BP50(1.0),Blue Pacific 2050 (all),I,A,Annual,SH_STA_MALR,"Malaria incidence per 1,000 population at risk",TV,Tuvalu,_T,Total,_T,All ages,_T,National,_T,Total,_T,All education levels,_T,All occupations,_Z,Not applicable,_T,No breakdown by disability,2008,,0,,PER_1000_POP,"per 1,000 population",G,Global,_X,Not Available,,,,,,
DATAFLOW,SPC:DF_BP50(1.0),Blue Pacific 2050 (all),I,A,Annual,SH_STA_MALR,"Malaria incidence per 1,000 population at risk",TV,Tuvalu,_T,Total,_T,All ages,_T,National,_T,Total,_T,All education levels,_T,All occupations,_Z,Not applicable,_T,No breakdown by disability,2009,,0,,PER_1000_POP,"per 1,000 population",G,Global,_X,Not Available,,,,,,
DATAFLOW,SPC:DF_BP50(1.0),Blue Pacific 2050 (all),I,A,Annual,SH_STA_MALR,"Malaria incidence per 1,000 population at risk",TV,Tuvalu,_T,Total,_T,All ages,_T,National,_T,Total,_T,All education levels,_T,All occupations,_Z,Not applicable,_T,No breakdown by disability,2010,,0,,PER_1000_POP,"per 1,000 population",G,Global,_X,Not Available,,,,,,
DATAFLOW,SPC:DF_BP50(1.0),Blue Pacific 2050 (all),I,A,Annual,SH_STA_MALR,"Malaria incidence per 1,000 population at risk",TV,Tuvalu,_T,Total,_T,All ages,_T,National,_T,Total,_T,All education levels,_T,All occupations,_Z,Not applicable,_T,No breakdown by disability,2011,,0,,PER_1000_POP,"per 1,000 population",G,Global,_X,Not Available,,,,,,
DATAFLOW,SPC:DF_BP50(1.0),Blue Pacific 2050 (all),I,A,Annual,SH_STA_MALR,"Malaria incidence per 1,000 population at risk",TV,Tuvalu,_T,Total,_T,All ages,_T,National,_T,Total,_T,All education levels,_T,All occupations,_Z,Not applicable,_T,No breakdown by disability,2012,,0,,PER_1000_POP,"per 1,000 population",G,Global,_X,Not Available,,,,,,
DATAFLOW,SPC:DF_BP50(1.0),Blue Pacific 2050 (all),I,A,Annual,SH_STA_MALR,"Malaria incidence per 1,000 population at risk",TV,Tuvalu,_T,Total,_T,All ages,_T,National,_T,Total,_T,All education levels,_T,All occupations,_Z,Not applicable,_T,No breakdown by disability,2013,,0,,PER_1000_POP,"per 1,000 population",G,Global,_X,Not Available,,,,,,
DATAFLOW,SPC:DF_BP50(1.0),Blue Pacific 2050 (all),I,A,Annual,SH_STA_MALR,"Malaria incidence per 1,000 population at risk",TV,Tuvalu,_T,Total,_T,All ages,_T,National,_T,Total,_T,All education levels,_T,All occupations,_Z,Not applicable,_T,No breakdown by disability,2014,,0,,PER_1000_POP,"per 1,000 population",G,Global,_X,Not Available,,,,,,
DATAFLOW,SPC:DF_BP50(1.0),Blue Pacific 2050 (all),I,A,Annual,SH_STA_MALR,"Malaria incidence per 1,000 population at risk",TV,Tuvalu,_T,Total,_T,All ages,_T,National,_T,Total,_T,All education levels,_T,All occupations,_Z,Not applicable,_T,No breakdown by disability,2015,,0,,PER_1000_POP,"per 1,000 population",G,Global,_X,Not Available,,,,,,
DATAFLOW,SPC:DF_BP50(1.0),Blue Pacific 2050 (all),I,A,Annual,SH_STA_MALR,"Malaria incidence per 1,000 population at risk",TV,Tuvalu,_T,Total,_T,All ages,_T,National,_T,Total,_T,All education levels,_T,All occupations,_Z,Not applicable,_T,No breakdown by disability,2016,,0,,PER_1000_POP,"per 1,000 population",G,Global,_X,Not Available,,,,,,
DATAFLOW,SPC:DF_BP50(1.0),Blue Pacific 2050 (all),I,A,Annual,SH_STA_MALR,"Malaria incidence per 1,000 population at risk",TV,Tuvalu,_T,Total,_T,All ages,_T,National,_T,Total,_T,All education levels,_T,All occupations,_Z,Not applicable,_T,No breakdown by disability,2017,,0,,PER_1000_POP,"per 1,000 population",G,Global,_X,Not Available,,,,,,
DATAFLOW,SPC:DF_BP50(1.0),Blue Pacific 2050 (all),I,A,Annual,SH_STA_MALR,"Malaria incidence per 1,000 population at risk",TV,Tuvalu,_T,Total,_T,All ages,_T,National,_T,Total,_T,All education levels,_T,All occupations,_Z,Not applicable,_T,No breakdown by disability,2018,,0,,PER_1000_POP,"per 1,000 population",G,Global,_X,Not Available,,,,,,
DATAFLOW,SPC:DF_BP50(1.0),Blue Pacific 2050 (all),I,A,Annual,SH_STA_MALR,"Malaria incidence per 1,000 population at risk",TV,Tuvalu,_T,Total,_T,All ages,_T,National,_T,Total,_T,All education levels,_T,All occupations,_Z,Not applicable,_T,No breakdown by disability,2019,,0,,PER_1000_POP,"per 1,000 population",G,Global,_X,Not Available,,,,,,
DATAFLOW,SPC:DF_BP50(1.0),Blue Pacific 2050 (all),I,A,Annual,SH_STA_WASH,"Mortality rate attributed to unsafe water, unsafe sanitation
            and lack of hygiene",PW,Palau,_T,Total,_T,All ages,_T,National,_T,Total,_T,All education levels,_T,All occupations,_Z,Not applicable,_T,No breakdown by disability,2012,,4.8,,PER_100000_POP,"per 100,000 population",G,Global,E,Estimated,"Global Health Observatory (GHO), World Health Organisation (WHO)",,,,,
DATAFLOW,SPC:DF_BP50(1.0),Blue Pacific 2050 (all),I,A,Annual,SH_TBS_INCD,Tuberculosis incidence,FM,Micronesia (Federated States of),_T,Total,_T,All ages,_T,National,_T,Total,_T,All education levels,_T,All occupations,_Z,Not applicable,_T,No breakdown by disability,2000,,102,,PER_100000_POP,"per 100,000 population",G,Global,_X,Not Available,,,,,,
DATAFLOW,SPC:DF_BP50(1.0),Blue Pacific 2050 (all),I,A,Annual,SH_TBS_INCD,Tuberculosis incidence,FM,Micronesia (Federated States of),_T,Total,_T,All ages,_T,National,_T,Total,_T,All education levels,_T,All occupations,_Z,Not applicable,_T,No breakdown by disability,2001,,116,,PER_100000_POP,"per 100,000 population",G,Global,_X,Not Available,,,,,,
DATAFLOW,SPC:DF_BP50(1.0),Blue Pacific 2050 (all),I,A,Annual,SH_TBS_INCD,Tuberculosis incidence,FM,Micronesia (Federated States of),_T,Total,_T,All ages,_T,National,_T,Total,_T,All education levels,_T,All occupations,_Z,Not applicable,_T,No breakdown by disability,2002,,141,,PER_100000_POP,"per 100,000 population",G,Global,_X,Not Available,,,,,,
DATAFLOW,SPC:DF_BP50(1.0),Blue Pacific 2050 (all),I,A,Annual,SH_TBS_INCD,Tuberculosis incidence,FM,Micronesia (Federated States of),_T,Total,_T,All ages,_T,National,_T,Total,_T,All education levels,_T,All occupations,_Z,Not applicable,_T,No breakdown by disability,2003,,118,,PER_100000_POP,"per 100,000 population",G,Global,_X,Not Available,,,,,,
DATAFLOW,SPC:DF_BP50(1.0),Blue Pacific 2050 (all),I,A,Annual,SH_TBS_INCD,Tuberculosis incidence,FM,Micronesia (Federated States of),_T,Total,_T,All ages,_T,National,_T,Total,_T,All education levels,_T,All occupations,_Z,Not applicable,_T,No breakdown by disability,2004,,132,,PER_100000_POP,"per 100,000 population",G,Global,_X,Not Available,,,,,,
DATAFLOW,SPC:DF_BP50(1.0),Blue Pacific 2050 (all),I,A,Annual,SH_TBS_INCD,Tuberculosis incidence,FM,Micronesia (Federated States of),_T,Total,_T,All ages,_T,National,_T,Total,_T,All education levels,_T,All occupations,_Z,Not applicable,_T,No breakdown by disability,2005,,110,,PER_100000_POP,"per 100,000 population",G,Global,_X,Not Available,,,,,,
DATAFLOW,SPC:DF_BP50(1.0),Blue Pacific 2050 (all),I,A,Annual,SH_TBS_INCD,Tuberculosis incidence,FM,Micronesia (Federated States of),_T,Total,_T,All ages,_T,National,_T,Total,_T,All education levels,_T,All occupations,_Z,Not applicable,_T,No breakdown by disability,2006,,117,,PER_100000_POP,"per 100,000 population",G,Global,_X,Not Available,,,,,,
DATAFLOW,SPC:DF_BP50(1.0),Blue Pacific 2050 (all),I,A,Annual,SH_TBS_INCD,Tuberculosis incidence,FM,Micronesia (Federated States of),_T,Total,_T,All ages,_T,National,_T,Total,_T,All education levels,_T,All occupations,_Z,Not applicable,_T,No breakdown by disability,2007,,159,,PER_100000_POP,"per 100,000 population",G,Global,_X,Not Available,,,,,,
DATAFLOW,SPC:DF_BP50(1.0),Blue Pacific 2050 (all),I,A,Annual,SH_TBS_INCD,Tuberculosis incidence,FM,Micronesia (Federated States of),_T,Total,_T,All ages,_T,National,_T,Total,_T,All education levels,_T,All occupations,_Z,Not applicable,_T,No breakdown by disability,2008,,188,,PER_100000_POP,"per 100,000 population",G,Global,_X,Not Available,,,,,,
DATAFLOW,SPC:DF_BP50(1.0),Blue Pacific 2050 (all),I,A,Annual,SH_TBS_INCD,Tuberculosis incidence,FM,Micronesia (Federated States of),_T,Total,_T,All ages,_T,National,_T,Total,_T,All education levels,_T,All occupations,_Z,Not applicable,_T,No breakdown by disability,2009,,171,,PER_100000_POP,"per 100,000 population",G,Global,_X,Not Available,,,,,,
DATAFLOW,SPC:DF_BP50(1.0),Blue Pacific 2050 (all),I,A,Annual,SH_TBS_INCD,Tuberculosis incidence,FM,Micronesia (Federated States of),_T,Total,_T,All ages,_T,National,_T,Total,_T,All education levels,_T,All occupations,_Z,Not applicable,_T,No breakdown by disability,2010,,191,,PER_100000_POP,"per 100,000 population",G,Global,_X,Not Available,,,,,,
DATAFLOW,SPC:DF_BP50(1.0),Blue Pacific 2050 (all),I,A,Annual,SH_TBS_INCD,Tuberculosis incidence,FM,Micronesia (Federated States of),_T,Total,_T,All ages,_T,National,_T,Total,_T,All education levels,_T,All occupations,_Z,Not applicable,_T,No breakdown by disability,2011,,172,,PER_100000_POP,"per 100,000 population",G,Global,_X,Not Available,,,,,,
DATAFLOW,SPC:DF_BP50(1.0),Blue Pacific 2050 (all),I,A,Annual,SH_TBS_INCD,Tuberculosis incidence,FM,Micronesia (Federated States of),_T,Total,_T,All ages,_T,National,_T,Total,_T,All education levels,_T,All occupations,_Z,Not applicable,_T,No breakdown by disability,2012,,167,,PER_100000_POP,"per 100,000 population",G,Global,_X,Not Available,,,,,,
DATAFLOW,SPC:DF_BP50(1.0),Blue Pacific 2050 (all),I,A,Annual,SH_TBS_INCD,Tuberculosis incidence,FM,Micronesia (Federated States of),_T,Total,_T,All ages,_T,National,_T,Total,_T,All education levels,_T,All occupations,_Z,Not applicable,_T,No breakdown by disability,2013,,171,,PER_100000_POP,"per 100,000 population",G,Global,_X,Not Available,,,,,,
DATAFLOW,SPC:DF_BP50(1.0),Blue Pacific 2050 (all),I,A,Annual,SH_TBS_INCD,Tuberculosis incidence,FM,Micronesia (Federated States of),_T,Total,_T,All ages,_T,National,_T,Total,_T,All education levels,_T,All occupations,_Z,Not applicable,_T,No breakdown by disability,2014,,217,,PER_100000_POP,"per 100,000 population",G,Global,_X,Not Available,,,,,,
DATAFLOW,SPC:DF_BP50(1.0),Blue Pacific 2050 (all),I,A,Annual,SH_TBS_INCD,Tuberculosis incidence,FM,Micronesia (Federated States of),_T,Total,_T,All ages,_T,National,_T,Total,_T,All education levels,_T,All occupations,_Z,Not applicable,_T,No breakdown by disability,2015,,120,,PER_100000_POP,"per 100,000 population",G,Global,_X,Not Available,,,,,,
DATAFLOW,SPC:DF_BP50(1.0),Blue Pacific 2050 (all),I,A,Annual,SH_TBS_INCD,Tuberculosis incidence,FM,Micronesia (Federated States of),_T,Total,_T,All ages,_T,National,_T,Total,_T,All education levels,_T,All occupations,_Z,Not applicable,_T,No breakdown by disability,2016,,171,,PER_100000_POP,"per 100,000 population",G,Global,_X,Not Available,,,,,,
DATAFLOW,SPC:DF_BP50(1.0),Blue Pacific 2050 (all),I,A,Annual,SH_TBS_INCD,Tuberculosis incidence,FM,Micronesia (Federated States of),_T,Total,_T,All ages,_T,National,_T,Total,_T,All education levels,_T,All occupations,_Z,Not applicable,_T,No breakdown by disability,2017,,159,,PER_100000_POP,"per 100,000 population",G,Global,_X,Not Available,,,,,,
DATAFLOW,SPC:DF_BP50(1.0),Blue Pacific 2050 (all),I,A,Annual,SH_TBS_INCD,Tuberculosis incidence,FM,Micronesia (Federated States of),_T,Total,_T,All ages,_T,National,_T,Total,_T,All education levels,_T,All occupations,_Z,Not applicable,_T,No breakdown by disability,2018,,110,,PER_100000_POP,"per 100,000 population",G,Global,_X,Not Available,,,,,,
DATAFLOW,SPC:DF_BP50(1.0),Blue Pacific 2050 (all),I,A,Annual,SH_TBS_INCD,Tuberculosis incidence,FM,Micronesia (Federated States of),_T,Total,_T,All ages,_T,National,_T,Total,_T,All education levels,_T,All occupations,_Z,Not applicable,_T,No breakdown by disability,2019,,103,,PER_100000_POP,"per 100,000 population",G,Global,_X,Not Available,,,,,,
DATAFLOW,SPC:DF_BP50(1.0),Blue Pacific 2050 (all),I,A,Annual,SH_TBS_INCD,Tuberculosis incidence,FM,Micronesia (Federated States of),_T,Total,_T,All ages,_T,National,_T,Total,_T,All education levels,_T,All occupations,_Z,Not applicable,_T,No breakdown by disability,2020,,104,,PER_100000_POP,"per 100,000 population",G,Global,_X,Not Available,,,,,,
DATAFLOW,SPC:DF_BP50(1.0),Blue Pacific 2050 (all),I,A,Annual,SH_TBS_INCD,Tuberculosis incidence,FM,Micronesia (Federated States of),_T,Total,_T,All ages,_T,National,_T,Total,_T,All education levels,_T,All occupations,_Z,Not applicable,_T,No breakdown by disability,2021,,81,,PER_100000_POP,"per 100,000 population",G,Global,_X,Not Available,,,,,,
DATAFLOW,SPC:DF_BP50(1.0),Blue Pacific 2050 (all),I,A,Annual,SH_TBS_INCD,Tuberculosis incidence,FM,Micronesia (Federated States of),_T,Total,_T,All ages,_T,National,_T,Total,_T,All education levels,_T,All occupations,_Z,Not applicable,_T,No breakdown by disability,2022,,54,,PER_100000_POP,"per 100,000 population",G,Global,_X,Not Available,,,,,,
DATAFLOW,SPC:DF_BP50(1.0),Blue Pacific 2050 (all),I,A,Annual,SH_TBS_INCD,Tuberculosis incidence,FM,Micronesia (Federated States of),_T,Total,_T,All ages,_T,National,_T,Total,_T,All education levels,_T,All occupations,_Z,Not applicable,_T,No breakdown by disability,2023,,234,,PER_100000_POP,"per 100,000 population",G,Global,_X,Not Available,,,,,,
DATAFLOW,SPC:DF_BP50(1.0),Blue Pacific 2050 (all),I,A,Annual,SH_TBS_INCD,Tuberculosis incidence,MH,Marshall Islands,_T,Total,_T,All ages,_T,National,_T,Total,_T,All education levels,_T,All occupations,_Z,Not applicable,_T,No breakdown by disability,2000,,84,,PER_100000_POP,"per 100,000 population",G,Global,_X,Not Available,,,,,,
DATAFLOW,SPC:DF_BP50(1.0),Blue Pacific 2050 (all),I,A,Annual,SH_TBS_INCD,Tuberculosis incidence,MH,Marshall Islands,_T,Total,_T,All ages,_T,National,_T,Total,_T,All education levels,_T,All occupations,_Z,Not applicable,_T,No breakdown by disability,2001,,137,,PER_100000_POP,"per 100,000 population",G,Global,_X,Not Available,,,,,,
DATAFLOW,SPC:DF_BP50(1.0),Blue Pacific 2050 (all),I,A,Annual,SH_TBS_INCD,Tuberculosis incidence,MH,Marshall Islands,_T,Total,_T,All ages,_T,National,_T,Total,_T,All education levels,_T,All occupations,_Z,Not applicable,_T,No breakdown by disability,2002,,124,,PER_100000_POP,"per 100,000 population",G,Global,_X,Not Available,,,,,,
DATAFLOW,SPC:DF_BP50(1.0),Blue Pacific 2050 (all),I,A,Annual,SH_TBS_INCD,Tuberculosis incidence,MH,Marshall Islands,_T,Total,_T,All ages,_T,National,_T,Total,_T,All education levels,_T,All occupations,_Z,Not applicable,_T,No breakdown by disability,2003,,145,,PER_100000_POP,"per 100,000 population",G,Global,_X,Not Available,,,,,,
DATAFLOW,SPC:DF_BP50(1.0),Blue Pacific 2050 (all),I,A,Annual,SH_TBS_INCD,Tuberculosis incidence,MH,Marshall Islands,_T,Total,_T,All ages,_T,National,_T,Total,_T,All education levels,_T,All occupations,_Z,Not applicable,_T,No breakdown by disability,2004,,282,,PER_100000_POP,"per 100,000 population",G,Global,_X,Not Available,,,,,,
DATAFLOW,SPC:DF_BP50(1.0),Blue Pacific 2050 (all),I,A,Annual,SH_TBS_INCD,Tuberculosis incidence,MH,Marshall Islands,_T,Total,_T,All ages,_T,National,_T,Total,_T,All education levels,_T,All occupations,_Z,Not applicable,_T,No breakdown by disability,2005,,267,,PER_100000_POP,"per 100,000 population",G,Global,_X,Not Available,,,,,,
DATAFLOW,SPC:DF_BP50(1.0),Blue Pacific 2050 (all),I,A,Annual,SH_TBS_INCD,Tuberculosis incidence,MH,Marshall Islands,_T,Total,_T,All ages,_T,National,_T,Total,_T,All education levels,_T,All occupations,_Z,Not applicable,_T,No breakdown by disability,2006,,334,,PER_100000_POP,"per 100,000 population",G,Global,_X,Not Available,,,,,,
DATAFLOW,SPC:DF_BP50(1.0),Blue Pacific 2050 (all),I,A,Annual,SH_TBS_INCD,Tuberculosis incidence,MH,Marshall Islands,_T,Total,_T,All ages,_T,National,_T,Total,_T,All education levels,_T,All occupations,_Z,Not applicable,_T,No breakdown by disability,2007,,380,,PER_100000_POP,"per 100,000 population",G,Global,_X,Not Available,,,,,,
DATAFLOW,SPC:DF_BP50(1.0),Blue Pacific 2050 (all),I,A,Annual,SH_TBS_INCD,Tuberculosis incidence,MH,Marshall Islands,_T,Total,_T,All ages,_T,National,_T,Total,_T,All education levels,_T,All occupations,_Z,Not applicable,_T,No breakdown by disability,2008,,300,,PER_100000_POP,"per 100,000 population",G,Global,_X,Not Available,,,,,,
DATAFLOW,SPC:DF_BP50(1.0),Blue Pacific 2050 (all),I,A,Annual,SH_TBS_INCD,Tuberculosis incidence,MH,Marshall Islands,_T,Total,_T,All ages,_T,National,_T,Total,_T,All education levels,_T,All occupations,_Z,Not applicable,_T,No breakdown by disability,2009,,339,,PER_100000_POP,"per 100,000 population",G,Global,_X,Not Available,,,,,,
DATAFLOW,SPC:DF_BP50(1.0),Blue Pacific 2050 (all),I,A,Annual,SH_TBS_INCD,Tuberculosis incidence,MH,Marshall Islands,_T,Total,_T,All ages,_T,National,_T,Total,_T,All education levels,_T,All occupations,_Z,Not applicable,_T,No breakdown by disability,2010,,464,,PER_100000_POP,"per 100,000 population",G,Global,_X,Not Available,,,,,,
DATAFLOW,SPC:DF_BP50(1.0),Blue Pacific 2050 (all),I,A,Annual,SH_TBS_INCD,Tuberculosis incidence,MH,Marshall Islands,_T,Total,_T,All ages,_T,National,_T,Total,_T,All education levels,_T,All occupations,_Z,Not applicable,_T,No breakdown by disability,2011,,335,,PER_100000_POP,"per 100,000 population",G,Global,_X,Not Available,,,,,,
DATAFLOW,SPC:DF_BP50(1.0),Blue Pacific 2050 (all),I,A,Annual,SH_TBS_INCD,Tuberculosis incidence,MH,Marshall Islands,_T,Total,_T,All ages,_T,National,_T,Total,_T,All education levels,_T,All occupations,_Z,Not applicable,_T,No breakdown by disability,2012,,352,,PER_100000_POP,"per 100,000 population",G,Global,_X,Not Available,,,,,,
DATAFLOW,SPC:DF_BP50(1.0),Blue Pacific 2050 (all),I,A,Annual,SH_TBS_INCD,Tuberculosis incidence,MH,Marshall Islands,_T,Total,_T,All ages,_T,National,_T,Total,_T,All education levels,_T,All occupations,_Z,Not applicable,_T,No breakdown by disability,2013,,368,,PER_100000_POP,"per 100,000 population",G,Global,_X,Not Available,,,,,,
DATAFLOW,SPC:DF_BP50(1.0),Blue Pacific 2050 (all),I,A,Annual,SH_TBS_INCD,Tuberculosis incidence,MH,Marshall Islands,_T,Total,_T,All ages,_T,National,_T,Total,_T,All education levels,_T,All occupations,_Z,Not applicable,_T,No breakdown by disability,2014,,356,,PER_100000_POP,"per 100,000 population",G,Global,_X,Not Available,,,,,,
DATAFLOW,SPC:DF_BP50(1.0),Blue Pacific 2050 (all),I,A,Annual,SH_TBS_INCD,Tuberculosis incidence,MH,Marshall Islands,_T,Total,_T,All ages,_T,National,_T,Total,_T,All education levels,_T,All occupations,_Z,Not applicable,_T,No breakdown by disability,2015,,353,,PER_100000_POP,"per 100,000 population",G,Global,_X,Not Available,,,,,,
DATAFLOW,SPC:DF_BP50(1.0),Blue Pacific 2050 (all),I,A,Annual,SH_TBS_INCD,Tuberculosis incidence,MH,Marshall Islands,_T,Total,_T,All ages,_T,National,_T,Total,_T,All education levels,_T,All occupations,_Z,Not applicable,_T,No breakdown by disability,2016,,469,,PER_100000_POP,"per 100,000 population",G,Global,_X,Not Available,,,,,,
DATAFLOW,SPC:DF_BP50(1.0),Blue Pacific 2050 (all),I,A,Annual,SH_TBS_INCD,Tuberculosis incidence,MH,Marshall Islands,_T,Total,_T,All ages,_T,National,_T,Total,_T,All education levels,_T,All occupations,_Z,Not applicable,_T,No breakdown by disability,2017,,548,,PER_100000_POP,"per 100,000 population",G,Global,_X,Not Available,,,,,,
DATAFLOW,SPC:DF_BP50(1.0),Blue Pacific 2050 (all),I,A,Annual,SH_TBS_INCD,Tuberculosis incidence,MH,Marshall Islands,_T,Total,_T,All ages,_T,National,_T,Total,_T,All education levels,_T,All occupations,_Z,Not applicable,_T,No breakdown by disability,2018,,1180,,PER_100000_POP,"per 100,000 population",G,Global,_X,Not Available,,,,,,
DATAFLOW,SPC:DF_BP50(1.0),Blue Pacific 2050 (all),I,A,Annual,SH_TBS_INCD,Tuberculosis incidence,MH,Marshall Islands,_T,Total,_T,All ages,_T,National,_T,Total,_T,All education levels,_T,All occupations,_Z,Not applicable,_T,No breakdown by disability,2019,,645,,PER_100000_POP,"per 100,000 population",G,Global,_X,Not Available,,,,,,
DATAFLOW,SPC:DF_BP50(1.0),Blue Pacific 2050 (all),I,A,Annual,SH_TBS_INCD,Tuberculosis incidence,MH,Marshall Islands,_T,Total,_T,All ages,_T,National,_T,Total,_T,All education levels,_T,All occupations,_Z,Not applicable,_T,No breakdown by disability,2020,,430,,PER_100000_POP,"per 100,000 population",G,Global,_X,Not Available,,,,,,
DATAFLOW,SPC:DF_BP50(1.0),Blue Pacific 2050 (all),I,A,Annual,SH_TBS_INCD,Tuberculosis incidence,MH,Marshall Islands,_T,Total,_T,All ages,_T,National,_T,Total,_T,All education levels,_T,All occupations,_Z,Not applicable,_T,No breakdown by disability,2021,,357,,PER_100000_POP,"per 100,000 population",G,Global,_X,Not Available,,,,,,
DATAFLOW,SPC:DF_BP50(1.0),Blue Pacific 2050 (all),I,A,Annual,SH_TBS_INCD,Tuberculosis incidence,MH,Marshall Islands,_T,Total,_T,All ages,_T,National,_T,Total,_T,All education levels,_T,All occupations,_Z,Not applicable,_T,No breakdown by disability,2022,,318,,PER_100000_POP,"per 100,000 population",G,Global,_X,Not Available,,,,,,
DATAFLOW,SPC:DF_BP50(1.0),Blue Pacific 2050 (all),I,A,Annual,SH_TBS_INCD,Tuberculosis incidence,MH,Marshall Islands,_T,Total,_T,All ages,_T,National,_T,Total,_T,All education levels,_T,All occupations,_Z,Not applicable,_T,No breakdown by disability,2023,,692,,PER_100000_POP,"per 100,000 population",G,Global,_X,Not Available,,,,,,
DATAFLOW,SPC:DF_BP50(1.0),Blue Pacific 2050 (all),I,A,Annual,SH_STA_MALR,"Malaria incidence per 1,000 population at risk",CK,Cook Islands,_T,Total,_T,All ages,_T,National,_T,Total,_T,All education levels,_T,All occupations,_Z,Not applicable,_T,No breakdown by disability,2000,,0,,PER_1000_POP,"per 1,000 population",G,Global,_X,Not Available,,,,,,
DATAFLOW,SPC:DF_BP50(1.0),Blue Pacific 2050 (all),I,A,Annual,SH_STA_MALR,"Malaria incidence per 1,000 population at risk",CK,Cook Islands,_T,Total,_T,All ages,_T,National,_T,Total,_T,All education levels,_T,All occupations,_Z,Not applicable,_T,No breakdown by disability,2001,,0,,PER_1000_POP,"per 1,000 population",G,Global,_X,Not Available,,,,,,
DATAFLOW,SPC:DF_BP50(1.0),Blue Pacific 2050 (all),I,A,Annual,SH_STA_MALR,"Malaria incidence per 1,000 population at risk",CK,Cook Islands,_T,Total,_T,All ages,_T,National,_T,Total,_T,All education levels,_T,All occupations,_Z,Not applicable,_T,No breakdown by disability,2002,,0,,PER_1000_POP,"per 1,000 population",G,Global,_X,Not Available,,,,,,
DATAFLOW,SPC:DF_BP50(1.0),Blue Pacific 2050 (all),I,A,Annual,SH_STA_MALR,"Malaria incidence per 1,000 population at risk",CK,Cook Islands,_T,Total,_T,All ages,_T,National,_T,Total,_T,All education levels,_T,All occupations,_Z,Not applicable,_T,No breakdown by disability,2003,,0,,PER_1000_POP,"per 1,000 population",G,Global,_X,Not Available,,,,,,
DATAFLOW,SPC:DF_BP50(1.0),Blue Pacific 2050 (all),I,A,Annual,SH_STA_MALR,"Malaria incidence per 1,000 population at risk",CK,Cook Islands,_T,Total,_T,All ages,_T,National,_T,Total,_T,All education levels,_T,All occupations,_Z,Not applicable,_T,No breakdown by disability,2004,,0,,PER_1000_POP,"per 1,000 population",G,Global,_X,Not Available,,,,,,
DATAFLOW,SPC:DF_BP50(1.0),Blue Pacific 2050 (all),I,A,Annual,SH_STA_MALR,"Malaria incidence per 1,000 population at risk",CK,Cook Islands,_T,Total,_T,All ages,_T,National,_T,Total,_T,All education levels,_T,All occupations,_Z,Not applicable,_T,No breakdown by disability,2005,,0,,PER_1000_POP,"per 1,000 population",G,Global,_X,Not Available,,,,,,
DATAFLOW,SPC:DF_BP50(1.0),Blue Pacific 2050 (all),I,A,Annual,SH_STA_MALR,"Malaria incidence per 1,000 population at risk",CK,Cook Islands,_T,Total,_T,All ages,_T,National,_T,Total,_T,All education levels,_T,All occupations,_Z,Not applicable,_T,No breakdown by disability,2006,,0,,PER_1000_POP,"per 1,000 population",G,Global,_X,Not Available,,,,,,
DATAFLOW,SPC:DF_BP50(1.0),Blue Pacific 2050 (all),I,A,Annual,SH_STA_MALR,"Malaria incidence per 1,000 population at risk",CK,Cook Islands,_T,Total,_T,All ages,_T,National,_T,Total,_T,All education levels,_T,All occupations,_Z,Not applicable,_T,No breakdown by disability,2007,,0,,PER_1000_POP,"per 1,000 population",G,Global,_X,Not Available,,,,,,
DATAFLOW,SPC:DF_BP50(1.0),Blue Pacific 2050 (all),I,A,Annual,SH_STA_MALR,"Malaria incidence per 1,000 population at risk",CK,Cook Islands,_T,Total,_T,All ages,_T,National,_T,Total,_T,All education levels,_T,All occupations,_Z,Not applicable,_T,No breakdown by disability,2008,,0,,PER_1000_POP,"per 1,000 population",G,Global,_X,Not Available,,,,,,
DATAFLOW,SPC:DF_BP50(1.0),Blue Pacific 2050 (all),I,A,Annual,SH_STA_MALR,"Malaria incidence per 1,000 population at risk",CK,Cook Islands,_T,Total,_T,All ages,_T,National,_T,Total,_T,All education levels,_T,All occupations,_Z,Not applicable,_T,No breakdown by disability,2009,,0,,PER_1000_POP,"per 1,000 population",G,Global,_X,Not Available,,,,,,
DATAFLOW,SPC:DF_BP50(1.0),Blue Pacific 2050 (all),I,A,Annual,SH_STA_MALR,"Malaria incidence per 1,000 population at risk",CK,Cook Islands,_T,Total,_T,All ages,_T,National,_T,Total,_T,All education levels,_T,All occupations,_Z,Not applicable,_T,No breakdown by disability,2010,,0,,PER_1000_POP,"per 1,000 population",G,Global,_X,Not Available,,,,,,
DATAFLOW,SPC:DF_BP50(1.0),Blue Pacific 2050 (all),I,A,Annual,SH_STA_MALR,"Malaria incidence per 1,000 population at risk",CK,Cook Islands,_T,Total,_T,All ages,_T,National,_T,Total,_T,All education levels,_T,All occupations,_Z,Not applicable,_T,No breakdown by disability,2011,,0,,PER_1000_POP,"per 1,000 population",G,Global,_X,Not Available,,,,,,
DATAFLOW,SPC:DF_BP50(1.0),Blue Pacific 2050 (all),I,A,Annual,SH_STA_MALR,"Malaria incidence per 1,000 population at risk",CK,Cook Islands,_T,Total,_T,All ages,_T,National,_T,Total,_T,All education levels,_T,All occupations,_Z,Not applicable,_T,No breakdown by disability,2012,,0,,PER_1000_POP,"per 1,000 population",G,Global,_X,Not Available,,,,,,
DATAFLOW,SPC:DF_BP50(1.0),Blue Pacific 2050 (all),I,A,Annual,SH_STA_MALR,"Malaria incidence per 1,000 population at risk",CK,Cook Islands,_T,Total,_T,All ages,_T,National,_T,Total,_T,All education levels,_T,All occupations,_Z,Not applicable,_T,No breakdown by disability,2013,,0,,PER_1000_POP,"per 1,000 population",G,Global,_X,Not Available,,,,,,
DATAFLOW,SPC:DF_BP50(1.0),Blue Pacific 2050 (all),I,A,Annual,SH_STA_MALR,"Malaria incidence per 1,000 population at risk",CK,Cook Islands,_T,Total,_T,All ages,_T,National,_T,Total,_T,All education levels,_T,All occupations,_Z,Not applicable,_T,No breakdown by disability,2014,,0,,PER_1000_POP,"per 1,000 population",G,Global,_X,Not Available,,,,,,
DATAFLOW,SPC:DF_BP50(1.0),Blue Pacific 2050 (all),I,A,Annual,SH_STA_MALR,"Malaria incidence per 1,000 population at risk",CK,Cook Islands,_T,Total,_T,All ages,_T,National,_T,Total,_T,All education levels,_T,All occupations,_Z,Not applicable,_T,No breakdown by disability,2015,,0,,PER_1000_POP,"per 1,000 population",G,Global,_X,Not Available,,,,,,
DATAFLOW,SPC:DF_BP50(1.0),Blue Pacific 2050 (all),I,A,Annual,SH_STA_MALR,"Malaria incidence per 1,000 population at risk",CK,Cook Islands,_T,Total,_T,All ages,_T,National,_T,Total,_T,All education levels,_T,All occupations,_Z,Not applicable,_T,No breakdown by disability,2016,,0,,PER_1000_POP,"per 1,000 population",G,Global,_X,Not Available,,,,,,
DATAFLOW,SPC:DF_BP50(1.0),Blue Pacific 2050 (all),I,A,Annual,SH_STA_MALR,"Malaria incidence per 1,000 population at risk",CK,Cook Islands,_T,Total,_T,All ages,_T,National,_T,Total,_T,All education levels,_T,All occupations,_Z,Not applicable,_T,No breakdown by disability,2017,,0,,PER_1000_POP,"per 1,000 population",G,Global,_X,Not Available,,,,,,
DATAFLOW,SPC:DF_BP50(1.0),Blue Pacific 2050 (all),I,A,Annual,SH_STA_MALR,"Malaria incidence per 1,000 population at risk",CK,Cook Islands,_T,Total,_T,All ages,_T,National,_T,Total,_T,All education levels,_T,All occupations,_Z,Not applicable,_T,No breakdown by disability,2018,,0,,PER_1000_POP,"per 1,000 population",G,Global,_X,Not Available,,,,,,
DATAFLOW,SPC:DF_BP50(1.0),Blue Pacific 2050 (all),I,A,Annual,SH_STA_MALR,"Malaria incidence per 1,000 population at risk",CK,Cook Islands,_T,Total,_T,All ages,_T,National,_T,Total,_T,All education levels,_T,All occupations,_Z,Not applicable,_T,No breakdown by disability,2019,,0,,PER_1000_POP,"per 1,000 population",G,Global,_X,Not Available,,,,,,
DATAFLOW,SPC:DF_BP50(1.0),Blue Pacific 2050 (all),I,A,Annual,SH_STA_WASH,"Mortality rate attributed to unsafe water, unsafe sanitation
            and lack of hygiene",CK,Cook Islands,_T,Total,_T,All ages,_T,National,_T,Total,_T,All education levels,_T,All occupations,_Z,Not applicable,_T,No breakdown by disability,2012,,0,,PER_100000_POP,"per 100,000 population",G,Global,E,Estimated,"Global Health Observatory (GHO), World Health Organisation (WHO)",,,,,
DATAFLOW,SPC:DF_BP50(1.0),Blue Pacific 2050 (all),I,A,Annual,SH_STA_MALR,"Malaria incidence per 1,000 population at risk",SB,Solomon Islands,_T,Total,_T,All ages,_T,National,_T,Total,_T,All education levels,_T,All occupations,_Z,Not applicable,_T,No breakdown by disability,2000,,623.15,,PER_1000_POP,"per 1,000 population",G,Global,_X,Not Available,,,,,,
DATAFLOW,SPC:DF_BP50(1.0),Blue Pacific 2050 (all),I,A,Annual,SH_STA_MALR,"Malaria incidence per 1,000 population at risk",SB,Solomon Islands,_T,Total,_T,All ages,_T,National,_T,Total,_T,All education levels,_T,All occupations,_Z,Not applicable,_T,No breakdown by disability,2001,,681.26,,PER_1000_POP,"per 1,000 population",G,Global,_X,Not Available,,,,,,
DATAFLOW,SPC:DF_BP50(1.0),Blue Pacific 2050 (all),I,A,Annual,SH_STA_MALR,"Malaria incidence per 1,000 population at risk",SB,Solomon Islands,_T,Total,_T,All ages,_T,National,_T,Total,_T,All education levels,_T,All occupations,_Z,Not applicable,_T,No breakdown by disability,2002,,649.79,,PER_1000_POP,"per 1,000 population",G,Global,_X,Not Available,,,,,,
DATAFLOW,SPC:DF_BP50(1.0),Blue Pacific 2050 (all),I,A,Annual,SH_STA_MALR,"Malaria incidence per 1,000 population at risk",SB,Solomon Islands,_T,Total,_T,All ages,_T,National,_T,Total,_T,All education levels,_T,All occupations,_Z,Not applicable,_T,No breakdown by disability,2003,,539.99,,PER_1000_POP,"per 1,000 population",G,Global,_X,Not Available,,,,,,
DATAFLOW,SPC:DF_BP50(1.0),Blue Pacific 2050 (all),I,A,Annual,SH_STA_MALR,"Malaria incidence per 1,000 population at risk",SB,Solomon Islands,_T,Total,_T,All ages,_T,National,_T,Total,_T,All education levels,_T,All occupations,_Z,Not applicable,_T,No breakdown by disability,2004,,743.51,,PER_1000_POP,"per 1,000 population",G,Global,_X,Not Available,,,,,,
DATAFLOW,SPC:DF_BP50(1.0),Blue Pacific 2050 (all),I,A,Annual,SH_STA_MALR,"Malaria incidence per 1,000 population at risk",SB,Solomon Islands,_T,Total,_T,All ages,_T,National,_T,Total,_T,All education levels,_T,All occupations,_Z,Not applicable,_T,No breakdown by disability,2005,,613.79,,PER_1000_POP,"per 1,000 population",G,Global,_X,Not Available,,,,,,
DATAFLOW,SPC:DF_BP50(1.0),Blue Pacific 2050 (all),I,A,Annual,SH_STA_MALR,"Malaria incidence per 1,000 population at risk",SB,Solomon Islands,_T,Total,_T,All ages,_T,National,_T,Total,_T,All education levels,_T,All occupations,_Z,Not applicable,_T,No breakdown by disability,2006,,591.27,,PER_1000_POP,"per 1,000 population",G,Global,_X,Not Available,,,,,,
DATAFLOW,SPC:DF_BP50(1.0),Blue Pacific 2050 (all),I,A,Annual,SH_STA_MALR,"Malaria incidence per 1,000 population at risk",SB,Solomon Islands,_T,Total,_T,All ages,_T,National,_T,Total,_T,All education levels,_T,All occupations,_Z,Not applicable,_T,No breakdown by disability,2007,,319.15,,PER_1000_POP,"per 1,000 population",G,Global,_X,Not Available,,,,,,
DATAFLOW,SPC:DF_BP50(1.0),Blue Pacific 2050 (all),I,A,Annual,SH_STA_MALR,"Malaria incidence per 1,000 population at risk",SB,Solomon Islands,_T,Total,_T,All ages,_T,National,_T,Total,_T,All education levels,_T,All occupations,_Z,Not applicable,_T,No breakdown by disability,2008,,185.88,,PER_1000_POP,"per 1,000 population",G,Global,_X,Not Available,,,,,,
DATAFLOW,SPC:DF_BP50(1.0),Blue Pacific 2050 (all),I,A,Annual,SH_STA_MALR,"Malaria incidence per 1,000 population at risk",SB,Solomon Islands,_T,Total,_T,All ages,_T,National,_T,Total,_T,All education levels,_T,All occupations,_Z,Not applicable,_T,No breakdown by disability,2009,,147.65,,PER_1000_POP,"per 1,000 population",G,Global,_X,Not Available,,,,,,
DATAFLOW,SPC:DF_BP50(1.0),Blue Pacific 2050 (all),I,A,Annual,SH_STA_MALR,"Malaria incidence per 1,000 population at risk",SB,Solomon Islands,_T,Total,_T,All ages,_T,National,_T,Total,_T,All education levels,_T,All occupations,_Z,Not applicable,_T,No breakdown by disability,2010,,174.95,,PER_1000_POP,"per 1,000 population",G,Global,_X,Not Available,,,,,,
DATAFLOW,SPC:DF_BP50(1.0),Blue Pacific 2050 (all),I,A,Annual,SH_STA_MALR,"Malaria incidence per 1,000 population at risk",SB,Solomon Islands,_T,Total,_T,All ages,_T,National,_T,Total,_T,All education levels,_T,All occupations,_Z,Not applicable,_T,No breakdown by disability,2011,,116.91,,PER_1000_POP,"per 1,000 population",G,Global,_X,Not Available,,,,,,
DATAFLOW,SPC:DF_BP50(1.0),Blue Pacific 2050 (all),I,A,Annual,SH_STA_MALR,"Malaria incidence per 1,000 population at risk",SB,Solomon Islands,_T,Total,_T,All ages,_T,National,_T,Total,_T,All education levels,_T,All occupations,_Z,Not applicable,_T,No breakdown by disability,2012,,94.86,,PER_1000_POP,"per 1,000 population",G,Global,_X,Not Available,,,,,,
DATAFLOW,SPC:DF_BP50(1.0),Blue Pacific 2050 (all),I,A,Annual,SH_STA_MALR,"Malaria incidence per 1,000 population at risk",SB,Solomon Islands,_T,Total,_T,All ages,_T,National,_T,Total,_T,All education levels,_T,All occupations,_Z,Not applicable,_T,No breakdown by disability,2013,,94.92,,PER_1000_POP,"per 1,000 population",G,Global,_X,Not Available,,,,,,
DATAFLOW,SPC:DF_BP50(1.0),Blue Pacific 2050 (all),I,A,Annual,SH_STA_MALR,"Malaria incidence per 1,000 population at risk",SB,Solomon Islands,_T,Total,_T,All ages,_T,National,_T,Total,_T,All education levels,_T,All occupations,_Z,Not applicable,_T,No breakdown by disability,2014,,52.63,,PER_1000_POP,"per 1,000 population",G,Global,_X,Not Available,,,,,,
DATAFLOW,SPC:DF_BP50(1.0),Blue Pacific 2050 (all),I,A,Annual,SH_STA_MALR,"Malaria incidence per 1,000 population at risk",SB,Solomon Islands,_T,Total,_T,All ages,_T,National,_T,Total,_T,All education levels,_T,All occupations,_Z,Not applicable,_T,No breakdown by disability,2015,,66.85,,PER_1000_POP,"per 1,000 population",G,Global,_X,Not Available,,,,,,
DATAFLOW,SPC:DF_BP50(1.0),Blue Pacific 2050 (all),I,A,Annual,SH_STA_MALR,"Malaria incidence per 1,000 population at risk",SB,Solomon Islands,_T,Total,_T,All ages,_T,National,_T,Total,_T,All education levels,_T,All occupations,_Z,Not applicable,_T,No breakdown by disability,2016,,137.71,,PER_1000_POP,"per 1,000 population",G,Global,_X,Not Available,,,,,,
DATAFLOW,SPC:DF_BP50(1.0),Blue Pacific 2050 (all),I,A,Annual,SH_STA_MALR,"Malaria incidence per 1,000 population at risk",SB,Solomon Islands,_T,Total,_T,All ages,_T,National,_T,Total,_T,All education levels,_T,All occupations,_Z,Not applicable,_T,No breakdown by disability,2017,,164.34,,PER_1000_POP,"per 1,000 population",G,Global,_X,Not Available,,,,,,
DATAFLOW,SPC:DF_BP50(1.0),Blue Pacific 2050 (all),I,A,Annual,SH_STA_MALR,"Malaria incidence per 1,000 population at risk",SB,Solomon Islands,_T,Total,_T,All ages,_T,National,_T,Total,_T,All education levels,_T,All occupations,_Z,Not applicable,_T,No breakdown by disability,2018,,133.6,,PER_1000_POP,"per 1,000 population",G,Global,_X,Not Available,,,,,,
DATAFLOW,SPC:DF_BP50(1.0),Blue Pacific 2050 (all),I,A,Annual,SH_STA_MALR,"Malaria incidence per 1,000 population at risk",SB,Solomon Islands,_T,Total,_T,All ages,_T,National,_T,Total,_T,All education levels,_T,All occupations,_Z,Not applicable,_T,No breakdown by disability,2019,,247.85,,PER_1000_POP,"per 1,000 population",G,Global,_X,Not Available,,,,,,
DATAFLOW,SPC:DF_BP50(1.0),Blue Pacific 2050 (all),I,A,Annual,SH_STA_MALR,"Malaria incidence per 1,000 population at risk",SB,Solomon Islands,_T,Total,_T,All ages,_T,National,_T,Total,_T,All education levels,_T,All occupations,_Z,Not applicable,_T,No breakdown by disability,2020,,167,,PER_1000_POP,"per 1,000 population",G,Global,CA,Country Adjusted,World malaria report 2021. Geneva: World Health Organization; 2021.,,,,,
DATAFLOW,SPC:DF_BP50(1.0),Blue Pacific 2050 (all),I,A,Annual,SH_TBS_INCD,Tuberculosis incidence,VU,Vanuatu,_T,Total,_T,All ages,_T,National,_T,Total,_T,All education levels,_T,All occupations,_Z,Not applicable,_T,No breakdown by disability,2000,,110,,PER_100000_POP,"per 100,000 population",G,Global,_X,Not Available,,,,,,
DATAFLOW,SPC:DF_BP50(1.0),Blue Pacific 2050 (all),I,A,Annual,SH_TBS_INCD,Tuberculosis incidence,VU,Vanuatu,_T,Total,_T,All ages,_T,National,_T,Total,_T,All education levels,_T,All occupations,_Z,Not applicable,_T,No breakdown by disability,2001,,123,,PER_100000_POP,"per 100,000 population",G,Global,_X,Not Available,,,,,,
DATAFLOW,SPC:DF_BP50(1.0),Blue Pacific 2050 (all),I,A,Annual,SH_TBS_INCD,Tuberculosis incidence,VU,Vanuatu,_T,Total,_T,All ages,_T,National,_T,Total,_T,All education levels,_T,All occupations,_Z,Not applicable,_T,No breakdown by disability,2002,,69,,PER_100000_POP,"per 100,000 population",G,Global,_X,Not Available,,,,,,
DATAFLOW,SPC:DF_BP50(1.0),Blue Pacific 2050 (all),I,A,Annual,SH_TBS_INCD,Tuberculosis incidence,VU,Vanuatu,_T,Total,_T,All ages,_T,National,_T,Total,_T,All education levels,_T,All occupations,_Z,Not applicable,_T,No breakdown by disability,2003,,69,,PER_100000_POP,"per 100,000 population",G,Global,_X,Not Available,,,,,,
DATAFLOW,SPC:DF_BP50(1.0),Blue Pacific 2050 (all),I,A,Annual,SH_TBS_INCD,Tuberculosis incidence,VU,Vanuatu,_T,Total,_T,All ages,_T,National,_T,Total,_T,All education levels,_T,All occupations,_Z,Not applicable,_T,No breakdown by disability,2004,,86,,PER_100000_POP,"per 100,000 population",G,Global,_X,Not Available,,,,,,
DATAFLOW,SPC:DF_BP50(1.0),Blue Pacific 2050 (all),I,A,Annual,SH_TBS_INCD,Tuberculosis incidence,VU,Vanuatu,_T,Total,_T,All ages,_T,National,_T,Total,_T,All education levels,_T,All occupations,_Z,Not applicable,_T,No breakdown by disability,2005,,83,,PER_100000_POP,"per 100,000 population",G,Global,_X,Not Available,,,,,,
DATAFLOW,SPC:DF_BP50(1.0),Blue Pacific 2050 (all),I,A,Annual,SH_TBS_INCD,Tuberculosis incidence,VU,Vanuatu,_T,Total,_T,All ages,_T,National,_T,Total,_T,All education levels,_T,All occupations,_Z,Not applicable,_T,No breakdown by disability,2006,,80,,PER_100000_POP,"per 100,000 population",G,Global,_X,Not Available,,,,,,
DATAFLOW,SPC:DF_BP50(1.0),Blue Pacific 2050 (all),I,A,Annual,SH_TBS_INCD,Tuberculosis incidence,VU,Vanuatu,_T,Total,_T,All ages,_T,National,_T,Total,_T,All education levels,_T,All occupations,_Z,Not applicable,_T,No breakdown by disability,2007,,77,,PER_100000_POP,"per 100,000 population",G,Global,_X,Not Available,,,,,,
DATAFLOW,SPC:DF_BP50(1.0),Blue Pacific 2050 (all),I,A,Annual,SH_TBS_INCD,Tuberculosis incidence,VU,Vanuatu,_T,Total,_T,All ages,_T,National,_T,Total,_T,All education levels,_T,All occupations,_Z,Not applicable,_T,No breakdown by disability,2008,,74,,PER_100000_POP,"per 100,000 population",G,Global,_X,Not Available,,,,,,
DATAFLOW,SPC:DF_BP50(1.0),Blue Pacific 2050 (all),I,A,Annual,SH_TBS_INCD,Tuberculosis incidence,VU,Vanuatu,_T,Total,_T,All ages,_T,National,_T,Total,_T,All education levels,_T,All occupations,_Z,Not applicable,_T,No breakdown by disability,2009,,72,,PER_100000_POP,"per 100,000 population",G,Global,_X,Not Available,,,,,,
DATAFLOW,SPC:DF_BP50(1.0),Blue Pacific 2050 (all),I,A,Annual,SH_TBS_INCD,Tuberculosis incidence,VU,Vanuatu,_T,Total,_T,All ages,_T,National,_T,Total,_T,All education levels,_T,All occupations,_Z,Not applicable,_T,No breakdown by disability,2010,,69,,PER_100000_POP,"per 100,000 population",G,Global,_X,Not Available,,,,,,
DATAFLOW,SPC:DF_BP50(1.0),Blue Pacific 2050 (all),I,A,Annual,SH_TBS_INCD,Tuberculosis incidence,VU,Vanuatu,_T,Total,_T,All ages,_T,National,_T,Total,_T,All education levels,_T,All occupations,_Z,Not applicable,_T,No breakdown by disability,2011,,67,,PER_100000_POP,"per 100,000 population",G,Global,_X,Not Available,,,,,,
DATAFLOW,SPC:DF_BP50(1.0),Blue Pacific 2050 (all),I,A,Annual,SH_TBS_INCD,Tuberculosis incidence,VU,Vanuatu,_T,Total,_T,All ages,_T,National,_T,Total,_T,All education levels,_T,All occupations,_Z,Not applicable,_T,No breakdown by disability,2012,,65,,PER_100000_POP,"per 100,000 population",G,Global,_X,Not Available,,,,,,
DATAFLOW,SPC:DF_BP50(1.0),Blue Pacific 2050 (all),I,A,Annual,SH_TBS_INCD,Tuberculosis incidence,VU,Vanuatu,_T,Total,_T,All ages,_T,National,_T,Total,_T,All education levels,_T,All occupations,_Z,Not applicable,_T,No breakdown by disability,2013,,62,,PER_100000_POP,"per 100,000 population",G,Global,_X,Not Available,,,,,,
DATAFLOW,SPC:DF_BP50(1.0),Blue Pacific 2050 (all),I,A,Annual,SH_TBS_INCD,Tuberculosis incidence,VU,Vanuatu,_T,Total,_T,All ages,_T,National,_T,Total,_T,All education levels,_T,All occupations,_Z,Not applicable,_T,No breakdown by disability,2014,,63,,PER_100000_POP,"per 100,000 population",G,Global,_X,Not Available,,,,,,
DATAFLOW,SPC:DF_BP50(1.0),Blue Pacific 2050 (all),I,A,Annual,SH_TBS_INCD,Tuberculosis incidence,VU,Vanuatu,_T,Total,_T,All ages,_T,National,_T,Total,_T,All education levels,_T,All occupations,_Z,Not applicable,_T,No breakdown by disability,2015,,63,,PER_100000_POP,"per 100,000 population",G,Global,_X,Not Available,,,,,,
DATAFLOW,SPC:DF_BP50(1.0),Blue Pacific 2050 (all),I,A,Annual,SH_TBS_INCD,Tuberculosis incidence,VU,Vanuatu,_T,Total,_T,All ages,_T,National,_T,Total,_T,All education levels,_T,All occupations,_Z,Not applicable,_T,No breakdown by disability,2016,,56,,PER_100000_POP,"per 100,000 population",G,Global,_X,Not Available,,,,,,
DATAFLOW,SPC:DF_BP50(1.0),Blue Pacific 2050 (all),I,A,Annual,SH_TBS_INCD,Tuberculosis incidence,VU,Vanuatu,_T,Total,_T,All ages,_T,National,_T,Total,_T,All education levels,_T,All occupations,_Z,Not applicable,_T,No breakdown by disability,2017,,51,,PER_100000_POP,"per 100,000 population",G,Global,_X,Not Available,,,,,,
DATAFLOW,SPC:DF_BP50(1.0),Blue Pacific 2050 (all),I,A,Annual,SH_TBS_INCD,Tuberculosis incidence,VU,Vanuatu,_T,Total,_T,All ages,_T,National,_T,Total,_T,All education levels,_T,All occupations,_Z,Not applicable,_T,No breakdown by disability,2018,,46,,PER_100000_POP,"per 100,000 population",G,Global,_X,Not Available,,,,,,
DATAFLOW,SPC:DF_BP50(1.0),Blue Pacific 2050 (all),I,A,Annual,SH_TBS_INCD,Tuberculosis incidence,VU,Vanuatu,_T,Total,_T,All ages,_T,National,_T,Total,_T,All education levels,_T,All occupations,_Z,Not applicable,_T,No breakdown by disability,2019,,41,,PER_100000_POP,"per 100,000 population",G,Global,_X,Not Available,,,,,,
DATAFLOW,SPC:DF_BP50(1.0),Blue Pacific 2050 (all),I,A,Annual,SH_TBS_INCD,Tuberculosis incidence,VU,Vanuatu,_T,Total,_T,All ages,_T,National,_T,Total,_T,All education levels,_T,All occupations,_Z,Not applicable,_T,No breakdown by disability,2020,,41,,PER_100000_POP,"per 100,000 population",G,Global,_X,Not Available,,,,,,
DATAFLOW,SPC:DF_BP50(1.0),Blue Pacific 2050 (all),I,A,Annual,SH_TBS_INCD,Tuberculosis incidence,VU,Vanuatu,_T,Total,_T,All ages,_T,National,_T,Total,_T,All education levels,_T,All occupations,_Z,Not applicable,_T,No breakdown by disability,2021,,41,,PER_100000_POP,"per 100,000 population",G,Global,_X,Not Available,,,,,,
DATAFLOW,SPC:DF_BP50(1.0),Blue Pacific 2050 (all),I,A,Annual,SH_TBS_INCD,Tuberculosis incidence,VU,Vanuatu,_T,Total,_T,All ages,_T,National,_T,Total,_T,All education levels,_T,All occupations,_Z,Not applicable,_T,No breakdown by disability,2022,,41,,PER_100000_POP,"per 100,000 population",G,Global,_X,Not Available,,,,,,
DATAFLOW,SPC:DF_BP50(1.0),Blue Pacific 2050 (all),I,A,Annual,SH_TBS_INCD,Tuberculosis incidence,VU,Vanuatu,_T,Total,_T,All ages,_T,National,_T,Total,_T,All education levels,_T,All occupations,_Z,Not applicable,_T,No breakdown by disability,2023,,41,,PER_100000_POP,"per 100,000 population",G,Global,_X,Not Available,,,,,,
DATAFLOW,SPC:DF_BP50(1.0),Blue Pacific 2050 (all),I,A,Annual,SH_STA_MALR,"Malaria incidence per 1,000 population at risk",PF,French Polynesia,_T,Total,_T,All ages,_T,National,_T,Total,_T,All education levels,_T,All occupations,_Z,Not applicable,_T,No breakdown by disability,2000,,0,,PER_1000_POP,"per 1,000 population",G,Global,_X,Not Available,,,,,,
DATAFLOW,SPC:DF_BP50(1.0),Blue Pacific 2050 (all),I,A,Annual,SH_STA_MALR,"Malaria incidence per 1,000 population at risk",PF,French Polynesia,_T,Total,_T,All ages,_T,National,_T,Total,_T,All education levels,_T,All occupations,_Z,Not applicable,_T,No breakdown by disability,2001,,0,,PER_1000_POP,"per 1,000 population",G,Global,_X,Not Available,,,,,,
DATAFLOW,SPC:DF_BP50(1.0),Blue Pacific 2050 (all),I,A,Annual,SH_STA_MALR,"Malaria incidence per 1,000 population at risk",PF,French Polynesia,_T,Total,_T,All ages,_T,National,_T,Total,_T,All education levels,_T,All occupations,_Z,Not applicable,_T,No breakdown by disability,2002,,0,,PER_1000_POP,"per 1,000 population",G,Global,_X,Not Available,,,,,,
DATAFLOW,SPC:DF_BP50(1.0),Blue Pacific 2050 (all),I,A,Annual,SH_STA_MALR,"Malaria incidence per 1,000 population at risk",PF,French Polynesia,_T,Total,_T,All ages,_T,National,_T,Total,_T,All education levels,_T,All occupations,_Z,Not applicable,_T,No breakdown by disability,2003,,0,,PER_1000_POP,"per 1,000 population",G,Global,_X,Not Available,,,,,,
DATAFLOW,SPC:DF_BP50(1.0),Blue Pacific 2050 (all),I,A,Annual,SH_STA_MALR,"Malaria incidence per 1,000 population at risk",PF,French Polynesia,_T,Total,_T,All ages,_T,National,_T,Total,_T,All education levels,_T,All occupations,_Z,Not applicable,_T,No breakdown by disability,2004,,0,,PER_1000_POP,"per 1,000 population",G,Global,_X,Not Available,,,,,,
DATAFLOW,SPC:DF_BP50(1.0),Blue Pacific 2050 (all),I,A,Annual,SH_STA_MALR,"Malaria incidence per 1,000 population at risk",PF,French Polynesia,_T,Total,_T,All ages,_T,National,_T,Total,_T,All education levels,_T,All occupations,_Z,Not applicable,_T,No breakdown by disability,2005,,0,,PER_1000_POP,"per 1,000 population",G,Global,_X,Not Available,,,,,,
DATAFLOW,SPC:DF_BP50(1.0),Blue Pacific 2050 (all),I,A,Annual,SH_STA_MALR,"Malaria incidence per 1,000 population at risk",PF,French Polynesia,_T,Total,_T,All ages,_T,National,_T,Total,_T,All education levels,_T,All occupations,_Z,Not applicable,_T,No breakdown by disability,2006,,0,,PER_1000_POP,"per 1,000 population",G,Global,_X,Not Available,,,,,,
DATAFLOW,SPC:DF_BP50(1.0),Blue Pacific 2050 (all),I,A,Annual,SH_STA_MALR,"Malaria incidence per 1,000 population at risk",PF,French Polynesia,_T,Total,_T,All ages,_T,National,_T,Total,_T,All education levels,_T,All occupations,_Z,Not applicable,_T,No breakdown by disability,2007,,0,,PER_1000_POP,"per 1,000 population",G,Global,_X,Not Available,,,,,,
DATAFLOW,SPC:DF_BP50(1.0),Blue Pacific 2050 (all),I,A,Annual,SH_STA_MALR,"Malaria incidence per 1,000 population at risk",PF,French Polynesia,_T,Total,_T,All ages,_T,National,_T,Total,_T,All education levels,_T,All occupations,_Z,Not applicable,_T,No breakdown by disability,2008,,0,,PER_1000_POP,"per 1,000 population",G,Global,_X,Not Available,,,,,,
DATAFLOW,SPC:DF_BP50(1.0),Blue Pacific 2050 (all),I,A,Annual,SH_STA_MALR,"Malaria incidence per 1,000 population at risk",PF,French Polynesia,_T,Total,_T,All ages,_T,National,_T,Total,_T,All education levels,_T,All occupations,_Z,Not applicable,_T,No breakdown by disability,2009,,0,,PER_1000_POP,"per 1,000 population",G,Global,_X,Not Available,,,,,,
DATAFLOW,SPC:DF_BP50(1.0),Blue Pacific 2050 (all),I,A,Annual,SH_STA_MALR,"Malaria incidence per 1,000 population at risk",PF,French Polynesia,_T,Total,_T,All ages,_T,National,_T,Total,_T,All education levels,_T,All occupations,_Z,Not applicable,_T,No breakdown by disability,2010,,0,,PER_1000_POP,"per 1,000 population",G,Global,_X,Not Available,,,,,,
DATAFLOW,SPC:DF_BP50(1.0),Blue Pacific 2050 (all),I,A,Annual,SH_STA_MALR,"Malaria incidence per 1,000 population at risk",PF,French Polynesia,_T,Total,_T,All ages,_T,National,_T,Total,_T,All education levels,_T,All occupations,_Z,Not applicable,_T,No breakdown by disability,2011,,0,,PER_1000_POP,"per 1,000 population",G,Global,_X,Not Available,,,,,,
DATAFLOW,SPC:DF_BP50(1.0),Blue Pacific 2050 (all),I,A,Annual,SH_STA_MALR,"Malaria incidence per 1,000 population at risk",PF,French Polynesia,_T,Total,_T,All ages,_T,National,_T,Total,_T,All education levels,_T,All occupations,_Z,Not applicable,_T,No breakdown by disability,2012,,0,,PER_1000_POP,"per 1,000 population",G,Global,_X,Not Available,,,,,,
DATAFLOW,SPC:DF_BP50(1.0),Blue Pacific 2050 (all),I,A,Annual,SH_STA_MALR,"Malaria incidence per 1,000 population at risk",PF,French Polynesia,_T,Total,_T,All ages,_T,National,_T,Total,_T,All education levels,_T,All occupations,_Z,Not applicable,_T,No breakdown by disability,2013,,0,,PER_1000_POP,"per 1,000 population",G,Global,_X,Not Available,,,,,,
DATAFLOW,SPC:DF_BP50(1.0),Blue Pacific 2050 (all),I,A,Annual,SH_STA_MALR,"Malaria incidence per 1,000 population at risk",PF,French Polynesia,_T,Total,_T,All ages,_T,National,_T,Total,_T,All education levels,_T,All occupations,_Z,Not applicable,_T,No breakdown by disability,2014,,0,,PER_1000_POP,"per 1,000 population",G,Global,_X,Not Available,,,,,,
DATAFLOW,SPC:DF_BP50(1.0),Blue Pacific 2050 (all),I,A,Annual,SH_STA_MALR,"Malaria incidence per 1,000 population at risk",PF,French Polynesia,_T,Total,_T,All ages,_T,National,_T,Total,_T,All education levels,_T,All occupations,_Z,Not applicable,_T,No breakdown by disability,2015,,0,,PER_1000_POP,"per 1,000 population",G,Global,_X,Not Available,,,,,,
DATAFLOW,SPC:DF_BP50(1.0),Blue Pacific 2050 (all),I,A,Annual,SH_STA_MALR,"Malaria incidence per 1,000 population at risk",PF,French Polynesia,_T,Total,_T,All ages,_T,National,_T,Total,_T,All education levels,_T,All occupations,_Z,Not applicable,_T,No breakdown by disability,2016,,0,,PER_1000_POP,"per 1,000 population",G,Global,_X,Not Available,,,,,,
DATAFLOW,SPC:DF_BP50(1.0),Blue Pacific 2050 (all),I,A,Annual,SH_STA_MALR,"Malaria incidence per 1,000 population at risk",PF,French Polynesia,_T,Total,_T,All ages,_T,National,_T,Total,_T,All education levels,_T,All occupations,_Z,Not applicable,_T,No breakdown by disability,2017,,0,,PER_1000_POP,"per 1,000 population",G,Global,_X,Not Available,,,,,,
DATAFLOW,SPC:DF_BP50(1.0),Blue Pacific 2050 (all),I,A,Annual,SH_STA_MALR,"Malaria incidence per 1,000 population at risk",PF,French Polynesia,_T,Total,_T,All ages,_T,National,_T,Total,_T,All education levels,_T,All occupations,_Z,Not applicable,_T,No breakdown by disability,2018,,0,,PER_1000_POP,"per 1,000 population",G,Global,_X,Not Available,,,,,,
DATAFLOW,SPC:DF_BP50(1.0),Blue Pacific 2050 (all),I,A,Annual,SH_STA_MALR,"Malaria incidence per 1,000 population at risk",PF,French Polynesia,_T,Total,_T,All ages,_T,National,_T,Total,_T,All education levels,_T,All occupations,_Z,Not applicable,_T,No breakdown by disability,2019,,0,,PER_1000_POP,"per 1,000 population",G,Global,_X,Not Available,,,,,,
DATAFLOW,SPC:DF_BP50(1.0),Blue Pacific 2050 (all),I,A,Annual,SH_STA_MALR,"Malaria incidence per 1,000 population at risk",WS,Samoa,_T,Total,_T,All ages,_T,National,_T,Total,_T,All education levels,_T,All occupations,_Z,Not applicable,_T,No breakdown by disability,2000,,0,,PER_1000_POP,"per 1,000 population",G,Global,_X,Not Available,,,,,,
DATAFLOW,SPC:DF_BP50(1.0),Blue Pacific 2050 (all),I,A,Annual,SH_STA_MALR,"Malaria incidence per 1,000 population at risk",WS,Samoa,_T,Total,_T,All ages,_T,National,_T,Total,_T,All education levels,_T,All occupations,_Z,Not applicable,_T,No breakdown by disability,2001,,0,,PER_1000_POP,"per 1,000 population",G,Global,_X,Not Available,,,,,,
DATAFLOW,SPC:DF_BP50(1.0),Blue Pacific 2050 (all),I,A,Annual,SH_STA_MALR,"Malaria incidence per 1,000 population at risk",WS,Samoa,_T,Total,_T,All ages,_T,National,_T,Total,_T,All education levels,_T,All occupations,_Z,Not applicable,_T,No breakdown by disability,2002,,0,,PER_1000_POP,"per 1,000 population",G,Global,_X,Not Available,,,,,,
DATAFLOW,SPC:DF_BP50(1.0),Blue Pacific 2050 (all),I,A,Annual,SH_STA_MALR,"Malaria incidence per 1,000 population at risk",WS,Samoa,_T,Total,_T,All ages,_T,National,_T,Total,_T,All education levels,_T,All occupations,_Z,Not applicable,_T,No breakdown by disability,2003,,0,,PER_1000_POP,"per 1,000 population",G,Global,_X,Not Available,,,,,,
DATAFLOW,SPC:DF_BP50(1.0),Blue Pacific 2050 (all),I,A,Annual,SH_STA_MALR,"Malaria incidence per 1,000 population at risk",WS,Samoa,_T,Total,_T,All ages,_T,National,_T,Total,_T,All education levels,_T,All occupations,_Z,Not applicable,_T,No breakdown by disability,2004,,0,,PER_1000_POP,"per 1,000 population",G,Global,_X,Not Available,,,,,,
DATAFLOW,SPC:DF_BP50(1.0),Blue Pacific 2050 (all),I,A,Annual,SH_STA_MALR,"Malaria incidence per 1,000 population at risk",WS,Samoa,_T,Total,_T,All ages,_T,National,_T,Total,_T,All education levels,_T,All occupations,_Z,Not applicable,_T,No breakdown by disability,2005,,0,,PER_1000_POP,"per 1,000 population",G,Global,_X,Not Available,,,,,,
DATAFLOW,SPC:DF_BP50(1.0),Blue Pacific 2050 (all),I,A,Annual,SH_STA_MALR,"Malaria incidence per 1,000 population at risk",WS,Samoa,_T,Total,_T,All ages,_T,National,_T,Total,_T,All education levels,_T,All occupations,_Z,Not applicable,_T,No breakdown by disability,2006,,0,,PER_1000_POP,"per 1,000 population",G,Global,_X,Not Available,,,,,,
DATAFLOW,SPC:DF_BP50(1.0),Blue Pacific 2050 (all),I,A,Annual,SH_STA_MALR,"Malaria incidence per 1,000 population at risk",WS,Samoa,_T,Total,_T,All ages,_T,National,_T,Total,_T,All education levels,_T,All occupations,_Z,Not applicable,_T,No breakdown by disability,2007,,0,,PER_1000_POP,"per 1,000 population",G,Global,_X,Not Available,,,,,,
DATAFLOW,SPC:DF_BP50(1.0),Blue Pacific 2050 (all),I,A,Annual,SH_STA_MALR,"Malaria incidence per 1,000 population at risk",WS,Samoa,_T,Total,_T,All ages,_T,National,_T,Total,_T,All education levels,_T,All occupations,_Z,Not applicable,_T,No breakdown by disability,2008,,0,,PER_1000_POP,"per 1,000 population",G,Global,_X,Not Available,,,,,,
DATAFLOW,SPC:DF_BP50(1.0),Blue Pacific 2050 (all),I,A,Annual,SH_STA_MALR,"Malaria incidence per 1,000 population at risk",WS,Samoa,_T,Total,_T,All ages,_T,National,_T,Total,_T,All education levels,_T,All occupations,_Z,Not applicable,_T,No breakdown by disability,2009,,0,,PER_1000_POP,"per 1,000 population",G,Global,_X,Not Available,,,,,,
DATAFLOW,SPC:DF_BP50(1.0),Blue Pacific 2050 (all),I,A,Annual,SH_STA_MALR,"Malaria incidence per 1,000 population at risk",WS,Samoa,_T,Total,_T,All ages,_T,National,_T,Total,_T,All education levels,_T,All occupations,_Z,Not applicable,_T,No breakdown by disability,2010,,0,,PER_1000_POP,"per 1,000 population",G,Global,_X,Not Available,,,,,,
DATAFLOW,SPC:DF_BP50(1.0),Blue Pacific 2050 (all),I,A,Annual,SH_STA_MALR,"Malaria incidence per 1,000 population at risk",WS,Samoa,_T,Total,_T,All ages,_T,National,_T,Total,_T,All education levels,_T,All occupations,_Z,Not applicable,_T,No breakdown by disability,2011,,0,,PER_1000_POP,"per 1,000 population",G,Global,_X,Not Available,,,,,,
DATAFLOW,SPC:DF_BP50(1.0),Blue Pacific 2050 (all),I,A,Annual,SH_STA_MALR,"Malaria incidence per 1,000 population at risk",WS,Samoa,_T,Total,_T,All ages,_T,National,_T,Total,_T,All education levels,_T,All occupations,_Z,Not applicable,_T,No breakdown by disability,2012,,0,,PER_1000_POP,"per 1,000 population",G,Global,_X,Not Available,,,,,,
DATAFLOW,SPC:DF_BP50(1.0),Blue Pacific 2050 (all),I,A,Annual,SH_STA_MALR,"Malaria incidence per 1,000 population at risk",WS,Samoa,_T,Total,_T,All ages,_T,National,_T,Total,_T,All education levels,_T,All occupations,_Z,Not applicable,_T,No breakdown by disability,2013,,0,,PER_1000_POP,"per 1,000 population",G,Global,_X,Not Available,,,,,,
DATAFLOW,SPC:DF_BP50(1.0),Blue Pacific 2050 (all),I,A,Annual,SH_STA_MALR,"Malaria incidence per 1,000 population at risk",WS,Samoa,_T,Total,_T,All ages,_T,National,_T,Total,_T,All education levels,_T,All occupations,_Z,Not applicable,_T,No breakdown by disability,2014,,0,,PER_1000_POP,"per 1,000 population",G,Global,_X,Not Available,,,,,,
DATAFLOW,SPC:DF_BP50(1.0),Blue Pacific 2050 (all),I,A,Annual,SH_STA_MALR,"Malaria incidence per 1,000 population at risk",WS,Samoa,_T,Total,_T,All ages,_T,National,_T,Total,_T,All education levels,_T,All occupations,_Z,Not applicable,_T,No breakdown by disability,2015,,0,,PER_1000_POP,"per 1,000 population",G,Global,_X,Not Available,,,,,,
DATAFLOW,SPC:DF_BP50(1.0),Blue Pacific 2050 (all),I,A,Annual,SH_STA_MALR,"Malaria incidence per 1,000 population at risk",WS,Samoa,_T,Total,_T,All ages,_T,National,_T,Total,_T,All education levels,_T,All occupations,_Z,Not applicable,_T,No breakdown by disability,2016,,0,,PER_1000_POP,"per 1,000 population",G,Global,_X,Not Available,,,,,,
DATAFLOW,SPC:DF_BP50(1.0),Blue Pacific 2050 (all),I,A,Annual,SH_STA_MALR,"Malaria incidence per 1,000 population at risk",WS,Samoa,_T,Total,_T,All ages,_T,National,_T,Total,_T,All education levels,_T,All occupations,_Z,Not applicable,_T,No breakdown by disability,2017,,0,,PER_1000_POP,"per 1,000 population",G,Global,_X,Not Available,,,,,,
DATAFLOW,SPC:DF_BP50(1.0),Blue Pacific 2050 (all),I,A,Annual,SH_STA_MALR,"Malaria incidence per 1,000 population at risk",WS,Samoa,_T,Total,_T,All ages,_T,National,_T,Total,_T,All education levels,_T,All occupations,_Z,Not applicable,_T,No breakdown by disability,2018,,0,,PER_1000_POP,"per 1,000 population",G,Global,_X,Not Available,,,,,,
DATAFLOW,SPC:DF_BP50(1.0),Blue Pacific 2050 (all),I,A,Annual,SH_STA_MALR,"Malaria incidence per 1,000 population at risk",WS,Samoa,_T,Total,_T,All ages,_T,National,_T,Total,_T,All education levels,_T,All occupations,_Z,Not applicable,_T,No breakdown by disability,2019,,0,,PER_1000_POP,"per 1,000 population",G,Global,_X,Not Available,,,,,,
DATAFLOW,SPC:DF_BP50(1.0),Blue Pacific 2050 (all),I,A,Annual,SH_STA_MALR,"Malaria incidence per 1,000 population at risk",KI,Kiribati,_T,Total,_T,All ages,_T,National,_T,Total,_T,All education levels,_T,All occupations,_Z,Not applicable,_T,No breakdown by disability,2000,,0,,PER_1000_POP,"per 1,000 population",G,Global,_X,Not Available,,,,,,
DATAFLOW,SPC:DF_BP50(1.0),Blue Pacific 2050 (all),I,A,Annual,SH_STA_MALR,"Malaria incidence per 1,000 population at risk",KI,Kiribati,_T,Total,_T,All ages,_T,National,_T,Total,_T,All education levels,_T,All occupations,_Z,Not applicable,_T,No breakdown by disability,2001,,0,,PER_1000_POP,"per 1,000 population",G,Global,_X,Not Available,,,,,,
DATAFLOW,SPC:DF_BP50(1.0),Blue Pacific 2050 (all),I,A,Annual,SH_STA_MALR,"Malaria incidence per 1,000 population at risk",KI,Kiribati,_T,Total,_T,All ages,_T,National,_T,Total,_T,All education levels,_T,All occupations,_Z,Not applicable,_T,No breakdown by disability,2002,,0,,PER_1000_POP,"per 1,000 population",G,Global,_X,Not Available,,,,,,
DATAFLOW,SPC:DF_BP50(1.0),Blue Pacific 2050 (all),I,A,Annual,SH_STA_MALR,"Malaria incidence per 1,000 population at risk",KI,Kiribati,_T,Total,_T,All ages,_T,National,_T,Total,_T,All education levels,_T,All occupations,_Z,Not applicable,_T,No breakdown by disability,2003,,0,,PER_1000_POP,"per 1,000 population",G,Global,_X,Not Available,,,,,,
DATAFLOW,SPC:DF_BP50(1.0),Blue Pacific 2050 (all),I,A,Annual,SH_STA_MALR,"Malaria incidence per 1,000 population at risk",KI,Kiribati,_T,Total,_T,All ages,_T,National,_T,Total,_T,All education levels,_T,All occupations,_Z,Not applicable,_T,No breakdown by disability,2004,,0,,PER_1000_POP,"per 1,000 population",G,Global,_X,Not Available,,,,,,
DATAFLOW,SPC:DF_BP50(1.0),Blue Pacific 2050 (all),I,A,Annual,SH_STA_MALR,"Malaria incidence per 1,000 population at risk",KI,Kiribati,_T,Total,_T,All ages,_T,National,_T,Total,_T,All education levels,_T,All occupations,_Z,Not applicable,_T,No breakdown by disability,2005,,0,,PER_1000_POP,"per 1,000 population",G,Global,_X,Not Available,,,,,,
DATAFLOW,SPC:DF_BP50(1.0),Blue Pacific 2050 (all),I,A,Annual,SH_STA_MALR,"Malaria incidence per 1,000 population at risk",KI,Kiribati,_T,Total,_T,All ages,_T,National,_T,Total,_T,All education levels,_T,All occupations,_Z,Not applicable,_T,No breakdown by disability,2006,,0,,PER_1000_POP,"per 1,000 population",G,Global,_X,Not Available,,,,,,
DATAFLOW,SPC:DF_BP50(1.0),Blue Pacific 2050 (all),I,A,Annual,SH_STA_MALR,"Malaria incidence per 1,000 population at risk",KI,Kiribati,_T,Total,_T,All ages,_T,National,_T,Total,_T,All education levels,_T,All occupations,_Z,Not applicable,_T,No breakdown by disability,2007,,0,,PER_1000_POP,"per 1,000 population",G,Global,_X,Not Available,,,,,,
DATAFLOW,SPC:DF_BP50(1.0),Blue Pacific 2050 (all),I,A,Annual,SH_STA_MALR,"Malaria incidence per 1,000 population at risk",KI,Kiribati,_T,Total,_T,All ages,_T,National,_T,Total,_T,All education levels,_T,All occupations,_Z,Not applicable,_T,No breakdown by disability,2008,,0,,PER_1000_POP,"per 1,000 population",G,Global,_X,Not Available,,,,,,
DATAFLOW,SPC:DF_BP50(1.0),Blue Pacific 2050 (all),I,A,Annual,SH_STA_MALR,"Malaria incidence per 1,000 population at risk",KI,Kiribati,_T,Total,_T,All ages,_T,National,_T,Total,_T,All education levels,_T,All occupations,_Z,Not applicable,_T,No breakdown by disability,2009,,0,,PER_1000_POP,"per 1,000 population",G,Global,_X,Not Available,,,,,,
DATAFLOW,SPC:DF_BP50(1.0),Blue Pacific 2050 (all),I,A,Annual,SH_STA_MALR,"Malaria incidence per 1,000 population at risk",KI,Kiribati,_T,Total,_T,All ages,_T,National,_T,Total,_T,All education levels,_T,All occupations,_Z,Not applicable,_T,No breakdown by disability,2010,,0,,PER_1000_POP,"per 1,000 population",G,Global,_X,Not Available,,,,,,
DATAFLOW,SPC:DF_BP50(1.0),Blue Pacific 2050 (all),I,A,Annual,SH_STA_MALR,"Malaria incidence per 1,000 population at risk",KI,Kiribati,_T,Total,_T,All ages,_T,National,_T,Total,_T,All education levels,_T,All occupations,_Z,Not applicable,_T,No breakdown by disability,2011,,0,,PER_1000_POP,"per 1,000 population",G,Global,_X,Not Available,,,,,,
DATAFLOW,SPC:DF_BP50(1.0),Blue Pacific 2050 (all),I,A,Annual,SH_STA_MALR,"Malaria incidence per 1,000 population at risk",KI,Kiribati,_T,Total,_T,All ages,_T,National,_T,Total,_T,All education levels,_T,All occupations,_Z,Not applicable,_T,No breakdown by disability,2012,,0,,PER_1000_POP,"per 1,000 population",G,Global,_X,Not Available,,,,,,
DATAFLOW,SPC:DF_BP50(1.0),Blue Pacific 2050 (all),I,A,Annual,SH_STA_MALR,"Malaria incidence per 1,000 population at risk",KI,Kiribati,_T,Total,_T,All ages,_T,National,_T,Total,_T,All education levels,_T,All occupations,_Z,Not applicable,_T,No breakdown by disability,2013,,0,,PER_1000_POP,"per 1,000 population",G,Global,_X,Not Available,,,,,,
DATAFLOW,SPC:DF_BP50(1.0),Blue Pacific 2050 (all),I,A,Annual,SH_STA_MALR,"Malaria incidence per 1,000 population at risk",KI,Kiribati,_T,Total,_T,All ages,_T,National,_T,Total,_T,All education levels,_T,All occupations,_Z,Not applicable,_T,No breakdown by disability,2014,,0,,PER_1000_POP,"per 1,000 population",G,Global,_X,Not Available,,,,,,
DATAFLOW,SPC:DF_BP50(1.0),Blue Pacific 2050 (all),I,A,Annual,SH_STA_MALR,"Malaria incidence per 1,000 population at risk",KI,Kiribati,_T,Total,_T,All ages,_T,National,_T,Total,_T,All education levels,_T,All occupations,_Z,Not applicable,_T,No breakdown by disability,2015,,0,,PER_1000_POP,"per 1,000 population",G,Global,_X,Not Available,,,,,,
DATAFLOW,SPC:DF_BP50(1.0),Blue Pacific 2050 (all),I,A,Annual,SH_STA_MALR,"Malaria incidence per 1,000 population at risk",KI,Kiribati,_T,Total,_T,All ages,_T,National,_T,Total,_T,All education levels,_T,All occupations,_Z,Not applicable,_T,No breakdown by disability,2016,,0,,PER_1000_POP,"per 1,000 population",G,Global,_X,Not Available,,,,,,
DATAFLOW,SPC:DF_BP50(1.0),Blue Pacific 2050 (all),I,A,Annual,SH_STA_MALR,"Malaria incidence per 1,000 population at risk",KI,Kiribati,_T,Total,_T,All ages,_T,National,_T,Total,_T,All education levels,_T,All occupations,_Z,Not applicable,_T,No breakdown by disability,2017,,0,,PER_1000_POP,"per 1,000 population",G,Global,_X,Not Available,,,,,,
DATAFLOW,SPC:DF_BP50(1.0),Blue Pacific 2050 (all),I,A,Annual,SH_STA_MALR,"Malaria incidence per 1,000 population at risk",KI,Kiribati,_T,Total,_T,All ages,_T,National,_T,Total,_T,All education levels,_T,All occupations,_Z,Not applicable,_T,No breakdown by disability,2018,,0,,PER_1000_POP,"per 1,000 population",G,Global,_X,Not Available,,,,,,
DATAFLOW,SPC:DF_BP50(1.0),Blue Pacific 2050 (all),I,A,Annual,SH_STA_MALR,"Malaria incidence per 1,000 population at risk",KI,Kiribati,_T,Total,_T,All ages,_T,National,_T,Total,_T,All education levels,_T,All occupations,_Z,Not applicable,_T,No breakdown by disability,2019,,0,,PER_1000_POP,"per 1,000 population",G,Global,_X,Not Available,,,,,,
DATAFLOW,SPC:DF_BP50(1.0),Blue Pacific 2050 (all),I,A,Annual,SH_TBS_INCD,Tuberculosis incidence,FJ,Fiji,_T,Total,_T,All ages,_T,National,_T,Total,_T,All education levels,_T,All occupations,_Z,Not applicable,_T,No breakdown by disability,2000,,22,,PER_100000_POP,"per 100,000 population",G,Global,_X,Not Available,,,,,,
DATAFLOW,SPC:DF_BP50(1.0),Blue Pacific 2050 (all),I,A,Annual,SH_TBS_INCD,Tuberculosis incidence,FJ,Fiji,_T,Total,_T,All ages,_T,National,_T,Total,_T,All education levels,_T,All occupations,_Z,Not applicable,_T,No breakdown by disability,2001,,28,,PER_100000_POP,"per 100,000 population",G,Global,_X,Not Available,,,,,,
DATAFLOW,SPC:DF_BP50(1.0),Blue Pacific 2050 (all),I,A,Annual,SH_TBS_INCD,Tuberculosis incidence,FJ,Fiji,_T,Total,_T,All ages,_T,National,_T,Total,_T,All education levels,_T,All occupations,_Z,Not applicable,_T,No breakdown by disability,2002,,23,,PER_100000_POP,"per 100,000 population",G,Global,_X,Not Available,,,,,,
DATAFLOW,SPC:DF_BP50(1.0),Blue Pacific 2050 (all),I,A,Annual,SH_TBS_INCD,Tuberculosis incidence,FJ,Fiji,_T,Total,_T,All ages,_T,National,_T,Total,_T,All education levels,_T,All occupations,_Z,Not applicable,_T,No breakdown by disability,2003,,28,,PER_100000_POP,"per 100,000 population",G,Global,_X,Not Available,,,,,,
DATAFLOW,SPC:DF_BP50(1.0),Blue Pacific 2050 (all),I,A,Annual,SH_TBS_INCD,Tuberculosis incidence,FJ,Fiji,_T,Total,_T,All ages,_T,National,_T,Total,_T,All education levels,_T,All occupations,_Z,Not applicable,_T,No breakdown by disability,2004,,20,,PER_100000_POP,"per 100,000 population",G,Global,_X,Not Available,,,,,,
DATAFLOW,SPC:DF_BP50(1.0),Blue Pacific 2050 (all),I,A,Annual,SH_TBS_INCD,Tuberculosis incidence,FJ,Fiji,_T,Total,_T,All ages,_T,National,_T,Total,_T,All education levels,_T,All occupations,_Z,Not applicable,_T,No breakdown by disability,2005,,20,,PER_100000_POP,"per 100,000 population",G,Global,_X,Not Available,,,,,,
DATAFLOW,SPC:DF_BP50(1.0),Blue Pacific 2050 (all),I,A,Annual,SH_TBS_INCD,Tuberculosis incidence,FJ,Fiji,_T,Total,_T,All ages,_T,National,_T,Total,_T,All education levels,_T,All occupations,_Z,Not applicable,_T,No breakdown by disability,2006,,17,,PER_100000_POP,"per 100,000 population",G,Global,_X,Not Available,,,,,,
DATAFLOW,SPC:DF_BP50(1.0),Blue Pacific 2050 (all),I,A,Annual,SH_TBS_INCD,Tuberculosis incidence,FJ,Fiji,_T,Total,_T,All ages,_T,National,_T,Total,_T,All education levels,_T,All occupations,_Z,Not applicable,_T,No breakdown by disability,2007,,14,,PER_100000_POP,"per 100,000 population",G,Global,_X,Not Available,,,,,,
DATAFLOW,SPC:DF_BP50(1.0),Blue Pacific 2050 (all),I,A,Annual,SH_TBS_INCD,Tuberculosis incidence,FJ,Fiji,_T,Total,_T,All ages,_T,National,_T,Total,_T,All education levels,_T,All occupations,_Z,Not applicable,_T,No breakdown by disability,2008,,16,,PER_100000_POP,"per 100,000 population",G,Global,_X,Not Available,,,,,,
DATAFLOW,SPC:DF_BP50(1.0),Blue Pacific 2050 (all),I,A,Annual,SH_TBS_INCD,Tuberculosis incidence,FJ,Fiji,_T,Total,_T,All ages,_T,National,_T,Total,_T,All education levels,_T,All occupations,_Z,Not applicable,_T,No breakdown by disability,2009,,21,,PER_100000_POP,"per 100,000 population",G,Global,_X,Not Available,,,,,,
DATAFLOW,SPC:DF_BP50(1.0),Blue Pacific 2050 (all),I,A,Annual,SH_TBS_INCD,Tuberculosis incidence,FJ,Fiji,_T,Total,_T,All ages,_T,National,_T,Total,_T,All education levels,_T,All occupations,_Z,Not applicable,_T,No breakdown by disability,2010,,27,,PER_100000_POP,"per 100,000 population",G,Global,_X,Not Available,,,,,,
DATAFLOW,SPC:DF_BP50(1.0),Blue Pacific 2050 (all),I,A,Annual,SH_TBS_INCD,Tuberculosis incidence,FJ,Fiji,_T,Total,_T,All ages,_T,National,_T,Total,_T,All education levels,_T,All occupations,_Z,Not applicable,_T,No breakdown by disability,2011,,31,,PER_100000_POP,"per 100,000 population",G,Global,_X,Not Available,,,,,,
DATAFLOW,SPC:DF_BP50(1.0),Blue Pacific 2050 (all),I,A,Annual,SH_TBS_INCD,Tuberculosis incidence,FJ,Fiji,_T,Total,_T,All ages,_T,National,_T,Total,_T,All education levels,_T,All occupations,_Z,Not applicable,_T,No breakdown by disability,2012,,30,,PER_100000_POP,"per 100,000 population",G,Global,_X,Not Available,,,,,,
DATAFLOW,SPC:DF_BP50(1.0),Blue Pacific 2050 (all),I,A,Annual,SH_TBS_INCD,Tuberculosis incidence,FJ,Fiji,_T,Total,_T,All ages,_T,National,_T,Total,_T,All education levels,_T,All occupations,_Z,Not applicable,_T,No breakdown by disability,2013,,37,,PER_100000_POP,"per 100,000 population",G,Global,_X,Not Available,,,,,,
DATAFLOW,SPC:DF_BP50(1.0),Blue Pacific 2050 (all),I,A,Annual,SH_TBS_INCD,Tuberculosis incidence,FJ,Fiji,_T,Total,_T,All ages,_T,National,_T,Total,_T,All education levels,_T,All occupations,_Z,Not applicable,_T,No breakdown by disability,2014,,55,,PER_100000_POP,"per 100,000 population",G,Global,_X,Not Available,,,,,,
DATAFLOW,SPC:DF_BP50(1.0),Blue Pacific 2050 (all),I,A,Annual,SH_TBS_INCD,Tuberculosis incidence,FJ,Fiji,_T,Total,_T,All ages,_T,National,_T,Total,_T,All education levels,_T,All occupations,_Z,Not applicable,_T,No breakdown by disability,2015,,52,,PER_100000_POP,"per 100,000 population",G,Global,_X,Not Available,,,,,,
DATAFLOW,SPC:DF_BP50(1.0),Blue Pacific 2050 (all),I,A,Annual,SH_TBS_INCD,Tuberculosis incidence,FJ,Fiji,_T,Total,_T,All ages,_T,National,_T,Total,_T,All education levels,_T,All occupations,_Z,Not applicable,_T,No breakdown by disability,2016,,45,,PER_100000_POP,"per 100,000 population",G,Global,_X,Not Available,,,,,,
DATAFLOW,SPC:DF_BP50(1.0),Blue Pacific 2050 (all),I,A,Annual,SH_TBS_INCD,Tuberculosis incidence,FJ,Fiji,_T,Total,_T,All ages,_T,National,_T,Total,_T,All education levels,_T,All occupations,_Z,Not applicable,_T,No breakdown by disability,2017,,51,,PER_100000_POP,"per 100,000 population",G,Global,_X,Not Available,,,,,,
DATAFLOW,SPC:DF_BP50(1.0),Blue Pacific 2050 (all),I,A,Annual,SH_TBS_INCD,Tuberculosis incidence,FJ,Fiji,_T,Total,_T,All ages,_T,National,_T,Total,_T,All education levels,_T,All occupations,_Z,Not applicable,_T,No breakdown by disability,2018,,54,,PER_100000_POP,"per 100,000 population",G,Global,_X,Not Available,,,,,,
DATAFLOW,SPC:DF_BP50(1.0),Blue Pacific 2050 (all),I,A,Annual,SH_TBS_INCD,Tuberculosis incidence,FJ,Fiji,_T,Total,_T,All ages,_T,National,_T,Total,_T,All education levels,_T,All occupations,_Z,Not applicable,_T,No breakdown by disability,2019,,66,,PER_100000_POP,"per 100,000 population",G,Global,_X,Not Available,,,,,,
DATAFLOW,SPC:DF_BP50(1.0),Blue Pacific 2050 (all),I,A,Annual,SH_TBS_INCD,Tuberculosis incidence,FJ,Fiji,_T,Total,_T,All ages,_T,National,_T,Total,_T,All education levels,_T,All occupations,_Z,Not applicable,_T,No breakdown by disability,2020,,66,,PER_100000_POP,"per 100,000 population",G,Global,_X,Not Available,,,,,,
DATAFLOW,SPC:DF_BP50(1.0),Blue Pacific 2050 (all),I,A,Annual,SH_TBS_INCD,Tuberculosis incidence,FJ,Fiji,_T,Total,_T,All ages,_T,National,_T,Total,_T,All education levels,_T,All occupations,_Z,Not applicable,_T,No breakdown by disability,2021,,66,,PER_100000_POP,"per 100,000 population",G,Global,_X,Not Available,,,,,,
DATAFLOW,SPC:DF_BP50(1.0),Blue Pacific 2050 (all),I,A,Annual,SH_TBS_INCD,Tuberculosis incidence,FJ,Fiji,_T,Total,_T,All ages,_T,National,_T,Total,_T,All education levels,_T,All occupations,_Z,Not applicable,_T,No breakdown by disability,2022,,66,,PER_100000_POP,"per 100,000 population",G,Global,_X,Not Available,,,,,,
DATAFLOW,SPC:DF_BP50(1.0),Blue Pacific 2050 (all),I,A,Annual,SH_TBS_INCD,Tuberculosis incidence,FJ,Fiji,_T,Total,_T,All ages,_T,National,_T,Total,_T,All education levels,_T,All occupations,_Z,Not applicable,_T,No breakdown by disability,2023,,66,,PER_100000_POP,"per 100,000 population",G,Global,_X,Not Available,,,,,,
DATAFLOW,SPC:DF_BP50(1.0),Blue Pacific 2050 (all),I,A,Annual,SH_TBS_INCD,Tuberculosis incidence,PG,Papua New Guinea,_T,Total,_T,All ages,_T,National,_T,Total,_T,All education levels,_T,All occupations,_Z,Not applicable,_T,No breakdown by disability,2000,,432,,PER_100000_POP,"per 100,000 population",G,Global,_X,Not Available,,,,,,
DATAFLOW,SPC:DF_BP50(1.0),Blue Pacific 2050 (all),I,A,Annual,SH_TBS_INCD,Tuberculosis incidence,PG,Papua New Guinea,_T,Total,_T,All ages,_T,National,_T,Total,_T,All education levels,_T,All occupations,_Z,Not applicable,_T,No breakdown by disability,2001,,432,,PER_100000_POP,"per 100,000 population",G,Global,_X,Not Available,,,,,,
DATAFLOW,SPC:DF_BP50(1.0),Blue Pacific 2050 (all),I,A,Annual,SH_TBS_INCD,Tuberculosis incidence,PG,Papua New Guinea,_T,Total,_T,All ages,_T,National,_T,Total,_T,All education levels,_T,All occupations,_Z,Not applicable,_T,No breakdown by disability,2002,,432,,PER_100000_POP,"per 100,000 population",G,Global,_X,Not Available,,,,,,
DATAFLOW,SPC:DF_BP50(1.0),Blue Pacific 2050 (all),I,A,Annual,SH_TBS_INCD,Tuberculosis incidence,PG,Papua New Guinea,_T,Total,_T,All ages,_T,National,_T,Total,_T,All education levels,_T,All occupations,_Z,Not applicable,_T,No breakdown by disability,2003,,432,,PER_100000_POP,"per 100,000 population",G,Global,_X,Not Available,,,,,,
DATAFLOW,SPC:DF_BP50(1.0),Blue Pacific 2050 (all),I,A,Annual,SH_TBS_INCD,Tuberculosis incidence,PG,Papua New Guinea,_T,Total,_T,All ages,_T,National,_T,Total,_T,All education levels,_T,All occupations,_Z,Not applicable,_T,No breakdown by disability,2004,,432,,PER_100000_POP,"per 100,000 population",G,Global,_X,Not Available,,,,,,
DATAFLOW,SPC:DF_BP50(1.0),Blue Pacific 2050 (all),I,A,Annual,SH_TBS_INCD,Tuberculosis incidence,PG,Papua New Guinea,_T,Total,_T,All ages,_T,National,_T,Total,_T,All education levels,_T,All occupations,_Z,Not applicable,_T,No breakdown by disability,2005,,432,,PER_100000_POP,"per 100,000 population",G,Global,_X,Not Available,,,,,,
DATAFLOW,SPC:DF_BP50(1.0),Blue Pacific 2050 (all),I,A,Annual,SH_TBS_INCD,Tuberculosis incidence,PG,Papua New Guinea,_T,Total,_T,All ages,_T,National,_T,Total,_T,All education levels,_T,All occupations,_Z,Not applicable,_T,No breakdown by disability,2006,,432,,PER_100000_POP,"per 100,000 population",G,Global,_X,Not Available,,,,,,
DATAFLOW,SPC:DF_BP50(1.0),Blue Pacific 2050 (all),I,A,Annual,SH_TBS_INCD,Tuberculosis incidence,PG,Papua New Guinea,_T,Total,_T,All ages,_T,National,_T,Total,_T,All education levels,_T,All occupations,_Z,Not applicable,_T,No breakdown by disability,2007,,432,,PER_100000_POP,"per 100,000 population",G,Global,_X,Not Available,,,,,,
DATAFLOW,SPC:DF_BP50(1.0),Blue Pacific 2050 (all),I,A,Annual,SH_TBS_INCD,Tuberculosis incidence,PG,Papua New Guinea,_T,Total,_T,All ages,_T,National,_T,Total,_T,All education levels,_T,All occupations,_Z,Not applicable,_T,No breakdown by disability,2008,,432,,PER_100000_POP,"per 100,000 population",G,Global,_X,Not Available,,,,,,
DATAFLOW,SPC:DF_BP50(1.0),Blue Pacific 2050 (all),I,A,Annual,SH_TBS_INCD,Tuberculosis incidence,PG,Papua New Guinea,_T,Total,_T,All ages,_T,National,_T,Total,_T,All education levels,_T,All occupations,_Z,Not applicable,_T,No breakdown by disability,2009,,432,,PER_100000_POP,"per 100,000 population",G,Global,_X,Not Available,,,,,,
DATAFLOW,SPC:DF_BP50(1.0),Blue Pacific 2050 (all),I,A,Annual,SH_TBS_INCD,Tuberculosis incidence,PG,Papua New Guinea,_T,Total,_T,All ages,_T,National,_T,Total,_T,All education levels,_T,All occupations,_Z,Not applicable,_T,No breakdown by disability,2010,,432,,PER_100000_POP,"per 100,000 population",G,Global,_X,Not Available,,,,,,
DATAFLOW,SPC:DF_BP50(1.0),Blue Pacific 2050 (all),I,A,Annual,SH_TBS_INCD,Tuberculosis incidence,PG,Papua New Guinea,_T,Total,_T,All ages,_T,National,_T,Total,_T,All education levels,_T,All occupations,_Z,Not applicable,_T,No breakdown by disability,2011,,432,,PER_100000_POP,"per 100,000 population",G,Global,_X,Not Available,,,,,,
DATAFLOW,SPC:DF_BP50(1.0),Blue Pacific 2050 (all),I,A,Annual,SH_TBS_INCD,Tuberculosis incidence,PG,Papua New Guinea,_T,Total,_T,All ages,_T,National,_T,Total,_T,All education levels,_T,All occupations,_Z,Not applicable,_T,No breakdown by disability,2012,,432,,PER_100000_POP,"per 100,000 population",G,Global,_X,Not Available,,,,,,
DATAFLOW,SPC:DF_BP50(1.0),Blue Pacific 2050 (all),I,A,Annual,SH_TBS_INCD,Tuberculosis incidence,PG,Papua New Guinea,_T,Total,_T,All ages,_T,National,_T,Total,_T,All education levels,_T,All occupations,_Z,Not applicable,_T,No breakdown by disability,2013,,432,,PER_100000_POP,"per 100,000 population",G,Global,_X,Not Available,,,,,,
DATAFLOW,SPC:DF_BP50(1.0),Blue Pacific 2050 (all),I,A,Annual,SH_TBS_INCD,Tuberculosis incidence,PG,Papua New Guinea,_T,Total,_T,All ages,_T,National,_T,Total,_T,All education levels,_T,All occupations,_Z,Not applicable,_T,No breakdown by disability,2014,,432,,PER_100000_POP,"per 100,000 population",G,Global,_X,Not Available,,,,,,
DATAFLOW,SPC:DF_BP50(1.0),Blue Pacific 2050 (all),I,A,Annual,SH_TBS_INCD,Tuberculosis incidence,PG,Papua New Guinea,_T,Total,_T,All ages,_T,National,_T,Total,_T,All education levels,_T,All occupations,_Z,Not applicable,_T,No breakdown by disability,2015,,432,,PER_100000_POP,"per 100,000 population",G,Global,_X,Not Available,,,,,,
DATAFLOW,SPC:DF_BP50(1.0),Blue Pacific 2050 (all),I,A,Annual,SH_TBS_INCD,Tuberculosis incidence,PG,Papua New Guinea,_T,Total,_T,All ages,_T,National,_T,Total,_T,All education levels,_T,All occupations,_Z,Not applicable,_T,No breakdown by disability,2016,,432,,PER_100000_POP,"per 100,000 population",G,Global,_X,Not Available,,,,,,
DATAFLOW,SPC:DF_BP50(1.0),Blue Pacific 2050 (all),I,A,Annual,SH_TBS_INCD,Tuberculosis incidence,PG,Papua New Guinea,_T,Total,_T,All ages,_T,National,_T,Total,_T,All education levels,_T,All occupations,_Z,Not applicable,_T,No breakdown by disability,2017,,432,,PER_100000_POP,"per 100,000 population",G,Global,_X,Not Available,,,,,,
DATAFLOW,SPC:DF_BP50(1.0),Blue Pacific 2050 (all),I,A,Annual,SH_TBS_INCD,Tuberculosis incidence,PG,Papua New Guinea,_T,Total,_T,All ages,_T,National,_T,Total,_T,All education levels,_T,All occupations,_Z,Not applicable,_T,No breakdown by disability,2018,,432,,PER_100000_POP,"per 100,000 population",G,Global,_X,Not Available,,,,,,
DATAFLOW,SPC:DF_BP50(1.0),Blue Pacific 2050 (all),I,A,Annual,SH_TBS_INCD,Tuberculosis incidence,PG,Papua New Guinea,_T,Total,_T,All ages,_T,National,_T,Total,_T,All education levels,_T,All occupations,_Z,Not applicable,_T,No breakdown by disability,2019,,432,,PER_100000_POP,"per 100,000 population",G,Global,_X,Not Available,,,,,,
DATAFLOW,SPC:DF_BP50(1.0),Blue Pacific 2050 (all),I,A,Annual,SH_TBS_INCD,Tuberculosis incidence,PG,Papua New Guinea,_T,Total,_T,All ages,_T,National,_T,Total,_T,All education levels,_T,All occupations,_Z,Not applicable,_T,No breakdown by disability,2020,,432,,PER_100000_POP,"per 100,000 population",G,Global,_X,Not Available,,,,,,
DATAFLOW,SPC:DF_BP50(1.0),Blue Pacific 2050 (all),I,A,Annual,SH_TBS_INCD,Tuberculosis incidence,PG,Papua New Guinea,_T,Total,_T,All ages,_T,National,_T,Total,_T,All education levels,_T,All occupations,_Z,Not applicable,_T,No breakdown by disability,2021,,432,,PER_100000_POP,"per 100,000 population",G,Global,_X,Not Available,,,,,,
DATAFLOW,SPC:DF_BP50(1.0),Blue Pacific 2050 (all),I,A,Annual,SH_TBS_INCD,Tuberculosis incidence,PG,Papua New Guinea,_T,Total,_T,All ages,_T,National,_T,Total,_T,All education levels,_T,All occupations,_Z,Not applicable,_T,No breakdown by disability,2022,,432,,PER_100000_POP,"per 100,000 population",G,Global,_X,Not Available,,,,,,
DATAFLOW,SPC:DF_BP50(1.0),Blue Pacific 2050 (all),I,A,Annual,SH_TBS_INCD,Tuberculosis incidence,PG,Papua New Guinea,_T,Total,_T,All ages,_T,National,_T,Total,_T,All education levels,_T,All occupations,_Z,Not applicable,_T,No breakdown by disability,2023,,432,,PER_100000_POP,"per 100,000 population",G,Global,_X,Not Available,,,,,,
DATAFLOW,SPC:DF_BP50(1.0),Blue Pacific 2050 (all),I,A,Annual,SH_STA_MALR,"Malaria incidence per 1,000 population at risk",PW,Palau,_T,Total,_T,All ages,_T,National,_T,Total,_T,All education levels,_T,All occupations,_Z,Not applicable,_T,No breakdown by disability,2000,,0,,PER_1000_POP,"per 1,000 population",G,Global,_X,Not Available,,,,,,
DATAFLOW,SPC:DF_BP50(1.0),Blue Pacific 2050 (all),I,A,Annual,SH_STA_MALR,"Malaria incidence per 1,000 population at risk",PW,Palau,_T,Total,_T,All ages,_T,National,_T,Total,_T,All education levels,_T,All occupations,_Z,Not applicable,_T,No breakdown by disability,2001,,0,,PER_1000_POP,"per 1,000 population",G,Global,_X,Not Available,,,,,,
DATAFLOW,SPC:DF_BP50(1.0),Blue Pacific 2050 (all),I,A,Annual,SH_STA_MALR,"Malaria incidence per 1,000 population at risk",PW,Palau,_T,Total,_T,All ages,_T,National,_T,Total,_T,All education levels,_T,All occupations,_Z,Not applicable,_T,No breakdown by disability,2002,,0,,PER_1000_POP,"per 1,000 population",G,Global,_X,Not Available,,,,,,
DATAFLOW,SPC:DF_BP50(1.0),Blue Pacific 2050 (all),I,A,Annual,SH_STA_MALR,"Malaria incidence per 1,000 population at risk",PW,Palau,_T,Total,_T,All ages,_T,National,_T,Total,_T,All education levels,_T,All occupations,_Z,Not applicable,_T,No breakdown by disability,2003,,0,,PER_1000_POP,"per 1,000 population",G,Global,_X,Not Available,,,,,,
DATAFLOW,SPC:DF_BP50(1.0),Blue Pacific 2050 (all),I,A,Annual,SH_STA_MALR,"Malaria incidence per 1,000 population at risk",PW,Palau,_T,Total,_T,All ages,_T,National,_T,Total,_T,All education levels,_T,All occupations,_Z,Not applicable,_T,No breakdown by disability,2004,,0,,PER_1000_POP,"per 1,000 population",G,Global,_X,Not Available,,,,,,
DATAFLOW,SPC:DF_BP50(1.0),Blue Pacific 2050 (all),I,A,Annual,SH_STA_MALR,"Malaria incidence per 1,000 population at risk",PW,Palau,_T,Total,_T,All ages,_T,National,_T,Total,_T,All education levels,_T,All occupations,_Z,Not applicable,_T,No breakdown by disability,2005,,0,,PER_1000_POP,"per 1,000 population",G,Global,_X,Not Available,,,,,,
DATAFLOW,SPC:DF_BP50(1.0),Blue Pacific 2050 (all),I,A,Annual,SH_STA_MALR,"Malaria incidence per 1,000 population at risk",PW,Palau,_T,Total,_T,All ages,_T,National,_T,Total,_T,All education levels,_T,All occupations,_Z,Not applicable,_T,No breakdown by disability,2006,,0,,PER_1000_POP,"per 1,000 population",G,Global,_X,Not Available,,,,,,
DATAFLOW,SPC:DF_BP50(1.0),Blue Pacific 2050 (all),I,A,Annual,SH_STA_MALR,"Malaria incidence per 1,000 population at risk",PW,Palau,_T,Total,_T,All ages,_T,National,_T,Total,_T,All education levels,_T,All occupations,_Z,Not applicable,_T,No breakdown by disability,2007,,0,,PER_1000_POP,"per 1,000 population",G,Global,_X,Not Available,,,,,,
DATAFLOW,SPC:DF_BP50(1.0),Blue Pacific 2050 (all),I,A,Annual,SH_STA_MALR,"Malaria incidence per 1,000 population at risk",PW,Palau,_T,Total,_T,All ages,_T,National,_T,Total,_T,All education levels,_T,All occupations,_Z,Not applicable,_T,No breakdown by disability,2008,,0,,PER_1000_POP,"per 1,000 population",G,Global,_X,Not Available,,,,,,
DATAFLOW,SPC:DF_BP50(1.0),Blue Pacific 2050 (all),I,A,Annual,SH_STA_MALR,"Malaria incidence per 1,000 population at risk",PW,Palau,_T,Total,_T,All ages,_T,National,_T,Total,_T,All education levels,_T,All occupations,_Z,Not applicable,_T,No breakdown by disability,2009,,0,,PER_1000_POP,"per 1,000 population",G,Global,_X,Not Available,,,,,,
DATAFLOW,SPC:DF_BP50(1.0),Blue Pacific 2050 (all),I,A,Annual,SH_STA_MALR,"Malaria incidence per 1,000 population at risk",PW,Palau,_T,Total,_T,All ages,_T,National,_T,Total,_T,All education levels,_T,All occupations,_Z,Not applicable,_T,No breakdown by disability,2010,,0,,PER_1000_POP,"per 1,000 population",G,Global,_X,Not Available,,,,,,
DATAFLOW,SPC:DF_BP50(1.0),Blue Pacific 2050 (all),I,A,Annual,SH_STA_MALR,"Malaria incidence per 1,000 population at risk",PW,Palau,_T,Total,_T,All ages,_T,National,_T,Total,_T,All education levels,_T,All occupations,_Z,Not applicable,_T,No breakdown by disability,2011,,0,,PER_1000_POP,"per 1,000 population",G,Global,_X,Not Available,,,,,,
DATAFLOW,SPC:DF_BP50(1.0),Blue Pacific 2050 (all),I,A,Annual,SH_STA_MALR,"Malaria incidence per 1,000 population at risk",PW,Palau,_T,Total,_T,All ages,_T,National,_T,Total,_T,All education levels,_T,All occupations,_Z,Not applicable,_T,No breakdown by disability,2012,,0,,PER_1000_POP,"per 1,000 population",G,Global,_X,Not Available,,,,,,
DATAFLOW,SPC:DF_BP50(1.0),Blue Pacific 2050 (all),I,A,Annual,SH_STA_MALR,"Malaria incidence per 1,000 population at risk",PW,Palau,_T,Total,_T,All ages,_T,National,_T,Total,_T,All education levels,_T,All occupations,_Z,Not applicable,_T,No breakdown by disability,2013,,0,,PER_1000_POP,"per 1,000 population",G,Global,_X,Not Available,,,,,,
DATAFLOW,SPC:DF_BP50(1.0),Blue Pacific 2050 (all),I,A,Annual,SH_STA_MALR,"Malaria incidence per 1,000 population at risk",PW,Palau,_T,Total,_T,All ages,_T,National,_T,Total,_T,All education levels,_T,All occupations,_Z,Not applicable,_T,No breakdown by disability,2014,,0,,PER_1000_POP,"per 1,000 population",G,Global,_X,Not Available,,,,,,
DATAFLOW,SPC:DF_BP50(1.0),Blue Pacific 2050 (all),I,A,Annual,SH_STA_MALR,"Malaria incidence per 1,000 population at risk",PW,Palau,_T,Total,_T,All ages,_T,National,_T,Total,_T,All education levels,_T,All occupations,_Z,Not applicable,_T,No breakdown by disability,2015,,0,,PER_1000_POP,"per 1,000 population",G,Global,_X,Not Available,,,,,,
DATAFLOW,SPC:DF_BP50(1.0),Blue Pacific 2050 (all),I,A,Annual,SH_STA_MALR,"Malaria incidence per 1,000 population at risk",PW,Palau,_T,Total,_T,All ages,_T,National,_T,Total,_T,All education levels,_T,All occupations,_Z,Not applicable,_T,No breakdown by disability,2016,,0,,PER_1000_POP,"per 1,000 population",G,Global,_X,Not Available,,,,,,
DATAFLOW,SPC:DF_BP50(1.0),Blue Pacific 2050 (all),I,A,Annual,SH_STA_MALR,"Malaria incidence per 1,000 population at risk",PW,Palau,_T,Total,_T,All ages,_T,National,_T,Total,_T,All education levels,_T,All occupations,_Z,Not applicable,_T,No breakdown by disability,2017,,0,,PER_1000_POP,"per 1,000 population",G,Global,_X,Not Available,,,,,,
DATAFLOW,SPC:DF_BP50(1.0),Blue Pacific 2050 (all),I,A,Annual,SH_STA_MALR,"Malaria incidence per 1,000 population at risk",PW,Palau,_T,Total,_T,All ages,_T,National,_T,Total,_T,All education levels,_T,All occupations,_Z,Not applicable,_T,No breakdown by disability,2018,,0,,PER_1000_POP,"per 1,000 population",G,Global,_X,Not Available,,,,,,
DATAFLOW,SPC:DF_BP50(1.0),Blue Pacific 2050 (all),I,A,Annual,SH_STA_MALR,"Malaria incidence per 1,000 population at risk",PW,Palau,_T,Total,_T,All ages,_T,National,_T,Total,_T,All education levels,_T,All occupations,_Z,Not applicable,_T,No breakdown by disability,2019,,0,,PER_1000_POP,"per 1,000 population",G,Global,_X,Not Available,,,,,,
DATAFLOW,SPC:DF_BP50(1.0),Blue Pacific 2050 (all),I,A,Annual,SH_STA_MALR,"Malaria incidence per 1,000 population at risk",PG,Papua New Guinea,_T,Total,_T,All ages,_T,National,_T,Total,_T,All education levels,_T,All occupations,_Z,Not applicable,_T,No breakdown by disability,2000,,260.58,,PER_1000_POP,"per 1,000 population",G,Global,_X,Not Available,,,,,,
DATAFLOW,SPC:DF_BP50(1.0),Blue Pacific 2050 (all),I,A,Annual,SH_STA_MALR,"Malaria incidence per 1,000 population at risk",PG,Papua New Guinea,_T,Total,_T,All ages,_T,National,_T,Total,_T,All education levels,_T,All occupations,_Z,Not applicable,_T,No breakdown by disability,2001,,254.35,,PER_1000_POP,"per 1,000 population",G,Global,_X,Not Available,,,,,,
DATAFLOW,SPC:DF_BP50(1.0),Blue Pacific 2050 (all),I,A,Annual,SH_STA_MALR,"Malaria incidence per 1,000 population at risk",PG,Papua New Guinea,_T,Total,_T,All ages,_T,National,_T,Total,_T,All education levels,_T,All occupations,_Z,Not applicable,_T,No breakdown by disability,2002,,215.5,,PER_1000_POP,"per 1,000 population",G,Global,_X,Not Available,,,,,,
DATAFLOW,SPC:DF_BP50(1.0),Blue Pacific 2050 (all),I,A,Annual,SH_STA_MALR,"Malaria incidence per 1,000 population at risk",PG,Papua New Guinea,_T,Total,_T,All ages,_T,National,_T,Total,_T,All education levels,_T,All occupations,_Z,Not applicable,_T,No breakdown by disability,2003,,230.12,,PER_1000_POP,"per 1,000 population",G,Global,_X,Not Available,,,,,,
DATAFLOW,SPC:DF_BP50(1.0),Blue Pacific 2050 (all),I,A,Annual,SH_STA_MALR,"Malaria incidence per 1,000 population at risk",PG,Papua New Guinea,_T,Total,_T,All ages,_T,National,_T,Total,_T,All education levels,_T,All occupations,_Z,Not applicable,_T,No breakdown by disability,2004,,291.69,,PER_1000_POP,"per 1,000 population",G,Global,_X,Not Available,,,,,,
DATAFLOW,SPC:DF_BP50(1.0),Blue Pacific 2050 (all),I,A,Annual,SH_STA_MALR,"Malaria incidence per 1,000 population at risk",PG,Papua New Guinea,_T,Total,_T,All ages,_T,National,_T,Total,_T,All education levels,_T,All occupations,_Z,Not applicable,_T,No breakdown by disability,2005,,238.51,,PER_1000_POP,"per 1,000 population",G,Global,_X,Not Available,,,,,,
DATAFLOW,SPC:DF_BP50(1.0),Blue Pacific 2050 (all),I,A,Annual,SH_STA_MALR,"Malaria incidence per 1,000 population at risk",PG,Papua New Guinea,_T,Total,_T,All ages,_T,National,_T,Total,_T,All education levels,_T,All occupations,_Z,Not applicable,_T,No breakdown by disability,2006,,246.74,,PER_1000_POP,"per 1,000 population",G,Global,_X,Not Available,,,,,,
DATAFLOW,SPC:DF_BP50(1.0),Blue Pacific 2050 (all),I,A,Annual,SH_STA_MALR,"Malaria incidence per 1,000 population at risk",PG,Papua New Guinea,_T,Total,_T,All ages,_T,National,_T,Total,_T,All education levels,_T,All occupations,_Z,Not applicable,_T,No breakdown by disability,2007,,205.44,,PER_1000_POP,"per 1,000 population",G,Global,_X,Not Available,,,,,,
DATAFLOW,SPC:DF_BP50(1.0),Blue Pacific 2050 (all),I,A,Annual,SH_STA_MALR,"Malaria incidence per 1,000 population at risk",PG,Papua New Guinea,_T,Total,_T,All ages,_T,National,_T,Total,_T,All education levels,_T,All occupations,_Z,Not applicable,_T,No breakdown by disability,2008,,190.13,,PER_1000_POP,"per 1,000 population",G,Global,_X,Not Available,,,,,,
DATAFLOW,SPC:DF_BP50(1.0),Blue Pacific 2050 (all),I,A,Annual,SH_STA_MALR,"Malaria incidence per 1,000 population at risk",PG,Papua New Guinea,_T,Total,_T,All ages,_T,National,_T,Total,_T,All education levels,_T,All occupations,_Z,Not applicable,_T,No breakdown by disability,2009,,248.33,,PER_1000_POP,"per 1,000 population",G,Global,_X,Not Available,,,,,,
DATAFLOW,SPC:DF_BP50(1.0),Blue Pacific 2050 (all),I,A,Annual,SH_STA_MALR,"Malaria incidence per 1,000 population at risk",PG,Papua New Guinea,_T,Total,_T,All ages,_T,National,_T,Total,_T,All education levels,_T,All occupations,_Z,Not applicable,_T,No breakdown by disability,2010,,169.63,,PER_1000_POP,"per 1,000 population",G,Global,_X,Not Available,,,,,,
DATAFLOW,SPC:DF_BP50(1.0),Blue Pacific 2050 (all),I,A,Annual,SH_STA_MALR,"Malaria incidence per 1,000 population at risk",PG,Papua New Guinea,_T,Total,_T,All ages,_T,National,_T,Total,_T,All education levels,_T,All occupations,_Z,Not applicable,_T,No breakdown by disability,2011,,139.98,,PER_1000_POP,"per 1,000 population",G,Global,_X,Not Available,,,,,,
DATAFLOW,SPC:DF_BP50(1.0),Blue Pacific 2050 (all),I,A,Annual,SH_STA_MALR,"Malaria incidence per 1,000 population at risk",PG,Papua New Guinea,_T,Total,_T,All ages,_T,National,_T,Total,_T,All education levels,_T,All occupations,_Z,Not applicable,_T,No breakdown by disability,2012,,185.17,,PER_1000_POP,"per 1,000 population",G,Global,_X,Not Available,,,,,,
DATAFLOW,SPC:DF_BP50(1.0),Blue Pacific 2050 (all),I,A,Annual,SH_STA_MALR,"Malaria incidence per 1,000 population at risk",PG,Papua New Guinea,_T,Total,_T,All ages,_T,National,_T,Total,_T,All education levels,_T,All occupations,_Z,Not applicable,_T,No breakdown by disability,2013,,205.04,,PER_1000_POP,"per 1,000 population",G,Global,_X,Not Available,,,,,,
DATAFLOW,SPC:DF_BP50(1.0),Blue Pacific 2050 (all),I,A,Annual,SH_STA_MALR,"Malaria incidence per 1,000 population at risk",PG,Papua New Guinea,_T,Total,_T,All ages,_T,National,_T,Total,_T,All education levels,_T,All occupations,_Z,Not applicable,_T,No breakdown by disability,2014,,230.48,,PER_1000_POP,"per 1,000 population",G,Global,_X,Not Available,,,,,,
DATAFLOW,SPC:DF_BP50(1.0),Blue Pacific 2050 (all),I,A,Annual,SH_STA_MALR,"Malaria incidence per 1,000 population at risk",PG,Papua New Guinea,_T,Total,_T,All ages,_T,National,_T,Total,_T,All education levels,_T,All occupations,_Z,Not applicable,_T,No breakdown by disability,2015,,118.84,,PER_1000_POP,"per 1,000 population",G,Global,_X,Not Available,,,,,,
DATAFLOW,SPC:DF_BP50(1.0),Blue Pacific 2050 (all),I,A,Annual,SH_STA_MALR,"Malaria incidence per 1,000 population at risk",PG,Papua New Guinea,_T,Total,_T,All ages,_T,National,_T,Total,_T,All education levels,_T,All occupations,_Z,Not applicable,_T,No breakdown by disability,2016,,162.74,,PER_1000_POP,"per 1,000 population",G,Global,_X,Not Available,,,,,,
DATAFLOW,SPC:DF_BP50(1.0),Blue Pacific 2050 (all),I,A,Annual,SH_STA_MALR,"Malaria incidence per 1,000 population at risk",PG,Papua New Guinea,_T,Total,_T,All ages,_T,National,_T,Total,_T,All education levels,_T,All occupations,_Z,Not applicable,_T,No breakdown by disability,2017,,175.14,,PER_1000_POP,"per 1,000 population",G,Global,_X,Not Available,,,,,,
DATAFLOW,SPC:DF_BP50(1.0),Blue Pacific 2050 (all),I,A,Annual,SH_STA_MALR,"Malaria incidence per 1,000 population at risk",PG,Papua New Guinea,_T,Total,_T,All ages,_T,National,_T,Total,_T,All education levels,_T,All occupations,_Z,Not applicable,_T,No breakdown by disability,2018,,184.47,,PER_1000_POP,"per 1,000 population",G,Global,_X,Not Available,,,,,,
DATAFLOW,SPC:DF_BP50(1.0),Blue Pacific 2050 (all),I,A,Annual,SH_STA_MALR,"Malaria incidence per 1,000 population at risk",PG,Papua New Guinea,_T,Total,_T,All ages,_T,National,_T,Total,_T,All education levels,_T,All occupations,_Z,Not applicable,_T,No breakdown by disability,2019,,156.35,,PER_1000_POP,"per 1,000 population",G,Global,_X,Not Available,,,,,,
DATAFLOW,SPC:DF_BP50(1.0),Blue Pacific 2050 (all),I,A,Annual,SH_STA_MALR,"Malaria incidence per 1,000 population at risk",PG,Papua New Guinea,_T,Total,_T,All ages,_T,National,_T,Total,_T,All education levels,_T,All occupations,_Z,Not applicable,_T,No breakdown by disability,2020,,164,,PER_1000_POP,"per 1,000 population",G,Global,CA,Country Adjusted,World malaria report 2021. Geneva: World Health Organization; 2021.,,,,,
DATAFLOW,SPC:DF_BP50(1.0),Blue Pacific 2050 (all),I,A,Annual,SH_DTH_NCD,"Mortality rate attributed to cardiovascular disease, cancer,
            diabetes or chronic respiratory disease",TO,Tonga,_T,Total,_T,All ages,_T,National,_T,Total,_T,All education levels,_T,All occupations,_Z,Not applicable,_T,No breakdown by disability,2000,,29,,PERCENT,percent,G,Global,_X,Not Available,,,,,,
DATAFLOW,SPC:DF_BP50(1.0),Blue Pacific 2050 (all),I,A,Annual,SH_DTH_NCD,"Mortality rate attributed to cardiovascular disease, cancer,
            diabetes or chronic respiratory disease",TO,Tonga,_T,Total,_T,All ages,_T,National,_T,Total,_T,All education levels,_T,All occupations,_Z,Not applicable,_T,No breakdown by disability,2001,,28.4,,PERCENT,percent,G,Global,_X,Not Available,,,,,,
DATAFLOW,SPC:DF_BP50(1.0),Blue Pacific 2050 (all),I,A,Annual,SH_DTH_NCD,"Mortality rate attributed to cardiovascular disease, cancer,
            diabetes or chronic respiratory disease",TO,Tonga,_T,Total,_T,All ages,_T,National,_T,Total,_T,All education levels,_T,All occupations,_Z,Not applicable,_T,No breakdown by disability,2002,,28.4,,PERCENT,percent,G,Global,_X,Not Available,,,,,,
DATAFLOW,SPC:DF_BP50(1.0),Blue Pacific 2050 (all),I,A,Annual,SH_DTH_NCD,"Mortality rate attributed to cardiovascular disease, cancer,
            diabetes or chronic respiratory disease",TO,Tonga,_T,Total,_T,All ages,_T,National,_T,Total,_T,All education levels,_T,All occupations,_Z,Not applicable,_T,No breakdown by disability,2003,,28.7,,PERCENT,percent,G,Global,_X,Not Available,,,,,,
DATAFLOW,SPC:DF_BP50(1.0),Blue Pacific 2050 (all),I,A,Annual,SH_DTH_NCD,"Mortality rate attributed to cardiovascular disease, cancer,
            diabetes or chronic respiratory disease",TO,Tonga,_T,Total,_T,All ages,_T,National,_T,Total,_T,All education levels,_T,All occupations,_Z,Not applicable,_T,No breakdown by disability,2004,,28.3,,PERCENT,percent,G,Global,_X,Not Available,,,,,,
DATAFLOW,SPC:DF_BP50(1.0),Blue Pacific 2050 (all),I,A,Annual,SH_DTH_NCD,"Mortality rate attributed to cardiovascular disease, cancer,
            diabetes or chronic respiratory disease",TO,Tonga,_T,Total,_T,All ages,_T,National,_T,Total,_T,All education levels,_T,All occupations,_Z,Not applicable,_T,No breakdown by disability,2005,,27.2,,PERCENT,percent,G,Global,_X,Not Available,,,,,,
DATAFLOW,SPC:DF_BP50(1.0),Blue Pacific 2050 (all),I,A,Annual,SH_DTH_NCD,"Mortality rate attributed to cardiovascular disease, cancer,
            diabetes or chronic respiratory disease",TO,Tonga,_T,Total,_T,All ages,_T,National,_T,Total,_T,All education levels,_T,All occupations,_Z,Not applicable,_T,No breakdown by disability,2006,,27.1,,PERCENT,percent,G,Global,_X,Not Available,,,,,,
DATAFLOW,SPC:DF_BP50(1.0),Blue Pacific 2050 (all),I,A,Annual,SH_DTH_NCD,"Mortality rate attributed to cardiovascular disease, cancer,
            diabetes or chronic respiratory disease",TO,Tonga,_T,Total,_T,All ages,_T,National,_T,Total,_T,All education levels,_T,All occupations,_Z,Not applicable,_T,No breakdown by disability,2007,,27.1,,PERCENT,percent,G,Global,_X,Not Available,,,,,,
DATAFLOW,SPC:DF_BP50(1.0),Blue Pacific 2050 (all),I,A,Annual,SH_DTH_NCD,"Mortality rate attributed to cardiovascular disease, cancer,
            diabetes or chronic respiratory disease",TO,Tonga,_T,Total,_T,All ages,_T,National,_T,Total,_T,All education levels,_T,All occupations,_Z,Not applicable,_T,No breakdown by disability,2008,,27,,PERCENT,percent,G,Global,_X,Not Available,,,,,,
DATAFLOW,SPC:DF_BP50(1.0),Blue Pacific 2050 (all),I,A,Annual,SH_DTH_NCD,"Mortality rate attributed to cardiovascular disease, cancer,
            diabetes or chronic respiratory disease",TO,Tonga,_T,Total,_T,All ages,_T,National,_T,Total,_T,All education levels,_T,All occupations,_Z,Not applicable,_T,No breakdown by disability,2009,,27.2,,PERCENT,percent,G,Global,_X,Not Available,,,,,,
DATAFLOW,SPC:DF_BP50(1.0),Blue Pacific 2050 (all),I,A,Annual,SH_DTH_NCD,"Mortality rate attributed to cardiovascular disease, cancer,
            diabetes or chronic respiratory disease",TO,Tonga,_T,Total,_T,All ages,_T,National,_T,Total,_T,All education levels,_T,All occupations,_Z,Not applicable,_T,No breakdown by disability,2010,,27.4,,PERCENT,percent,G,Global,_X,Not Available,,,,,,
DATAFLOW,SPC:DF_BP50(1.0),Blue Pacific 2050 (all),I,A,Annual,SH_DTH_NCD,"Mortality rate attributed to cardiovascular disease, cancer,
            diabetes or chronic respiratory disease",TO,Tonga,_T,Total,_T,All ages,_T,National,_T,Total,_T,All education levels,_T,All occupations,_Z,Not applicable,_T,No breakdown by disability,2011,,27.2,,PERCENT,percent,G,Global,_X,Not Available,,,,,,
DATAFLOW,SPC:DF_BP50(1.0),Blue Pacific 2050 (all),I,A,Annual,SH_DTH_NCD,"Mortality rate attributed to cardiovascular disease, cancer,
            diabetes or chronic respiratory disease",TO,Tonga,_T,Total,_T,All ages,_T,National,_T,Total,_T,All education levels,_T,All occupations,_Z,Not applicable,_T,No breakdown by disability,2012,,27.1,,PERCENT,percent,G,Global,_X,Not Available,,,,,,
DATAFLOW,SPC:DF_BP50(1.0),Blue Pacific 2050 (all),I,A,Annual,SH_DTH_NCD,"Mortality rate attributed to cardiovascular disease, cancer,
            diabetes or chronic respiratory disease",TO,Tonga,_T,Total,_T,All ages,_T,National,_T,Total,_T,All education levels,_T,All occupations,_Z,Not applicable,_T,No breakdown by disability,2013,,27,,PERCENT,percent,G,Global,_X,Not Available,,,,,,
DATAFLOW,SPC:DF_BP50(1.0),Blue Pacific 2050 (all),I,A,Annual,SH_DTH_NCD,"Mortality rate attributed to cardiovascular disease, cancer,
            diabetes or chronic respiratory disease",TO,Tonga,_T,Total,_T,All ages,_T,National,_T,Total,_T,All education levels,_T,All occupations,_Z,Not applicable,_T,No breakdown by disability,2014,,26.9,,PERCENT,percent,G,Global,_X,Not Available,,,,,,
DATAFLOW,SPC:DF_BP50(1.0),Blue Pacific 2050 (all),I,A,Annual,SH_DTH_NCD,"Mortality rate attributed to cardiovascular disease, cancer,
            diabetes or chronic respiratory disease",TO,Tonga,_T,Total,_T,All ages,_T,National,_T,Total,_T,All education levels,_T,All occupations,_Z,Not applicable,_T,No breakdown by disability,2015,,26.8,,PERCENT,percent,G,Global,_X,Not Available,,,,,,
DATAFLOW,SPC:DF_BP50(1.0),Blue Pacific 2050 (all),I,A,Annual,SH_DTH_NCD,"Mortality rate attributed to cardiovascular disease, cancer,
            diabetes or chronic respiratory disease",TO,Tonga,_T,Total,_T,All ages,_T,National,_T,Total,_T,All education levels,_T,All occupations,_Z,Not applicable,_T,No breakdown by disability,2016,,26.4,,PERCENT,percent,G,Global,_X,Not Available,,,,,,
DATAFLOW,SPC:DF_BP50(1.0),Blue Pacific 2050 (all),I,A,Annual,SH_DTH_NCD,"Mortality rate attributed to cardiovascular disease, cancer,
            diabetes or chronic respiratory disease",TO,Tonga,_T,Total,_T,All ages,_T,National,_T,Total,_T,All education levels,_T,All occupations,_Z,Not applicable,_T,No breakdown by disability,2017,,26.4,,PERCENT,percent,G,Global,_X,Not Available,,,,,,
DATAFLOW,SPC:DF_BP50(1.0),Blue Pacific 2050 (all),I,A,Annual,SH_DTH_NCD,"Mortality rate attributed to cardiovascular disease, cancer,
            diabetes or chronic respiratory disease",TO,Tonga,_T,Total,_T,All ages,_T,National,_T,Total,_T,All education levels,_T,All occupations,_Z,Not applicable,_T,No breakdown by disability,2018,,26.2,,PERCENT,percent,G,Global,_X,Not Available,,,,,,
DATAFLOW,SPC:DF_BP50(1.0),Blue Pacific 2050 (all),I,A,Annual,SH_DTH_NCD,"Mortality rate attributed to cardiovascular disease, cancer,
            diabetes or chronic respiratory disease",TO,Tonga,_T,Total,_T,All ages,_T,National,_T,Total,_T,All education levels,_T,All occupations,_Z,Not applicable,_T,No breakdown by disability,2019,,26,,PERCENT,percent,G,Global,_X,Not Available,,,,,,
DATAFLOW,SPC:DF_BP50(1.0),Blue Pacific 2050 (all),I,A,Annual,SH_DTH_NCD,"Mortality rate attributed to cardiovascular disease, cancer,
            diabetes or chronic respiratory disease",TO,Tonga,_T,Total,_T,All ages,_T,National,_T,Total,_T,All education levels,_T,All occupations,_Z,Not applicable,_T,No breakdown by disability,2020,,25.7,,PERCENT,percent,G,Global,_X,Not Available,,,,,,
DATAFLOW,SPC:DF_BP50(1.0),Blue Pacific 2050 (all),I,A,Annual,SH_DTH_NCD,"Mortality rate attributed to cardiovascular disease, cancer,
            diabetes or chronic respiratory disease",TO,Tonga,_T,Total,_T,All ages,_T,National,_T,Total,_T,All education levels,_T,All occupations,_Z,Not applicable,_T,No breakdown by disability,2021,,26.9,,PERCENT,percent,G,Global,_X,Not Available,,,,,,
DATAFLOW,SPC:DF_BP50(1.0),Blue Pacific 2050 (all),I,A,Annual,SH_TBS_INCD,Tuberculosis incidence,NR,Nauru,_T,Total,_T,All ages,_T,National,_T,Total,_T,All education levels,_T,All occupations,_Z,Not applicable,_T,No breakdown by disability,2000,,45,,PER_100000_POP,"per 100,000 population",G,Global,_X,Not Available,,,,,,
DATAFLOW,SPC:DF_BP50(1.0),Blue Pacific 2050 (all),I,A,Annual,SH_TBS_INCD,Tuberculosis incidence,NR,Nauru,_T,Total,_T,All ages,_T,National,_T,Total,_T,All education levels,_T,All occupations,_Z,Not applicable,_T,No breakdown by disability,2001,,34,,PER_100000_POP,"per 100,000 population",G,Global,_X,Not Available,,,,,,
DATAFLOW,SPC:DF_BP50(1.0),Blue Pacific 2050 (all),I,A,Annual,SH_TBS_INCD,Tuberculosis incidence,NR,Nauru,_T,Total,_T,All ages,_T,National,_T,Total,_T,All education levels,_T,All occupations,_Z,Not applicable,_T,No breakdown by disability,2002,,57,,PER_100000_POP,"per 100,000 population",G,Global,_X,Not Available,,,,,,
DATAFLOW,SPC:DF_BP50(1.0),Blue Pacific 2050 (all),I,A,Annual,SH_TBS_INCD,Tuberculosis incidence,NR,Nauru,_T,Total,_T,All ages,_T,National,_T,Total,_T,All education levels,_T,All occupations,_Z,Not applicable,_T,No breakdown by disability,2003,,34,,PER_100000_POP,"per 100,000 population",G,Global,_X,Not Available,,,,,,
DATAFLOW,SPC:DF_BP50(1.0),Blue Pacific 2050 (all),I,A,Annual,SH_TBS_INCD,Tuberculosis incidence,NR,Nauru,_T,Total,_T,All ages,_T,National,_T,Total,_T,All education levels,_T,All occupations,_Z,Not applicable,_T,No breakdown by disability,2004,,75,,PER_100000_POP,"per 100,000 population",G,Global,_X,Not Available,,,,,,
DATAFLOW,SPC:DF_BP50(1.0),Blue Pacific 2050 (all),I,A,Annual,SH_TBS_INCD,Tuberculosis incidence,NR,Nauru,_T,Total,_T,All ages,_T,National,_T,Total,_T,All education levels,_T,All occupations,_Z,Not applicable,_T,No breakdown by disability,2005,,126,,PER_100000_POP,"per 100,000 population",G,Global,_X,Not Available,,,,,,
DATAFLOW,SPC:DF_BP50(1.0),Blue Pacific 2050 (all),I,A,Annual,SH_TBS_INCD,Tuberculosis incidence,NR,Nauru,_T,Total,_T,All ages,_T,National,_T,Total,_T,All education levels,_T,All occupations,_Z,Not applicable,_T,No breakdown by disability,2006,,138,,PER_100000_POP,"per 100,000 population",G,Global,_X,Not Available,,,,,,
DATAFLOW,SPC:DF_BP50(1.0),Blue Pacific 2050 (all),I,A,Annual,SH_TBS_INCD,Tuberculosis incidence,NR,Nauru,_T,Total,_T,All ages,_T,National,_T,Total,_T,All education levels,_T,All occupations,_Z,Not applicable,_T,No breakdown by disability,2007,,34,,PER_100000_POP,"per 100,000 population",G,Global,_X,Not Available,,,,,,
DATAFLOW,SPC:DF_BP50(1.0),Blue Pacific 2050 (all),I,A,Annual,SH_TBS_INCD,Tuberculosis incidence,NR,Nauru,_T,Total,_T,All ages,_T,National,_T,Total,_T,All education levels,_T,All occupations,_Z,Not applicable,_T,No breakdown by disability,2008,,57,,PER_100000_POP,"per 100,000 population",G,Global,_X,Not Available,,,,,,
DATAFLOW,SPC:DF_BP50(1.0),Blue Pacific 2050 (all),I,A,Annual,SH_TBS_INCD,Tuberculosis incidence,NR,Nauru,_T,Total,_T,All ages,_T,National,_T,Total,_T,All education levels,_T,All occupations,_Z,Not applicable,_T,No breakdown by disability,2009,,46,,PER_100000_POP,"per 100,000 population",G,Global,_X,Not Available,,,,,,
DATAFLOW,SPC:DF_BP50(1.0),Blue Pacific 2050 (all),I,A,Annual,SH_TBS_INCD,Tuberculosis incidence,NR,Nauru,_T,Total,_T,All ages,_T,National,_T,Total,_T,All education levels,_T,All occupations,_Z,Not applicable,_T,No breakdown by disability,2010,,34,,PER_100000_POP,"per 100,000 population",G,Global,_X,Not Available,,,,,,
DATAFLOW,SPC:DF_BP50(1.0),Blue Pacific 2050 (all),I,A,Annual,SH_TBS_INCD,Tuberculosis incidence,NR,Nauru,_T,Total,_T,All ages,_T,National,_T,Total,_T,All education levels,_T,All occupations,_Z,Not applicable,_T,No breakdown by disability,2011,,57,,PER_100000_POP,"per 100,000 population",G,Global,_X,Not Available,,,,,,
DATAFLOW,SPC:DF_BP50(1.0),Blue Pacific 2050 (all),I,A,Annual,SH_TBS_INCD,Tuberculosis incidence,NR,Nauru,_T,Total,_T,All ages,_T,National,_T,Total,_T,All education levels,_T,All occupations,_Z,Not applicable,_T,No breakdown by disability,2012,,69,,PER_100000_POP,"per 100,000 population",G,Global,_X,Not Available,,,,,,
DATAFLOW,SPC:DF_BP50(1.0),Blue Pacific 2050 (all),I,A,Annual,SH_TBS_INCD,Tuberculosis incidence,NR,Nauru,_T,Total,_T,All ages,_T,National,_T,Total,_T,All education levels,_T,All occupations,_Z,Not applicable,_T,No breakdown by disability,2013,,77,,PER_100000_POP,"per 100,000 population",G,Global,_X,Not Available,,,,,,
DATAFLOW,SPC:DF_BP50(1.0),Blue Pacific 2050 (all),I,A,Annual,SH_TBS_INCD,Tuberculosis incidence,NR,Nauru,_T,Total,_T,All ages,_T,National,_T,Total,_T,All education levels,_T,All occupations,_Z,Not applicable,_T,No breakdown by disability,2014,,86,,PER_100000_POP,"per 100,000 population",G,Global,_X,Not Available,,,,,,
DATAFLOW,SPC:DF_BP50(1.0),Blue Pacific 2050 (all),I,A,Annual,SH_TBS_INCD,Tuberculosis incidence,NR,Nauru,_T,Total,_T,All ages,_T,National,_T,Total,_T,All education levels,_T,All occupations,_Z,Not applicable,_T,No breakdown by disability,2015,,105,,PER_100000_POP,"per 100,000 population",G,Global,_X,Not Available,,,,,,
DATAFLOW,SPC:DF_BP50(1.0),Blue Pacific 2050 (all),I,A,Annual,SH_TBS_INCD,Tuberculosis incidence,NR,Nauru,_T,Total,_T,All ages,_T,National,_T,Total,_T,All education levels,_T,All occupations,_Z,Not applicable,_T,No breakdown by disability,2016,,103,,PER_100000_POP,"per 100,000 population",G,Global,_X,Not Available,,,,,,
DATAFLOW,SPC:DF_BP50(1.0),Blue Pacific 2050 (all),I,A,Annual,SH_TBS_INCD,Tuberculosis incidence,NR,Nauru,_T,Total,_T,All ages,_T,National,_T,Total,_T,All education levels,_T,All occupations,_Z,Not applicable,_T,No breakdown by disability,2017,,91,,PER_100000_POP,"per 100,000 population",G,Global,_X,Not Available,,,,,,
DATAFLOW,SPC:DF_BP50(1.0),Blue Pacific 2050 (all),I,A,Annual,SH_TBS_INCD,Tuberculosis incidence,NR,Nauru,_T,Total,_T,All ages,_T,National,_T,Total,_T,All education levels,_T,All occupations,_Z,Not applicable,_T,No breakdown by disability,2018,,50,,PER_100000_POP,"per 100,000 population",G,Global,_X,Not Available,,,,,,
DATAFLOW,SPC:DF_BP50(1.0),Blue Pacific 2050 (all),I,A,Annual,SH_TBS_INCD,Tuberculosis incidence,NR,Nauru,_T,Total,_T,All ages,_T,National,_T,Total,_T,All education levels,_T,All occupations,_Z,Not applicable,_T,No breakdown by disability,2019,,169,,PER_100000_POP,"per 100,000 population",G,Global,_X,Not Available,,,,,,
DATAFLOW,SPC:DF_BP50(1.0),Blue Pacific 2050 (all),I,A,Annual,SH_TBS_INCD,Tuberculosis incidence,NR,Nauru,_T,Total,_T,All ages,_T,National,_T,Total,_T,All education levels,_T,All occupations,_Z,Not applicable,_T,No breakdown by disability,2020,,128,,PER_100000_POP,"per 100,000 population",G,Global,_X,Not Available,,,,,,
DATAFLOW,SPC:DF_BP50(1.0),Blue Pacific 2050 (all),I,A,Annual,SH_TBS_INCD,Tuberculosis incidence,NR,Nauru,_T,Total,_T,All ages,_T,National,_T,Total,_T,All education levels,_T,All occupations,_Z,Not applicable,_T,No breakdown by disability,2021,,206,,PER_100000_POP,"per 100,000 population",G,Global,_X,Not Available,,,,,,
DATAFLOW,SPC:DF_BP50(1.0),Blue Pacific 2050 (all),I,A,Annual,SH_TBS_INCD,Tuberculosis incidence,NR,Nauru,_T,Total,_T,All ages,_T,National,_T,Total,_T,All education levels,_T,All occupations,_Z,Not applicable,_T,No breakdown by disability,2022,,185,,PER_100000_POP,"per 100,000 population",G,Global,_X,Not Available,,,,,,
DATAFLOW,SPC:DF_BP50(1.0),Blue Pacific 2050 (all),I,A,Annual,SH_TBS_INCD,Tuberculosis incidence,NR,Nauru,_T,Total,_T,All ages,_T,National,_T,Total,_T,All education levels,_T,All occupations,_Z,Not applicable,_T,No breakdown by disability,2023,,174,,PER_100000_POP,"per 100,000 population",G,Global,_X,Not Available,,,,,,
DATAFLOW,SPC:DF_BP50(1.0),Blue Pacific 2050 (all),I,A,Annual,SH_STA_WASH,"Mortality rate attributed to unsafe water, unsafe sanitation
            and lack of hygiene",NU,Niue,_T,Total,_T,All ages,_T,National,_T,Total,_T,All education levels,_T,All occupations,_Z,Not applicable,_T,No breakdown by disability,2012,,0,,PER_100000_POP,"per 100,000 population",G,Global,E,Estimated,"Global Health Observatory (GHO), World Health Organisation (WHO)",,,,,
DATAFLOW,SPC:DF_BP50(1.0),Blue Pacific 2050 (all),I,A,Annual,SH_DTH_NCD,"Mortality rate attributed to cardiovascular disease, cancer,
            diabetes or chronic respiratory disease",KI,Kiribati,_T,Total,_T,All ages,_T,National,_T,Total,_T,All education levels,_T,All occupations,_Z,Not applicable,_T,No breakdown by disability,2000,,43.8,,PERCENT,percent,G,Global,_X,Not Available,,,,,,
DATAFLOW,SPC:DF_BP50(1.0),Blue Pacific 2050 (all),I,A,Annual,SH_DTH_NCD,"Mortality rate attributed to cardiovascular disease, cancer,
            diabetes or chronic respiratory disease",KI,Kiribati,_T,Total,_T,All ages,_T,National,_T,Total,_T,All education levels,_T,All occupations,_Z,Not applicable,_T,No breakdown by disability,2001,,43.3,,PERCENT,percent,G,Global,_X,Not Available,,,,,,
DATAFLOW,SPC:DF_BP50(1.0),Blue Pacific 2050 (all),I,A,Annual,SH_DTH_NCD,"Mortality rate attributed to cardiovascular disease, cancer,
            diabetes or chronic respiratory disease",KI,Kiribati,_T,Total,_T,All ages,_T,National,_T,Total,_T,All education levels,_T,All occupations,_Z,Not applicable,_T,No breakdown by disability,2002,,43.1,,PERCENT,percent,G,Global,_X,Not Available,,,,,,
DATAFLOW,SPC:DF_BP50(1.0),Blue Pacific 2050 (all),I,A,Annual,SH_DTH_NCD,"Mortality rate attributed to cardiovascular disease, cancer,
            diabetes or chronic respiratory disease",KI,Kiribati,_T,Total,_T,All ages,_T,National,_T,Total,_T,All education levels,_T,All occupations,_Z,Not applicable,_T,No breakdown by disability,2003,,42.8,,PERCENT,percent,G,Global,_X,Not Available,,,,,,
DATAFLOW,SPC:DF_BP50(1.0),Blue Pacific 2050 (all),I,A,Annual,SH_DTH_NCD,"Mortality rate attributed to cardiovascular disease, cancer,
            diabetes or chronic respiratory disease",KI,Kiribati,_T,Total,_T,All ages,_T,National,_T,Total,_T,All education levels,_T,All occupations,_Z,Not applicable,_T,No breakdown by disability,2004,,42.7,,PERCENT,percent,G,Global,_X,Not Available,,,,,,
DATAFLOW,SPC:DF_BP50(1.0),Blue Pacific 2050 (all),I,A,Annual,SH_DTH_NCD,"Mortality rate attributed to cardiovascular disease, cancer,
            diabetes or chronic respiratory disease",KI,Kiribati,_T,Total,_T,All ages,_T,National,_T,Total,_T,All education levels,_T,All occupations,_Z,Not applicable,_T,No breakdown by disability,2005,,42.8,,PERCENT,percent,G,Global,_X,Not Available,,,,,,
DATAFLOW,SPC:DF_BP50(1.0),Blue Pacific 2050 (all),I,A,Annual,SH_DTH_NCD,"Mortality rate attributed to cardiovascular disease, cancer,
            diabetes or chronic respiratory disease",KI,Kiribati,_T,Total,_T,All ages,_T,National,_T,Total,_T,All education levels,_T,All occupations,_Z,Not applicable,_T,No breakdown by disability,2006,,42.5,,PERCENT,percent,G,Global,_X,Not Available,,,,,,
DATAFLOW,SPC:DF_BP50(1.0),Blue Pacific 2050 (all),I,A,Annual,SH_DTH_NCD,"Mortality rate attributed to cardiovascular disease, cancer,
            diabetes or chronic respiratory disease",KI,Kiribati,_T,Total,_T,All ages,_T,National,_T,Total,_T,All education levels,_T,All occupations,_Z,Not applicable,_T,No breakdown by disability,2007,,42.6,,PERCENT,percent,G,Global,_X,Not Available,,,,,,
DATAFLOW,SPC:DF_BP50(1.0),Blue Pacific 2050 (all),I,A,Annual,SH_DTH_NCD,"Mortality rate attributed to cardiovascular disease, cancer,
            diabetes or chronic respiratory disease",KI,Kiribati,_T,Total,_T,All ages,_T,National,_T,Total,_T,All education levels,_T,All occupations,_Z,Not applicable,_T,No breakdown by disability,2008,,42.6,,PERCENT,percent,G,Global,_X,Not Available,,,,,,
DATAFLOW,SPC:DF_BP50(1.0),Blue Pacific 2050 (all),I,A,Annual,SH_DTH_NCD,"Mortality rate attributed to cardiovascular disease, cancer,
            diabetes or chronic respiratory disease",KI,Kiribati,_T,Total,_T,All ages,_T,National,_T,Total,_T,All education levels,_T,All occupations,_Z,Not applicable,_T,No breakdown by disability,2009,,42.6,,PERCENT,percent,G,Global,_X,Not Available,,,,,,
DATAFLOW,SPC:DF_BP50(1.0),Blue Pacific 2050 (all),I,A,Annual,SH_DTH_NCD,"Mortality rate attributed to cardiovascular disease, cancer,
            diabetes or chronic respiratory disease",KI,Kiribati,_T,Total,_T,All ages,_T,National,_T,Total,_T,All education levels,_T,All occupations,_Z,Not applicable,_T,No breakdown by disability,2010,,42.6,,PERCENT,percent,G,Global,_X,Not Available,,,,,,
DATAFLOW,SPC:DF_BP50(1.0),Blue Pacific 2050 (all),I,A,Annual,SH_DTH_NCD,"Mortality rate attributed to cardiovascular disease, cancer,
            diabetes or chronic respiratory disease",KI,Kiribati,_T,Total,_T,All ages,_T,National,_T,Total,_T,All education levels,_T,All occupations,_Z,Not applicable,_T,No breakdown by disability,2011,,42.8,,PERCENT,percent,G,Global,_X,Not Available,,,,,,
DATAFLOW,SPC:DF_BP50(1.0),Blue Pacific 2050 (all),I,A,Annual,SH_DTH_NCD,"Mortality rate attributed to cardiovascular disease, cancer,
            diabetes or chronic respiratory disease",KI,Kiribati,_T,Total,_T,All ages,_T,National,_T,Total,_T,All education levels,_T,All occupations,_Z,Not applicable,_T,No breakdown by disability,2012,,42.4,,PERCENT,percent,G,Global,_X,Not Available,,,,,,
DATAFLOW,SPC:DF_BP50(1.0),Blue Pacific 2050 (all),I,A,Annual,SH_DTH_NCD,"Mortality rate attributed to cardiovascular disease, cancer,
            diabetes or chronic respiratory disease",KI,Kiribati,_T,Total,_T,All ages,_T,National,_T,Total,_T,All education levels,_T,All occupations,_Z,Not applicable,_T,No breakdown by disability,2013,,42.2,,PERCENT,percent,G,Global,_X,Not Available,,,,,,
DATAFLOW,SPC:DF_BP50(1.0),Blue Pacific 2050 (all),I,A,Annual,SH_DTH_NCD,"Mortality rate attributed to cardiovascular disease, cancer,
            diabetes or chronic respiratory disease",KI,Kiribati,_T,Total,_T,All ages,_T,National,_T,Total,_T,All education levels,_T,All occupations,_Z,Not applicable,_T,No breakdown by disability,2014,,42,,PERCENT,percent,G,Global,_X,Not Available,,,,,,
DATAFLOW,SPC:DF_BP50(1.0),Blue Pacific 2050 (all),I,A,Annual,SH_DTH_NCD,"Mortality rate attributed to cardiovascular disease, cancer,
            diabetes or chronic respiratory disease",KI,Kiribati,_T,Total,_T,All ages,_T,National,_T,Total,_T,All education levels,_T,All occupations,_Z,Not applicable,_T,No breakdown by disability,2015,,41.8,,PERCENT,percent,G,Global,_X,Not Available,,,,,,
DATAFLOW,SPC:DF_BP50(1.0),Blue Pacific 2050 (all),I,A,Annual,SH_DTH_NCD,"Mortality rate attributed to cardiovascular disease, cancer,
            diabetes or chronic respiratory disease",KI,Kiribati,_T,Total,_T,All ages,_T,National,_T,Total,_T,All education levels,_T,All occupations,_Z,Not applicable,_T,No breakdown by disability,2016,,41.6,,PERCENT,percent,G,Global,_X,Not Available,,,,,,
DATAFLOW,SPC:DF_BP50(1.0),Blue Pacific 2050 (all),I,A,Annual,SH_DTH_NCD,"Mortality rate attributed to cardiovascular disease, cancer,
            diabetes or chronic respiratory disease",KI,Kiribati,_T,Total,_T,All ages,_T,National,_T,Total,_T,All education levels,_T,All occupations,_Z,Not applicable,_T,No breakdown by disability,2017,,41.2,,PERCENT,percent,G,Global,_X,Not Available,,,,,,
DATAFLOW,SPC:DF_BP50(1.0),Blue Pacific 2050 (all),I,A,Annual,SH_DTH_NCD,"Mortality rate attributed to cardiovascular disease, cancer,
            diabetes or chronic respiratory disease",KI,Kiribati,_T,Total,_T,All ages,_T,National,_T,Total,_T,All education levels,_T,All occupations,_Z,Not applicable,_T,No breakdown by disability,2018,,40.7,,PERCENT,percent,G,Global,_X,Not Available,,,,,,
DATAFLOW,SPC:DF_BP50(1.0),Blue Pacific 2050 (all),I,A,Annual,SH_DTH_NCD,"Mortality rate attributed to cardiovascular disease, cancer,
            diabetes or chronic respiratory disease",KI,Kiribati,_T,Total,_T,All ages,_T,National,_T,Total,_T,All education levels,_T,All occupations,_Z,Not applicable,_T,No breakdown by disability,2019,,40.6,,PERCENT,percent,G,Global,_X,Not Available,,,,,,
DATAFLOW,SPC:DF_BP50(1.0),Blue Pacific 2050 (all),I,A,Annual,SH_DTH_NCD,"Mortality rate attributed to cardiovascular disease, cancer,
            diabetes or chronic respiratory disease",KI,Kiribati,_T,Total,_T,All ages,_T,National,_T,Total,_T,All education levels,_T,All occupations,_Z,Not applicable,_T,No breakdown by disability,2020,,42.5,,PERCENT,percent,G,Global,_X,Not Available,,,,,,
DATAFLOW,SPC:DF_BP50(1.0),Blue Pacific 2050 (all),I,A,Annual,SH_DTH_NCD,"Mortality rate attributed to cardiovascular disease, cancer,
            diabetes or chronic respiratory disease",KI,Kiribati,_T,Total,_T,All ages,_T,National,_T,Total,_T,All education levels,_T,All occupations,_Z,Not applicable,_T,No breakdown by disability,2021,,44.1,,PERCENT,percent,G,Global,_X,Not Available,,,,,,
DATAFLOW,SPC:DF_BP50(1.0),Blue Pacific 2050 (all),I,A,Annual,SH_TBS_INCD,Tuberculosis incidence,WS,Samoa,_T,Total,_T,All ages,_T,National,_T,Total,_T,All education levels,_T,All occupations,_Z,Not applicable,_T,No breakdown by disability,2000,,27,,PER_100000_POP,"per 100,000 population",G,Global,_X,Not Available,,,,,,
DATAFLOW,SPC:DF_BP50(1.0),Blue Pacific 2050 (all),I,A,Annual,SH_TBS_INCD,Tuberculosis incidence,WS,Samoa,_T,Total,_T,All ages,_T,National,_T,Total,_T,All education levels,_T,All occupations,_Z,Not applicable,_T,No breakdown by disability,2001,,14,,PER_100000_POP,"per 100,000 population",G,Global,_X,Not Available,,,,,,
DATAFLOW,SPC:DF_BP50(1.0),Blue Pacific 2050 (all),I,A,Annual,SH_TBS_INCD,Tuberculosis incidence,WS,Samoa,_T,Total,_T,All ages,_T,National,_T,Total,_T,All education levels,_T,All occupations,_Z,Not applicable,_T,No breakdown by disability,2002,,19,,PER_100000_POP,"per 100,000 population",G,Global,_X,Not Available,,,,,,
DATAFLOW,SPC:DF_BP50(1.0),Blue Pacific 2050 (all),I,A,Annual,SH_TBS_INCD,Tuberculosis incidence,WS,Samoa,_T,Total,_T,All ages,_T,National,_T,Total,_T,All education levels,_T,All occupations,_Z,Not applicable,_T,No breakdown by disability,2003,,17,,PER_100000_POP,"per 100,000 population",G,Global,_X,Not Available,,,,,,
DATAFLOW,SPC:DF_BP50(1.0),Blue Pacific 2050 (all),I,A,Annual,SH_TBS_INCD,Tuberculosis incidence,WS,Samoa,_T,Total,_T,All ages,_T,National,_T,Total,_T,All education levels,_T,All occupations,_Z,Not applicable,_T,No breakdown by disability,2004,,21,,PER_100000_POP,"per 100,000 population",G,Global,_X,Not Available,,,,,,
DATAFLOW,SPC:DF_BP50(1.0),Blue Pacific 2050 (all),I,A,Annual,SH_TBS_INCD,Tuberculosis incidence,WS,Samoa,_T,Total,_T,All ages,_T,National,_T,Total,_T,All education levels,_T,All occupations,_Z,Not applicable,_T,No breakdown by disability,2005,,15,,PER_100000_POP,"per 100,000 population",G,Global,_X,Not Available,,,,,,
DATAFLOW,SPC:DF_BP50(1.0),Blue Pacific 2050 (all),I,A,Annual,SH_TBS_INCD,Tuberculosis incidence,WS,Samoa,_T,Total,_T,All ages,_T,National,_T,Total,_T,All education levels,_T,All occupations,_Z,Not applicable,_T,No breakdown by disability,2006,,15,,PER_100000_POP,"per 100,000 population",G,Global,_X,Not Available,,,,,,
DATAFLOW,SPC:DF_BP50(1.0),Blue Pacific 2050 (all),I,A,Annual,SH_TBS_INCD,Tuberculosis incidence,WS,Samoa,_T,Total,_T,All ages,_T,National,_T,Total,_T,All education levels,_T,All occupations,_Z,Not applicable,_T,No breakdown by disability,2007,,13,,PER_100000_POP,"per 100,000 population",G,Global,_X,Not Available,,,,,,
DATAFLOW,SPC:DF_BP50(1.0),Blue Pacific 2050 (all),I,A,Annual,SH_TBS_INCD,Tuberculosis incidence,WS,Samoa,_T,Total,_T,All ages,_T,National,_T,Total,_T,All education levels,_T,All occupations,_Z,Not applicable,_T,No breakdown by disability,2008,,7.3,,PER_100000_POP,"per 100,000 population",G,Global,_X,Not Available,,,,,,
DATAFLOW,SPC:DF_BP50(1.0),Blue Pacific 2050 (all),I,A,Annual,SH_TBS_INCD,Tuberculosis incidence,WS,Samoa,_T,Total,_T,All ages,_T,National,_T,Total,_T,All education levels,_T,All occupations,_Z,Not applicable,_T,No breakdown by disability,2009,,9.6,,PER_100000_POP,"per 100,000 population",G,Global,_X,Not Available,,,,,,
DATAFLOW,SPC:DF_BP50(1.0),Blue Pacific 2050 (all),I,A,Annual,SH_TBS_INCD,Tuberculosis incidence,WS,Samoa,_T,Total,_T,All ages,_T,National,_T,Total,_T,All education levels,_T,All occupations,_Z,Not applicable,_T,No breakdown by disability,2010,,8.3,,PER_100000_POP,"per 100,000 population",G,Global,_X,Not Available,,,,,,
DATAFLOW,SPC:DF_BP50(1.0),Blue Pacific 2050 (all),I,A,Annual,SH_TBS_INCD,Tuberculosis incidence,WS,Samoa,_T,Total,_T,All ages,_T,National,_T,Total,_T,All education levels,_T,All occupations,_Z,Not applicable,_T,No breakdown by disability,2011,,12,,PER_100000_POP,"per 100,000 population",G,Global,_X,Not Available,,,,,,
DATAFLOW,SPC:DF_BP50(1.0),Blue Pacific 2050 (all),I,A,Annual,SH_TBS_INCD,Tuberculosis incidence,WS,Samoa,_T,Total,_T,All ages,_T,National,_T,Total,_T,All education levels,_T,All occupations,_Z,Not applicable,_T,No breakdown by disability,2012,,13,,PER_100000_POP,"per 100,000 population",G,Global,_X,Not Available,,,,,,
DATAFLOW,SPC:DF_BP50(1.0),Blue Pacific 2050 (all),I,A,Annual,SH_TBS_INCD,Tuberculosis incidence,WS,Samoa,_T,Total,_T,All ages,_T,National,_T,Total,_T,All education levels,_T,All occupations,_Z,Not applicable,_T,No breakdown by disability,2013,,13,,PER_100000_POP,"per 100,000 population",G,Global,_X,Not Available,,,,,,
DATAFLOW,SPC:DF_BP50(1.0),Blue Pacific 2050 (all),I,A,Annual,SH_TBS_INCD,Tuberculosis incidence,WS,Samoa,_T,Total,_T,All ages,_T,National,_T,Total,_T,All education levels,_T,All occupations,_Z,Not applicable,_T,No breakdown by disability,2014,,13,,PER_100000_POP,"per 100,000 population",G,Global,_X,Not Available,,,,,,
DATAFLOW,SPC:DF_BP50(1.0),Blue Pacific 2050 (all),I,A,Annual,SH_TBS_INCD,Tuberculosis incidence,WS,Samoa,_T,Total,_T,All ages,_T,National,_T,Total,_T,All education levels,_T,All occupations,_Z,Not applicable,_T,No breakdown by disability,2015,,11,,PER_100000_POP,"per 100,000 population",G,Global,_X,Not Available,,,,,,
DATAFLOW,SPC:DF_BP50(1.0),Blue Pacific 2050 (all),I,A,Annual,SH_TBS_INCD,Tuberculosis incidence,WS,Samoa,_T,Total,_T,All ages,_T,National,_T,Total,_T,All education levels,_T,All occupations,_Z,Not applicable,_T,No breakdown by disability,2016,,7.3,,PER_100000_POP,"per 100,000 population",G,Global,_X,Not Available,,,,,,
DATAFLOW,SPC:DF_BP50(1.0),Blue Pacific 2050 (all),I,A,Annual,SH_TBS_INCD,Tuberculosis incidence,WS,Samoa,_T,Total,_T,All ages,_T,National,_T,Total,_T,All education levels,_T,All occupations,_Z,Not applicable,_T,No breakdown by disability,2017,,17,,PER_100000_POP,"per 100,000 population",G,Global,_X,Not Available,,,,,,
DATAFLOW,SPC:DF_BP50(1.0),Blue Pacific 2050 (all),I,A,Annual,SH_TBS_INCD,Tuberculosis incidence,WS,Samoa,_T,Total,_T,All ages,_T,National,_T,Total,_T,All education levels,_T,All occupations,_Z,Not applicable,_T,No breakdown by disability,2018,,6.1,,PER_100000_POP,"per 100,000 population",G,Global,_X,Not Available,,,,,,
DATAFLOW,SPC:DF_BP50(1.0),Blue Pacific 2050 (all),I,A,Annual,SH_TBS_INCD,Tuberculosis incidence,WS,Samoa,_T,Total,_T,All ages,_T,National,_T,Total,_T,All education levels,_T,All occupations,_Z,Not applicable,_T,No breakdown by disability,2019,,9.9,,PER_100000_POP,"per 100,000 population",G,Global,_X,Not Available,,,,,,
DATAFLOW,SPC:DF_BP50(1.0),Blue Pacific 2050 (all),I,A,Annual,SH_TBS_INCD,Tuberculosis incidence,WS,Samoa,_T,Total,_T,All ages,_T,National,_T,Total,_T,All education levels,_T,All occupations,_Z,Not applicable,_T,No breakdown by disability,2020,,7.1,,PER_100000_POP,"per 100,000 population",G,Global,_X,Not Available,,,,,,
DATAFLOW,SPC:DF_BP50(1.0),Blue Pacific 2050 (all),I,A,Annual,SH_TBS_INCD,Tuberculosis incidence,WS,Samoa,_T,Total,_T,All ages,_T,National,_T,Total,_T,All education levels,_T,All occupations,_Z,Not applicable,_T,No breakdown by disability,2021,,7,,PER_100000_POP,"per 100,000 population",G,Global,_X,Not Available,,,,,,
DATAFLOW,SPC:DF_BP50(1.0),Blue Pacific 2050 (all),I,A,Annual,SH_TBS_INCD,Tuberculosis incidence,WS,Samoa,_T,Total,_T,All ages,_T,National,_T,Total,_T,All education levels,_T,All occupations,_Z,Not applicable,_T,No breakdown by disability,2022,,4.8,,PER_100000_POP,"per 100,000 population",G,Global,_X,Not Available,,,,,,
DATAFLOW,SPC:DF_BP50(1.0),Blue Pacific 2050 (all),I,A,Annual,SH_TBS_INCD,Tuberculosis incidence,WS,Samoa,_T,Total,_T,All ages,_T,National,_T,Total,_T,All education levels,_T,All occupations,_Z,Not applicable,_T,No breakdown by disability,2023,,5.2,,PER_100000_POP,"per 100,000 population",G,Global,_X,Not Available,,,,,,
DATAFLOW,SPC:DF_BP50(1.0),Blue Pacific 2050 (all),I,A,Annual,SH_TBS_INCD,Tuberculosis incidence,KI,Kiribati,_T,Total,_T,All ages,_T,National,_T,Total,_T,All education levels,_T,All occupations,_Z,Not applicable,_T,No breakdown by disability,2000,,355,,PER_100000_POP,"per 100,000 population",G,Global,_X,Not Available,,,,,,
DATAFLOW,SPC:DF_BP50(1.0),Blue Pacific 2050 (all),I,A,Annual,SH_TBS_INCD,Tuberculosis incidence,KI,Kiribati,_T,Total,_T,All ages,_T,National,_T,Total,_T,All education levels,_T,All occupations,_Z,Not applicable,_T,No breakdown by disability,2001,,262,,PER_100000_POP,"per 100,000 population",G,Global,_X,Not Available,,,,,,
DATAFLOW,SPC:DF_BP50(1.0),Blue Pacific 2050 (all),I,A,Annual,SH_TBS_INCD,Tuberculosis incidence,KI,Kiribati,_T,Total,_T,All ages,_T,National,_T,Total,_T,All education levels,_T,All occupations,_Z,Not applicable,_T,No breakdown by disability,2002,,266,,PER_100000_POP,"per 100,000 population",G,Global,_X,Not Available,,,,,,
DATAFLOW,SPC:DF_BP50(1.0),Blue Pacific 2050 (all),I,A,Annual,SH_TBS_INCD,Tuberculosis incidence,KI,Kiribati,_T,Total,_T,All ages,_T,National,_T,Total,_T,All education levels,_T,All occupations,_Z,Not applicable,_T,No breakdown by disability,2003,,377,,PER_100000_POP,"per 100,000 population",G,Global,_X,Not Available,,,,,,
DATAFLOW,SPC:DF_BP50(1.0),Blue Pacific 2050 (all),I,A,Annual,SH_TBS_INCD,Tuberculosis incidence,KI,Kiribati,_T,Total,_T,All ages,_T,National,_T,Total,_T,All education levels,_T,All occupations,_Z,Not applicable,_T,No breakdown by disability,2004,,403,,PER_100000_POP,"per 100,000 population",G,Global,_X,Not Available,,,,,,
DATAFLOW,SPC:DF_BP50(1.0),Blue Pacific 2050 (all),I,A,Annual,SH_TBS_INCD,Tuberculosis incidence,KI,Kiribati,_T,Total,_T,All ages,_T,National,_T,Total,_T,All education levels,_T,All occupations,_Z,Not applicable,_T,No breakdown by disability,2005,,423,,PER_100000_POP,"per 100,000 population",G,Global,_X,Not Available,,,,,,
DATAFLOW,SPC:DF_BP50(1.0),Blue Pacific 2050 (all),I,A,Annual,SH_TBS_INCD,Tuberculosis incidence,KI,Kiribati,_T,Total,_T,All ages,_T,National,_T,Total,_T,All education levels,_T,All occupations,_Z,Not applicable,_T,No breakdown by disability,2006,,472,,PER_100000_POP,"per 100,000 population",G,Global,_X,Not Available,,,,,,
DATAFLOW,SPC:DF_BP50(1.0),Blue Pacific 2050 (all),I,A,Annual,SH_TBS_INCD,Tuberculosis incidence,KI,Kiribati,_T,Total,_T,All ages,_T,National,_T,Total,_T,All education levels,_T,All occupations,_Z,Not applicable,_T,No breakdown by disability,2007,,409,,PER_100000_POP,"per 100,000 population",G,Global,_X,Not Available,,,,,,
DATAFLOW,SPC:DF_BP50(1.0),Blue Pacific 2050 (all),I,A,Annual,SH_TBS_INCD,Tuberculosis incidence,KI,Kiribati,_T,Total,_T,All ages,_T,National,_T,Total,_T,All education levels,_T,All occupations,_Z,Not applicable,_T,No breakdown by disability,2008,,402,,PER_100000_POP,"per 100,000 population",G,Global,_X,Not Available,,,,,,
DATAFLOW,SPC:DF_BP50(1.0),Blue Pacific 2050 (all),I,A,Annual,SH_TBS_INCD,Tuberculosis incidence,KI,Kiribati,_T,Total,_T,All ages,_T,National,_T,Total,_T,All education levels,_T,All occupations,_Z,Not applicable,_T,No breakdown by disability,2009,,326,,PER_100000_POP,"per 100,000 population",G,Global,_X,Not Available,,,,,,
DATAFLOW,SPC:DF_BP50(1.0),Blue Pacific 2050 (all),I,A,Annual,SH_TBS_INCD,Tuberculosis incidence,KI,Kiribati,_T,Total,_T,All ages,_T,National,_T,Total,_T,All education levels,_T,All occupations,_Z,Not applicable,_T,No breakdown by disability,2010,,329,,PER_100000_POP,"per 100,000 population",G,Global,_X,Not Available,,,,,,
DATAFLOW,SPC:DF_BP50(1.0),Blue Pacific 2050 (all),I,A,Annual,SH_TBS_INCD,Tuberculosis incidence,KI,Kiribati,_T,Total,_T,All ages,_T,National,_T,Total,_T,All education levels,_T,All occupations,_Z,Not applicable,_T,No breakdown by disability,2011,,387,,PER_100000_POP,"per 100,000 population",G,Global,_X,Not Available,,,,,,
DATAFLOW,SPC:DF_BP50(1.0),Blue Pacific 2050 (all),I,A,Annual,SH_TBS_INCD,Tuberculosis incidence,KI,Kiribati,_T,Total,_T,All ages,_T,National,_T,Total,_T,All education levels,_T,All occupations,_Z,Not applicable,_T,No breakdown by disability,2012,,385,,PER_100000_POP,"per 100,000 population",G,Global,_X,Not Available,,,,,,
DATAFLOW,SPC:DF_BP50(1.0),Blue Pacific 2050 (all),I,A,Annual,SH_TBS_INCD,Tuberculosis incidence,KI,Kiribati,_T,Total,_T,All ages,_T,National,_T,Total,_T,All education levels,_T,All occupations,_Z,Not applicable,_T,No breakdown by disability,2013,,447,,PER_100000_POP,"per 100,000 population",G,Global,_X,Not Available,,,,,,
DATAFLOW,SPC:DF_BP50(1.0),Blue Pacific 2050 (all),I,A,Annual,SH_TBS_INCD,Tuberculosis incidence,KI,Kiribati,_T,Total,_T,All ages,_T,National,_T,Total,_T,All education levels,_T,All occupations,_Z,Not applicable,_T,No breakdown by disability,2014,,449,,PER_100000_POP,"per 100,000 population",G,Global,_X,Not Available,,,,,,
DATAFLOW,SPC:DF_BP50(1.0),Blue Pacific 2050 (all),I,A,Annual,SH_TBS_INCD,Tuberculosis incidence,KI,Kiribati,_T,Total,_T,All ages,_T,National,_T,Total,_T,All education levels,_T,All occupations,_Z,Not applicable,_T,No breakdown by disability,2015,,531,,PER_100000_POP,"per 100,000 population",G,Global,_X,Not Available,,,,,,
DATAFLOW,SPC:DF_BP50(1.0),Blue Pacific 2050 (all),I,A,Annual,SH_TBS_INCD,Tuberculosis incidence,KI,Kiribati,_T,Total,_T,All ages,_T,National,_T,Total,_T,All education levels,_T,All occupations,_Z,Not applicable,_T,No breakdown by disability,2016,,547,,PER_100000_POP,"per 100,000 population",G,Global,_X,Not Available,,,,,,
DATAFLOW,SPC:DF_BP50(1.0),Blue Pacific 2050 (all),I,A,Annual,SH_TBS_INCD,Tuberculosis incidence,KI,Kiribati,_T,Total,_T,All ages,_T,National,_T,Total,_T,All education levels,_T,All occupations,_Z,Not applicable,_T,No breakdown by disability,2017,,400,,PER_100000_POP,"per 100,000 population",G,Global,_X,Not Available,,,,,,
DATAFLOW,SPC:DF_BP50(1.0),Blue Pacific 2050 (all),I,A,Annual,SH_TBS_INCD,Tuberculosis incidence,KI,Kiribati,_T,Total,_T,All ages,_T,National,_T,Total,_T,All education levels,_T,All occupations,_Z,Not applicable,_T,No breakdown by disability,2018,,331,,PER_100000_POP,"per 100,000 population",G,Global,_X,Not Available,,,,,,
DATAFLOW,SPC:DF_BP50(1.0),Blue Pacific 2050 (all),I,A,Annual,SH_TBS_INCD,Tuberculosis incidence,KI,Kiribati,_T,Total,_T,All ages,_T,National,_T,Total,_T,All education levels,_T,All occupations,_Z,Not applicable,_T,No breakdown by disability,2019,,414,,PER_100000_POP,"per 100,000 population",G,Global,_X,Not Available,,,,,,
DATAFLOW,SPC:DF_BP50(1.0),Blue Pacific 2050 (all),I,A,Annual,SH_TBS_INCD,Tuberculosis incidence,KI,Kiribati,_T,Total,_T,All ages,_T,National,_T,Total,_T,All education levels,_T,All occupations,_Z,Not applicable,_T,No breakdown by disability,2020,,382,,PER_100000_POP,"per 100,000 population",G,Global,_X,Not Available,,,,,,
DATAFLOW,SPC:DF_BP50(1.0),Blue Pacific 2050 (all),I,A,Annual,SH_TBS_INCD,Tuberculosis incidence,KI,Kiribati,_T,Total,_T,All ages,_T,National,_T,Total,_T,All education levels,_T,All occupations,_Z,Not applicable,_T,No breakdown by disability,2021,,321,,PER_100000_POP,"per 100,000 population",G,Global,_X,Not Available,,,,,,
DATAFLOW,SPC:DF_BP50(1.0),Blue Pacific 2050 (all),I,A,Annual,SH_TBS_INCD,Tuberculosis incidence,KI,Kiribati,_T,Total,_T,All ages,_T,National,_T,Total,_T,All education levels,_T,All occupations,_Z,Not applicable,_T,No breakdown by disability,2022,,345,,PER_100000_POP,"per 100,000 population",G,Global,_X,Not Available,,,,,,
DATAFLOW,SPC:DF_BP50(1.0),Blue Pacific 2050 (all),I,A,Annual,SH_TBS_INCD,Tuberculosis incidence,KI,Kiribati,_T,Total,_T,All ages,_T,National,_T,Total,_T,All education levels,_T,All occupations,_Z,Not applicable,_T,No breakdown by disability,2023,,533,,PER_100000_POP,"per 100,000 population",G,Global,_X,Not Available,,,,,,
DATAFLOW,SPC:DF_BP50(1.0),Blue Pacific 2050 (all),I,A,Annual,SH_TBS_INCD,Tuberculosis incidence,NU,Niue,_T,Total,_T,All ages,_T,National,_T,Total,_T,All education levels,_T,All occupations,_Z,Not applicable,_T,No breakdown by disability,2000,,0,,PER_100000_POP,"per 100,000 population",G,Global,_X,Not Available,,,,,,
DATAFLOW,SPC:DF_BP50(1.0),Blue Pacific 2050 (all),I,A,Annual,SH_TBS_INCD,Tuberculosis incidence,NU,Niue,_T,Total,_T,All ages,_T,National,_T,Total,_T,All education levels,_T,All occupations,_Z,Not applicable,_T,No breakdown by disability,2001,,0,,PER_100000_POP,"per 100,000 population",G,Global,_X,Not Available,,,,,,
DATAFLOW,SPC:DF_BP50(1.0),Blue Pacific 2050 (all),I,A,Annual,SH_TBS_INCD,Tuberculosis incidence,NU,Niue,_T,Total,_T,All ages,_T,National,_T,Total,_T,All education levels,_T,All occupations,_Z,Not applicable,_T,No breakdown by disability,2002,,256,,PER_100000_POP,"per 100,000 population",G,Global,_X,Not Available,,,,,,
DATAFLOW,SPC:DF_BP50(1.0),Blue Pacific 2050 (all),I,A,Annual,SH_TBS_INCD,Tuberculosis incidence,NU,Niue,_T,Total,_T,All ages,_T,National,_T,Total,_T,All education levels,_T,All occupations,_Z,Not applicable,_T,No breakdown by disability,2003,,0,,PER_100000_POP,"per 100,000 population",G,Global,_X,Not Available,,,,,,
DATAFLOW,SPC:DF_BP50(1.0),Blue Pacific 2050 (all),I,A,Annual,SH_TBS_INCD,Tuberculosis incidence,NU,Niue,_T,Total,_T,All ages,_T,National,_T,Total,_T,All education levels,_T,All occupations,_Z,Not applicable,_T,No breakdown by disability,2004,,0,,PER_100000_POP,"per 100,000 population",G,Global,_X,Not Available,,,,,,
DATAFLOW,SPC:DF_BP50(1.0),Blue Pacific 2050 (all),I,A,Annual,SH_TBS_INCD,Tuberculosis incidence,NU,Niue,_T,Total,_T,All ages,_T,National,_T,Total,_T,All education levels,_T,All occupations,_Z,Not applicable,_T,No breakdown by disability,2005,,0,,PER_100000_POP,"per 100,000 population",G,Global,_X,Not Available,,,,,,
DATAFLOW,SPC:DF_BP50(1.0),Blue Pacific 2050 (all),I,A,Annual,SH_TBS_INCD,Tuberculosis incidence,NU,Niue,_T,Total,_T,All ages,_T,National,_T,Total,_T,All education levels,_T,All occupations,_Z,Not applicable,_T,No breakdown by disability,2006,,0,,PER_100000_POP,"per 100,000 population",G,Global,_X,Not Available,,,,,,
DATAFLOW,SPC:DF_BP50(1.0),Blue Pacific 2050 (all),I,A,Annual,SH_TBS_INCD,Tuberculosis incidence,NU,Niue,_T,Total,_T,All ages,_T,National,_T,Total,_T,All education levels,_T,All occupations,_Z,Not applicable,_T,No breakdown by disability,2007,,0,,PER_100000_POP,"per 100,000 population",G,Global,_X,Not Available,,,,,,
DATAFLOW,SPC:DF_BP50(1.0),Blue Pacific 2050 (all),I,A,Annual,SH_TBS_INCD,Tuberculosis incidence,NU,Niue,_T,Total,_T,All ages,_T,National,_T,Total,_T,All education levels,_T,All occupations,_Z,Not applicable,_T,No breakdown by disability,2008,,0,,PER_100000_POP,"per 100,000 population",G,Global,_X,Not Available,,,,,,
DATAFLOW,SPC:DF_BP50(1.0),Blue Pacific 2050 (all),I,A,Annual,SH_TBS_INCD,Tuberculosis incidence,NU,Niue,_T,Total,_T,All ages,_T,National,_T,Total,_T,All education levels,_T,All occupations,_Z,Not applicable,_T,No breakdown by disability,2009,,0,,PER_100000_POP,"per 100,000 population",G,Global,_X,Not Available,,,,,,
DATAFLOW,SPC:DF_BP50(1.0),Blue Pacific 2050 (all),I,A,Annual,SH_TBS_INCD,Tuberculosis incidence,NU,Niue,_T,Total,_T,All ages,_T,National,_T,Total,_T,All education levels,_T,All occupations,_Z,Not applicable,_T,No breakdown by disability,2010,,0,,PER_100000_POP,"per 100,000 population",G,Global,_X,Not Available,,,,,,
DATAFLOW,SPC:DF_BP50(1.0),Blue Pacific 2050 (all),I,A,Annual,SH_TBS_INCD,Tuberculosis incidence,NU,Niue,_T,Total,_T,All ages,_T,National,_T,Total,_T,All education levels,_T,All occupations,_Z,Not applicable,_T,No breakdown by disability,2011,,71,,PER_100000_POP,"per 100,000 population",G,Global,_X,Not Available,,,,,,
DATAFLOW,SPC:DF_BP50(1.0),Blue Pacific 2050 (all),I,A,Annual,SH_TBS_INCD,Tuberculosis incidence,NU,Niue,_T,Total,_T,All ages,_T,National,_T,Total,_T,All education levels,_T,All occupations,_Z,Not applicable,_T,No breakdown by disability,2012,,0,,PER_100000_POP,"per 100,000 population",G,Global,_X,Not Available,,,,,,
DATAFLOW,SPC:DF_BP50(1.0),Blue Pacific 2050 (all),I,A,Annual,SH_TBS_INCD,Tuberculosis incidence,NU,Niue,_T,Total,_T,All ages,_T,National,_T,Total,_T,All education levels,_T,All occupations,_Z,Not applicable,_T,No breakdown by disability,2013,,0,,PER_100000_POP,"per 100,000 population",G,Global,_X,Not Available,,,,,,
DATAFLOW,SPC:DF_BP50(1.0),Blue Pacific 2050 (all),I,A,Annual,SH_TBS_INCD,Tuberculosis incidence,NU,Niue,_T,Total,_T,All ages,_T,National,_T,Total,_T,All education levels,_T,All occupations,_Z,Not applicable,_T,No breakdown by disability,2014,,0,,PER_100000_POP,"per 100,000 population",G,Global,_X,Not Available,,,,,,
DATAFLOW,SPC:DF_BP50(1.0),Blue Pacific 2050 (all),I,A,Annual,SH_TBS_INCD,Tuberculosis incidence,NU,Niue,_T,Total,_T,All ages,_T,National,_T,Total,_T,All education levels,_T,All occupations,_Z,Not applicable,_T,No breakdown by disability,2015,,0,,PER_100000_POP,"per 100,000 population",G,Global,_X,Not Available,,,,,,
DATAFLOW,SPC:DF_BP50(1.0),Blue Pacific 2050 (all),I,A,Annual,SH_TBS_INCD,Tuberculosis incidence,NU,Niue,_T,Total,_T,All ages,_T,National,_T,Total,_T,All education levels,_T,All occupations,_Z,Not applicable,_T,No breakdown by disability,2016,,29,,PER_100000_POP,"per 100,000 population",G,Global,_X,Not Available,,,,,,
DATAFLOW,SPC:DF_BP50(1.0),Blue Pacific 2050 (all),I,A,Annual,SH_TBS_INCD,Tuberculosis incidence,NU,Niue,_T,Total,_T,All ages,_T,National,_T,Total,_T,All education levels,_T,All occupations,_Z,Not applicable,_T,No breakdown by disability,2017,,0,,PER_100000_POP,"per 100,000 population",G,Global,_X,Not Available,,,,,,
DATAFLOW,SPC:DF_BP50(1.0),Blue Pacific 2050 (all),I,A,Annual,SH_TBS_INCD,Tuberculosis incidence,NU,Niue,_T,Total,_T,All ages,_T,National,_T,Total,_T,All education levels,_T,All occupations,_Z,Not applicable,_T,No breakdown by disability,2018,,143,,PER_100000_POP,"per 100,000 population",G,Global,_X,Not Available,,,,,,
DATAFLOW,SPC:DF_BP50(1.0),Blue Pacific 2050 (all),I,A,Annual,SH_TBS_INCD,Tuberculosis incidence,NU,Niue,_T,Total,_T,All ages,_T,National,_T,Total,_T,All education levels,_T,All occupations,_Z,Not applicable,_T,No breakdown by disability,2019,,0,,PER_100000_POP,"per 100,000 population",G,Global,_X,Not Available,,,,,,
DATAFLOW,SPC:DF_BP50(1.0),Blue Pacific 2050 (all),I,A,Annual,SH_TBS_INCD,Tuberculosis incidence,NU,Niue,_T,Total,_T,All ages,_T,National,_T,Total,_T,All education levels,_T,All occupations,_Z,Not applicable,_T,No breakdown by disability,2020,,48,,PER_100000_POP,"per 100,000 population",G,Global,_X,Not Available,,,,,,
DATAFLOW,SPC:DF_BP50(1.0),Blue Pacific 2050 (all),I,A,Annual,SH_TBS_INCD,Tuberculosis incidence,NU,Niue,_T,Total,_T,All ages,_T,National,_T,Total,_T,All education levels,_T,All occupations,_Z,Not applicable,_T,No breakdown by disability,2021,,48,,PER_100000_POP,"per 100,000 population",G,Global,_X,Not Available,,,,,,
DATAFLOW,SPC:DF_BP50(1.0),Blue Pacific 2050 (all),I,A,Annual,SH_TBS_INCD,Tuberculosis incidence,NU,Niue,_T,Total,_T,All ages,_T,National,_T,Total,_T,All education levels,_T,All occupations,_Z,Not applicable,_T,No breakdown by disability,2022,,48,,PER_100000_POP,"per 100,000 population",G,Global,_X,Not Available,,,,,,
DATAFLOW,SPC:DF_BP50(1.0),Blue Pacific 2050 (all),I,A,Annual,SH_TBS_INCD,Tuberculosis incidence,NU,Niue,_T,Total,_T,All ages,_T,National,_T,Total,_T,All education levels,_T,All occupations,_Z,Not applicable,_T,No breakdown by disability,2023,,48,,PER_100000_POP,"per 100,000 population",G,Global,_X,Not Available,,,,,,
DATAFLOW,SPC:DF_BP50(1.0),Blue Pacific 2050 (all),I,A,Annual,SH_STA_MALR,"Malaria incidence per 1,000 population at risk",FJ,Fiji,_T,Total,_T,All ages,_T,National,_T,Total,_T,All education levels,_T,All occupations,_Z,Not applicable,_T,No breakdown by disability,2000,,0,,PER_1000_POP,"per 1,000 population",G,Global,_X,Not Available,,,,,,
DATAFLOW,SPC:DF_BP50(1.0),Blue Pacific 2050 (all),I,A,Annual,SH_STA_MALR,"Malaria incidence per 1,000 population at risk",FJ,Fiji,_T,Total,_T,All ages,_T,National,_T,Total,_T,All education levels,_T,All occupations,_Z,Not applicable,_T,No breakdown by disability,2001,,0,,PER_1000_POP,"per 1,000 population",G,Global,_X,Not Available,,,,,,
DATAFLOW,SPC:DF_BP50(1.0),Blue Pacific 2050 (all),I,A,Annual,SH_STA_MALR,"Malaria incidence per 1,000 population at risk",FJ,Fiji,_T,Total,_T,All ages,_T,National,_T,Total,_T,All education levels,_T,All occupations,_Z,Not applicable,_T,No breakdown by disability,2002,,0,,PER_1000_POP,"per 1,000 population",G,Global,_X,Not Available,,,,,,
DATAFLOW,SPC:DF_BP50(1.0),Blue Pacific 2050 (all),I,A,Annual,SH_STA_MALR,"Malaria incidence per 1,000 population at risk",FJ,Fiji,_T,Total,_T,All ages,_T,National,_T,Total,_T,All education levels,_T,All occupations,_Z,Not applicable,_T,No breakdown by disability,2003,,0,,PER_1000_POP,"per 1,000 population",G,Global,_X,Not Available,,,,,,
DATAFLOW,SPC:DF_BP50(1.0),Blue Pacific 2050 (all),I,A,Annual,SH_STA_MALR,"Malaria incidence per 1,000 population at risk",FJ,Fiji,_T,Total,_T,All ages,_T,National,_T,Total,_T,All education levels,_T,All occupations,_Z,Not applicable,_T,No breakdown by disability,2004,,0,,PER_1000_POP,"per 1,000 population",G,Global,_X,Not Available,,,,,,
DATAFLOW,SPC:DF_BP50(1.0),Blue Pacific 2050 (all),I,A,Annual,SH_STA_MALR,"Malaria incidence per 1,000 population at risk",FJ,Fiji,_T,Total,_T,All ages,_T,National,_T,Total,_T,All education levels,_T,All occupations,_Z,Not applicable,_T,No breakdown by disability,2005,,0,,PER_1000_POP,"per 1,000 population",G,Global,_X,Not Available,,,,,,
DATAFLOW,SPC:DF_BP50(1.0),Blue Pacific 2050 (all),I,A,Annual,SH_STA_MALR,"Malaria incidence per 1,000 population at risk",FJ,Fiji,_T,Total,_T,All ages,_T,National,_T,Total,_T,All education levels,_T,All occupations,_Z,Not applicable,_T,No breakdown by disability,2006,,0,,PER_1000_POP,"per 1,000 population",G,Global,_X,Not Available,,,,,,
DATAFLOW,SPC:DF_BP50(1.0),Blue Pacific 2050 (all),I,A,Annual,SH_STA_MALR,"Malaria incidence per 1,000 population at risk",FJ,Fiji,_T,Total,_T,All ages,_T,National,_T,Total,_T,All education levels,_T,All occupations,_Z,Not applicable,_T,No breakdown by disability,2007,,0,,PER_1000_POP,"per 1,000 population",G,Global,_X,Not Available,,,,,,
DATAFLOW,SPC:DF_BP50(1.0),Blue Pacific 2050 (all),I,A,Annual,SH_STA_MALR,"Malaria incidence per 1,000 population at risk",FJ,Fiji,_T,Total,_T,All ages,_T,National,_T,Total,_T,All education levels,_T,All occupations,_Z,Not applicable,_T,No breakdown by disability,2008,,0,,PER_1000_POP,"per 1,000 population",G,Global,_X,Not Available,,,,,,
DATAFLOW,SPC:DF_BP50(1.0),Blue Pacific 2050 (all),I,A,Annual,SH_STA_MALR,"Malaria incidence per 1,000 population at risk",FJ,Fiji,_T,Total,_T,All ages,_T,National,_T,Total,_T,All education levels,_T,All occupations,_Z,Not applicable,_T,No breakdown by disability,2009,,0,,PER_1000_POP,"per 1,000 population",G,Global,_X,Not Available,,,,,,
DATAFLOW,SPC:DF_BP50(1.0),Blue Pacific 2050 (all),I,A,Annual,SH_STA_MALR,"Malaria incidence per 1,000 population at risk",FJ,Fiji,_T,Total,_T,All ages,_T,National,_T,Total,_T,All education levels,_T,All occupations,_Z,Not applicable,_T,No breakdown by disability,2010,,0,,PER_1000_POP,"per 1,000 population",G,Global,_X,Not Available,,,,,,
DATAFLOW,SPC:DF_BP50(1.0),Blue Pacific 2050 (all),I,A,Annual,SH_STA_MALR,"Malaria incidence per 1,000 population at risk",FJ,Fiji,_T,Total,_T,All ages,_T,National,_T,Total,_T,All education levels,_T,All occupations,_Z,Not applicable,_T,No breakdown by disability,2011,,0,,PER_1000_POP,"per 1,000 population",G,Global,_X,Not Available,,,,,,
DATAFLOW,SPC:DF_BP50(1.0),Blue Pacific 2050 (all),I,A,Annual,SH_STA_MALR,"Malaria incidence per 1,000 population at risk",FJ,Fiji,_T,Total,_T,All ages,_T,National,_T,Total,_T,All education levels,_T,All occupations,_Z,Not applicable,_T,No breakdown by disability,2012,,0,,PER_1000_POP,"per 1,000 population",G,Global,_X,Not Available,,,,,,
DATAFLOW,SPC:DF_BP50(1.0),Blue Pacific 2050 (all),I,A,Annual,SH_STA_MALR,"Malaria incidence per 1,000 population at risk",FJ,Fiji,_T,Total,_T,All ages,_T,National,_T,Total,_T,All education levels,_T,All occupations,_Z,Not applicable,_T,No breakdown by disability,2013,,0,,PER_1000_POP,"per 1,000 population",G,Global,_X,Not Available,,,,,,
DATAFLOW,SPC:DF_BP50(1.0),Blue Pacific 2050 (all),I,A,Annual,SH_STA_MALR,"Malaria incidence per 1,000 population at risk",FJ,Fiji,_T,Total,_T,All ages,_T,National,_T,Total,_T,All education levels,_T,All occupations,_Z,Not applicable,_T,No breakdown by disability,2014,,0,,PER_1000_POP,"per 1,000 population",G,Global,_X,Not Available,,,,,,
DATAFLOW,SPC:DF_BP50(1.0),Blue Pacific 2050 (all),I,A,Annual,SH_STA_MALR,"Malaria incidence per 1,000 population at risk",FJ,Fiji,_T,Total,_T,All ages,_T,National,_T,Total,_T,All education levels,_T,All occupations,_Z,Not applicable,_T,No breakdown by disability,2015,,0,,PER_1000_POP,"per 1,000 population",G,Global,_X,Not Available,,,,,,
DATAFLOW,SPC:DF_BP50(1.0),Blue Pacific 2050 (all),I,A,Annual,SH_STA_MALR,"Malaria incidence per 1,000 population at risk",FJ,Fiji,_T,Total,_T,All ages,_T,National,_T,Total,_T,All education levels,_T,All occupations,_Z,Not applicable,_T,No breakdown by disability,2016,,0,,PER_1000_POP,"per 1,000 population",G,Global,_X,Not Available,,,,,,
DATAFLOW,SPC:DF_BP50(1.0),Blue Pacific 2050 (all),I,A,Annual,SH_STA_MALR,"Malaria incidence per 1,000 population at risk",FJ,Fiji,_T,Total,_T,All ages,_T,National,_T,Total,_T,All education levels,_T,All occupations,_Z,Not applicable,_T,No breakdown by disability,2017,,0,,PER_1000_POP,"per 1,000 population",G,Global,_X,Not Available,,,,,,
DATAFLOW,SPC:DF_BP50(1.0),Blue Pacific 2050 (all),I,A,Annual,SH_STA_MALR,"Malaria incidence per 1,000 population at risk",FJ,Fiji,_T,Total,_T,All ages,_T,National,_T,Total,_T,All education levels,_T,All occupations,_Z,Not applicable,_T,No breakdown by disability,2018,,0,,PER_1000_POP,"per 1,000 population",G,Global,_X,Not Available,,,,,,
DATAFLOW,SPC:DF_BP50(1.0),Blue Pacific 2050 (all),I,A,Annual,SH_STA_MALR,"Malaria incidence per 1,000 population at risk",FJ,Fiji,_T,Total,_T,All ages,_T,National,_T,Total,_T,All education levels,_T,All occupations,_Z,Not applicable,_T,No breakdown by disability,2019,,0,,PER_1000_POP,"per 1,000 population",G,Global,_X,Not Available,,,,,,
DATAFLOW,SPC:DF_BP50(1.0),Blue Pacific 2050 (all),I,A,Annual,SH_STA_MALR,"Malaria incidence per 1,000 population at risk",FM,Micronesia (Federated States of),_T,Total,_T,All ages,_T,National,_T,Total,_T,All education levels,_T,All occupations,_Z,Not applicable,_T,No breakdown by disability,2000,,0,,PER_1000_POP,"per 1,000 population",G,Global,_X,Not Available,,,,,,
DATAFLOW,SPC:DF_BP50(1.0),Blue Pacific 2050 (all),I,A,Annual,SH_STA_MALR,"Malaria incidence per 1,000 population at risk",FM,Micronesia (Federated States of),_T,Total,_T,All ages,_T,National,_T,Total,_T,All education levels,_T,All occupations,_Z,Not applicable,_T,No breakdown by disability,2001,,0,,PER_1000_POP,"per 1,000 population",G,Global,_X,Not Available,,,,,,
DATAFLOW,SPC:DF_BP50(1.0),Blue Pacific 2050 (all),I,A,Annual,SH_STA_MALR,"Malaria incidence per 1,000 population at risk",FM,Micronesia (Federated States of),_T,Total,_T,All ages,_T,National,_T,Total,_T,All education levels,_T,All occupations,_Z,Not applicable,_T,No breakdown by disability,2002,,0,,PER_1000_POP,"per 1,000 population",G,Global,_X,Not Available,,,,,,
DATAFLOW,SPC:DF_BP50(1.0),Blue Pacific 2050 (all),I,A,Annual,SH_STA_MALR,"Malaria incidence per 1,000 population at risk",FM,Micronesia (Federated States of),_T,Total,_T,All ages,_T,National,_T,Total,_T,All education levels,_T,All occupations,_Z,Not applicable,_T,No breakdown by disability,2003,,0,,PER_1000_POP,"per 1,000 population",G,Global,_X,Not Available,,,,,,
DATAFLOW,SPC:DF_BP50(1.0),Blue Pacific 2050 (all),I,A,Annual,SH_STA_MALR,"Malaria incidence per 1,000 population at risk",FM,Micronesia (Federated States of),_T,Total,_T,All ages,_T,National,_T,Total,_T,All education levels,_T,All occupations,_Z,Not applicable,_T,No breakdown by disability,2004,,0,,PER_1000_POP,"per 1,000 population",G,Global,_X,Not Available,,,,,,
DATAFLOW,SPC:DF_BP50(1.0),Blue Pacific 2050 (all),I,A,Annual,SH_STA_MALR,"Malaria incidence per 1,000 population at risk",FM,Micronesia (Federated States of),_T,Total,_T,All ages,_T,National,_T,Total,_T,All education levels,_T,All occupations,_Z,Not applicable,_T,No breakdown by disability,2005,,0,,PER_1000_POP,"per 1,000 population",G,Global,_X,Not Available,,,,,,
DATAFLOW,SPC:DF_BP50(1.0),Blue Pacific 2050 (all),I,A,Annual,SH_STA_MALR,"Malaria incidence per 1,000 population at risk",FM,Micronesia (Federated States of),_T,Total,_T,All ages,_T,National,_T,Total,_T,All education levels,_T,All occupations,_Z,Not applicable,_T,No breakdown by disability,2006,,0,,PER_1000_POP,"per 1,000 population",G,Global,_X,Not Available,,,,,,
DATAFLOW,SPC:DF_BP50(1.0),Blue Pacific 2050 (all),I,A,Annual,SH_STA_MALR,"Malaria incidence per 1,000 population at risk",FM,Micronesia (Federated States of),_T,Total,_T,All ages,_T,National,_T,Total,_T,All education levels,_T,All occupations,_Z,Not applicable,_T,No breakdown by disability,2007,,0,,PER_1000_POP,"per 1,000 population",G,Global,_X,Not Available,,,,,,
DATAFLOW,SPC:DF_BP50(1.0),Blue Pacific 2050 (all),I,A,Annual,SH_STA_MALR,"Malaria incidence per 1,000 population at risk",FM,Micronesia (Federated States of),_T,Total,_T,All ages,_T,National,_T,Total,_T,All education levels,_T,All occupations,_Z,Not applicable,_T,No breakdown by disability,2008,,0,,PER_1000_POP,"per 1,000 population",G,Global,_X,Not Available,,,,,,
DATAFLOW,SPC:DF_BP50(1.0),Blue Pacific 2050 (all),I,A,Annual,SH_STA_MALR,"Malaria incidence per 1,000 population at risk",FM,Micronesia (Federated States of),_T,Total,_T,All ages,_T,National,_T,Total,_T,All education levels,_T,All occupations,_Z,Not applicable,_T,No breakdown by disability,2009,,0,,PER_1000_POP,"per 1,000 population",G,Global,_X,Not Available,,,,,,
DATAFLOW,SPC:DF_BP50(1.0),Blue Pacific 2050 (all),I,A,Annual,SH_STA_MALR,"Malaria incidence per 1,000 population at risk",FM,Micronesia (Federated States of),_T,Total,_T,All ages,_T,National,_T,Total,_T,All education levels,_T,All occupations,_Z,Not applicable,_T,No breakdown by disability,2010,,0,,PER_1000_POP,"per 1,000 population",G,Global,_X,Not Available,,,,,,
DATAFLOW,SPC:DF_BP50(1.0),Blue Pacific 2050 (all),I,A,Annual,SH_STA_MALR,"Malaria incidence per 1,000 population at risk",FM,Micronesia (Federated States of),_T,Total,_T,All ages,_T,National,_T,Total,_T,All education levels,_T,All occupations,_Z,Not applicable,_T,No breakdown by disability,2011,,0,,PER_1000_POP,"per 1,000 population",G,Global,_X,Not Available,,,,,,
DATAFLOW,SPC:DF_BP50(1.0),Blue Pacific 2050 (all),I,A,Annual,SH_STA_MALR,"Malaria incidence per 1,000 population at risk",FM,Micronesia (Federated States of),_T,Total,_T,All ages,_T,National,_T,Total,_T,All education levels,_T,All occupations,_Z,Not applicable,_T,No breakdown by disability,2012,,0,,PER_1000_POP,"per 1,000 population",G,Global,_X,Not Available,,,,,,
DATAFLOW,SPC:DF_BP50(1.0),Blue Pacific 2050 (all),I,A,Annual,SH_STA_MALR,"Malaria incidence per 1,000 population at risk",FM,Micronesia (Federated States of),_T,Total,_T,All ages,_T,National,_T,Total,_T,All education levels,_T,All occupations,_Z,Not applicable,_T,No breakdown by disability,2013,,0,,PER_1000_POP,"per 1,000 population",G,Global,_X,Not Available,,,,,,
DATAFLOW,SPC:DF_BP50(1.0),Blue Pacific 2050 (all),I,A,Annual,SH_STA_MALR,"Malaria incidence per 1,000 population at risk",FM,Micronesia (Federated States of),_T,Total,_T,All ages,_T,National,_T,Total,_T,All education levels,_T,All occupations,_Z,Not applicable,_T,No breakdown by disability,2014,,0,,PER_1000_POP,"per 1,000 population",G,Global,_X,Not Available,,,,,,
DATAFLOW,SPC:DF_BP50(1.0),Blue Pacific 2050 (all),I,A,Annual,SH_STA_MALR,"Malaria incidence per 1,000 population at risk",FM,Micronesia (Federated States of),_T,Total,_T,All ages,_T,National,_T,Total,_T,All education levels,_T,All occupations,_Z,Not applicable,_T,No breakdown by disability,2015,,0,,PER_1000_POP,"per 1,000 population",G,Global,_X,Not Available,,,,,,
DATAFLOW,SPC:DF_BP50(1.0),Blue Pacific 2050 (all),I,A,Annual,SH_STA_MALR,"Malaria incidence per 1,000 population at risk",FM,Micronesia (Federated States of),_T,Total,_T,All ages,_T,National,_T,Total,_T,All education levels,_T,All occupations,_Z,Not applicable,_T,No breakdown by disability,2016,,0,,PER_1000_POP,"per 1,000 population",G,Global,_X,Not Available,,,,,,
DATAFLOW,SPC:DF_BP50(1.0),Blue Pacific 2050 (all),I,A,Annual,SH_STA_MALR,"Malaria incidence per 1,000 population at risk",FM,Micronesia (Federated States of),_T,Total,_T,All ages,_T,National,_T,Total,_T,All education levels,_T,All occupations,_Z,Not applicable,_T,No breakdown by disability,2017,,0,,PER_1000_POP,"per 1,000 population",G,Global,_X,Not Available,,,,,,
DATAFLOW,SPC:DF_BP50(1.0),Blue Pacific 2050 (all),I,A,Annual,SH_STA_MALR,"Malaria incidence per 1,000 population at risk",FM,Micronesia (Federated States of),_T,Total,_T,All ages,_T,National,_T,Total,_T,All education levels,_T,All occupations,_Z,Not applicable,_T,No breakdown by disability,2018,,0,,PER_1000_POP,"per 1,000 population",G,Global,_X,Not Available,,,,,,
DATAFLOW,SPC:DF_BP50(1.0),Blue Pacific 2050 (all),I,A,Annual,SH_STA_MALR,"Malaria incidence per 1,000 population at risk",FM,Micronesia (Federated States of),_T,Total,_T,All ages,_T,National,_T,Total,_T,All education levels,_T,All occupations,_Z,Not applicable,_T,No breakdown by disability,2019,,0,,PER_1000_POP,"per 1,000 population",G,Global,_X,Not Available,,,,,,
DATAFLOW,SPC:DF_BP50(1.0),Blue Pacific 2050 (all),I,A,Annual,SH_STA_WASH,"Mortality rate attributed to unsafe water, unsafe sanitation
            and lack of hygiene",VU,Vanuatu,_T,Total,_T,All ages,_T,National,_T,Total,_T,All education levels,_T,All occupations,_Z,Not applicable,_T,No breakdown by disability,2016,,10.42,,PER_100000_POP,"per 100,000 population",G,Global,_X,Not Available,,,,,,
DATAFLOW,SPC:DF_BP50(1.0),Blue Pacific 2050 (all),I,A,Annual,SH_STA_WASH,"Mortality rate attributed to unsafe water, unsafe sanitation
            and lack of hygiene",VU,Vanuatu,_T,Total,_T,All ages,_T,National,_T,Total,_T,All education levels,_T,All occupations,_Z,Not applicable,_T,No breakdown by disability,2019,,25,,PER_100000_POP,"per 100,000 population",G,Global,_X,Not Available,,,,,,
DATAFLOW,SPC:DF_BP50(1.0),Blue Pacific 2050 (all),I,A,Annual,SH_DTH_NCD,"Mortality rate attributed to cardiovascular disease, cancer,
            diabetes or chronic respiratory disease",FM,Micronesia (Federated States of),_T,Total,_T,All ages,_T,National,_T,Total,_T,All education levels,_T,All occupations,_Z,Not applicable,_T,No breakdown by disability,2000,,41.6,,PERCENT,percent,G,Global,_X,Not Available,,,,,,
DATAFLOW,SPC:DF_BP50(1.0),Blue Pacific 2050 (all),I,A,Annual,SH_DTH_NCD,"Mortality rate attributed to cardiovascular disease, cancer,
            diabetes or chronic respiratory disease",FM,Micronesia (Federated States of),_T,Total,_T,All ages,_T,National,_T,Total,_T,All education levels,_T,All occupations,_Z,Not applicable,_T,No breakdown by disability,2001,,41.4,,PERCENT,percent,G,Global,_X,Not Available,,,,,,
DATAFLOW,SPC:DF_BP50(1.0),Blue Pacific 2050 (all),I,A,Annual,SH_DTH_NCD,"Mortality rate attributed to cardiovascular disease, cancer,
            diabetes or chronic respiratory disease",FM,Micronesia (Federated States of),_T,Total,_T,All ages,_T,National,_T,Total,_T,All education levels,_T,All occupations,_Z,Not applicable,_T,No breakdown by disability,2002,,41.1,,PERCENT,percent,G,Global,_X,Not Available,,,,,,
DATAFLOW,SPC:DF_BP50(1.0),Blue Pacific 2050 (all),I,A,Annual,SH_DTH_NCD,"Mortality rate attributed to cardiovascular disease, cancer,
            diabetes or chronic respiratory disease",FM,Micronesia (Federated States of),_T,Total,_T,All ages,_T,National,_T,Total,_T,All education levels,_T,All occupations,_Z,Not applicable,_T,No breakdown by disability,2003,,41,,PERCENT,percent,G,Global,_X,Not Available,,,,,,
DATAFLOW,SPC:DF_BP50(1.0),Blue Pacific 2050 (all),I,A,Annual,SH_DTH_NCD,"Mortality rate attributed to cardiovascular disease, cancer,
            diabetes or chronic respiratory disease",FM,Micronesia (Federated States of),_T,Total,_T,All ages,_T,National,_T,Total,_T,All education levels,_T,All occupations,_Z,Not applicable,_T,No breakdown by disability,2004,,41.1,,PERCENT,percent,G,Global,_X,Not Available,,,,,,
DATAFLOW,SPC:DF_BP50(1.0),Blue Pacific 2050 (all),I,A,Annual,SH_DTH_NCD,"Mortality rate attributed to cardiovascular disease, cancer,
            diabetes or chronic respiratory disease",FM,Micronesia (Federated States of),_T,Total,_T,All ages,_T,National,_T,Total,_T,All education levels,_T,All occupations,_Z,Not applicable,_T,No breakdown by disability,2005,,41.2,,PERCENT,percent,G,Global,_X,Not Available,,,,,,
DATAFLOW,SPC:DF_BP50(1.0),Blue Pacific 2050 (all),I,A,Annual,SH_DTH_NCD,"Mortality rate attributed to cardiovascular disease, cancer,
            diabetes or chronic respiratory disease",FM,Micronesia (Federated States of),_T,Total,_T,All ages,_T,National,_T,Total,_T,All education levels,_T,All occupations,_Z,Not applicable,_T,No breakdown by disability,2006,,40.9,,PERCENT,percent,G,Global,_X,Not Available,,,,,,
DATAFLOW,SPC:DF_BP50(1.0),Blue Pacific 2050 (all),I,A,Annual,SH_DTH_NCD,"Mortality rate attributed to cardiovascular disease, cancer,
            diabetes or chronic respiratory disease",FM,Micronesia (Federated States of),_T,Total,_T,All ages,_T,National,_T,Total,_T,All education levels,_T,All occupations,_Z,Not applicable,_T,No breakdown by disability,2007,,40.5,,PERCENT,percent,G,Global,_X,Not Available,,,,,,
DATAFLOW,SPC:DF_BP50(1.0),Blue Pacific 2050 (all),I,A,Annual,SH_DTH_NCD,"Mortality rate attributed to cardiovascular disease, cancer,
            diabetes or chronic respiratory disease",FM,Micronesia (Federated States of),_T,Total,_T,All ages,_T,National,_T,Total,_T,All education levels,_T,All occupations,_Z,Not applicable,_T,No breakdown by disability,2008,,40.3,,PERCENT,percent,G,Global,_X,Not Available,,,,,,
DATAFLOW,SPC:DF_BP50(1.0),Blue Pacific 2050 (all),I,A,Annual,SH_DTH_NCD,"Mortality rate attributed to cardiovascular disease, cancer,
            diabetes or chronic respiratory disease",FM,Micronesia (Federated States of),_T,Total,_T,All ages,_T,National,_T,Total,_T,All education levels,_T,All occupations,_Z,Not applicable,_T,No breakdown by disability,2009,,40.2,,PERCENT,percent,G,Global,_X,Not Available,,,,,,
DATAFLOW,SPC:DF_BP50(1.0),Blue Pacific 2050 (all),I,A,Annual,SH_DTH_NCD,"Mortality rate attributed to cardiovascular disease, cancer,
            diabetes or chronic respiratory disease",FM,Micronesia (Federated States of),_T,Total,_T,All ages,_T,National,_T,Total,_T,All education levels,_T,All occupations,_Z,Not applicable,_T,No breakdown by disability,2010,,40.1,,PERCENT,percent,G,Global,_X,Not Available,,,,,,
DATAFLOW,SPC:DF_BP50(1.0),Blue Pacific 2050 (all),I,A,Annual,SH_DTH_NCD,"Mortality rate attributed to cardiovascular disease, cancer,
            diabetes or chronic respiratory disease",FM,Micronesia (Federated States of),_T,Total,_T,All ages,_T,National,_T,Total,_T,All education levels,_T,All occupations,_Z,Not applicable,_T,No breakdown by disability,2011,,40,,PERCENT,percent,G,Global,_X,Not Available,,,,,,
DATAFLOW,SPC:DF_BP50(1.0),Blue Pacific 2050 (all),I,A,Annual,SH_DTH_NCD,"Mortality rate attributed to cardiovascular disease, cancer,
            diabetes or chronic respiratory disease",FM,Micronesia (Federated States of),_T,Total,_T,All ages,_T,National,_T,Total,_T,All education levels,_T,All occupations,_Z,Not applicable,_T,No breakdown by disability,2012,,39.9,,PERCENT,percent,G,Global,_X,Not Available,,,,,,
DATAFLOW,SPC:DF_BP50(1.0),Blue Pacific 2050 (all),I,A,Annual,SH_DTH_NCD,"Mortality rate attributed to cardiovascular disease, cancer,
            diabetes or chronic respiratory disease",FM,Micronesia (Federated States of),_T,Total,_T,All ages,_T,National,_T,Total,_T,All education levels,_T,All occupations,_Z,Not applicable,_T,No breakdown by disability,2013,,39.7,,PERCENT,percent,G,Global,_X,Not Available,,,,,,
DATAFLOW,SPC:DF_BP50(1.0),Blue Pacific 2050 (all),I,A,Annual,SH_DTH_NCD,"Mortality rate attributed to cardiovascular disease, cancer,
            diabetes or chronic respiratory disease",FM,Micronesia (Federated States of),_T,Total,_T,All ages,_T,National,_T,Total,_T,All education levels,_T,All occupations,_Z,Not applicable,_T,No breakdown by disability,2014,,39,,PERCENT,percent,G,Global,_X,Not Available,,,,,,
DATAFLOW,SPC:DF_BP50(1.0),Blue Pacific 2050 (all),I,A,Annual,SH_DTH_NCD,"Mortality rate attributed to cardiovascular disease, cancer,
            diabetes or chronic respiratory disease",FM,Micronesia (Federated States of),_T,Total,_T,All ages,_T,National,_T,Total,_T,All education levels,_T,All occupations,_Z,Not applicable,_T,No breakdown by disability,2015,,39.7,,PERCENT,percent,G,Global,_X,Not Available,,,,,,
DATAFLOW,SPC:DF_BP50(1.0),Blue Pacific 2050 (all),I,A,Annual,SH_DTH_NCD,"Mortality rate attributed to cardiovascular disease, cancer,
            diabetes or chronic respiratory disease",FM,Micronesia (Federated States of),_T,Total,_T,All ages,_T,National,_T,Total,_T,All education levels,_T,All occupations,_Z,Not applicable,_T,No breakdown by disability,2016,,39.2,,PERCENT,percent,G,Global,_X,Not Available,,,,,,
DATAFLOW,SPC:DF_BP50(1.0),Blue Pacific 2050 (all),I,A,Annual,SH_DTH_NCD,"Mortality rate attributed to cardiovascular disease, cancer,
            diabetes or chronic respiratory disease",FM,Micronesia (Federated States of),_T,Total,_T,All ages,_T,National,_T,Total,_T,All education levels,_T,All occupations,_Z,Not applicable,_T,No breakdown by disability,2017,,39.1,,PERCENT,percent,G,Global,_X,Not Available,,,,,,
DATAFLOW,SPC:DF_BP50(1.0),Blue Pacific 2050 (all),I,A,Annual,SH_DTH_NCD,"Mortality rate attributed to cardiovascular disease, cancer,
            diabetes or chronic respiratory disease",FM,Micronesia (Federated States of),_T,Total,_T,All ages,_T,National,_T,Total,_T,All education levels,_T,All occupations,_Z,Not applicable,_T,No breakdown by disability,2018,,39.2,,PERCENT,percent,G,Global,_X,Not Available,,,,,,
DATAFLOW,SPC:DF_BP50(1.0),Blue Pacific 2050 (all),I,A,Annual,SH_DTH_NCD,"Mortality rate attributed to cardiovascular disease, cancer,
            diabetes or chronic respiratory disease",FM,Micronesia (Federated States of),_T,Total,_T,All ages,_T,National,_T,Total,_T,All education levels,_T,All occupations,_Z,Not applicable,_T,No breakdown by disability,2019,,39.1,,PERCENT,percent,G,Global,_X,Not Available,,,,,,
DATAFLOW,SPC:DF_BP50(1.0),Blue Pacific 2050 (all),I,A,Annual,SH_DTH_NCD,"Mortality rate attributed to cardiovascular disease, cancer,
            diabetes or chronic respiratory disease",FM,Micronesia (Federated States of),_T,Total,_T,All ages,_T,National,_T,Total,_T,All education levels,_T,All occupations,_Z,Not applicable,_T,No breakdown by disability,2020,,40.7,,PERCENT,percent,G,Global,_X,Not Available,,,,,,
DATAFLOW,SPC:DF_BP50(1.0),Blue Pacific 2050 (all),I,A,Annual,SH_DTH_NCD,"Mortality rate attributed to cardiovascular disease, cancer,
            diabetes or chronic respiratory disease",FM,Micronesia (Federated States of),_T,Total,_T,All ages,_T,National,_T,Total,_T,All education levels,_T,All occupations,_Z,Not applicable,_T,No breakdown by disability,2021,,40.5,,PERCENT,percent,G,Global,_X,Not Available,,,,,,
DATAFLOW,SPC:DF_BP50(1.0),Blue Pacific 2050 (all),I,A,Annual,SH_TBS_INCD,Tuberculosis incidence,CK,Cook Islands,_T,Total,_T,All ages,_T,National,_T,Total,_T,All education levels,_T,All occupations,_Z,Not applicable,_T,No breakdown by disability,2000,,7.3,,PER_100000_POP,"per 100,000 population",G,Global,_X,Not Available,,,,,,
DATAFLOW,SPC:DF_BP50(1.0),Blue Pacific 2050 (all),I,A,Annual,SH_TBS_INCD,Tuberculosis incidence,CK,Cook Islands,_T,Total,_T,All ages,_T,National,_T,Total,_T,All education levels,_T,All occupations,_Z,Not applicable,_T,No breakdown by disability,2001,,15,,PER_100000_POP,"per 100,000 population",G,Global,_X,Not Available,,,,,,
DATAFLOW,SPC:DF_BP50(1.0),Blue Pacific 2050 (all),I,A,Annual,SH_TBS_INCD,Tuberculosis incidence,CK,Cook Islands,_T,Total,_T,All ages,_T,National,_T,Total,_T,All education levels,_T,All occupations,_Z,Not applicable,_T,No breakdown by disability,2002,,7.7,,PER_100000_POP,"per 100,000 population",G,Global,_X,Not Available,,,,,,
DATAFLOW,SPC:DF_BP50(1.0),Blue Pacific 2050 (all),I,A,Annual,SH_TBS_INCD,Tuberculosis incidence,CK,Cook Islands,_T,Total,_T,All ages,_T,National,_T,Total,_T,All education levels,_T,All occupations,_Z,Not applicable,_T,No breakdown by disability,2003,,0,,PER_100000_POP,"per 100,000 population",G,Global,_X,Not Available,,,,,,
DATAFLOW,SPC:DF_BP50(1.0),Blue Pacific 2050 (all),I,A,Annual,SH_TBS_INCD,Tuberculosis incidence,CK,Cook Islands,_T,Total,_T,All ages,_T,National,_T,Total,_T,All education levels,_T,All occupations,_Z,Not applicable,_T,No breakdown by disability,2004,,7.6,,PER_100000_POP,"per 100,000 population",G,Global,_X,Not Available,,,,,,
DATAFLOW,SPC:DF_BP50(1.0),Blue Pacific 2050 (all),I,A,Annual,SH_TBS_INCD,Tuberculosis incidence,CK,Cook Islands,_T,Total,_T,All ages,_T,National,_T,Total,_T,All education levels,_T,All occupations,_Z,Not applicable,_T,No breakdown by disability,2005,,7.6,,PER_100000_POP,"per 100,000 population",G,Global,_X,Not Available,,,,,,
DATAFLOW,SPC:DF_BP50(1.0),Blue Pacific 2050 (all),I,A,Annual,SH_TBS_INCD,Tuberculosis incidence,CK,Cook Islands,_T,Total,_T,All ages,_T,National,_T,Total,_T,All education levels,_T,All occupations,_Z,Not applicable,_T,No breakdown by disability,2006,,7.6,,PER_100000_POP,"per 100,000 population",G,Global,_X,Not Available,,,,,,
DATAFLOW,SPC:DF_BP50(1.0),Blue Pacific 2050 (all),I,A,Annual,SH_TBS_INCD,Tuberculosis incidence,CK,Cook Islands,_T,Total,_T,All ages,_T,National,_T,Total,_T,All education levels,_T,All occupations,_Z,Not applicable,_T,No breakdown by disability,2007,,7.6,,PER_100000_POP,"per 100,000 population",G,Global,_X,Not Available,,,,,,
DATAFLOW,SPC:DF_BP50(1.0),Blue Pacific 2050 (all),I,A,Annual,SH_TBS_INCD,Tuberculosis incidence,CK,Cook Islands,_T,Total,_T,All ages,_T,National,_T,Total,_T,All education levels,_T,All occupations,_Z,Not applicable,_T,No breakdown by disability,2008,,14,,PER_100000_POP,"per 100,000 population",G,Global,_X,Not Available,,,,,,
DATAFLOW,SPC:DF_BP50(1.0),Blue Pacific 2050 (all),I,A,Annual,SH_TBS_INCD,Tuberculosis incidence,CK,Cook Islands,_T,Total,_T,All ages,_T,National,_T,Total,_T,All education levels,_T,All occupations,_Z,Not applicable,_T,No breakdown by disability,2009,,14,,PER_100000_POP,"per 100,000 population",G,Global,_X,Not Available,,,,,,
DATAFLOW,SPC:DF_BP50(1.0),Blue Pacific 2050 (all),I,A,Annual,SH_TBS_INCD,Tuberculosis incidence,CK,Cook Islands,_T,Total,_T,All ages,_T,National,_T,Total,_T,All education levels,_T,All occupations,_Z,Not applicable,_T,No breakdown by disability,2010,,0,,PER_100000_POP,"per 100,000 population",G,Global,_X,Not Available,,,,,,
DATAFLOW,SPC:DF_BP50(1.0),Blue Pacific 2050 (all),I,A,Annual,SH_TBS_INCD,Tuberculosis incidence,CK,Cook Islands,_T,Total,_T,All ages,_T,National,_T,Total,_T,All education levels,_T,All occupations,_Z,Not applicable,_T,No breakdown by disability,2011,,6.6,,PER_100000_POP,"per 100,000 population",G,Global,_X,Not Available,,,,,,
DATAFLOW,SPC:DF_BP50(1.0),Blue Pacific 2050 (all),I,A,Annual,SH_TBS_INCD,Tuberculosis incidence,CK,Cook Islands,_T,Total,_T,All ages,_T,National,_T,Total,_T,All education levels,_T,All occupations,_Z,Not applicable,_T,No breakdown by disability,2012,,6.5,,PER_100000_POP,"per 100,000 population",G,Global,_X,Not Available,,,,,,
DATAFLOW,SPC:DF_BP50(1.0),Blue Pacific 2050 (all),I,A,Annual,SH_TBS_INCD,Tuberculosis incidence,CK,Cook Islands,_T,Total,_T,All ages,_T,National,_T,Total,_T,All education levels,_T,All occupations,_Z,Not applicable,_T,No breakdown by disability,2013,,13,,PER_100000_POP,"per 100,000 population",G,Global,_X,Not Available,,,,,,
DATAFLOW,SPC:DF_BP50(1.0),Blue Pacific 2050 (all),I,A,Annual,SH_TBS_INCD,Tuberculosis incidence,CK,Cook Islands,_T,Total,_T,All ages,_T,National,_T,Total,_T,All education levels,_T,All occupations,_Z,Not applicable,_T,No breakdown by disability,2014,,13,,PER_100000_POP,"per 100,000 population",G,Global,_X,Not Available,,,,,,
DATAFLOW,SPC:DF_BP50(1.0),Blue Pacific 2050 (all),I,A,Annual,SH_TBS_INCD,Tuberculosis incidence,CK,Cook Islands,_T,Total,_T,All ages,_T,National,_T,Total,_T,All education levels,_T,All occupations,_Z,Not applicable,_T,No breakdown by disability,2015,,0,,PER_100000_POP,"per 100,000 population",G,Global,_X,Not Available,,,,,,
DATAFLOW,SPC:DF_BP50(1.0),Blue Pacific 2050 (all),I,A,Annual,SH_TBS_INCD,Tuberculosis incidence,CK,Cook Islands,_T,Total,_T,All ages,_T,National,_T,Total,_T,All education levels,_T,All occupations,_Z,Not applicable,_T,No breakdown by disability,2016,,13,,PER_100000_POP,"per 100,000 population",G,Global,_X,Not Available,,,,,,
DATAFLOW,SPC:DF_BP50(1.0),Blue Pacific 2050 (all),I,A,Annual,SH_TBS_INCD,Tuberculosis incidence,CK,Cook Islands,_T,Total,_T,All ages,_T,National,_T,Total,_T,All education levels,_T,All occupations,_Z,Not applicable,_T,No breakdown by disability,2017,,0,,PER_100000_POP,"per 100,000 population",G,Global,_X,Not Available,,,,,,
DATAFLOW,SPC:DF_BP50(1.0),Blue Pacific 2050 (all),I,A,Annual,SH_TBS_INCD,Tuberculosis incidence,CK,Cook Islands,_T,Total,_T,All ages,_T,National,_T,Total,_T,All education levels,_T,All occupations,_Z,Not applicable,_T,No breakdown by disability,2018,,0,,PER_100000_POP,"per 100,000 population",G,Global,_X,Not Available,,,,,,
DATAFLOW,SPC:DF_BP50(1.0),Blue Pacific 2050 (all),I,A,Annual,SH_TBS_INCD,Tuberculosis incidence,CK,Cook Islands,_T,Total,_T,All ages,_T,National,_T,Total,_T,All education levels,_T,All occupations,_Z,Not applicable,_T,No breakdown by disability,2019,,7.1,,PER_100000_POP,"per 100,000 population",G,Global,_X,Not Available,,,,,,
DATAFLOW,SPC:DF_BP50(1.0),Blue Pacific 2050 (all),I,A,Annual,SH_TBS_INCD,Tuberculosis incidence,CK,Cook Islands,_T,Total,_T,All ages,_T,National,_T,Total,_T,All education levels,_T,All occupations,_Z,Not applicable,_T,No breakdown by disability,2020,,7.4,,PER_100000_POP,"per 100,000 population",G,Global,_X,Not Available,,,,,,
DATAFLOW,SPC:DF_BP50(1.0),Blue Pacific 2050 (all),I,A,Annual,SH_TBS_INCD,Tuberculosis incidence,CK,Cook Islands,_T,Total,_T,All ages,_T,National,_T,Total,_T,All education levels,_T,All occupations,_Z,Not applicable,_T,No breakdown by disability,2021,,0,,PER_100000_POP,"per 100,000 population",G,Global,_X,Not Available,,,,,,
DATAFLOW,SPC:DF_BP50(1.0),Blue Pacific 2050 (all),I,A,Annual,SH_TBS_INCD,Tuberculosis incidence,CK,Cook Islands,_T,Total,_T,All ages,_T,National,_T,Total,_T,All education levels,_T,All occupations,_Z,Not applicable,_T,No breakdown by disability,2022,,0,,PER_100000_POP,"per 100,000 population",G,Global,_X,Not Available,,,,,,
DATAFLOW,SPC:DF_BP50(1.0),Blue Pacific 2050 (all),I,A,Annual,SH_TBS_INCD,Tuberculosis incidence,CK,Cook Islands,_T,Total,_T,All ages,_T,National,_T,Total,_T,All education levels,_T,All occupations,_Z,Not applicable,_T,No breakdown by disability,2023,,32,,PER_100000_POP,"per 100,000 population",G,Global,_X,Not Available,,,,,,
DATAFLOW,SPC:DF_BP50(1.0),Blue Pacific 2050 (all),I,A,Annual,SH_TBS_INCD,Tuberculosis incidence,TV,Tuvalu,_T,Total,_T,All ages,_T,National,_T,Total,_T,All education levels,_T,All occupations,_Z,Not applicable,_T,No breakdown by disability,2000,,196,,PER_100000_POP,"per 100,000 population",G,Global,_X,Not Available,,,,,,
DATAFLOW,SPC:DF_BP50(1.0),Blue Pacific 2050 (all),I,A,Annual,SH_TBS_INCD,Tuberculosis incidence,TV,Tuvalu,_T,Total,_T,All ages,_T,National,_T,Total,_T,All education levels,_T,All occupations,_Z,Not applicable,_T,No breakdown by disability,2001,,194,,PER_100000_POP,"per 100,000 population",G,Global,_X,Not Available,,,,,,
DATAFLOW,SPC:DF_BP50(1.0),Blue Pacific 2050 (all),I,A,Annual,SH_TBS_INCD,Tuberculosis incidence,TV,Tuvalu,_T,Total,_T,All ages,_T,National,_T,Total,_T,All education levels,_T,All occupations,_Z,Not applicable,_T,No breakdown by disability,2002,,156,,PER_100000_POP,"per 100,000 population",G,Global,_X,Not Available,,,,,,
DATAFLOW,SPC:DF_BP50(1.0),Blue Pacific 2050 (all),I,A,Annual,SH_TBS_INCD,Tuberculosis incidence,TV,Tuvalu,_T,Total,_T,All ages,_T,National,_T,Total,_T,All education levels,_T,All occupations,_Z,Not applicable,_T,No breakdown by disability,2003,,367,,PER_100000_POP,"per 100,000 population",G,Global,_X,Not Available,,,,,,
DATAFLOW,SPC:DF_BP50(1.0),Blue Pacific 2050 (all),I,A,Annual,SH_TBS_INCD,Tuberculosis incidence,TV,Tuvalu,_T,Total,_T,All ages,_T,National,_T,Total,_T,All education levels,_T,All occupations,_Z,Not applicable,_T,No breakdown by disability,2004,,186,,PER_100000_POP,"per 100,000 population",G,Global,_X,Not Available,,,,,,
DATAFLOW,SPC:DF_BP50(1.0),Blue Pacific 2050 (all),I,A,Annual,SH_TBS_INCD,Tuberculosis incidence,TV,Tuvalu,_T,Total,_T,All ages,_T,National,_T,Total,_T,All education levels,_T,All occupations,_Z,Not applicable,_T,No breakdown by disability,2005,,138,,PER_100000_POP,"per 100,000 population",G,Global,_X,Not Available,,,,,,
DATAFLOW,SPC:DF_BP50(1.0),Blue Pacific 2050 (all),I,A,Annual,SH_TBS_INCD,Tuberculosis incidence,TV,Tuvalu,_T,Total,_T,All ages,_T,National,_T,Total,_T,All education levels,_T,All occupations,_Z,Not applicable,_T,No breakdown by disability,2006,,102,,PER_100000_POP,"per 100,000 population",G,Global,_X,Not Available,,,,,,
DATAFLOW,SPC:DF_BP50(1.0),Blue Pacific 2050 (all),I,A,Annual,SH_TBS_INCD,Tuberculosis incidence,TV,Tuvalu,_T,Total,_T,All ages,_T,National,_T,Total,_T,All education levels,_T,All occupations,_Z,Not applicable,_T,No breakdown by disability,2007,,203,,PER_100000_POP,"per 100,000 population",G,Global,_X,Not Available,,,,,,
DATAFLOW,SPC:DF_BP50(1.0),Blue Pacific 2050 (all),I,A,Annual,SH_TBS_INCD,Tuberculosis incidence,TV,Tuvalu,_T,Total,_T,All ages,_T,National,_T,Total,_T,All education levels,_T,All occupations,_Z,Not applicable,_T,No breakdown by disability,2008,,190,,PER_100000_POP,"per 100,000 population",G,Global,_X,Not Available,,,,,,
DATAFLOW,SPC:DF_BP50(1.0),Blue Pacific 2050 (all),I,A,Annual,SH_TBS_INCD,Tuberculosis incidence,TV,Tuvalu,_T,Total,_T,All ages,_T,National,_T,Total,_T,All education levels,_T,All occupations,_Z,Not applicable,_T,No breakdown by disability,2009,,199,,PER_100000_POP,"per 100,000 population",G,Global,_X,Not Available,,,,,,
DATAFLOW,SPC:DF_BP50(1.0),Blue Pacific 2050 (all),I,A,Annual,SH_TBS_INCD,Tuberculosis incidence,TV,Tuvalu,_T,Total,_T,All ages,_T,National,_T,Total,_T,All education levels,_T,All occupations,_Z,Not applicable,_T,No breakdown by disability,2010,,153,,PER_100000_POP,"per 100,000 population",G,Global,_X,Not Available,,,,,,
DATAFLOW,SPC:DF_BP50(1.0),Blue Pacific 2050 (all),I,A,Annual,SH_TBS_INCD,Tuberculosis incidence,TV,Tuvalu,_T,Total,_T,All ages,_T,National,_T,Total,_T,All education levels,_T,All occupations,_Z,Not applicable,_T,No breakdown by disability,2011,,130,,PER_100000_POP,"per 100,000 population",G,Global,_X,Not Available,,,,,,
DATAFLOW,SPC:DF_BP50(1.0),Blue Pacific 2050 (all),I,A,Annual,SH_TBS_INCD,Tuberculosis incidence,TV,Tuvalu,_T,Total,_T,All ages,_T,National,_T,Total,_T,All education levels,_T,All occupations,_Z,Not applicable,_T,No breakdown by disability,2012,,203,,PER_100000_POP,"per 100,000 population",G,Global,_X,Not Available,,,,,,
DATAFLOW,SPC:DF_BP50(1.0),Blue Pacific 2050 (all),I,A,Annual,SH_TBS_INCD,Tuberculosis incidence,TV,Tuvalu,_T,Total,_T,All ages,_T,National,_T,Total,_T,All education levels,_T,All occupations,_Z,Not applicable,_T,No breakdown by disability,2013,,191,,PER_100000_POP,"per 100,000 population",G,Global,_X,Not Available,,,,,,
DATAFLOW,SPC:DF_BP50(1.0),Blue Pacific 2050 (all),I,A,Annual,SH_TBS_INCD,Tuberculosis incidence,TV,Tuvalu,_T,Total,_T,All ages,_T,National,_T,Total,_T,All education levels,_T,All occupations,_Z,Not applicable,_T,No breakdown by disability,2014,,157,,PER_100000_POP,"per 100,000 population",G,Global,_X,Not Available,,,,,,
DATAFLOW,SPC:DF_BP50(1.0),Blue Pacific 2050 (all),I,A,Annual,SH_TBS_INCD,Tuberculosis incidence,TV,Tuvalu,_T,Total,_T,All ages,_T,National,_T,Total,_T,All education levels,_T,All occupations,_Z,Not applicable,_T,No breakdown by disability,2015,,207,,PER_100000_POP,"per 100,000 population",G,Global,_X,Not Available,,,,,,
DATAFLOW,SPC:DF_BP50(1.0),Blue Pacific 2050 (all),I,A,Annual,SH_TBS_INCD,Tuberculosis incidence,TV,Tuvalu,_T,Total,_T,All ages,_T,National,_T,Total,_T,All education levels,_T,All occupations,_Z,Not applicable,_T,No breakdown by disability,2016,,205,,PER_100000_POP,"per 100,000 population",G,Global,_X,Not Available,,,,,,
DATAFLOW,SPC:DF_BP50(1.0),Blue Pacific 2050 (all),I,A,Annual,SH_TBS_INCD,Tuberculosis incidence,TV,Tuvalu,_T,Total,_T,All ages,_T,National,_T,Total,_T,All education levels,_T,All occupations,_Z,Not applicable,_T,No breakdown by disability,2017,,233,,PER_100000_POP,"per 100,000 population",G,Global,_X,Not Available,,,,,,
DATAFLOW,SPC:DF_BP50(1.0),Blue Pacific 2050 (all),I,A,Annual,SH_TBS_INCD,Tuberculosis incidence,TV,Tuvalu,_T,Total,_T,All ages,_T,National,_T,Total,_T,All education levels,_T,All occupations,_Z,Not applicable,_T,No breakdown by disability,2018,,270,,PER_100000_POP,"per 100,000 population",G,Global,_X,Not Available,,,,,,
DATAFLOW,SPC:DF_BP50(1.0),Blue Pacific 2050 (all),I,A,Annual,SH_TBS_INCD,Tuberculosis incidence,TV,Tuvalu,_T,Total,_T,All ages,_T,National,_T,Total,_T,All education levels,_T,All occupations,_Z,Not applicable,_T,No breakdown by disability,2019,,296,,PER_100000_POP,"per 100,000 population",G,Global,_X,Not Available,,,,,,
DATAFLOW,SPC:DF_BP50(1.0),Blue Pacific 2050 (all),I,A,Annual,SH_TBS_INCD,Tuberculosis incidence,TV,Tuvalu,_T,Total,_T,All ages,_T,National,_T,Total,_T,All education levels,_T,All occupations,_Z,Not applicable,_T,No breakdown by disability,2020,,296,,PER_100000_POP,"per 100,000 population",G,Global,_X,Not Available,,,,,,
DATAFLOW,SPC:DF_BP50(1.0),Blue Pacific 2050 (all),I,A,Annual,SH_TBS_INCD,Tuberculosis incidence,TV,Tuvalu,_T,Total,_T,All ages,_T,National,_T,Total,_T,All education levels,_T,All occupations,_Z,Not applicable,_T,No breakdown by disability,2021,,296,,PER_100000_POP,"per 100,000 population",G,Global,_X,Not Available,,,,,,
DATAFLOW,SPC:DF_BP50(1.0),Blue Pacific 2050 (all),I,A,Annual,SH_TBS_INCD,Tuberculosis incidence,TV,Tuvalu,_T,Total,_T,All ages,_T,National,_T,Total,_T,All education levels,_T,All occupations,_Z,Not applicable,_T,No breakdown by disability,2022,,296,,PER_100000_POP,"per 100,000 population",G,Global,_X,Not Available,,,,,,
DATAFLOW,SPC:DF_BP50(1.0),Blue Pacific 2050 (all),I,A,Annual,SH_TBS_INCD,Tuberculosis incidence,TV,Tuvalu,_T,Total,_T,All ages,_T,National,_T,Total,_T,All education levels,_T,All occupations,_Z,Not applicable,_T,No breakdown by disability,2023,,296,,PER_100000_POP,"per 100,000 population",G,Global,_X,Not Available,,,,,,
DATAFLOW,SPC:DF_BP50(1.0),Blue Pacific 2050 (all),I,A,Annual,SH_TBS_INCD,Tuberculosis incidence,PF,French Polynesia,_T,Total,_T,All ages,_T,National,_T,Total,_T,All education levels,_T,All occupations,_Z,Not applicable,_T,No breakdown by disability,2000,,30,,PER_100000_POP,"per 100,000 population",G,Global,G,Global Montioring Data,WHO Global Tuberculosis Report 2024 (https://www.who.int/teams/global-tuberculosis-programme/data),,,,Data extracted as of 2025-01-07 based on data originally compiled for the 2024 WHO Global TB Report,
DATAFLOW,SPC:DF_BP50(1.0),Blue Pacific 2050 (all),I,A,Annual,SH_TBS_INCD,Tuberculosis incidence,PF,French Polynesia,_T,Total,_T,All ages,_T,National,_T,Total,_T,All education levels,_T,All occupations,_Z,Not applicable,_T,No breakdown by disability,2001,,29,,PER_100000_POP,"per 100,000 population",G,Global,G,Global Montioring Data,WHO Global Tuberculosis Report 2024 (https://www.who.int/teams/global-tuberculosis-programme/data),,,,Data extracted as of 2025-01-07 based on data originally compiled for the 2024 WHO Global TB Report,
DATAFLOW,SPC:DF_BP50(1.0),Blue Pacific 2050 (all),I,A,Annual,SH_TBS_INCD,Tuberculosis incidence,PF,French Polynesia,_T,Total,_T,All ages,_T,National,_T,Total,_T,All education levels,_T,All occupations,_Z,Not applicable,_T,No breakdown by disability,2002,,31,,PER_100000_POP,"per 100,000 population",G,Global,G,Global Montioring Data,WHO Global Tuberculosis Report 2024 (https://www.who.int/teams/global-tuberculosis-programme/data),,,,Data extracted as of 2025-01-07 based on data originally compiled for the 2024 WHO Global TB Report,
DATAFLOW,SPC:DF_BP50(1.0),Blue Pacific 2050 (all),I,A,Annual,SH_TBS_INCD,Tuberculosis incidence,PF,French Polynesia,_T,Total,_T,All ages,_T,National,_T,Total,_T,All education levels,_T,All occupations,_Z,Not applicable,_T,No breakdown by disability,2003,,23,,PER_100000_POP,"per 100,000 population",G,Global,G,Global Montioring Data,WHO Global Tuberculosis Report 2024 (https://www.who.int/teams/global-tuberculosis-programme/data),,,,Data extracted as of 2025-01-07 based on data originally compiled for the 2024 WHO Global TB Report,
DATAFLOW,SPC:DF_BP50(1.0),Blue Pacific 2050 (all),I,A,Annual,SH_TBS_INCD,Tuberculosis incidence,PF,French Polynesia,_T,Total,_T,All ages,_T,National,_T,Total,_T,All education levels,_T,All occupations,_Z,Not applicable,_T,No breakdown by disability,2004,,28,,PER_100000_POP,"per 100,000 population",G,Global,G,Global Montioring Data,WHO Global Tuberculosis Report 2024 (https://www.who.int/teams/global-tuberculosis-programme/data),,,,Data extracted as of 2025-01-07 based on data originally compiled for the 2024 WHO Global TB Report,
DATAFLOW,SPC:DF_BP50(1.0),Blue Pacific 2050 (all),I,A,Annual,SH_TBS_INCD,Tuberculosis incidence,PF,French Polynesia,_T,Total,_T,All ages,_T,National,_T,Total,_T,All education levels,_T,All occupations,_Z,Not applicable,_T,No breakdown by disability,2005,,28,,PER_100000_POP,"per 100,000 population",G,Global,G,Global Montioring Data,WHO Global Tuberculosis Report 2024 (https://www.who.int/teams/global-tuberculosis-programme/data),,,,Data extracted as of 2025-01-07 based on data originally compiled for the 2024 WHO Global TB Report,
DATAFLOW,SPC:DF_BP50(1.0),Blue Pacific 2050 (all),I,A,Annual,SH_TBS_INCD,Tuberculosis incidence,PF,French Polynesia,_T,Total,_T,All ages,_T,National,_T,Total,_T,All education levels,_T,All occupations,_Z,Not applicable,_T,No breakdown by disability,2006,,30,,PER_100000_POP,"per 100,000 population",G,Global,G,Global Montioring Data,WHO Global Tuberculosis Report 2024 (https://www.who.int/teams/global-tuberculosis-programme/data),,,,Data extracted as of 2025-01-07 based on data originally compiled for the 2024 WHO Global TB Report,
DATAFLOW,SPC:DF_BP50(1.0),Blue Pacific 2050 (all),I,A,Annual,SH_TBS_INCD,Tuberculosis incidence,PF,French Polynesia,_T,Total,_T,All ages,_T,National,_T,Total,_T,All education levels,_T,All occupations,_Z,Not applicable,_T,No breakdown by disability,2007,,28,,PER_100000_POP,"per 100,000 population",G,Global,G,Global Montioring Data,WHO Global Tuberculosis Report 2024 (https://www.who.int/teams/global-tuberculosis-programme/data),,,,Data extracted as of 2025-01-07 based on data originally compiled for the 2024 WHO Global TB Report,
DATAFLOW,SPC:DF_BP50(1.0),Blue Pacific 2050 (all),I,A,Annual,SH_TBS_INCD,Tuberculosis incidence,PF,French Polynesia,_T,Total,_T,All ages,_T,National,_T,Total,_T,All education levels,_T,All occupations,_Z,Not applicable,_T,No breakdown by disability,2008,,21,,PER_100000_POP,"per 100,000 population",G,Global,G,Global Montioring Data,WHO Global Tuberculosis Report 2024 (https://www.who.int/teams/global-tuberculosis-programme/data),,,,Data extracted as of 2025-01-07 based on data originally compiled for the 2024 WHO Global TB Report,
DATAFLOW,SPC:DF_BP50(1.0),Blue Pacific 2050 (all),I,A,Annual,SH_TBS_INCD,Tuberculosis incidence,PF,French Polynesia,_T,Total,_T,All ages,_T,National,_T,Total,_T,All education levels,_T,All occupations,_Z,Not applicable,_T,No breakdown by disability,2009,,23,,PER_100000_POP,"per 100,000 population",G,Global,G,Global Montioring Data,WHO Global Tuberculosis Report 2024 (https://www.who.int/teams/global-tuberculosis-programme/data),,,,Data extracted as of 2025-01-07 based on data originally compiled for the 2024 WHO Global TB Report,
DATAFLOW,SPC:DF_BP50(1.0),Blue Pacific 2050 (all),I,A,Annual,SH_TBS_INCD,Tuberculosis incidence,PF,French Polynesia,_T,Total,_T,All ages,_T,National,_T,Total,_T,All education levels,_T,All occupations,_Z,Not applicable,_T,No breakdown by disability,2010,,17,,PER_100000_POP,"per 100,000 population",G,Global,G,Global Montioring Data,WHO Global Tuberculosis Report 2024 (https://www.who.int/teams/global-tuberculosis-programme/data),,,,Data extracted as of 2025-01-07 based on data originally compiled for the 2024 WHO Global TB Report,
DATAFLOW,SPC:DF_BP50(1.0),Blue Pacific 2050 (all),I,A,Annual,SH_TBS_INCD,Tuberculosis incidence,PF,French Polynesia,_T,Total,_T,All ages,_T,National,_T,Total,_T,All education levels,_T,All occupations,_Z,Not applicable,_T,No breakdown by disability,2011,,27,,PER_100000_POP,"per 100,000 population",G,Global,G,Global Montioring Data,WHO Global Tuberculosis Report 2024 (https://www.who.int/teams/global-tuberculosis-programme/data),,,,Data extracted as of 2025-01-07 based on data originally compiled for the 2024 WHO Global TB Report,
DATAFLOW,SPC:DF_BP50(1.0),Blue Pacific 2050 (all),I,A,Annual,SH_TBS_INCD,Tuberculosis incidence,PF,French Polynesia,_T,Total,_T,All ages,_T,National,_T,Total,_T,All education levels,_T,All occupations,_Z,Not applicable,_T,No breakdown by disability,2012,,21,,PER_100000_POP,"per 100,000 population",G,Global,G,Global Montioring Data,WHO Global Tuberculosis Report 2024 (https://www.who.int/teams/global-tuberculosis-programme/data),,,,Data extracted as of 2025-01-07 based on data originally compiled for the 2024 WHO Global TB Report,
DATAFLOW,SPC:DF_BP50(1.0),Blue Pacific 2050 (all),I,A,Annual,SH_TBS_INCD,Tuberculosis incidence,PF,French Polynesia,_T,Total,_T,All ages,_T,National,_T,Total,_T,All education levels,_T,All occupations,_Z,Not applicable,_T,No breakdown by disability,2013,,22,,PER_100000_POP,"per 100,000 population",G,Global,G,Global Montioring Data,WHO Global Tuberculosis Report 2024 (https://www.who.int/teams/global-tuberculosis-programme/data),,,,Data extracted as of 2025-01-07 based on data originally compiled for the 2024 WHO Global TB Report,
DATAFLOW,SPC:DF_BP50(1.0),Blue Pacific 2050 (all),I,A,Annual,SH_TBS_INCD,Tuberculosis incidence,PF,French Polynesia,_T,Total,_T,All ages,_T,National,_T,Total,_T,All education levels,_T,All occupations,_Z,Not applicable,_T,No breakdown by disability,2014,,23,,PER_100000_POP,"per 100,000 population",G,Global,G,Global Montioring Data,WHO Global Tuberculosis Report 2024 (https://www.who.int/teams/global-tuberculosis-programme/data),,,,Data extracted as of 2025-01-07 based on data originally compiled for the 2024 WHO Global TB Report,
DATAFLOW,SPC:DF_BP50(1.0),Blue Pacific 2050 (all),I,A,Annual,SH_TBS_INCD,Tuberculosis incidence,PF,French Polynesia,_T,Total,_T,All ages,_T,National,_T,Total,_T,All education levels,_T,All occupations,_Z,Not applicable,_T,No breakdown by disability,2015,,19,,PER_100000_POP,"per 100,000 population",G,Global,G,Global Montioring Data,WHO Global Tuberculosis Report 2024 (https://www.who.int/teams/global-tuberculosis-programme/data),,,,Data extracted as of 2025-01-07 based on data originally compiled for the 2024 WHO Global TB Report,
DATAFLOW,SPC:DF_BP50(1.0),Blue Pacific 2050 (all),I,A,Annual,SH_TBS_INCD,Tuberculosis incidence,PF,French Polynesia,_T,Total,_T,All ages,_T,National,_T,Total,_T,All education levels,_T,All occupations,_Z,Not applicable,_T,No breakdown by disability,2016,,23,,PER_100000_POP,"per 100,000 population",G,Global,G,Global Montioring Data,WHO Global Tuberculosis Report 2024 (https://www.who.int/teams/global-tuberculosis-programme/data),,,,Data extracted as of 2025-01-07 based on data originally compiled for the 2024 WHO Global TB Report,
DATAFLOW,SPC:DF_BP50(1.0),Blue Pacific 2050 (all),I,A,Annual,SH_TBS_INCD,Tuberculosis incidence,PF,French Polynesia,_T,Total,_T,All ages,_T,National,_T,Total,_T,All education levels,_T,All occupations,_Z,Not applicable,_T,No breakdown by disability,2017,,21,,PER_100000_POP,"per 100,000 population",G,Global,G,Global Montioring Data,WHO Global Tuberculosis Report 2024 (https://www.who.int/teams/global-tuberculosis-programme/data),,,,Data extracted as of 2025-01-07 based on data originally compiled for the 2024 WHO Global TB Report,
DATAFLOW,SPC:DF_BP50(1.0),Blue Pacific 2050 (all),I,A,Annual,SH_TBS_INCD,Tuberculosis incidence,PF,French Polynesia,_T,Total,_T,All ages,_T,National,_T,Total,_T,All education levels,_T,All occupations,_Z,Not applicable,_T,No breakdown by disability,2018,,22,,PER_100000_POP,"per 100,000 population",G,Global,G,Global Montioring Data,WHO Global Tuberculosis Report 2024 (https://www.who.int/teams/global-tuberculosis-programme/data),,,,Data extracted as of 2025-01-07 based on data originally compiled for the 2024 WHO Global TB Report,
DATAFLOW,SPC:DF_BP50(1.0),Blue Pacific 2050 (all),I,A,Annual,SH_TBS_INCD,Tuberculosis incidence,PF,French Polynesia,_T,Total,_T,All ages,_T,National,_T,Total,_T,All education levels,_T,All occupations,_Z,Not applicable,_T,No breakdown by disability,2019,,20,,PER_100000_POP,"per 100,000 population",G,Global,G,Global Montioring Data,WHO Global Tuberculosis Report 2024 (https://www.who.int/teams/global-tuberculosis-programme/data),,,,Data extracted as of 2025-01-07 based on data originally compiled for the 2024 WHO Global TB Report,
DATAFLOW,SPC:DF_BP50(1.0),Blue Pacific 2050 (all),I,A,Annual,SH_TBS_INCD,Tuberculosis incidence,PF,French Polynesia,_T,Total,_T,All ages,_T,National,_T,Total,_T,All education levels,_T,All occupations,_Z,Not applicable,_T,No breakdown by disability,2020,,26,,PER_100000_POP,"per 100,000 population",G,Global,G,Global Montioring Data,WHO Global Tuberculosis Report 2024 (https://www.who.int/teams/global-tuberculosis-programme/data),,,,Data extracted as of 2025-01-07 based on data originally compiled for the 2024 WHO Global TB Report,
DATAFLOW,SPC:DF_BP50(1.0),Blue Pacific 2050 (all),I,A,Annual,SH_TBS_INCD,Tuberculosis incidence,PF,French Polynesia,_T,Total,_T,All ages,_T,National,_T,Total,_T,All education levels,_T,All occupations,_Z,Not applicable,_T,No breakdown by disability,2021,,14,,PER_100000_POP,"per 100,000 population",G,Global,G,Global Montioring Data,WHO Global Tuberculosis Report 2024 (https://www.who.int/teams/global-tuberculosis-programme/data),,,,Data extracted as of 2025-01-07 based on data originally compiled for the 2024 WHO Global TB Report,
DATAFLOW,SPC:DF_BP50(1.0),Blue Pacific 2050 (all),I,A,Annual,SH_TBS_INCD,Tuberculosis incidence,PF,French Polynesia,_T,Total,_T,All ages,_T,National,_T,Total,_T,All education levels,_T,All occupations,_Z,Not applicable,_T,No breakdown by disability,2022,,23,,PER_100000_POP,"per 100,000 population",G,Global,G,Global Montioring Data,WHO Global Tuberculosis Report 2024 (https://www.who.int/teams/global-tuberculosis-programme/data),,,,Data extracted as of 2025-01-07 based on data originally compiled for the 2024 WHO Global TB Report,
DATAFLOW,SPC:DF_BP50(1.0),Blue Pacific 2050 (all),I,A,Annual,SH_TBS_INCD,Tuberculosis incidence,PF,French Polynesia,_T,Total,_T,All ages,_T,National,_T,Total,_T,All education levels,_T,All occupations,_Z,Not applicable,_T,No breakdown by disability,2023,,14,,PER_100000_POP,"per 100,000 population",G,Global,G,Global Montioring Data,WHO Global Tuberculosis Report 2024 (https://www.who.int/teams/global-tuberculosis-programme/data),,,,Data extracted as of 2025-01-07 based on data originally compiled for the 2024 WHO Global TB Report,
DATAFLOW,SPC:DF_BP50(1.0),Blue Pacific 2050 (all),I,A,Annual,SH_DTH_NCD,"Mortality rate attributed to cardiovascular disease, cancer,
            diabetes or chronic respiratory disease",SB,Solomon Islands,_T,Total,_T,All ages,_T,National,_T,Total,_T,All education levels,_T,All occupations,_Z,Not applicable,_T,No breakdown by disability,2000,,34.3,,PERCENT,percent,G,Global,_X,Not Available,,,,,,
DATAFLOW,SPC:DF_BP50(1.0),Blue Pacific 2050 (all),I,A,Annual,SH_DTH_NCD,"Mortality rate attributed to cardiovascular disease, cancer,
            diabetes or chronic respiratory disease",SB,Solomon Islands,_T,Total,_T,All ages,_T,National,_T,Total,_T,All education levels,_T,All occupations,_Z,Not applicable,_T,No breakdown by disability,2001,,33.9,,PERCENT,percent,G,Global,_X,Not Available,,,,,,
DATAFLOW,SPC:DF_BP50(1.0),Blue Pacific 2050 (all),I,A,Annual,SH_DTH_NCD,"Mortality rate attributed to cardiovascular disease, cancer,
            diabetes or chronic respiratory disease",SB,Solomon Islands,_T,Total,_T,All ages,_T,National,_T,Total,_T,All education levels,_T,All occupations,_Z,Not applicable,_T,No breakdown by disability,2002,,34,,PERCENT,percent,G,Global,_X,Not Available,,,,,,
DATAFLOW,SPC:DF_BP50(1.0),Blue Pacific 2050 (all),I,A,Annual,SH_DTH_NCD,"Mortality rate attributed to cardiovascular disease, cancer,
            diabetes or chronic respiratory disease",SB,Solomon Islands,_T,Total,_T,All ages,_T,National,_T,Total,_T,All education levels,_T,All occupations,_Z,Not applicable,_T,No breakdown by disability,2003,,35.1,,PERCENT,percent,G,Global,_X,Not Available,,,,,,
DATAFLOW,SPC:DF_BP50(1.0),Blue Pacific 2050 (all),I,A,Annual,SH_DTH_NCD,"Mortality rate attributed to cardiovascular disease, cancer,
            diabetes or chronic respiratory disease",SB,Solomon Islands,_T,Total,_T,All ages,_T,National,_T,Total,_T,All education levels,_T,All occupations,_Z,Not applicable,_T,No breakdown by disability,2004,,31.4,,PERCENT,percent,G,Global,_X,Not Available,,,,,,
DATAFLOW,SPC:DF_BP50(1.0),Blue Pacific 2050 (all),I,A,Annual,SH_DTH_NCD,"Mortality rate attributed to cardiovascular disease, cancer,
            diabetes or chronic respiratory disease",SB,Solomon Islands,_T,Total,_T,All ages,_T,National,_T,Total,_T,All education levels,_T,All occupations,_Z,Not applicable,_T,No breakdown by disability,2005,,33.7,,PERCENT,percent,G,Global,_X,Not Available,,,,,,
DATAFLOW,SPC:DF_BP50(1.0),Blue Pacific 2050 (all),I,A,Annual,SH_DTH_NCD,"Mortality rate attributed to cardiovascular disease, cancer,
            diabetes or chronic respiratory disease",SB,Solomon Islands,_T,Total,_T,All ages,_T,National,_T,Total,_T,All education levels,_T,All occupations,_Z,Not applicable,_T,No breakdown by disability,2006,,33.4,,PERCENT,percent,G,Global,_X,Not Available,,,,,,
DATAFLOW,SPC:DF_BP50(1.0),Blue Pacific 2050 (all),I,A,Annual,SH_DTH_NCD,"Mortality rate attributed to cardiovascular disease, cancer,
            diabetes or chronic respiratory disease",SB,Solomon Islands,_T,Total,_T,All ages,_T,National,_T,Total,_T,All education levels,_T,All occupations,_Z,Not applicable,_T,No breakdown by disability,2007,,37.6,,PERCENT,percent,G,Global,_X,Not Available,,,,,,
DATAFLOW,SPC:DF_BP50(1.0),Blue Pacific 2050 (all),I,A,Annual,SH_DTH_NCD,"Mortality rate attributed to cardiovascular disease, cancer,
            diabetes or chronic respiratory disease",SB,Solomon Islands,_T,Total,_T,All ages,_T,National,_T,Total,_T,All education levels,_T,All occupations,_Z,Not applicable,_T,No breakdown by disability,2008,,39.5,,PERCENT,percent,G,Global,_X,Not Available,,,,,,
DATAFLOW,SPC:DF_BP50(1.0),Blue Pacific 2050 (all),I,A,Annual,SH_DTH_NCD,"Mortality rate attributed to cardiovascular disease, cancer,
            diabetes or chronic respiratory disease",SB,Solomon Islands,_T,Total,_T,All ages,_T,National,_T,Total,_T,All education levels,_T,All occupations,_Z,Not applicable,_T,No breakdown by disability,2009,,39.5,,PERCENT,percent,G,Global,_X,Not Available,,,,,,
DATAFLOW,SPC:DF_BP50(1.0),Blue Pacific 2050 (all),I,A,Annual,SH_DTH_NCD,"Mortality rate attributed to cardiovascular disease, cancer,
            diabetes or chronic respiratory disease",SB,Solomon Islands,_T,Total,_T,All ages,_T,National,_T,Total,_T,All education levels,_T,All occupations,_Z,Not applicable,_T,No breakdown by disability,2010,,39.2,,PERCENT,percent,G,Global,_X,Not Available,,,,,,
DATAFLOW,SPC:DF_BP50(1.0),Blue Pacific 2050 (all),I,A,Annual,SH_DTH_NCD,"Mortality rate attributed to cardiovascular disease, cancer,
            diabetes or chronic respiratory disease",SB,Solomon Islands,_T,Total,_T,All ages,_T,National,_T,Total,_T,All education levels,_T,All occupations,_Z,Not applicable,_T,No breakdown by disability,2011,,39.3,,PERCENT,percent,G,Global,_X,Not Available,,,,,,
DATAFLOW,SPC:DF_BP50(1.0),Blue Pacific 2050 (all),I,A,Annual,SH_DTH_NCD,"Mortality rate attributed to cardiovascular disease, cancer,
            diabetes or chronic respiratory disease",SB,Solomon Islands,_T,Total,_T,All ages,_T,National,_T,Total,_T,All education levels,_T,All occupations,_Z,Not applicable,_T,No breakdown by disability,2012,,39.3,,PERCENT,percent,G,Global,_X,Not Available,,,,,,
DATAFLOW,SPC:DF_BP50(1.0),Blue Pacific 2050 (all),I,A,Annual,SH_DTH_NCD,"Mortality rate attributed to cardiovascular disease, cancer,
            diabetes or chronic respiratory disease",SB,Solomon Islands,_T,Total,_T,All ages,_T,National,_T,Total,_T,All education levels,_T,All occupations,_Z,Not applicable,_T,No breakdown by disability,2013,,39.1,,PERCENT,percent,G,Global,_X,Not Available,,,,,,
DATAFLOW,SPC:DF_BP50(1.0),Blue Pacific 2050 (all),I,A,Annual,SH_DTH_NCD,"Mortality rate attributed to cardiovascular disease, cancer,
            diabetes or chronic respiratory disease",SB,Solomon Islands,_T,Total,_T,All ages,_T,National,_T,Total,_T,All education levels,_T,All occupations,_Z,Not applicable,_T,No breakdown by disability,2014,,39.2,,PERCENT,percent,G,Global,_X,Not Available,,,,,,
DATAFLOW,SPC:DF_BP50(1.0),Blue Pacific 2050 (all),I,A,Annual,SH_DTH_NCD,"Mortality rate attributed to cardiovascular disease, cancer,
            diabetes or chronic respiratory disease",SB,Solomon Islands,_T,Total,_T,All ages,_T,National,_T,Total,_T,All education levels,_T,All occupations,_Z,Not applicable,_T,No breakdown by disability,2015,,39,,PERCENT,percent,G,Global,_X,Not Available,,,,,,
DATAFLOW,SPC:DF_BP50(1.0),Blue Pacific 2050 (all),I,A,Annual,SH_DTH_NCD,"Mortality rate attributed to cardiovascular disease, cancer,
            diabetes or chronic respiratory disease",SB,Solomon Islands,_T,Total,_T,All ages,_T,National,_T,Total,_T,All education levels,_T,All occupations,_Z,Not applicable,_T,No breakdown by disability,2016,,38.6,,PERCENT,percent,G,Global,_X,Not Available,,,,,,
DATAFLOW,SPC:DF_BP50(1.0),Blue Pacific 2050 (all),I,A,Annual,SH_DTH_NCD,"Mortality rate attributed to cardiovascular disease, cancer,
            diabetes or chronic respiratory disease",SB,Solomon Islands,_T,Total,_T,All ages,_T,National,_T,Total,_T,All education levels,_T,All occupations,_Z,Not applicable,_T,No breakdown by disability,2017,,38.4,,PERCENT,percent,G,Global,_X,Not Available,,,,,,
DATAFLOW,SPC:DF_BP50(1.0),Blue Pacific 2050 (all),I,A,Annual,SH_DTH_NCD,"Mortality rate attributed to cardiovascular disease, cancer,
            diabetes or chronic respiratory disease",SB,Solomon Islands,_T,Total,_T,All ages,_T,National,_T,Total,_T,All education levels,_T,All occupations,_Z,Not applicable,_T,No breakdown by disability,2018,,38.5,,PERCENT,percent,G,Global,_X,Not Available,,,,,,
DATAFLOW,SPC:DF_BP50(1.0),Blue Pacific 2050 (all),I,A,Annual,SH_DTH_NCD,"Mortality rate attributed to cardiovascular disease, cancer,
            diabetes or chronic respiratory disease",SB,Solomon Islands,_T,Total,_T,All ages,_T,National,_T,Total,_T,All education levels,_T,All occupations,_Z,Not applicable,_T,No breakdown by disability,2019,,38.2,,PERCENT,percent,G,Global,_X,Not Available,,,,,,
DATAFLOW,SPC:DF_BP50(1.0),Blue Pacific 2050 (all),I,A,Annual,SH_DTH_NCD,"Mortality rate attributed to cardiovascular disease, cancer,
            diabetes or chronic respiratory disease",SB,Solomon Islands,_T,Total,_T,All ages,_T,National,_T,Total,_T,All education levels,_T,All occupations,_Z,Not applicable,_T,No breakdown by disability,2020,,39.9,,PERCENT,percent,G,Global,_X,Not Available,,,,,,
DATAFLOW,SPC:DF_BP50(1.0),Blue Pacific 2050 (all),I,A,Annual,SH_DTH_NCD,"Mortality rate attributed to cardiovascular disease, cancer,
            diabetes or chronic respiratory disease",SB,Solomon Islands,_T,Total,_T,All ages,_T,National,_T,Total,_T,All education levels,_T,All occupations,_Z,Not applicable,_T,No breakdown by disability,2021,,40.6,,PERCENT,percent,G,Global,_X,Not Available,,,,,,
DATAFLOW,SPC:DF_BP50(1.0),Blue Pacific 2050 (all),I,A,Annual,SH_STA_MALR,"Malaria incidence per 1,000 population at risk",MH,Marshall Islands,_T,Total,_T,All ages,_T,National,_T,Total,_T,All education levels,_T,All occupations,_Z,Not applicable,_T,No breakdown by disability,2000,,0,,PER_1000_POP,"per 1,000 population",G,Global,_X,Not Available,,,,,,
DATAFLOW,SPC:DF_BP50(1.0),Blue Pacific 2050 (all),I,A,Annual,SH_STA_MALR,"Malaria incidence per 1,000 population at risk",MH,Marshall Islands,_T,Total,_T,All ages,_T,National,_T,Total,_T,All education levels,_T,All occupations,_Z,Not applicable,_T,No breakdown by disability,2001,,0,,PER_1000_POP,"per 1,000 population",G,Global,_X,Not Available,,,,,,
DATAFLOW,SPC:DF_BP50(1.0),Blue Pacific 2050 (all),I,A,Annual,SH_STA_MALR,"Malaria incidence per 1,000 population at risk",MH,Marshall Islands,_T,Total,_T,All ages,_T,National,_T,Total,_T,All education levels,_T,All occupations,_Z,Not applicable,_T,No breakdown by disability,2002,,0,,PER_1000_POP,"per 1,000 population",G,Global,_X,Not Available,,,,,,
DATAFLOW,SPC:DF_BP50(1.0),Blue Pacific 2050 (all),I,A,Annual,SH_STA_MALR,"Malaria incidence per 1,000 population at risk",MH,Marshall Islands,_T,Total,_T,All ages,_T,National,_T,Total,_T,All education levels,_T,All occupations,_Z,Not applicable,_T,No breakdown by disability,2003,,0,,PER_1000_POP,"per 1,000 population",G,Global,_X,Not Available,,,,,,
DATAFLOW,SPC:DF_BP50(1.0),Blue Pacific 2050 (all),I,A,Annual,SH_STA_MALR,"Malaria incidence per 1,000 population at risk",MH,Marshall Islands,_T,Total,_T,All ages,_T,National,_T,Total,_T,All education levels,_T,All occupations,_Z,Not applicable,_T,No breakdown by disability,2004,,0,,PER_1000_POP,"per 1,000 population",G,Global,_X,Not Available,,,,,,
DATAFLOW,SPC:DF_BP50(1.0),Blue Pacific 2050 (all),I,A,Annual,SH_STA_MALR,"Malaria incidence per 1,000 population at risk",MH,Marshall Islands,_T,Total,_T,All ages,_T,National,_T,Total,_T,All education levels,_T,All occupations,_Z,Not applicable,_T,No breakdown by disability,2005,,0,,PER_1000_POP,"per 1,000 population",G,Global,_X,Not Available,,,,,,
DATAFLOW,SPC:DF_BP50(1.0),Blue Pacific 2050 (all),I,A,Annual,SH_STA_MALR,"Malaria incidence per 1,000 population at risk",MH,Marshall Islands,_T,Total,_T,All ages,_T,National,_T,Total,_T,All education levels,_T,All occupations,_Z,Not applicable,_T,No breakdown by disability,2006,,0,,PER_1000_POP,"per 1,000 population",G,Global,_X,Not Available,,,,,,
DATAFLOW,SPC:DF_BP50(1.0),Blue Pacific 2050 (all),I,A,Annual,SH_STA_MALR,"Malaria incidence per 1,000 population at risk",MH,Marshall Islands,_T,Total,_T,All ages,_T,National,_T,Total,_T,All education levels,_T,All occupations,_Z,Not applicable,_T,No breakdown by disability,2007,,0,,PER_1000_POP,"per 1,000 population",G,Global,_X,Not Available,,,,,,
DATAFLOW,SPC:DF_BP50(1.0),Blue Pacific 2050 (all),I,A,Annual,SH_STA_MALR,"Malaria incidence per 1,000 population at risk",MH,Marshall Islands,_T,Total,_T,All ages,_T,National,_T,Total,_T,All education levels,_T,All occupations,_Z,Not applicable,_T,No breakdown by disability,2008,,0,,PER_1000_POP,"per 1,000 population",G,Global,_X,Not Available,,,,,,
DATAFLOW,SPC:DF_BP50(1.0),Blue Pacific 2050 (all),I,A,Annual,SH_STA_MALR,"Malaria incidence per 1,000 population at risk",MH,Marshall Islands,_T,Total,_T,All ages,_T,National,_T,Total,_T,All education levels,_T,All occupations,_Z,Not applicable,_T,No breakdown by disability,2009,,0,,PER_1000_POP,"per 1,000 population",G,Global,_X,Not Available,,,,,,
DATAFLOW,SPC:DF_BP50(1.0),Blue Pacific 2050 (all),I,A,Annual,SH_STA_MALR,"Malaria incidence per 1,000 population at risk",MH,Marshall Islands,_T,Total,_T,All ages,_T,National,_T,Total,_T,All education levels,_T,All occupations,_Z,Not applicable,_T,No breakdown by disability,2010,,0,,PER_1000_POP,"per 1,000 population",G,Global,_X,Not Available,,,,,,
DATAFLOW,SPC:DF_BP50(1.0),Blue Pacific 2050 (all),I,A,Annual,SH_STA_MALR,"Malaria incidence per 1,000 population at risk",MH,Marshall Islands,_T,Total,_T,All ages,_T,National,_T,Total,_T,All education levels,_T,All occupations,_Z,Not applicable,_T,No breakdown by disability,2011,,0,,PER_1000_POP,"per 1,000 population",G,Global,_X,Not Available,,,,,,
DATAFLOW,SPC:DF_BP50(1.0),Blue Pacific 2050 (all),I,A,Annual,SH_STA_MALR,"Malaria incidence per 1,000 population at risk",MH,Marshall Islands,_T,Total,_T,All ages,_T,National,_T,Total,_T,All education levels,_T,All occupations,_Z,Not applicable,_T,No breakdown by disability,2012,,0,,PER_1000_POP,"per 1,000 population",G,Global,_X,Not Available,,,,,,
DATAFLOW,SPC:DF_BP50(1.0),Blue Pacific 2050 (all),I,A,Annual,SH_STA_MALR,"Malaria incidence per 1,000 population at risk",MH,Marshall Islands,_T,Total,_T,All ages,_T,National,_T,Total,_T,All education levels,_T,All occupations,_Z,Not applicable,_T,No breakdown by disability,2013,,0,,PER_1000_POP,"per 1,000 population",G,Global,_X,Not Available,,,,,,
DATAFLOW,SPC:DF_BP50(1.0),Blue Pacific 2050 (all),I,A,Annual,SH_STA_MALR,"Malaria incidence per 1,000 population at risk",MH,Marshall Islands,_T,Total,_T,All ages,_T,National,_T,Total,_T,All education levels,_T,All occupations,_Z,Not applicable,_T,No breakdown by disability,2014,,0,,PER_1000_POP,"per 1,000 population",G,Global,_X,Not Available,,,,,,
DATAFLOW,SPC:DF_BP50(1.0),Blue Pacific 2050 (all),I,A,Annual,SH_STA_MALR,"Malaria incidence per 1,000 population at risk",MH,Marshall Islands,_T,Total,_T,All ages,_T,National,_T,Total,_T,All education levels,_T,All occupations,_Z,Not applicable,_T,No breakdown by disability,2015,,0,,PER_1000_POP,"per 1,000 population",G,Global,_X,Not Available,,,,,,
DATAFLOW,SPC:DF_BP50(1.0),Blue Pacific 2050 (all),I,A,Annual,SH_STA_MALR,"Malaria incidence per 1,000 population at risk",MH,Marshall Islands,_T,Total,_T,All ages,_T,National,_T,Total,_T,All education levels,_T,All occupations,_Z,Not applicable,_T,No breakdown by disability,2016,,0,,PER_1000_POP,"per 1,000 population",G,Global,_X,Not Available,,,,,,
DATAFLOW,SPC:DF_BP50(1.0),Blue Pacific 2050 (all),I,A,Annual,SH_STA_MALR,"Malaria incidence per 1,000 population at risk",MH,Marshall Islands,_T,Total,_T,All ages,_T,National,_T,Total,_T,All education levels,_T,All occupations,_Z,Not applicable,_T,No breakdown by disability,2017,,0,,PER_1000_POP,"per 1,000 population",G,Global,_X,Not Available,,,,,,
DATAFLOW,SPC:DF_BP50(1.0),Blue Pacific 2050 (all),I,A,Annual,SH_STA_MALR,"Malaria incidence per 1,000 population at risk",MH,Marshall Islands,_T,Total,_T,All ages,_T,National,_T,Total,_T,All education levels,_T,All occupations,_Z,Not applicable,_T,No breakdown by disability,2018,,0,,PER_1000_POP,"per 1,000 population",G,Global,_X,Not Available,,,,,,
DATAFLOW,SPC:DF_BP50(1.0),Blue Pacific 2050 (all),I,A,Annual,SH_STA_MALR,"Malaria incidence per 1,000 population at risk",MH,Marshall Islands,_T,Total,_T,All ages,_T,National,_T,Total,_T,All education levels,_T,All occupations,_Z,Not applicable,_T,No breakdown by disability,2019,,0,,PER_1000_POP,"per 1,000 population",G,Global,_X,Not Available,,,,,,
DATAFLOW,SPC:DF_BP50(1.0),Blue Pacific 2050 (all),I,A,Annual,SH_STA_WASH,"Mortality rate attributed to unsafe water, unsafe sanitation
            and lack of hygiene",PG,Papua New Guinea,_T,Total,_T,All ages,_T,National,_T,Total,_T,All education levels,_T,All occupations,_Z,Not applicable,_T,No breakdown by disability,2012,,12.4,,PER_100000_POP,"per 100,000 population",G,Global,C,Country Data,UN Global Database,,,,,
DATAFLOW,SPC:DF_BP50(1.0),Blue Pacific 2050 (all),I,A,Annual,SH_STA_WASH,"Mortality rate attributed to unsafe water, unsafe sanitation
            and lack of hygiene",PG,Papua New Guinea,_T,Total,_T,All ages,_T,National,_T,Total,_T,All education levels,_T,All occupations,_Z,Not applicable,_T,No breakdown by disability,2016,,16.31,,PER_100000_POP,"per 100,000 population",G,Global,_X,Not Available,,,,,,
DATAFLOW,SPC:DF_BP50(1.0),Blue Pacific 2050 (all),I,A,Annual,SH_STA_WASH,"Mortality rate attributed to unsafe water, unsafe sanitation
            and lack of hygiene",PG,Papua New Guinea,_T,Total,_T,All ages,_T,National,_T,Total,_T,All education levels,_T,All occupations,_Z,Not applicable,_T,No breakdown by disability,2019,,24.9,,PER_100000_POP,"per 100,000 population",G,Global,_X,Not Available,,,,,,
DATAFLOW,SPC:DF_BP50(1.0),Blue Pacific 2050 (all),I,A,Annual,SH_STA_WASH,"Mortality rate attributed to unsafe water, unsafe sanitation
            and lack of hygiene",NR,Nauru,_T,Total,_T,All ages,_T,National,_T,Total,_T,All education levels,_T,All occupations,_Z,Not applicable,_T,No breakdown by disability,2012,,0,,PER_100000_POP,"per 100,000 population",G,Global,E,Estimated,"Global Health Observatory (GHO), World Health Organisation (WHO)",,,,,
DATAFLOW,SPC:DF_BP50(1.0),Blue Pacific 2050 (all),I,A,Annual,SH_TBS_INCD,Tuberculosis incidence,PW,Palau,_T,Total,_T,All ages,_T,National,_T,Total,_T,All education levels,_T,All occupations,_Z,Not applicable,_T,No breakdown by disability,2000,,65,,PER_100000_POP,"per 100,000 population",G,Global,_X,Not Available,,,,,,
DATAFLOW,SPC:DF_BP50(1.0),Blue Pacific 2050 (all),I,A,Annual,SH_TBS_INCD,Tuberculosis incidence,PW,Palau,_T,Total,_T,All ages,_T,National,_T,Total,_T,All education levels,_T,All occupations,_Z,Not applicable,_T,No breakdown by disability,2001,,65,,PER_100000_POP,"per 100,000 population",G,Global,_X,Not Available,,,,,,
DATAFLOW,SPC:DF_BP50(1.0),Blue Pacific 2050 (all),I,A,Annual,SH_TBS_INCD,Tuberculosis incidence,PW,Palau,_T,Total,_T,All ages,_T,National,_T,Total,_T,All education levels,_T,All occupations,_Z,Not applicable,_T,No breakdown by disability,2002,,65,,PER_100000_POP,"per 100,000 population",G,Global,_X,Not Available,,,,,,
DATAFLOW,SPC:DF_BP50(1.0),Blue Pacific 2050 (all),I,A,Annual,SH_TBS_INCD,Tuberculosis incidence,PW,Palau,_T,Total,_T,All ages,_T,National,_T,Total,_T,All education levels,_T,All occupations,_Z,Not applicable,_T,No breakdown by disability,2003,,53,,PER_100000_POP,"per 100,000 population",G,Global,_X,Not Available,,,,,,
DATAFLOW,SPC:DF_BP50(1.0),Blue Pacific 2050 (all),I,A,Annual,SH_TBS_INCD,Tuberculosis incidence,PW,Palau,_T,Total,_T,All ages,_T,National,_T,Total,_T,All education levels,_T,All occupations,_Z,Not applicable,_T,No breakdown by disability,2004,,29,,PER_100000_POP,"per 100,000 population",G,Global,_X,Not Available,,,,,,
DATAFLOW,SPC:DF_BP50(1.0),Blue Pacific 2050 (all),I,A,Annual,SH_TBS_INCD,Tuberculosis incidence,PW,Palau,_T,Total,_T,All ages,_T,National,_T,Total,_T,All education levels,_T,All occupations,_Z,Not applicable,_T,No breakdown by disability,2005,,58,,PER_100000_POP,"per 100,000 population",G,Global,_X,Not Available,,,,,,
DATAFLOW,SPC:DF_BP50(1.0),Blue Pacific 2050 (all),I,A,Annual,SH_TBS_INCD,Tuberculosis incidence,PW,Palau,_T,Total,_T,All ages,_T,National,_T,Total,_T,All education levels,_T,All occupations,_Z,Not applicable,_T,No breakdown by disability,2006,,70,,PER_100000_POP,"per 100,000 population",G,Global,_X,Not Available,,,,,,
DATAFLOW,SPC:DF_BP50(1.0),Blue Pacific 2050 (all),I,A,Annual,SH_TBS_INCD,Tuberculosis incidence,PW,Palau,_T,Total,_T,All ages,_T,National,_T,Total,_T,All education levels,_T,All occupations,_Z,Not applicable,_T,No breakdown by disability,2007,,66,,PER_100000_POP,"per 100,000 population",G,Global,_X,Not Available,,,,,,
DATAFLOW,SPC:DF_BP50(1.0),Blue Pacific 2050 (all),I,A,Annual,SH_TBS_INCD,Tuberculosis incidence,PW,Palau,_T,Total,_T,All ages,_T,National,_T,Total,_T,All education levels,_T,All occupations,_Z,Not applicable,_T,No breakdown by disability,2008,,91,,PER_100000_POP,"per 100,000 population",G,Global,_X,Not Available,,,,,,
DATAFLOW,SPC:DF_BP50(1.0),Blue Pacific 2050 (all),I,A,Annual,SH_TBS_INCD,Tuberculosis incidence,PW,Palau,_T,Total,_T,All ages,_T,National,_T,Total,_T,All education levels,_T,All occupations,_Z,Not applicable,_T,No breakdown by disability,2009,,117,,PER_100000_POP,"per 100,000 population",G,Global,_X,Not Available,,,,,,
DATAFLOW,SPC:DF_BP50(1.0),Blue Pacific 2050 (all),I,A,Annual,SH_TBS_INCD,Tuberculosis incidence,PW,Palau,_T,Total,_T,All ages,_T,National,_T,Total,_T,All education levels,_T,All occupations,_Z,Not applicable,_T,No breakdown by disability,2010,,119,,PER_100000_POP,"per 100,000 population",G,Global,_X,Not Available,,,,,,
DATAFLOW,SPC:DF_BP50(1.0),Blue Pacific 2050 (all),I,A,Annual,SH_TBS_INCD,Tuberculosis incidence,PW,Palau,_T,Total,_T,All ages,_T,National,_T,Total,_T,All education levels,_T,All occupations,_Z,Not applicable,_T,No breakdown by disability,2011,,76,,PER_100000_POP,"per 100,000 population",G,Global,_X,Not Available,,,,,,
DATAFLOW,SPC:DF_BP50(1.0),Blue Pacific 2050 (all),I,A,Annual,SH_TBS_INCD,Tuberculosis incidence,PW,Palau,_T,Total,_T,All ages,_T,National,_T,Total,_T,All education levels,_T,All occupations,_Z,Not applicable,_T,No breakdown by disability,2012,,26,,PER_100000_POP,"per 100,000 population",G,Global,_X,Not Available,,,,,,
DATAFLOW,SPC:DF_BP50(1.0),Blue Pacific 2050 (all),I,A,Annual,SH_TBS_INCD,Tuberculosis incidence,PW,Palau,_T,Total,_T,All ages,_T,National,_T,Total,_T,All education levels,_T,All occupations,_Z,Not applicable,_T,No breakdown by disability,2013,,52,,PER_100000_POP,"per 100,000 population",G,Global,_X,Not Available,,,,,,
DATAFLOW,SPC:DF_BP50(1.0),Blue Pacific 2050 (all),I,A,Annual,SH_TBS_INCD,Tuberculosis incidence,PW,Palau,_T,Total,_T,All ages,_T,National,_T,Total,_T,All education levels,_T,All occupations,_Z,Not applicable,_T,No breakdown by disability,2014,,91,,PER_100000_POP,"per 100,000 population",G,Global,_X,Not Available,,,,,,
DATAFLOW,SPC:DF_BP50(1.0),Blue Pacific 2050 (all),I,A,Annual,SH_TBS_INCD,Tuberculosis incidence,PW,Palau,_T,Total,_T,All ages,_T,National,_T,Total,_T,All education levels,_T,All occupations,_Z,Not applicable,_T,No breakdown by disability,2015,,91,,PER_100000_POP,"per 100,000 population",G,Global,_X,Not Available,,,,,,
DATAFLOW,SPC:DF_BP50(1.0),Blue Pacific 2050 (all),I,A,Annual,SH_TBS_INCD,Tuberculosis incidence,PW,Palau,_T,Total,_T,All ages,_T,National,_T,Total,_T,All education levels,_T,All occupations,_Z,Not applicable,_T,No breakdown by disability,2016,,149,,PER_100000_POP,"per 100,000 population",G,Global,_X,Not Available,,,,,,
DATAFLOW,SPC:DF_BP50(1.0),Blue Pacific 2050 (all),I,A,Annual,SH_TBS_INCD,Tuberculosis incidence,PW,Palau,_T,Total,_T,All ages,_T,National,_T,Total,_T,All education levels,_T,All occupations,_Z,Not applicable,_T,No breakdown by disability,2017,,129,,PER_100000_POP,"per 100,000 population",G,Global,_X,Not Available,,,,,,
DATAFLOW,SPC:DF_BP50(1.0),Blue Pacific 2050 (all),I,A,Annual,SH_TBS_INCD,Tuberculosis incidence,PW,Palau,_T,Total,_T,All ages,_T,National,_T,Total,_T,All education levels,_T,All occupations,_Z,Not applicable,_T,No breakdown by disability,2018,,110,,PER_100000_POP,"per 100,000 population",G,Global,_X,Not Available,,,,,,
DATAFLOW,SPC:DF_BP50(1.0),Blue Pacific 2050 (all),I,A,Annual,SH_TBS_INCD,Tuberculosis incidence,PW,Palau,_T,Total,_T,All ages,_T,National,_T,Total,_T,All education levels,_T,All occupations,_Z,Not applicable,_T,No breakdown by disability,2019,,39,,PER_100000_POP,"per 100,000 population",G,Global,_X,Not Available,,,,,,
DATAFLOW,SPC:DF_BP50(1.0),Blue Pacific 2050 (all),I,A,Annual,SH_TBS_INCD,Tuberculosis incidence,PW,Palau,_T,Total,_T,All ages,_T,National,_T,Total,_T,All education levels,_T,All occupations,_Z,Not applicable,_T,No breakdown by disability,2020,,65,,PER_100000_POP,"per 100,000 population",G,Global,_X,Not Available,,,,,,
DATAFLOW,SPC:DF_BP50(1.0),Blue Pacific 2050 (all),I,A,Annual,SH_TBS_INCD,Tuberculosis incidence,PW,Palau,_T,Total,_T,All ages,_T,National,_T,Total,_T,All education levels,_T,All occupations,_Z,Not applicable,_T,No breakdown by disability,2021,,52,,PER_100000_POP,"per 100,000 population",G,Global,_X,Not Available,,,,,,
DATAFLOW,SPC:DF_BP50(1.0),Blue Pacific 2050 (all),I,A,Annual,SH_TBS_INCD,Tuberculosis incidence,PW,Palau,_T,Total,_T,All ages,_T,National,_T,Total,_T,All education levels,_T,All occupations,_Z,Not applicable,_T,No breakdown by disability,2022,,45,,PER_100000_POP,"per 100,000 population",G,Global,_X,Not Available,,,,,,
DATAFLOW,SPC:DF_BP50(1.0),Blue Pacific 2050 (all),I,A,Annual,SH_TBS_INCD,Tuberculosis incidence,PW,Palau,_T,Total,_T,All ages,_T,National,_T,Total,_T,All education levels,_T,All occupations,_Z,Not applicable,_T,No breakdown by disability,2023,,97,,PER_100000_POP,"per 100,000 population",G,Global,_X,Not Available,,,,,,
DATAFLOW,SPC:DF_BP50(1.0),Blue Pacific 2050 (all),I,A,Annual,SH_STA_MALR,"Malaria incidence per 1,000 population at risk",NU,Niue,_T,Total,_T,All ages,_T,National,_T,Total,_T,All education levels,_T,All occupations,_Z,Not applicable,_T,No breakdown by disability,2000,,0,,PER_1000_POP,"per 1,000 population",G,Global,_X,Not Available,,,,,,
DATAFLOW,SPC:DF_BP50(1.0),Blue Pacific 2050 (all),I,A,Annual,SH_STA_MALR,"Malaria incidence per 1,000 population at risk",NU,Niue,_T,Total,_T,All ages,_T,National,_T,Total,_T,All education levels,_T,All occupations,_Z,Not applicable,_T,No breakdown by disability,2001,,0,,PER_1000_POP,"per 1,000 population",G,Global,_X,Not Available,,,,,,
DATAFLOW,SPC:DF_BP50(1.0),Blue Pacific 2050 (all),I,A,Annual,SH_STA_MALR,"Malaria incidence per 1,000 population at risk",NU,Niue,_T,Total,_T,All ages,_T,National,_T,Total,_T,All education levels,_T,All occupations,_Z,Not applicable,_T,No breakdown by disability,2002,,0,,PER_1000_POP,"per 1,000 population",G,Global,_X,Not Available,,,,,,
DATAFLOW,SPC:DF_BP50(1.0),Blue Pacific 2050 (all),I,A,Annual,SH_STA_MALR,"Malaria incidence per 1,000 population at risk",NU,Niue,_T,Total,_T,All ages,_T,National,_T,Total,_T,All education levels,_T,All occupations,_Z,Not applicable,_T,No breakdown by disability,2003,,0,,PER_1000_POP,"per 1,000 population",G,Global,_X,Not Available,,,,,,
DATAFLOW,SPC:DF_BP50(1.0),Blue Pacific 2050 (all),I,A,Annual,SH_STA_MALR,"Malaria incidence per 1,000 population at risk",NU,Niue,_T,Total,_T,All ages,_T,National,_T,Total,_T,All education levels,_T,All occupations,_Z,Not applicable,_T,No breakdown by disability,2004,,0,,PER_1000_POP,"per 1,000 population",G,Global,_X,Not Available,,,,,,
DATAFLOW,SPC:DF_BP50(1.0),Blue Pacific 2050 (all),I,A,Annual,SH_STA_MALR,"Malaria incidence per 1,000 population at risk",NU,Niue,_T,Total,_T,All ages,_T,National,_T,Total,_T,All education levels,_T,All occupations,_Z,Not applicable,_T,No breakdown by disability,2005,,0,,PER_1000_POP,"per 1,000 population",G,Global,_X,Not Available,,,,,,
DATAFLOW,SPC:DF_BP50(1.0),Blue Pacific 2050 (all),I,A,Annual,SH_STA_MALR,"Malaria incidence per 1,000 population at risk",NU,Niue,_T,Total,_T,All ages,_T,National,_T,Total,_T,All education levels,_T,All occupations,_Z,Not applicable,_T,No breakdown by disability,2006,,0,,PER_1000_POP,"per 1,000 population",G,Global,_X,Not Available,,,,,,
DATAFLOW,SPC:DF_BP50(1.0),Blue Pacific 2050 (all),I,A,Annual,SH_STA_MALR,"Malaria incidence per 1,000 population at risk",NU,Niue,_T,Total,_T,All ages,_T,National,_T,Total,_T,All education levels,_T,All occupations,_Z,Not applicable,_T,No breakdown by disability,2007,,0,,PER_1000_POP,"per 1,000 population",G,Global,_X,Not Available,,,,,,
DATAFLOW,SPC:DF_BP50(1.0),Blue Pacific 2050 (all),I,A,Annual,SH_STA_MALR,"Malaria incidence per 1,000 population at risk",NU,Niue,_T,Total,_T,All ages,_T,National,_T,Total,_T,All education levels,_T,All occupations,_Z,Not applicable,_T,No breakdown by disability,2008,,0,,PER_1000_POP,"per 1,000 population",G,Global,_X,Not Available,,,,,,
DATAFLOW,SPC:DF_BP50(1.0),Blue Pacific 2050 (all),I,A,Annual,SH_STA_MALR,"Malaria incidence per 1,000 population at risk",NU,Niue,_T,Total,_T,All ages,_T,National,_T,Total,_T,All education levels,_T,All occupations,_Z,Not applicable,_T,No breakdown by disability,2009,,0,,PER_1000_POP,"per 1,000 population",G,Global,_X,Not Available,,,,,,
DATAFLOW,SPC:DF_BP50(1.0),Blue Pacific 2050 (all),I,A,Annual,SH_STA_MALR,"Malaria incidence per 1,000 population at risk",NU,Niue,_T,Total,_T,All ages,_T,National,_T,Total,_T,All education levels,_T,All occupations,_Z,Not applicable,_T,No breakdown by disability,2010,,0,,PER_1000_POP,"per 1,000 population",G,Global,_X,Not Available,,,,,,
DATAFLOW,SPC:DF_BP50(1.0),Blue Pacific 2050 (all),I,A,Annual,SH_STA_MALR,"Malaria incidence per 1,000 population at risk",NU,Niue,_T,Total,_T,All ages,_T,National,_T,Total,_T,All education levels,_T,All occupations,_Z,Not applicable,_T,No breakdown by disability,2011,,0,,PER_1000_POP,"per 1,000 population",G,Global,_X,Not Available,,,,,,
DATAFLOW,SPC:DF_BP50(1.0),Blue Pacific 2050 (all),I,A,Annual,SH_STA_MALR,"Malaria incidence per 1,000 population at risk",NU,Niue,_T,Total,_T,All ages,_T,National,_T,Total,_T,All education levels,_T,All occupations,_Z,Not applicable,_T,No breakdown by disability,2012,,0,,PER_1000_POP,"per 1,000 population",G,Global,_X,Not Available,,,,,,
DATAFLOW,SPC:DF_BP50(1.0),Blue Pacific 2050 (all),I,A,Annual,SH_STA_MALR,"Malaria incidence per 1,000 population at risk",NU,Niue,_T,Total,_T,All ages,_T,National,_T,Total,_T,All education levels,_T,All occupations,_Z,Not applicable,_T,No breakdown by disability,2013,,0,,PER_1000_POP,"per 1,000 population",G,Global,_X,Not Available,,,,,,
DATAFLOW,SPC:DF_BP50(1.0),Blue Pacific 2050 (all),I,A,Annual,SH_STA_MALR,"Malaria incidence per 1,000 population at risk",NU,Niue,_T,Total,_T,All ages,_T,National,_T,Total,_T,All education levels,_T,All occupations,_Z,Not applicable,_T,No breakdown by disability,2014,,0,,PER_1000_POP,"per 1,000 population",G,Global,_X,Not Available,,,,,,
DATAFLOW,SPC:DF_BP50(1.0),Blue Pacific 2050 (all),I,A,Annual,SH_STA_MALR,"Malaria incidence per 1,000 population at risk",NU,Niue,_T,Total,_T,All ages,_T,National,_T,Total,_T,All education levels,_T,All occupations,_Z,Not applicable,_T,No breakdown by disability,2015,,0,,PER_1000_POP,"per 1,000 population",G,Global,_X,Not Available,,,,,,
DATAFLOW,SPC:DF_BP50(1.0),Blue Pacific 2050 (all),I,A,Annual,SH_STA_MALR,"Malaria incidence per 1,000 population at risk",NU,Niue,_T,Total,_T,All ages,_T,National,_T,Total,_T,All education levels,_T,All occupations,_Z,Not applicable,_T,No breakdown by disability,2016,,0,,PER_1000_POP,"per 1,000 population",G,Global,_X,Not Available,,,,,,
DATAFLOW,SPC:DF_BP50(1.0),Blue Pacific 2050 (all),I,A,Annual,SH_STA_MALR,"Malaria incidence per 1,000 population at risk",NU,Niue,_T,Total,_T,All ages,_T,National,_T,Total,_T,All education levels,_T,All occupations,_Z,Not applicable,_T,No breakdown by disability,2017,,0,,PER_1000_POP,"per 1,000 population",G,Global,_X,Not Available,,,,,,
DATAFLOW,SPC:DF_BP50(1.0),Blue Pacific 2050 (all),I,A,Annual,SH_STA_MALR,"Malaria incidence per 1,000 population at risk",NU,Niue,_T,Total,_T,All ages,_T,National,_T,Total,_T,All education levels,_T,All occupations,_Z,Not applicable,_T,No breakdown by disability,2018,,0,,PER_1000_POP,"per 1,000 population",G,Global,_X,Not Available,,,,,,
DATAFLOW,SPC:DF_BP50(1.0),Blue Pacific 2050 (all),I,A,Annual,SH_STA_MALR,"Malaria incidence per 1,000 population at risk",NU,Niue,_T,Total,_T,All ages,_T,National,_T,Total,_T,All education levels,_T,All occupations,_Z,Not applicable,_T,No breakdown by disability,2019,,0,,PER_1000_POP,"per 1,000 population",G,Global,_X,Not Available,,,,,,
DATAFLOW,SPC:DF_BP50(1.0),Blue Pacific 2050 (all),I,A,Annual,SH_TBS_INCD,Tuberculosis incidence,NC,New Caledonia,_T,Total,_T,All ages,_T,National,_T,Total,_T,All education levels,_T,All occupations,_Z,Not applicable,_T,No breakdown by disability,2000,,48,,PER_100000_POP,"per 100,000 population",G,Global,G,Global Montioring Data,WHO Global Tuberculosis Report 2024 (https://www.who.int/teams/global-tuberculosis-programme/data),,,,Data extracted as of 2025-01-07 based on data originally compiled for the 2024 WHO Global TB Report,
DATAFLOW,SPC:DF_BP50(1.0),Blue Pacific 2050 (all),I,A,Annual,SH_TBS_INCD,Tuberculosis incidence,NC,New Caledonia,_T,Total,_T,All ages,_T,National,_T,Total,_T,All education levels,_T,All occupations,_Z,Not applicable,_T,No breakdown by disability,2001,,31,,PER_100000_POP,"per 100,000 population",G,Global,G,Global Montioring Data,WHO Global Tuberculosis Report 2024 (https://www.who.int/teams/global-tuberculosis-programme/data),,,,Data extracted as of 2025-01-07 based on data originally compiled for the 2024 WHO Global TB Report,
DATAFLOW,SPC:DF_BP50(1.0),Blue Pacific 2050 (all),I,A,Annual,SH_TBS_INCD,Tuberculosis incidence,NC,New Caledonia,_T,Total,_T,All ages,_T,National,_T,Total,_T,All education levels,_T,All occupations,_Z,Not applicable,_T,No breakdown by disability,2002,,32,,PER_100000_POP,"per 100,000 population",G,Global,G,Global Montioring Data,WHO Global Tuberculosis Report 2024 (https://www.who.int/teams/global-tuberculosis-programme/data),,,,Data extracted as of 2025-01-07 based on data originally compiled for the 2024 WHO Global TB Report,
DATAFLOW,SPC:DF_BP50(1.0),Blue Pacific 2050 (all),I,A,Annual,SH_TBS_INCD,Tuberculosis incidence,NC,New Caledonia,_T,Total,_T,All ages,_T,National,_T,Total,_T,All education levels,_T,All occupations,_Z,Not applicable,_T,No breakdown by disability,2003,,18,,PER_100000_POP,"per 100,000 population",G,Global,G,Global Montioring Data,WHO Global Tuberculosis Report 2024 (https://www.who.int/teams/global-tuberculosis-programme/data),,,,Data extracted as of 2025-01-07 based on data originally compiled for the 2024 WHO Global TB Report,
DATAFLOW,SPC:DF_BP50(1.0),Blue Pacific 2050 (all),I,A,Annual,SH_TBS_INCD,Tuberculosis incidence,NC,New Caledonia,_T,Total,_T,All ages,_T,National,_T,Total,_T,All education levels,_T,All occupations,_Z,Not applicable,_T,No breakdown by disability,2004,,29,,PER_100000_POP,"per 100,000 population",G,Global,G,Global Montioring Data,WHO Global Tuberculosis Report 2024 (https://www.who.int/teams/global-tuberculosis-programme/data),,,,Data extracted as of 2025-01-07 based on data originally compiled for the 2024 WHO Global TB Report,
DATAFLOW,SPC:DF_BP50(1.0),Blue Pacific 2050 (all),I,A,Annual,SH_TBS_INCD,Tuberculosis incidence,NC,New Caledonia,_T,Total,_T,All ages,_T,National,_T,Total,_T,All education levels,_T,All occupations,_Z,Not applicable,_T,No breakdown by disability,2005,,22,,PER_100000_POP,"per 100,000 population",G,Global,G,Global Montioring Data,WHO Global Tuberculosis Report 2024 (https://www.who.int/teams/global-tuberculosis-programme/data),,,,Data extracted as of 2025-01-07 based on data originally compiled for the 2024 WHO Global TB Report,
DATAFLOW,SPC:DF_BP50(1.0),Blue Pacific 2050 (all),I,A,Annual,SH_TBS_INCD,Tuberculosis incidence,NC,New Caledonia,_T,Total,_T,All ages,_T,National,_T,Total,_T,All education levels,_T,All occupations,_Z,Not applicable,_T,No breakdown by disability,2006,,23,,PER_100000_POP,"per 100,000 population",G,Global,G,Global Montioring Data,WHO Global Tuberculosis Report 2024 (https://www.who.int/teams/global-tuberculosis-programme/data),,,,Data extracted as of 2025-01-07 based on data originally compiled for the 2024 WHO Global TB Report,
DATAFLOW,SPC:DF_BP50(1.0),Blue Pacific 2050 (all),I,A,Annual,SH_TBS_INCD,Tuberculosis incidence,NC,New Caledonia,_T,Total,_T,All ages,_T,National,_T,Total,_T,All education levels,_T,All occupations,_Z,Not applicable,_T,No breakdown by disability,2007,,22,,PER_100000_POP,"per 100,000 population",G,Global,G,Global Montioring Data,WHO Global Tuberculosis Report 2024 (https://www.who.int/teams/global-tuberculosis-programme/data),,,,Data extracted as of 2025-01-07 based on data originally compiled for the 2024 WHO Global TB Report,
DATAFLOW,SPC:DF_BP50(1.0),Blue Pacific 2050 (all),I,A,Annual,SH_TBS_INCD,Tuberculosis incidence,NC,New Caledonia,_T,Total,_T,All ages,_T,National,_T,Total,_T,All education levels,_T,All occupations,_Z,Not applicable,_T,No breakdown by disability,2008,,23,,PER_100000_POP,"per 100,000 population",G,Global,G,Global Montioring Data,WHO Global Tuberculosis Report 2024 (https://www.who.int/teams/global-tuberculosis-programme/data),,,,Data extracted as of 2025-01-07 based on data originally compiled for the 2024 WHO Global TB Report,
DATAFLOW,SPC:DF_BP50(1.0),Blue Pacific 2050 (all),I,A,Annual,SH_TBS_INCD,Tuberculosis incidence,NC,New Caledonia,_T,Total,_T,All ages,_T,National,_T,Total,_T,All education levels,_T,All occupations,_Z,Not applicable,_T,No breakdown by disability,2009,,24,,PER_100000_POP,"per 100,000 population",G,Global,G,Global Montioring Data,WHO Global Tuberculosis Report 2024 (https://www.who.int/teams/global-tuberculosis-programme/data),,,,Data extracted as of 2025-01-07 based on data originally compiled for the 2024 WHO Global TB Report,
DATAFLOW,SPC:DF_BP50(1.0),Blue Pacific 2050 (all),I,A,Annual,SH_TBS_INCD,Tuberculosis incidence,NC,New Caledonia,_T,Total,_T,All ages,_T,National,_T,Total,_T,All education levels,_T,All occupations,_Z,Not applicable,_T,No breakdown by disability,2010,,22,,PER_100000_POP,"per 100,000 population",G,Global,G,Global Montioring Data,WHO Global Tuberculosis Report 2024 (https://www.who.int/teams/global-tuberculosis-programme/data),,,,Data extracted as of 2025-01-07 based on data originally compiled for the 2024 WHO Global TB Report,
DATAFLOW,SPC:DF_BP50(1.0),Blue Pacific 2050 (all),I,A,Annual,SH_TBS_INCD,Tuberculosis incidence,NC,New Caledonia,_T,Total,_T,All ages,_T,National,_T,Total,_T,All education levels,_T,All occupations,_Z,Not applicable,_T,No breakdown by disability,2011,,22,,PER_100000_POP,"per 100,000 population",G,Global,G,Global Montioring Data,WHO Global Tuberculosis Report 2024 (https://www.who.int/teams/global-tuberculosis-programme/data),,,,Data extracted as of 2025-01-07 based on data originally compiled for the 2024 WHO Global TB Report,
DATAFLOW,SPC:DF_BP50(1.0),Blue Pacific 2050 (all),I,A,Annual,SH_TBS_INCD,Tuberculosis incidence,NC,New Caledonia,_T,Total,_T,All ages,_T,National,_T,Total,_T,All education levels,_T,All occupations,_Z,Not applicable,_T,No breakdown by disability,2012,,16,,PER_100000_POP,"per 100,000 population",G,Global,G,Global Montioring Data,WHO Global Tuberculosis Report 2024 (https://www.who.int/teams/global-tuberculosis-programme/data),,,,Data extracted as of 2025-01-07 based on data originally compiled for the 2024 WHO Global TB Report,
DATAFLOW,SPC:DF_BP50(1.0),Blue Pacific 2050 (all),I,A,Annual,SH_TBS_INCD,Tuberculosis incidence,NC,New Caledonia,_T,Total,_T,All ages,_T,National,_T,Total,_T,All education levels,_T,All occupations,_Z,Not applicable,_T,No breakdown by disability,2013,,18,,PER_100000_POP,"per 100,000 population",G,Global,G,Global Montioring Data,WHO Global Tuberculosis Report 2024 (https://www.who.int/teams/global-tuberculosis-programme/data),,,,Data extracted as of 2025-01-07 based on data originally compiled for the 2024 WHO Global TB Report,
DATAFLOW,SPC:DF_BP50(1.0),Blue Pacific 2050 (all),I,A,Annual,SH_TBS_INCD,Tuberculosis incidence,NC,New Caledonia,_T,Total,_T,All ages,_T,National,_T,Total,_T,All education levels,_T,All occupations,_Z,Not applicable,_T,No breakdown by disability,2014,,12,,PER_100000_POP,"per 100,000 population",G,Global,G,Global Montioring Data,WHO Global Tuberculosis Report 2024 (https://www.who.int/teams/global-tuberculosis-programme/data),,,,Data extracted as of 2025-01-07 based on data originally compiled for the 2024 WHO Global TB Report,
DATAFLOW,SPC:DF_BP50(1.0),Blue Pacific 2050 (all),I,A,Annual,SH_TBS_INCD,Tuberculosis incidence,NC,New Caledonia,_T,Total,_T,All ages,_T,National,_T,Total,_T,All education levels,_T,All occupations,_Z,Not applicable,_T,No breakdown by disability,2015,,23,,PER_100000_POP,"per 100,000 population",G,Global,G,Global Montioring Data,WHO Global Tuberculosis Report 2024 (https://www.who.int/teams/global-tuberculosis-programme/data),,,,Data extracted as of 2025-01-07 based on data originally compiled for the 2024 WHO Global TB Report,
DATAFLOW,SPC:DF_BP50(1.0),Blue Pacific 2050 (all),I,A,Annual,SH_TBS_INCD,Tuberculosis incidence,NC,New Caledonia,_T,Total,_T,All ages,_T,National,_T,Total,_T,All education levels,_T,All occupations,_Z,Not applicable,_T,No breakdown by disability,2016,,15,,PER_100000_POP,"per 100,000 population",G,Global,G,Global Montioring Data,WHO Global Tuberculosis Report 2024 (https://www.who.int/teams/global-tuberculosis-programme/data),,,,Data extracted as of 2025-01-07 based on data originally compiled for the 2024 WHO Global TB Report,
DATAFLOW,SPC:DF_BP50(1.0),Blue Pacific 2050 (all),I,A,Annual,SH_TBS_INCD,Tuberculosis incidence,NC,New Caledonia,_T,Total,_T,All ages,_T,National,_T,Total,_T,All education levels,_T,All occupations,_Z,Not applicable,_T,No breakdown by disability,2017,,14,,PER_100000_POP,"per 100,000 population",G,Global,G,Global Montioring Data,WHO Global Tuberculosis Report 2024 (https://www.who.int/teams/global-tuberculosis-programme/data),,,,Data extracted as of 2025-01-07 based on data originally compiled for the 2024 WHO Global TB Report,
DATAFLOW,SPC:DF_BP50(1.0),Blue Pacific 2050 (all),I,A,Annual,SH_TBS_INCD,Tuberculosis incidence,NC,New Caledonia,_T,Total,_T,All ages,_T,National,_T,Total,_T,All education levels,_T,All occupations,_Z,Not applicable,_T,No breakdown by disability,2018,,15,,PER_100000_POP,"per 100,000 population",G,Global,G,Global Montioring Data,WHO Global Tuberculosis Report 2024 (https://www.who.int/teams/global-tuberculosis-programme/data),,,,Data extracted as of 2025-01-07 based on data originally compiled for the 2024 WHO Global TB Report,
DATAFLOW,SPC:DF_BP50(1.0),Blue Pacific 2050 (all),I,A,Annual,SH_TBS_INCD,Tuberculosis incidence,NC,New Caledonia,_T,Total,_T,All ages,_T,National,_T,Total,_T,All education levels,_T,All occupations,_Z,Not applicable,_T,No breakdown by disability,2019,,9.3,,PER_100000_POP,"per 100,000 population",G,Global,G,Global Montioring Data,WHO Global Tuberculosis Report 2024 (https://www.who.int/teams/global-tuberculosis-programme/data),,,,Data extracted as of 2025-01-07 based on data originally compiled for the 2024 WHO Global TB Report,
DATAFLOW,SPC:DF_BP50(1.0),Blue Pacific 2050 (all),I,A,Annual,SH_TBS_INCD,Tuberculosis incidence,NC,New Caledonia,_T,Total,_T,All ages,_T,National,_T,Total,_T,All education levels,_T,All occupations,_Z,Not applicable,_T,No breakdown by disability,2020,,17,,PER_100000_POP,"per 100,000 population",G,Global,G,Global Montioring Data,WHO Global Tuberculosis Report 2024 (https://www.who.int/teams/global-tuberculosis-programme/data),,,,Data extracted as of 2025-01-07 based on data originally compiled for the 2024 WHO Global TB Report,
DATAFLOW,SPC:DF_BP50(1.0),Blue Pacific 2050 (all),I,A,Annual,SH_TBS_INCD,Tuberculosis incidence,NC,New Caledonia,_T,Total,_T,All ages,_T,National,_T,Total,_T,All education levels,_T,All occupations,_Z,Not applicable,_T,No breakdown by disability,2021,,10,,PER_100000_POP,"per 100,000 population",G,Global,G,Global Montioring Data,WHO Global Tuberculosis Report 2024 (https://www.who.int/teams/global-tuberculosis-programme/data),,,,Data extracted as of 2025-01-07 based on data originally compiled for the 2024 WHO Global TB Report,
DATAFLOW,SPC:DF_BP50(1.0),Blue Pacific 2050 (all),I,A,Annual,SH_TBS_INCD,Tuberculosis incidence,NC,New Caledonia,_T,Total,_T,All ages,_T,National,_T,Total,_T,All education levels,_T,All occupations,_Z,Not applicable,_T,No breakdown by disability,2022,,12,,PER_100000_POP,"per 100,000 population",G,Global,G,Global Montioring Data,WHO Global Tuberculosis Report 2024 (https://www.who.int/teams/global-tuberculosis-programme/data),,,,Data extracted as of 2025-01-07 based on data originally compiled for the 2024 WHO Global TB Report,
DATAFLOW,SPC:DF_BP50(1.0),Blue Pacific 2050 (all),I,A,Annual,SH_TBS_INCD,Tuberculosis incidence,NC,New Caledonia,_T,Total,_T,All ages,_T,National,_T,Total,_T,All education levels,_T,All occupations,_Z,Not applicable,_T,No breakdown by disability,2023,,13,,PER_100000_POP,"per 100,000 population",G,Global,G,Global Montioring Data,WHO Global Tuberculosis Report 2024 (https://www.who.int/teams/global-tuberculosis-programme/data),,,,Data extracted as of 2025-01-07 based on data originally compiled for the 2024 WHO Global TB Report,
DATAFLOW,SPC:DF_BP50(1.0),Blue Pacific 2050 (all),I,A,Annual,SH_STA_WASH,"Mortality rate attributed to unsafe water, unsafe sanitation
            and lack of hygiene",FJ,Fiji,_T,Total,_T,All ages,_T,National,_T,Total,_T,All education levels,_T,All occupations,_Z,Not applicable,_T,No breakdown by disability,2012,,3,,PER_100000_POP,"per 100,000 population",G,Global,E,Estimated,"Global Health Observatory (GHO), World Health Organisation (WHO)",,,,,
DATAFLOW,SPC:DF_BP50(1.0),Blue Pacific 2050 (all),I,A,Annual,SH_STA_WASH,"Mortality rate attributed to unsafe water, unsafe sanitation
            and lack of hygiene",FJ,Fiji,_T,Total,_T,All ages,_T,National,_T,Total,_T,All education levels,_T,All occupations,_Z,Not applicable,_T,No breakdown by disability,2016,,2.89,,PER_100000_POP,"per 100,000 population",G,Global,_X,Not Available,,,,,,
DATAFLOW,SPC:DF_BP50(1.0),Blue Pacific 2050 (all),I,A,Annual,SH_STA_WASH,"Mortality rate attributed to unsafe water, unsafe sanitation
            and lack of hygiene",FJ,Fiji,_T,Total,_T,All ages,_T,National,_T,Total,_T,All education levels,_T,All occupations,_Z,Not applicable,_T,No breakdown by disability,2019,,10.8,,PER_100000_POP,"per 100,000 population",G,Global,_X,Not Available,,,,,,
DATAFLOW,SPC:DF_BP50(1.0),Blue Pacific 2050 (all),I,A,Annual,SH_DTH_NCD,"Mortality rate attributed to cardiovascular disease, cancer,
            diabetes or chronic respiratory disease",FJ,Fiji,_T,Total,_T,All ages,_T,National,_T,Total,_T,All education levels,_T,All occupations,_Z,Not applicable,_T,No breakdown by disability,2000,,44,,PERCENT,percent,G,Global,_X,Not Available,,,,,,
DATAFLOW,SPC:DF_BP50(1.0),Blue Pacific 2050 (all),I,A,Annual,SH_DTH_NCD,"Mortality rate attributed to cardiovascular disease, cancer,
            diabetes or chronic respiratory disease",FJ,Fiji,_T,Total,_T,All ages,_T,National,_T,Total,_T,All education levels,_T,All occupations,_Z,Not applicable,_T,No breakdown by disability,2001,,42.6,,PERCENT,percent,G,Global,_X,Not Available,,,,,,
DATAFLOW,SPC:DF_BP50(1.0),Blue Pacific 2050 (all),I,A,Annual,SH_DTH_NCD,"Mortality rate attributed to cardiovascular disease, cancer,
            diabetes or chronic respiratory disease",FJ,Fiji,_T,Total,_T,All ages,_T,National,_T,Total,_T,All education levels,_T,All occupations,_Z,Not applicable,_T,No breakdown by disability,2002,,41.4,,PERCENT,percent,G,Global,_X,Not Available,,,,,,
DATAFLOW,SPC:DF_BP50(1.0),Blue Pacific 2050 (all),I,A,Annual,SH_DTH_NCD,"Mortality rate attributed to cardiovascular disease, cancer,
            diabetes or chronic respiratory disease",FJ,Fiji,_T,Total,_T,All ages,_T,National,_T,Total,_T,All education levels,_T,All occupations,_Z,Not applicable,_T,No breakdown by disability,2003,,41.5,,PERCENT,percent,G,Global,_X,Not Available,,,,,,
DATAFLOW,SPC:DF_BP50(1.0),Blue Pacific 2050 (all),I,A,Annual,SH_DTH_NCD,"Mortality rate attributed to cardiovascular disease, cancer,
            diabetes or chronic respiratory disease",FJ,Fiji,_T,Total,_T,All ages,_T,National,_T,Total,_T,All education levels,_T,All occupations,_Z,Not applicable,_T,No breakdown by disability,2004,,40.2,,PERCENT,percent,G,Global,_X,Not Available,,,,,,
DATAFLOW,SPC:DF_BP50(1.0),Blue Pacific 2050 (all),I,A,Annual,SH_DTH_NCD,"Mortality rate attributed to cardiovascular disease, cancer,
            diabetes or chronic respiratory disease",FJ,Fiji,_T,Total,_T,All ages,_T,National,_T,Total,_T,All education levels,_T,All occupations,_Z,Not applicable,_T,No breakdown by disability,2005,,40.8,,PERCENT,percent,G,Global,_X,Not Available,,,,,,
DATAFLOW,SPC:DF_BP50(1.0),Blue Pacific 2050 (all),I,A,Annual,SH_DTH_NCD,"Mortality rate attributed to cardiovascular disease, cancer,
            diabetes or chronic respiratory disease",FJ,Fiji,_T,Total,_T,All ages,_T,National,_T,Total,_T,All education levels,_T,All occupations,_Z,Not applicable,_T,No breakdown by disability,2006,,41.2,,PERCENT,percent,G,Global,_X,Not Available,,,,,,
DATAFLOW,SPC:DF_BP50(1.0),Blue Pacific 2050 (all),I,A,Annual,SH_DTH_NCD,"Mortality rate attributed to cardiovascular disease, cancer,
            diabetes or chronic respiratory disease",FJ,Fiji,_T,Total,_T,All ages,_T,National,_T,Total,_T,All education levels,_T,All occupations,_Z,Not applicable,_T,No breakdown by disability,2007,,41.4,,PERCENT,percent,G,Global,_X,Not Available,,,,,,
DATAFLOW,SPC:DF_BP50(1.0),Blue Pacific 2050 (all),I,A,Annual,SH_DTH_NCD,"Mortality rate attributed to cardiovascular disease, cancer,
            diabetes or chronic respiratory disease",FJ,Fiji,_T,Total,_T,All ages,_T,National,_T,Total,_T,All education levels,_T,All occupations,_Z,Not applicable,_T,No breakdown by disability,2008,,41.9,,PERCENT,percent,G,Global,_X,Not Available,,,,,,
DATAFLOW,SPC:DF_BP50(1.0),Blue Pacific 2050 (all),I,A,Annual,SH_DTH_NCD,"Mortality rate attributed to cardiovascular disease, cancer,
            diabetes or chronic respiratory disease",FJ,Fiji,_T,Total,_T,All ages,_T,National,_T,Total,_T,All education levels,_T,All occupations,_Z,Not applicable,_T,No breakdown by disability,2009,,41.6,,PERCENT,percent,G,Global,_X,Not Available,,,,,,
DATAFLOW,SPC:DF_BP50(1.0),Blue Pacific 2050 (all),I,A,Annual,SH_DTH_NCD,"Mortality rate attributed to cardiovascular disease, cancer,
            diabetes or chronic respiratory disease",FJ,Fiji,_T,Total,_T,All ages,_T,National,_T,Total,_T,All education levels,_T,All occupations,_Z,Not applicable,_T,No breakdown by disability,2010,,41.3,,PERCENT,percent,G,Global,_X,Not Available,,,,,,
DATAFLOW,SPC:DF_BP50(1.0),Blue Pacific 2050 (all),I,A,Annual,SH_DTH_NCD,"Mortality rate attributed to cardiovascular disease, cancer,
            diabetes or chronic respiratory disease",FJ,Fiji,_T,Total,_T,All ages,_T,National,_T,Total,_T,All education levels,_T,All occupations,_Z,Not applicable,_T,No breakdown by disability,2011,,40.8,,PERCENT,percent,G,Global,_X,Not Available,,,,,,
DATAFLOW,SPC:DF_BP50(1.0),Blue Pacific 2050 (all),I,A,Annual,SH_DTH_NCD,"Mortality rate attributed to cardiovascular disease, cancer,
            diabetes or chronic respiratory disease",FJ,Fiji,_T,Total,_T,All ages,_T,National,_T,Total,_T,All education levels,_T,All occupations,_Z,Not applicable,_T,No breakdown by disability,2012,,40.4,,PERCENT,percent,G,Global,_X,Not Available,,,,,,
DATAFLOW,SPC:DF_BP50(1.0),Blue Pacific 2050 (all),I,A,Annual,SH_DTH_NCD,"Mortality rate attributed to cardiovascular disease, cancer,
            diabetes or chronic respiratory disease",FJ,Fiji,_T,Total,_T,All ages,_T,National,_T,Total,_T,All education levels,_T,All occupations,_Z,Not applicable,_T,No breakdown by disability,2013,,40.2,,PERCENT,percent,G,Global,_X,Not Available,,,,,,
DATAFLOW,SPC:DF_BP50(1.0),Blue Pacific 2050 (all),I,A,Annual,SH_DTH_NCD,"Mortality rate attributed to cardiovascular disease, cancer,
            diabetes or chronic respiratory disease",FJ,Fiji,_T,Total,_T,All ages,_T,National,_T,Total,_T,All education levels,_T,All occupations,_Z,Not applicable,_T,No breakdown by disability,2014,,40,,PERCENT,percent,G,Global,_X,Not Available,,,,,,
DATAFLOW,SPC:DF_BP50(1.0),Blue Pacific 2050 (all),I,A,Annual,SH_DTH_NCD,"Mortality rate attributed to cardiovascular disease, cancer,
            diabetes or chronic respiratory disease",FJ,Fiji,_T,Total,_T,All ages,_T,National,_T,Total,_T,All education levels,_T,All occupations,_Z,Not applicable,_T,No breakdown by disability,2015,,39.7,,PERCENT,percent,G,Global,_X,Not Available,,,,,,
DATAFLOW,SPC:DF_BP50(1.0),Blue Pacific 2050 (all),I,A,Annual,SH_DTH_NCD,"Mortality rate attributed to cardiovascular disease, cancer,
            diabetes or chronic respiratory disease",FJ,Fiji,_T,Total,_T,All ages,_T,National,_T,Total,_T,All education levels,_T,All occupations,_Z,Not applicable,_T,No breakdown by disability,2016,,39.4,,PERCENT,percent,G,Global,_X,Not Available,,,,,,
DATAFLOW,SPC:DF_BP50(1.0),Blue Pacific 2050 (all),I,A,Annual,SH_DTH_NCD,"Mortality rate attributed to cardiovascular disease, cancer,
            diabetes or chronic respiratory disease",FJ,Fiji,_T,Total,_T,All ages,_T,National,_T,Total,_T,All education levels,_T,All occupations,_Z,Not applicable,_T,No breakdown by disability,2017,,39.3,,PERCENT,percent,G,Global,_X,Not Available,,,,,,
DATAFLOW,SPC:DF_BP50(1.0),Blue Pacific 2050 (all),I,A,Annual,SH_DTH_NCD,"Mortality rate attributed to cardiovascular disease, cancer,
            diabetes or chronic respiratory disease",FJ,Fiji,_T,Total,_T,All ages,_T,National,_T,Total,_T,All education levels,_T,All occupations,_Z,Not applicable,_T,No breakdown by disability,2018,,39,,PERCENT,percent,G,Global,_X,Not Available,,,,,,
DATAFLOW,SPC:DF_BP50(1.0),Blue Pacific 2050 (all),I,A,Annual,SH_DTH_NCD,"Mortality rate attributed to cardiovascular disease, cancer,
            diabetes or chronic respiratory disease",FJ,Fiji,_T,Total,_T,All ages,_T,National,_T,Total,_T,All education levels,_T,All occupations,_Z,Not applicable,_T,No breakdown by disability,2019,,38.8,,PERCENT,percent,G,Global,_X,Not Available,,,,,,
DATAFLOW,SPC:DF_BP50(1.0),Blue Pacific 2050 (all),I,A,Annual,SH_DTH_NCD,"Mortality rate attributed to cardiovascular disease, cancer,
            diabetes or chronic respiratory disease",FJ,Fiji,_T,Total,_T,All ages,_T,National,_T,Total,_T,All education levels,_T,All occupations,_Z,Not applicable,_T,No breakdown by disability,2020,,38.6,,PERCENT,percent,G,Global,_X,Not Available,,,,,"For this geography and year, some non-communicable disease deaths may be included in a separate category called ""other pandemic-related mortality"" due to lack of vital registration data. Estimates of this indicator for 2020 and 2021 may be underestimated, and need to be interpreted with caution.",
DATAFLOW,SPC:DF_BP50(1.0),Blue Pacific 2050 (all),I,A,Annual,SH_DTH_NCD,"Mortality rate attributed to cardiovascular disease, cancer,
            diabetes or chronic respiratory disease",FJ,Fiji,_T,Total,_T,All ages,_T,National,_T,Total,_T,All education levels,_T,All occupations,_Z,Not applicable,_T,No breakdown by disability,2021,,37.9,,PERCENT,percent,G,Global,_X,Not Available,,,,,"For this geography and year, some non-communicable disease deaths may be included in a separate category called ""other pandemic-related mortality"" due to lack of vital registration data. Estimates of this indicator for 2020 and 2021 may be underestimated, and need to be interpreted with caution.",
DATAFLOW,SPC:DF_BP50(1.0),Blue Pacific 2050 (all),I,A,Annual,SH_TBS_INCD,Tuberculosis incidence,TO,Tonga,_T,Total,_T,All ages,_T,National,_T,Total,_T,All education levels,_T,All occupations,_Z,Not applicable,_T,No breakdown by disability,2000,,27,,PER_100000_POP,"per 100,000 population",G,Global,_X,Not Available,,,,,,
DATAFLOW,SPC:DF_BP50(1.0),Blue Pacific 2050 (all),I,A,Annual,SH_TBS_INCD,Tuberculosis incidence,TO,Tonga,_T,Total,_T,All ages,_T,National,_T,Total,_T,All education levels,_T,All occupations,_Z,Not applicable,_T,No breakdown by disability,2001,,13,,PER_100000_POP,"per 100,000 population",G,Global,_X,Not Available,,,,,,
DATAFLOW,SPC:DF_BP50(1.0),Blue Pacific 2050 (all),I,A,Annual,SH_TBS_INCD,Tuberculosis incidence,TO,Tonga,_T,Total,_T,All ages,_T,National,_T,Total,_T,All education levels,_T,All occupations,_Z,Not applicable,_T,No breakdown by disability,2002,,32,,PER_100000_POP,"per 100,000 population",G,Global,_X,Not Available,,,,,,
DATAFLOW,SPC:DF_BP50(1.0),Blue Pacific 2050 (all),I,A,Annual,SH_TBS_INCD,Tuberculosis incidence,TO,Tonga,_T,Total,_T,All ages,_T,National,_T,Total,_T,All education levels,_T,All occupations,_Z,Not applicable,_T,No breakdown by disability,2003,,18,,PER_100000_POP,"per 100,000 population",G,Global,_X,Not Available,,,,,,
DATAFLOW,SPC:DF_BP50(1.0),Blue Pacific 2050 (all),I,A,Annual,SH_TBS_INCD,Tuberculosis incidence,TO,Tonga,_T,Total,_T,All ages,_T,National,_T,Total,_T,All education levels,_T,All occupations,_Z,Not applicable,_T,No breakdown by disability,2004,,13,,PER_100000_POP,"per 100,000 population",G,Global,_X,Not Available,,,,,,
DATAFLOW,SPC:DF_BP50(1.0),Blue Pacific 2050 (all),I,A,Annual,SH_TBS_INCD,Tuberculosis incidence,TO,Tonga,_T,Total,_T,All ages,_T,National,_T,Total,_T,All education levels,_T,All occupations,_Z,Not applicable,_T,No breakdown by disability,2005,,20,,PER_100000_POP,"per 100,000 population",G,Global,_X,Not Available,,,,,,
DATAFLOW,SPC:DF_BP50(1.0),Blue Pacific 2050 (all),I,A,Annual,SH_TBS_INCD,Tuberculosis incidence,TO,Tonga,_T,Total,_T,All ages,_T,National,_T,Total,_T,All education levels,_T,All occupations,_Z,Not applicable,_T,No breakdown by disability,2006,,19,,PER_100000_POP,"per 100,000 population",G,Global,_X,Not Available,,,,,,
DATAFLOW,SPC:DF_BP50(1.0),Blue Pacific 2050 (all),I,A,Annual,SH_TBS_INCD,Tuberculosis incidence,TO,Tonga,_T,Total,_T,All ages,_T,National,_T,Total,_T,All education levels,_T,All occupations,_Z,Not applicable,_T,No breakdown by disability,2007,,25,,PER_100000_POP,"per 100,000 population",G,Global,_X,Not Available,,,,,,
DATAFLOW,SPC:DF_BP50(1.0),Blue Pacific 2050 (all),I,A,Annual,SH_TBS_INCD,Tuberculosis incidence,TO,Tonga,_T,Total,_T,All ages,_T,National,_T,Total,_T,All education levels,_T,All occupations,_Z,Not applicable,_T,No breakdown by disability,2008,,14,,PER_100000_POP,"per 100,000 population",G,Global,_X,Not Available,,,,,,
DATAFLOW,SPC:DF_BP50(1.0),Blue Pacific 2050 (all),I,A,Annual,SH_TBS_INCD,Tuberculosis incidence,TO,Tonga,_T,Total,_T,All ages,_T,National,_T,Total,_T,All education levels,_T,All occupations,_Z,Not applicable,_T,No breakdown by disability,2009,,8.6,,PER_100000_POP,"per 100,000 population",G,Global,_X,Not Available,,,,,,
DATAFLOW,SPC:DF_BP50(1.0),Blue Pacific 2050 (all),I,A,Annual,SH_TBS_INCD,Tuberculosis incidence,TO,Tonga,_T,Total,_T,All ages,_T,National,_T,Total,_T,All education levels,_T,All occupations,_Z,Not applicable,_T,No breakdown by disability,2010,,12,,PER_100000_POP,"per 100,000 population",G,Global,_X,Not Available,,,,,,
DATAFLOW,SPC:DF_BP50(1.0),Blue Pacific 2050 (all),I,A,Annual,SH_TBS_INCD,Tuberculosis incidence,TO,Tonga,_T,Total,_T,All ages,_T,National,_T,Total,_T,All education levels,_T,All occupations,_Z,Not applicable,_T,No breakdown by disability,2011,,9.6,,PER_100000_POP,"per 100,000 population",G,Global,_X,Not Available,,,,,,
DATAFLOW,SPC:DF_BP50(1.0),Blue Pacific 2050 (all),I,A,Annual,SH_TBS_INCD,Tuberculosis incidence,TO,Tonga,_T,Total,_T,All ages,_T,National,_T,Total,_T,All education levels,_T,All occupations,_Z,Not applicable,_T,No breakdown by disability,2012,,12,,PER_100000_POP,"per 100,000 population",G,Global,_X,Not Available,,,,,,
DATAFLOW,SPC:DF_BP50(1.0),Blue Pacific 2050 (all),I,A,Annual,SH_TBS_INCD,Tuberculosis incidence,TO,Tonga,_T,Total,_T,All ages,_T,National,_T,Total,_T,All education levels,_T,All occupations,_Z,Not applicable,_T,No breakdown by disability,2013,,11,,PER_100000_POP,"per 100,000 population",G,Global,_X,Not Available,,,,,,
DATAFLOW,SPC:DF_BP50(1.0),Blue Pacific 2050 (all),I,A,Annual,SH_TBS_INCD,Tuberculosis incidence,TO,Tonga,_T,Total,_T,All ages,_T,National,_T,Total,_T,All education levels,_T,All occupations,_Z,Not applicable,_T,No breakdown by disability,2014,,14,,PER_100000_POP,"per 100,000 population",G,Global,_X,Not Available,,,,,,
DATAFLOW,SPC:DF_BP50(1.0),Blue Pacific 2050 (all),I,A,Annual,SH_TBS_INCD,Tuberculosis incidence,TO,Tonga,_T,Total,_T,All ages,_T,National,_T,Total,_T,All education levels,_T,All occupations,_Z,Not applicable,_T,No breakdown by disability,2015,,15,,PER_100000_POP,"per 100,000 population",G,Global,_X,Not Available,,,,,,
DATAFLOW,SPC:DF_BP50(1.0),Blue Pacific 2050 (all),I,A,Annual,SH_TBS_INCD,Tuberculosis incidence,TO,Tonga,_T,Total,_T,All ages,_T,National,_T,Total,_T,All education levels,_T,All occupations,_Z,Not applicable,_T,No breakdown by disability,2016,,8.7,,PER_100000_POP,"per 100,000 population",G,Global,_X,Not Available,,,,,,
DATAFLOW,SPC:DF_BP50(1.0),Blue Pacific 2050 (all),I,A,Annual,SH_TBS_INCD,Tuberculosis incidence,TO,Tonga,_T,Total,_T,All ages,_T,National,_T,Total,_T,All education levels,_T,All occupations,_Z,Not applicable,_T,No breakdown by disability,2017,,12,,PER_100000_POP,"per 100,000 population",G,Global,_X,Not Available,,,,,,
DATAFLOW,SPC:DF_BP50(1.0),Blue Pacific 2050 (all),I,A,Annual,SH_TBS_INCD,Tuberculosis incidence,TO,Tonga,_T,Total,_T,All ages,_T,National,_T,Total,_T,All education levels,_T,All occupations,_Z,Not applicable,_T,No breakdown by disability,2018,,9.8,,PER_100000_POP,"per 100,000 population",G,Global,_X,Not Available,,,,,,
DATAFLOW,SPC:DF_BP50(1.0),Blue Pacific 2050 (all),I,A,Annual,SH_TBS_INCD,Tuberculosis incidence,TO,Tonga,_T,Total,_T,All ages,_T,National,_T,Total,_T,All education levels,_T,All occupations,_Z,Not applicable,_T,No breakdown by disability,2019,,11,,PER_100000_POP,"per 100,000 population",G,Global,_X,Not Available,,,,,,
DATAFLOW,SPC:DF_BP50(1.0),Blue Pacific 2050 (all),I,A,Annual,SH_TBS_INCD,Tuberculosis incidence,TO,Tonga,_T,Total,_T,All ages,_T,National,_T,Total,_T,All education levels,_T,All occupations,_Z,Not applicable,_T,No breakdown by disability,2020,,8.7,,PER_100000_POP,"per 100,000 population",G,Global,_X,Not Available,,,,,,
DATAFLOW,SPC:DF_BP50(1.0),Blue Pacific 2050 (all),I,A,Annual,SH_TBS_INCD,Tuberculosis incidence,TO,Tonga,_T,Total,_T,All ages,_T,National,_T,Total,_T,All education levels,_T,All occupations,_Z,Not applicable,_T,No breakdown by disability,2021,,7.6,,PER_100000_POP,"per 100,000 population",G,Global,_X,Not Available,,,,,,
DATAFLOW,SPC:DF_BP50(1.0),Blue Pacific 2050 (all),I,A,Annual,SH_TBS_INCD,Tuberculosis incidence,TO,Tonga,_T,Total,_T,All ages,_T,National,_T,Total,_T,All education levels,_T,All occupations,_Z,Not applicable,_T,No breakdown by disability,2022,,2.2,,PER_100000_POP,"per 100,000 population",G,Global,_X,Not Available,,,,,,
DATAFLOW,SPC:DF_BP50(1.0),Blue Pacific 2050 (all),I,A,Annual,SH_TBS_INCD,Tuberculosis incidence,TO,Tonga,_T,Total,_T,All ages,_T,National,_T,Total,_T,All education levels,_T,All occupations,_Z,Not applicable,_T,No breakdown by disability,2023,,8.8,,PER_100000_POP,"per 100,000 population",G,Global,_X,Not Available,,,,,,
DATAFLOW,SPC:DF_BP50(1.0),Blue Pacific 2050 (all),I,A,Annual,SH_DTH_NCD,"Mortality rate attributed to cardiovascular disease, cancer,
            diabetes or chronic respiratory disease",VU,Vanuatu,_T,Total,_T,All ages,_T,National,_T,Total,_T,All education levels,_T,All occupations,_Z,Not applicable,_T,No breakdown by disability,2000,,40.4,,PERCENT,percent,G,Global,_X,Not Available,,,,,,
DATAFLOW,SPC:DF_BP50(1.0),Blue Pacific 2050 (all),I,A,Annual,SH_DTH_NCD,"Mortality rate attributed to cardiovascular disease, cancer,
            diabetes or chronic respiratory disease",VU,Vanuatu,_T,Total,_T,All ages,_T,National,_T,Total,_T,All education levels,_T,All occupations,_Z,Not applicable,_T,No breakdown by disability,2001,,40.5,,PERCENT,percent,G,Global,_X,Not Available,,,,,,
DATAFLOW,SPC:DF_BP50(1.0),Blue Pacific 2050 (all),I,A,Annual,SH_DTH_NCD,"Mortality rate attributed to cardiovascular disease, cancer,
            diabetes or chronic respiratory disease",VU,Vanuatu,_T,Total,_T,All ages,_T,National,_T,Total,_T,All education levels,_T,All occupations,_Z,Not applicable,_T,No breakdown by disability,2002,,40.1,,PERCENT,percent,G,Global,_X,Not Available,,,,,,
DATAFLOW,SPC:DF_BP50(1.0),Blue Pacific 2050 (all),I,A,Annual,SH_DTH_NCD,"Mortality rate attributed to cardiovascular disease, cancer,
            diabetes or chronic respiratory disease",VU,Vanuatu,_T,Total,_T,All ages,_T,National,_T,Total,_T,All education levels,_T,All occupations,_Z,Not applicable,_T,No breakdown by disability,2003,,39.8,,PERCENT,percent,G,Global,_X,Not Available,,,,,,
DATAFLOW,SPC:DF_BP50(1.0),Blue Pacific 2050 (all),I,A,Annual,SH_DTH_NCD,"Mortality rate attributed to cardiovascular disease, cancer,
            diabetes or chronic respiratory disease",VU,Vanuatu,_T,Total,_T,All ages,_T,National,_T,Total,_T,All education levels,_T,All occupations,_Z,Not applicable,_T,No breakdown by disability,2004,,39.7,,PERCENT,percent,G,Global,_X,Not Available,,,,,,
DATAFLOW,SPC:DF_BP50(1.0),Blue Pacific 2050 (all),I,A,Annual,SH_DTH_NCD,"Mortality rate attributed to cardiovascular disease, cancer,
            diabetes or chronic respiratory disease",VU,Vanuatu,_T,Total,_T,All ages,_T,National,_T,Total,_T,All education levels,_T,All occupations,_Z,Not applicable,_T,No breakdown by disability,2005,,39.3,,PERCENT,percent,G,Global,_X,Not Available,,,,,,
DATAFLOW,SPC:DF_BP50(1.0),Blue Pacific 2050 (all),I,A,Annual,SH_DTH_NCD,"Mortality rate attributed to cardiovascular disease, cancer,
            diabetes or chronic respiratory disease",VU,Vanuatu,_T,Total,_T,All ages,_T,National,_T,Total,_T,All education levels,_T,All occupations,_Z,Not applicable,_T,No breakdown by disability,2006,,39.6,,PERCENT,percent,G,Global,_X,Not Available,,,,,,
DATAFLOW,SPC:DF_BP50(1.0),Blue Pacific 2050 (all),I,A,Annual,SH_DTH_NCD,"Mortality rate attributed to cardiovascular disease, cancer,
            diabetes or chronic respiratory disease",VU,Vanuatu,_T,Total,_T,All ages,_T,National,_T,Total,_T,All education levels,_T,All occupations,_Z,Not applicable,_T,No breakdown by disability,2007,,39.1,,PERCENT,percent,G,Global,_X,Not Available,,,,,,
DATAFLOW,SPC:DF_BP50(1.0),Blue Pacific 2050 (all),I,A,Annual,SH_DTH_NCD,"Mortality rate attributed to cardiovascular disease, cancer,
            diabetes or chronic respiratory disease",VU,Vanuatu,_T,Total,_T,All ages,_T,National,_T,Total,_T,All education levels,_T,All occupations,_Z,Not applicable,_T,No breakdown by disability,2008,,38.6,,PERCENT,percent,G,Global,_X,Not Available,,,,,,
DATAFLOW,SPC:DF_BP50(1.0),Blue Pacific 2050 (all),I,A,Annual,SH_DTH_NCD,"Mortality rate attributed to cardiovascular disease, cancer,
            diabetes or chronic respiratory disease",VU,Vanuatu,_T,Total,_T,All ages,_T,National,_T,Total,_T,All education levels,_T,All occupations,_Z,Not applicable,_T,No breakdown by disability,2009,,38.7,,PERCENT,percent,G,Global,_X,Not Available,,,,,,
DATAFLOW,SPC:DF_BP50(1.0),Blue Pacific 2050 (all),I,A,Annual,SH_DTH_NCD,"Mortality rate attributed to cardiovascular disease, cancer,
            diabetes or chronic respiratory disease",VU,Vanuatu,_T,Total,_T,All ages,_T,National,_T,Total,_T,All education levels,_T,All occupations,_Z,Not applicable,_T,No breakdown by disability,2010,,38,,PERCENT,percent,G,Global,_X,Not Available,,,,,,
DATAFLOW,SPC:DF_BP50(1.0),Blue Pacific 2050 (all),I,A,Annual,SH_DTH_NCD,"Mortality rate attributed to cardiovascular disease, cancer,
            diabetes or chronic respiratory disease",VU,Vanuatu,_T,Total,_T,All ages,_T,National,_T,Total,_T,All education levels,_T,All occupations,_Z,Not applicable,_T,No breakdown by disability,2011,,38.1,,PERCENT,percent,G,Global,_X,Not Available,,,,,,
DATAFLOW,SPC:DF_BP50(1.0),Blue Pacific 2050 (all),I,A,Annual,SH_DTH_NCD,"Mortality rate attributed to cardiovascular disease, cancer,
            diabetes or chronic respiratory disease",VU,Vanuatu,_T,Total,_T,All ages,_T,National,_T,Total,_T,All education levels,_T,All occupations,_Z,Not applicable,_T,No breakdown by disability,2012,,38.4,,PERCENT,percent,G,Global,_X,Not Available,,,,,,
DATAFLOW,SPC:DF_BP50(1.0),Blue Pacific 2050 (all),I,A,Annual,SH_DTH_NCD,"Mortality rate attributed to cardiovascular disease, cancer,
            diabetes or chronic respiratory disease",VU,Vanuatu,_T,Total,_T,All ages,_T,National,_T,Total,_T,All education levels,_T,All occupations,_Z,Not applicable,_T,No breakdown by disability,2013,,38,,PERCENT,percent,G,Global,_X,Not Available,,,,,,
DATAFLOW,SPC:DF_BP50(1.0),Blue Pacific 2050 (all),I,A,Annual,SH_DTH_NCD,"Mortality rate attributed to cardiovascular disease, cancer,
            diabetes or chronic respiratory disease",VU,Vanuatu,_T,Total,_T,All ages,_T,National,_T,Total,_T,All education levels,_T,All occupations,_Z,Not applicable,_T,No breakdown by disability,2014,,37.5,,PERCENT,percent,G,Global,_X,Not Available,,,,,,
DATAFLOW,SPC:DF_BP50(1.0),Blue Pacific 2050 (all),I,A,Annual,SH_DTH_NCD,"Mortality rate attributed to cardiovascular disease, cancer,
            diabetes or chronic respiratory disease",VU,Vanuatu,_T,Total,_T,All ages,_T,National,_T,Total,_T,All education levels,_T,All occupations,_Z,Not applicable,_T,No breakdown by disability,2015,,37.6,,PERCENT,percent,G,Global,_X,Not Available,,,,,,
DATAFLOW,SPC:DF_BP50(1.0),Blue Pacific 2050 (all),I,A,Annual,SH_DTH_NCD,"Mortality rate attributed to cardiovascular disease, cancer,
            diabetes or chronic respiratory disease",VU,Vanuatu,_T,Total,_T,All ages,_T,National,_T,Total,_T,All education levels,_T,All occupations,_Z,Not applicable,_T,No breakdown by disability,2016,,37.3,,PERCENT,percent,G,Global,_X,Not Available,,,,,,
DATAFLOW,SPC:DF_BP50(1.0),Blue Pacific 2050 (all),I,A,Annual,SH_DTH_NCD,"Mortality rate attributed to cardiovascular disease, cancer,
            diabetes or chronic respiratory disease",VU,Vanuatu,_T,Total,_T,All ages,_T,National,_T,Total,_T,All education levels,_T,All occupations,_Z,Not applicable,_T,No breakdown by disability,2017,,37.2,,PERCENT,percent,G,Global,_X,Not Available,,,,,,
DATAFLOW,SPC:DF_BP50(1.0),Blue Pacific 2050 (all),I,A,Annual,SH_DTH_NCD,"Mortality rate attributed to cardiovascular disease, cancer,
            diabetes or chronic respiratory disease",VU,Vanuatu,_T,Total,_T,All ages,_T,National,_T,Total,_T,All education levels,_T,All occupations,_Z,Not applicable,_T,No breakdown by disability,2018,,37.1,,PERCENT,percent,G,Global,_X,Not Available,,,,,,
DATAFLOW,SPC:DF_BP50(1.0),Blue Pacific 2050 (all),I,A,Annual,SH_DTH_NCD,"Mortality rate attributed to cardiovascular disease, cancer,
            diabetes or chronic respiratory disease",VU,Vanuatu,_T,Total,_T,All ages,_T,National,_T,Total,_T,All education levels,_T,All occupations,_Z,Not applicable,_T,No breakdown by disability,2019,,37.1,,PERCENT,percent,G,Global,_X,Not Available,,,,,,
DATAFLOW,SPC:DF_BP50(1.0),Blue Pacific 2050 (all),I,A,Annual,SH_DTH_NCD,"Mortality rate attributed to cardiovascular disease, cancer,
            diabetes or chronic respiratory disease",VU,Vanuatu,_T,Total,_T,All ages,_T,National,_T,Total,_T,All education levels,_T,All occupations,_Z,Not applicable,_T,No breakdown by disability,2020,,37.8,,PERCENT,percent,G,Global,_X,Not Available,,,,,"For this geography and year, some non-communicable disease deaths may be included in a separate category called ""other pandemic-related mortality"" due to lack of vital registration data. Estimates of this indicator for 2020 and 2021 may be underestimated, and need to be interpreted with caution.",
DATAFLOW,SPC:DF_BP50(1.0),Blue Pacific 2050 (all),I,A,Annual,SH_DTH_NCD,"Mortality rate attributed to cardiovascular disease, cancer,
            diabetes or chronic respiratory disease",VU,Vanuatu,_T,Total,_T,All ages,_T,National,_T,Total,_T,All education levels,_T,All occupations,_Z,Not applicable,_T,No breakdown by disability,2021,,36.8,,PERCENT,percent,G,Global,_X,Not Available,,,,,"For this geography and year, some non-communicable disease deaths may be included in a separate category called ""other pandemic-related mortality"" due to lack of vital registration data. Estimates of this indicator for 2020 and 2021 may be underestimated, and need to be interpreted with caution.",
DATAFLOW,SPC:DF_BP50(1.0),Blue Pacific 2050 (all),I,A,Annual,SH_STA_WASH,"Mortality rate attributed to unsafe water, unsafe sanitation
            and lack of hygiene",FM,Micronesia (Federated States of),_T,Total,_T,All ages,_T,National,_T,Total,_T,All education levels,_T,All occupations,_Z,Not applicable,_T,No breakdown by disability,2012,,9.7,,PER_100000_POP,"per 100,000 population",G,Global,C,Country Data,UN Global Database,,,,,
DATAFLOW,SPC:DF_BP50(1.0),Blue Pacific 2050 (all),I,A,Annual,SH_STA_WASH,"Mortality rate attributed to unsafe water, unsafe sanitation
            and lack of hygiene",FM,Micronesia (Federated States of),_T,Total,_T,All ages,_T,National,_T,Total,_T,All education levels,_T,All occupations,_Z,Not applicable,_T,No breakdown by disability,2016,,3.57,,PER_100000_POP,"per 100,000 population",G,Global,_X,Not Available,,,,,,
DATAFLOW,SPC:DF_BP50(1.0),Blue Pacific 2050 (all),I,A,Annual,SH_STA_WASH,"Mortality rate attributed to unsafe water, unsafe sanitation
            and lack of hygiene",FM,Micronesia (Federated States of),_T,Total,_T,All ages,_T,National,_T,Total,_T,All education levels,_T,All occupations,_Z,Not applicable,_T,No breakdown by disability,2019,,14,,PER_100000_POP,"per 100,000 population",G,Global,_X,Not Available,,,,,,
DATAFLOW,SPC:DF_BP50(1.0),Blue Pacific 2050 (all),I,A,Annual,SH_STA_WASH,"Mortality rate attributed to unsafe water, unsafe sanitation
            and lack of hygiene",TV,Tuvalu,_T,Total,_T,All ages,_T,National,_T,Total,_T,All education levels,_T,All occupations,_Z,Not applicable,_T,No breakdown by disability,2012,,0,,PER_100000_POP,"per 100,000 population",G,Global,E,Estimated,"Global Health Observatory (GHO), World Health Organisation (WHO)",,,,,
DATAFLOW,SPC:DF_BP50(1.0),Blue Pacific 2050 (all),I,A,Annual,SH_STA_WASH,"Mortality rate attributed to unsafe water, unsafe sanitation
            and lack of hygiene",SB,Solomon Islands,_T,Total,_T,All ages,_T,National,_T,Total,_T,All education levels,_T,All occupations,_Z,Not applicable,_T,No breakdown by disability,2012,,10.4,,PER_100000_POP,"per 100,000 population",G,Global,C,Country Data,UN Global Database,,,,,
DATAFLOW,SPC:DF_BP50(1.0),Blue Pacific 2050 (all),I,A,Annual,SH_STA_WASH,"Mortality rate attributed to unsafe water, unsafe sanitation
            and lack of hygiene",SB,Solomon Islands,_T,Total,_T,All ages,_T,National,_T,Total,_T,All education levels,_T,All occupations,_Z,Not applicable,_T,No breakdown by disability,2016,,6.18,,PER_100000_POP,"per 100,000 population",G,Global,_X,Not Available,,,,,,
DATAFLOW,SPC:DF_BP50(1.0),Blue Pacific 2050 (all),I,A,Annual,SH_STA_WASH,"Mortality rate attributed to unsafe water, unsafe sanitation
            and lack of hygiene",SB,Solomon Islands,_T,Total,_T,All ages,_T,National,_T,Total,_T,All education levels,_T,All occupations,_Z,Not applicable,_T,No breakdown by disability,2019,,32.7,,PER_100000_POP,"per 100,000 population",G,Global,_X,Not Available,,,,,,
DATAFLOW,SPC:DF_BP50(1.0),Blue Pacific 2050 (all),I,A,Annual,SH_DTH_NCD,"Mortality rate attributed to cardiovascular disease, cancer,
            diabetes or chronic respiratory disease",PG,Papua New Guinea,_T,Total,_T,All ages,_T,National,_T,Total,_T,All education levels,_T,All occupations,_Z,Not applicable,_T,No breakdown by disability,2000,,30.4,,PERCENT,percent,G,Global,_X,Not Available,,,,,,
DATAFLOW,SPC:DF_BP50(1.0),Blue Pacific 2050 (all),I,A,Annual,SH_DTH_NCD,"Mortality rate attributed to cardiovascular disease, cancer,
            diabetes or chronic respiratory disease",PG,Papua New Guinea,_T,Total,_T,All ages,_T,National,_T,Total,_T,All education levels,_T,All occupations,_Z,Not applicable,_T,No breakdown by disability,2001,,31.1,,PERCENT,percent,G,Global,_X,Not Available,,,,,,
DATAFLOW,SPC:DF_BP50(1.0),Blue Pacific 2050 (all),I,A,Annual,SH_DTH_NCD,"Mortality rate attributed to cardiovascular disease, cancer,
            diabetes or chronic respiratory disease",PG,Papua New Guinea,_T,Total,_T,All ages,_T,National,_T,Total,_T,All education levels,_T,All occupations,_Z,Not applicable,_T,No breakdown by disability,2002,,30.5,,PERCENT,percent,G,Global,_X,Not Available,,,,,,
DATAFLOW,SPC:DF_BP50(1.0),Blue Pacific 2050 (all),I,A,Annual,SH_DTH_NCD,"Mortality rate attributed to cardiovascular disease, cancer,
            diabetes or chronic respiratory disease",PG,Papua New Guinea,_T,Total,_T,All ages,_T,National,_T,Total,_T,All education levels,_T,All occupations,_Z,Not applicable,_T,No breakdown by disability,2003,,30.5,,PERCENT,percent,G,Global,_X,Not Available,,,,,,
DATAFLOW,SPC:DF_BP50(1.0),Blue Pacific 2050 (all),I,A,Annual,SH_DTH_NCD,"Mortality rate attributed to cardiovascular disease, cancer,
            diabetes or chronic respiratory disease",PG,Papua New Guinea,_T,Total,_T,All ages,_T,National,_T,Total,_T,All education levels,_T,All occupations,_Z,Not applicable,_T,No breakdown by disability,2004,,30.3,,PERCENT,percent,G,Global,_X,Not Available,,,,,,
DATAFLOW,SPC:DF_BP50(1.0),Blue Pacific 2050 (all),I,A,Annual,SH_DTH_NCD,"Mortality rate attributed to cardiovascular disease, cancer,
            diabetes or chronic respiratory disease",PG,Papua New Guinea,_T,Total,_T,All ages,_T,National,_T,Total,_T,All education levels,_T,All occupations,_Z,Not applicable,_T,No breakdown by disability,2005,,30.4,,PERCENT,percent,G,Global,_X,Not Available,,,,,,
DATAFLOW,SPC:DF_BP50(1.0),Blue Pacific 2050 (all),I,A,Annual,SH_DTH_NCD,"Mortality rate attributed to cardiovascular disease, cancer,
            diabetes or chronic respiratory disease",PG,Papua New Guinea,_T,Total,_T,All ages,_T,National,_T,Total,_T,All education levels,_T,All occupations,_Z,Not applicable,_T,No breakdown by disability,2006,,30.5,,PERCENT,percent,G,Global,_X,Not Available,,,,,,
DATAFLOW,SPC:DF_BP50(1.0),Blue Pacific 2050 (all),I,A,Annual,SH_DTH_NCD,"Mortality rate attributed to cardiovascular disease, cancer,
            diabetes or chronic respiratory disease",PG,Papua New Guinea,_T,Total,_T,All ages,_T,National,_T,Total,_T,All education levels,_T,All occupations,_Z,Not applicable,_T,No breakdown by disability,2007,,30.7,,PERCENT,percent,G,Global,_X,Not Available,,,,,,
DATAFLOW,SPC:DF_BP50(1.0),Blue Pacific 2050 (all),I,A,Annual,SH_DTH_NCD,"Mortality rate attributed to cardiovascular disease, cancer,
            diabetes or chronic respiratory disease",PG,Papua New Guinea,_T,Total,_T,All ages,_T,National,_T,Total,_T,All education levels,_T,All occupations,_Z,Not applicable,_T,No breakdown by disability,2008,,30.1,,PERCENT,percent,G,Global,_X,Not Available,,,,,,
DATAFLOW,SPC:DF_BP50(1.0),Blue Pacific 2050 (all),I,A,Annual,SH_DTH_NCD,"Mortality rate attributed to cardiovascular disease, cancer,
            diabetes or chronic respiratory disease",PG,Papua New Guinea,_T,Total,_T,All ages,_T,National,_T,Total,_T,All education levels,_T,All occupations,_Z,Not applicable,_T,No breakdown by disability,2009,,29.2,,PERCENT,percent,G,Global,_X,Not Available,,,,,,
DATAFLOW,SPC:DF_BP50(1.0),Blue Pacific 2050 (all),I,A,Annual,SH_DTH_NCD,"Mortality rate attributed to cardiovascular disease, cancer,
            diabetes or chronic respiratory disease",PG,Papua New Guinea,_T,Total,_T,All ages,_T,National,_T,Total,_T,All education levels,_T,All occupations,_Z,Not applicable,_T,No breakdown by disability,2010,,29.5,,PERCENT,percent,G,Global,_X,Not Available,,,,,,
DATAFLOW,SPC:DF_BP50(1.0),Blue Pacific 2050 (all),I,A,Annual,SH_DTH_NCD,"Mortality rate attributed to cardiovascular disease, cancer,
            diabetes or chronic respiratory disease",PG,Papua New Guinea,_T,Total,_T,All ages,_T,National,_T,Total,_T,All education levels,_T,All occupations,_Z,Not applicable,_T,No breakdown by disability,2011,,29.6,,PERCENT,percent,G,Global,_X,Not Available,,,,,,
DATAFLOW,SPC:DF_BP50(1.0),Blue Pacific 2050 (all),I,A,Annual,SH_DTH_NCD,"Mortality rate attributed to cardiovascular disease, cancer,
            diabetes or chronic respiratory disease",PG,Papua New Guinea,_T,Total,_T,All ages,_T,National,_T,Total,_T,All education levels,_T,All occupations,_Z,Not applicable,_T,No breakdown by disability,2012,,30.3,,PERCENT,percent,G,Global,_X,Not Available,,,,,,
DATAFLOW,SPC:DF_BP50(1.0),Blue Pacific 2050 (all),I,A,Annual,SH_DTH_NCD,"Mortality rate attributed to cardiovascular disease, cancer,
            diabetes or chronic respiratory disease",PG,Papua New Guinea,_T,Total,_T,All ages,_T,National,_T,Total,_T,All education levels,_T,All occupations,_Z,Not applicable,_T,No breakdown by disability,2013,,30.2,,PERCENT,percent,G,Global,_X,Not Available,,,,,,
DATAFLOW,SPC:DF_BP50(1.0),Blue Pacific 2050 (all),I,A,Annual,SH_DTH_NCD,"Mortality rate attributed to cardiovascular disease, cancer,
            diabetes or chronic respiratory disease",PG,Papua New Guinea,_T,Total,_T,All ages,_T,National,_T,Total,_T,All education levels,_T,All occupations,_Z,Not applicable,_T,No breakdown by disability,2014,,30.9,,PERCENT,percent,G,Global,_X,Not Available,,,,,,
DATAFLOW,SPC:DF_BP50(1.0),Blue Pacific 2050 (all),I,A,Annual,SH_DTH_NCD,"Mortality rate attributed to cardiovascular disease, cancer,
            diabetes or chronic respiratory disease",PG,Papua New Guinea,_T,Total,_T,All ages,_T,National,_T,Total,_T,All education levels,_T,All occupations,_Z,Not applicable,_T,No breakdown by disability,2015,,30.9,,PERCENT,percent,G,Global,_X,Not Available,,,,,,
DATAFLOW,SPC:DF_BP50(1.0),Blue Pacific 2050 (all),I,A,Annual,SH_DTH_NCD,"Mortality rate attributed to cardiovascular disease, cancer,
            diabetes or chronic respiratory disease",PG,Papua New Guinea,_T,Total,_T,All ages,_T,National,_T,Total,_T,All education levels,_T,All occupations,_Z,Not applicable,_T,No breakdown by disability,2016,,30.7,,PERCENT,percent,G,Global,_X,Not Available,,,,,,
DATAFLOW,SPC:DF_BP50(1.0),Blue Pacific 2050 (all),I,A,Annual,SH_DTH_NCD,"Mortality rate attributed to cardiovascular disease, cancer,
            diabetes or chronic respiratory disease",PG,Papua New Guinea,_T,Total,_T,All ages,_T,National,_T,Total,_T,All education levels,_T,All occupations,_Z,Not applicable,_T,No breakdown by disability,2017,,30.1,,PERCENT,percent,G,Global,_X,Not Available,,,,,,
DATAFLOW,SPC:DF_BP50(1.0),Blue Pacific 2050 (all),I,A,Annual,SH_DTH_NCD,"Mortality rate attributed to cardiovascular disease, cancer,
            diabetes or chronic respiratory disease",PG,Papua New Guinea,_T,Total,_T,All ages,_T,National,_T,Total,_T,All education levels,_T,All occupations,_Z,Not applicable,_T,No breakdown by disability,2018,,30.2,,PERCENT,percent,G,Global,_X,Not Available,,,,,,
DATAFLOW,SPC:DF_BP50(1.0),Blue Pacific 2050 (all),I,A,Annual,SH_DTH_NCD,"Mortality rate attributed to cardiovascular disease, cancer,
            diabetes or chronic respiratory disease",PG,Papua New Guinea,_T,Total,_T,All ages,_T,National,_T,Total,_T,All education levels,_T,All occupations,_Z,Not applicable,_T,No breakdown by disability,2019,,30.7,,PERCENT,percent,G,Global,_X,Not Available,,,,,,
DATAFLOW,SPC:DF_BP50(1.0),Blue Pacific 2050 (all),I,A,Annual,SH_DTH_NCD,"Mortality rate attributed to cardiovascular disease, cancer,
            diabetes or chronic respiratory disease",PG,Papua New Guinea,_T,Total,_T,All ages,_T,National,_T,Total,_T,All education levels,_T,All occupations,_Z,Not applicable,_T,No breakdown by disability,2020,,30.3,,PERCENT,percent,G,Global,_X,Not Available,,,,,"For this geography and year, some non-communicable disease deaths may be included in a separate category called ""other pandemic-related mortality"" due to lack of vital registration data. Estimates of this indicator for 2020 and 2021 may be underestimated, and need to be interpreted with caution.",
DATAFLOW,SPC:DF_BP50(1.0),Blue Pacific 2050 (all),I,A,Annual,SH_DTH_NCD,"Mortality rate attributed to cardiovascular disease, cancer,
            diabetes or chronic respiratory disease",PG,Papua New Guinea,_T,Total,_T,All ages,_T,National,_T,Total,_T,All education levels,_T,All occupations,_Z,Not applicable,_T,No breakdown by disability,2021,,28.5,,PERCENT,percent,G,Global,_X,Not Available,,,,,"For this geography and year, some non-communicable disease deaths may be included in a separate category called ""other pandemic-related mortality"" due to lack of vital registration data. Estimates of this indicator for 2020 and 2021 may be underestimated, and need to be interpreted with caution.",
DATAFLOW,SPC:DF_BP50(1.0),Blue Pacific 2050 (all),I,A,Annual,SH_STA_MALR,"Malaria incidence per 1,000 population at risk",TO,Tonga,_T,Total,_T,All ages,_T,National,_T,Total,_T,All education levels,_T,All occupations,_Z,Not applicable,_T,No breakdown by disability,2000,,0,,PER_1000_POP,"per 1,000 population",G,Global,_X,Not Available,,,,,,
DATAFLOW,SPC:DF_BP50(1.0),Blue Pacific 2050 (all),I,A,Annual,SH_STA_MALR,"Malaria incidence per 1,000 population at risk",TO,Tonga,_T,Total,_T,All ages,_T,National,_T,Total,_T,All education levels,_T,All occupations,_Z,Not applicable,_T,No breakdown by disability,2001,,0,,PER_1000_POP,"per 1,000 population",G,Global,_X,Not Available,,,,,,
DATAFLOW,SPC:DF_BP50(1.0),Blue Pacific 2050 (all),I,A,Annual,SH_STA_MALR,"Malaria incidence per 1,000 population at risk",TO,Tonga,_T,Total,_T,All ages,_T,National,_T,Total,_T,All education levels,_T,All occupations,_Z,Not applicable,_T,No breakdown by disability,2002,,0,,PER_1000_POP,"per 1,000 population",G,Global,_X,Not Available,,,,,,
DATAFLOW,SPC:DF_BP50(1.0),Blue Pacific 2050 (all),I,A,Annual,SH_STA_MALR,"Malaria incidence per 1,000 population at risk",TO,Tonga,_T,Total,_T,All ages,_T,National,_T,Total,_T,All education levels,_T,All occupations,_Z,Not applicable,_T,No breakdown by disability,2003,,0,,PER_1000_POP,"per 1,000 population",G,Global,_X,Not Available,,,,,,
DATAFLOW,SPC:DF_BP50(1.0),Blue Pacific 2050 (all),I,A,Annual,SH_STA_MALR,"Malaria incidence per 1,000 population at risk",TO,Tonga,_T,Total,_T,All ages,_T,National,_T,Total,_T,All education levels,_T,All occupations,_Z,Not applicable,_T,No breakdown by disability,2004,,0,,PER_1000_POP,"per 1,000 population",G,Global,_X,Not Available,,,,,,
DATAFLOW,SPC:DF_BP50(1.0),Blue Pacific 2050 (all),I,A,Annual,SH_STA_MALR,"Malaria incidence per 1,000 population at risk",TO,Tonga,_T,Total,_T,All ages,_T,National,_T,Total,_T,All education levels,_T,All occupations,_Z,Not applicable,_T,No breakdown by disability,2005,,0,,PER_1000_POP,"per 1,000 population",G,Global,_X,Not Available,,,,,,
DATAFLOW,SPC:DF_BP50(1.0),Blue Pacific 2050 (all),I,A,Annual,SH_STA_MALR,"Malaria incidence per 1,000 population at risk",TO,Tonga,_T,Total,_T,All ages,_T,National,_T,Total,_T,All education levels,_T,All occupations,_Z,Not applicable,_T,No breakdown by disability,2006,,0,,PER_1000_POP,"per 1,000 population",G,Global,_X,Not Available,,,,,,
DATAFLOW,SPC:DF_BP50(1.0),Blue Pacific 2050 (all),I,A,Annual,SH_STA_MALR,"Malaria incidence per 1,000 population at risk",TO,Tonga,_T,Total,_T,All ages,_T,National,_T,Total,_T,All education levels,_T,All occupations,_Z,Not applicable,_T,No breakdown by disability,2007,,0,,PER_1000_POP,"per 1,000 population",G,Global,_X,Not Available,,,,,,
DATAFLOW,SPC:DF_BP50(1.0),Blue Pacific 2050 (all),I,A,Annual,SH_STA_MALR,"Malaria incidence per 1,000 population at risk",TO,Tonga,_T,Total,_T,All ages,_T,National,_T,Total,_T,All education levels,_T,All occupations,_Z,Not applicable,_T,No breakdown by disability,2008,,0,,PER_1000_POP,"per 1,000 population",G,Global,_X,Not Available,,,,,,
DATAFLOW,SPC:DF_BP50(1.0),Blue Pacific 2050 (all),I,A,Annual,SH_STA_MALR,"Malaria incidence per 1,000 population at risk",TO,Tonga,_T,Total,_T,All ages,_T,National,_T,Total,_T,All education levels,_T,All occupations,_Z,Not applicable,_T,No breakdown by disability,2009,,0,,PER_1000_POP,"per 1,000 population",G,Global,_X,Not Available,,,,,,
DATAFLOW,SPC:DF_BP50(1.0),Blue Pacific 2050 (all),I,A,Annual,SH_STA_MALR,"Malaria incidence per 1,000 population at risk",TO,Tonga,_T,Total,_T,All ages,_T,National,_T,Total,_T,All education levels,_T,All occupations,_Z,Not applicable,_T,No breakdown by disability,2010,,0,,PER_1000_POP,"per 1,000 population",G,Global,_X,Not Available,,,,,,
DATAFLOW,SPC:DF_BP50(1.0),Blue Pacific 2050 (all),I,A,Annual,SH_STA_MALR,"Malaria incidence per 1,000 population at risk",TO,Tonga,_T,Total,_T,All ages,_T,National,_T,Total,_T,All education levels,_T,All occupations,_Z,Not applicable,_T,No breakdown by disability,2011,,0,,PER_1000_POP,"per 1,000 population",G,Global,_X,Not Available,,,,,,
DATAFLOW,SPC:DF_BP50(1.0),Blue Pacific 2050 (all),I,A,Annual,SH_STA_MALR,"Malaria incidence per 1,000 population at risk",TO,Tonga,_T,Total,_T,All ages,_T,National,_T,Total,_T,All education levels,_T,All occupations,_Z,Not applicable,_T,No breakdown by disability,2012,,0,,PER_1000_POP,"per 1,000 population",G,Global,_X,Not Available,,,,,,
DATAFLOW,SPC:DF_BP50(1.0),Blue Pacific 2050 (all),I,A,Annual,SH_STA_MALR,"Malaria incidence per 1,000 population at risk",TO,Tonga,_T,Total,_T,All ages,_T,National,_T,Total,_T,All education levels,_T,All occupations,_Z,Not applicable,_T,No breakdown by disability,2013,,0,,PER_1000_POP,"per 1,000 population",G,Global,_X,Not Available,,,,,,
DATAFLOW,SPC:DF_BP50(1.0),Blue Pacific 2050 (all),I,A,Annual,SH_STA_MALR,"Malaria incidence per 1,000 population at risk",TO,Tonga,_T,Total,_T,All ages,_T,National,_T,Total,_T,All education levels,_T,All occupations,_Z,Not applicable,_T,No breakdown by disability,2014,,0,,PER_1000_POP,"per 1,000 population",G,Global,_X,Not Available,,,,,,
DATAFLOW,SPC:DF_BP50(1.0),Blue Pacific 2050 (all),I,A,Annual,SH_STA_MALR,"Malaria incidence per 1,000 population at risk",TO,Tonga,_T,Total,_T,All ages,_T,National,_T,Total,_T,All education levels,_T,All occupations,_Z,Not applicable,_T,No breakdown by disability,2015,,0,,PER_1000_POP,"per 1,000 population",G,Global,_X,Not Available,,,,,,
DATAFLOW,SPC:DF_BP50(1.0),Blue Pacific 2050 (all),I,A,Annual,SH_STA_MALR,"Malaria incidence per 1,000 population at risk",TO,Tonga,_T,Total,_T,All ages,_T,National,_T,Total,_T,All education levels,_T,All occupations,_Z,Not applicable,_T,No breakdown by disability,2016,,0,,PER_1000_POP,"per 1,000 population",G,Global,_X,Not Available,,,,,,
DATAFLOW,SPC:DF_BP50(1.0),Blue Pacific 2050 (all),I,A,Annual,SH_STA_MALR,"Malaria incidence per 1,000 population at risk",TO,Tonga,_T,Total,_T,All ages,_T,National,_T,Total,_T,All education levels,_T,All occupations,_Z,Not applicable,_T,No breakdown by disability,2017,,0,,PER_1000_POP,"per 1,000 population",G,Global,_X,Not Available,,,,,,
DATAFLOW,SPC:DF_BP50(1.0),Blue Pacific 2050 (all),I,A,Annual,SH_STA_MALR,"Malaria incidence per 1,000 population at risk",TO,Tonga,_T,Total,_T,All ages,_T,National,_T,Total,_T,All education levels,_T,All occupations,_Z,Not applicable,_T,No breakdown by disability,2018,,0,,PER_1000_POP,"per 1,000 population",G,Global,_X,Not Available,,,,,,
DATAFLOW,SPC:DF_BP50(1.0),Blue Pacific 2050 (all),I,A,Annual,SH_STA_MALR,"Malaria incidence per 1,000 population at risk",TO,Tonga,_T,Total,_T,All ages,_T,National,_T,Total,_T,All education levels,_T,All occupations,_Z,Not applicable,_T,No breakdown by disability,2019,,0,,PER_1000_POP,"per 1,000 population",G,Global,_X,Not Available,,,,,,
DATAFLOW,SPC:DF_BP50(1.0),Blue Pacific 2050 (all),I,A,Annual,SH_STA_MALR,"Malaria incidence per 1,000 population at risk",NR,Nauru,_T,Total,_T,All ages,_T,National,_T,Total,_T,All education levels,_T,All occupations,_Z,Not applicable,_T,No breakdown by disability,2000,,0,,PER_1000_POP,"per 1,000 population",G,Global,_X,Not Available,,,,,,
DATAFLOW,SPC:DF_BP50(1.0),Blue Pacific 2050 (all),I,A,Annual,SH_STA_MALR,"Malaria incidence per 1,000 population at risk",NR,Nauru,_T,Total,_T,All ages,_T,National,_T,Total,_T,All education levels,_T,All occupations,_Z,Not applicable,_T,No breakdown by disability,2001,,0,,PER_1000_POP,"per 1,000 population",G,Global,_X,Not Available,,,,,,
DATAFLOW,SPC:DF_BP50(1.0),Blue Pacific 2050 (all),I,A,Annual,SH_STA_MALR,"Malaria incidence per 1,000 population at risk",NR,Nauru,_T,Total,_T,All ages,_T,National,_T,Total,_T,All education levels,_T,All occupations,_Z,Not applicable,_T,No breakdown by disability,2002,,0,,PER_1000_POP,"per 1,000 population",G,Global,_X,Not Available,,,,,,
DATAFLOW,SPC:DF_BP50(1.0),Blue Pacific 2050 (all),I,A,Annual,SH_STA_MALR,"Malaria incidence per 1,000 population at risk",NR,Nauru,_T,Total,_T,All ages,_T,National,_T,Total,_T,All education levels,_T,All occupations,_Z,Not applicable,_T,No breakdown by disability,2003,,0,,PER_1000_POP,"per 1,000 population",G,Global,_X,Not Available,,,,,,
DATAFLOW,SPC:DF_BP50(1.0),Blue Pacific 2050 (all),I,A,Annual,SH_STA_MALR,"Malaria incidence per 1,000 population at risk",NR,Nauru,_T,Total,_T,All ages,_T,National,_T,Total,_T,All education levels,_T,All occupations,_Z,Not applicable,_T,No breakdown by disability,2004,,0,,PER_1000_POP,"per 1,000 population",G,Global,_X,Not Available,,,,,,
DATAFLOW,SPC:DF_BP50(1.0),Blue Pacific 2050 (all),I,A,Annual,SH_STA_MALR,"Malaria incidence per 1,000 population at risk",NR,Nauru,_T,Total,_T,All ages,_T,National,_T,Total,_T,All education levels,_T,All occupations,_Z,Not applicable,_T,No breakdown by disability,2005,,0,,PER_1000_POP,"per 1,000 population",G,Global,_X,Not Available,,,,,,
DATAFLOW,SPC:DF_BP50(1.0),Blue Pacific 2050 (all),I,A,Annual,SH_STA_MALR,"Malaria incidence per 1,000 population at risk",NR,Nauru,_T,Total,_T,All ages,_T,National,_T,Total,_T,All education levels,_T,All occupations,_Z,Not applicable,_T,No breakdown by disability,2006,,0,,PER_1000_POP,"per 1,000 population",G,Global,_X,Not Available,,,,,,
DATAFLOW,SPC:DF_BP50(1.0),Blue Pacific 2050 (all),I,A,Annual,SH_STA_MALR,"Malaria incidence per 1,000 population at risk",NR,Nauru,_T,Total,_T,All ages,_T,National,_T,Total,_T,All education levels,_T,All occupations,_Z,Not applicable,_T,No breakdown by disability,2007,,0,,PER_1000_POP,"per 1,000 population",G,Global,_X,Not Available,,,,,,
DATAFLOW,SPC:DF_BP50(1.0),Blue Pacific 2050 (all),I,A,Annual,SH_STA_MALR,"Malaria incidence per 1,000 population at risk",NR,Nauru,_T,Total,_T,All ages,_T,National,_T,Total,_T,All education levels,_T,All occupations,_Z,Not applicable,_T,No breakdown by disability,2008,,0,,PER_1000_POP,"per 1,000 population",G,Global,_X,Not Available,,,,,,
DATAFLOW,SPC:DF_BP50(1.0),Blue Pacific 2050 (all),I,A,Annual,SH_STA_MALR,"Malaria incidence per 1,000 population at risk",NR,Nauru,_T,Total,_T,All ages,_T,National,_T,Total,_T,All education levels,_T,All occupations,_Z,Not applicable,_T,No breakdown by disability,2009,,0,,PER_1000_POP,"per 1,000 population",G,Global,_X,Not Available,,,,,,
DATAFLOW,SPC:DF_BP50(1.0),Blue Pacific 2050 (all),I,A,Annual,SH_STA_MALR,"Malaria incidence per 1,000 population at risk",NR,Nauru,_T,Total,_T,All ages,_T,National,_T,Total,_T,All education levels,_T,All occupations,_Z,Not applicable,_T,No breakdown by disability,2010,,0,,PER_1000_POP,"per 1,000 population",G,Global,_X,Not Available,,,,,,
DATAFLOW,SPC:DF_BP50(1.0),Blue Pacific 2050 (all),I,A,Annual,SH_STA_MALR,"Malaria incidence per 1,000 population at risk",NR,Nauru,_T,Total,_T,All ages,_T,National,_T,Total,_T,All education levels,_T,All occupations,_Z,Not applicable,_T,No breakdown by disability,2011,,0,,PER_1000_POP,"per 1,000 population",G,Global,_X,Not Available,,,,,,
DATAFLOW,SPC:DF_BP50(1.0),Blue Pacific 2050 (all),I,A,Annual,SH_STA_MALR,"Malaria incidence per 1,000 population at risk",NR,Nauru,_T,Total,_T,All ages,_T,National,_T,Total,_T,All education levels,_T,All occupations,_Z,Not applicable,_T,No breakdown by disability,2012,,0,,PER_1000_POP,"per 1,000 population",G,Global,_X,Not Available,,,,,,
DATAFLOW,SPC:DF_BP50(1.0),Blue Pacific 2050 (all),I,A,Annual,SH_STA_MALR,"Malaria incidence per 1,000 population at risk",NR,Nauru,_T,Total,_T,All ages,_T,National,_T,Total,_T,All education levels,_T,All occupations,_Z,Not applicable,_T,No breakdown by disability,2013,,0,,PER_1000_POP,"per 1,000 population",G,Global,_X,Not Available,,,,,,
DATAFLOW,SPC:DF_BP50(1.0),Blue Pacific 2050 (all),I,A,Annual,SH_STA_MALR,"Malaria incidence per 1,000 population at risk",NR,Nauru,_T,Total,_T,All ages,_T,National,_T,Total,_T,All education levels,_T,All occupations,_Z,Not applicable,_T,No breakdown by disability,2014,,0,,PER_1000_POP,"per 1,000 population",G,Global,_X,Not Available,,,,,,
DATAFLOW,SPC:DF_BP50(1.0),Blue Pacific 2050 (all),I,A,Annual,SH_STA_MALR,"Malaria incidence per 1,000 population at risk",NR,Nauru,_T,Total,_T,All ages,_T,National,_T,Total,_T,All education levels,_T,All occupations,_Z,Not applicable,_T,No breakdown by disability,2015,,0,,PER_1000_POP,"per 1,000 population",G,Global,_X,Not Available,,,,,,
DATAFLOW,SPC:DF_BP50(1.0),Blue Pacific 2050 (all),I,A,Annual,SH_STA_MALR,"Malaria incidence per 1,000 population at risk",NR,Nauru,_T,Total,_T,All ages,_T,National,_T,Total,_T,All education levels,_T,All occupations,_Z,Not applicable,_T,No breakdown by disability,2016,,0,,PER_1000_POP,"per 1,000 population",G,Global,_X,Not Available,,,,,,
DATAFLOW,SPC:DF_BP50(1.0),Blue Pacific 2050 (all),I,A,Annual,SH_STA_MALR,"Malaria incidence per 1,000 population at risk",NR,Nauru,_T,Total,_T,All ages,_T,National,_T,Total,_T,All education levels,_T,All occupations,_Z,Not applicable,_T,No breakdown by disability,2017,,0,,PER_1000_POP,"per 1,000 population",G,Global,_X,Not Available,,,,,,
DATAFLOW,SPC:DF_BP50(1.0),Blue Pacific 2050 (all),I,A,Annual,SH_STA_MALR,"Malaria incidence per 1,000 population at risk",NR,Nauru,_T,Total,_T,All ages,_T,National,_T,Total,_T,All education levels,_T,All occupations,_Z,Not applicable,_T,No breakdown by disability,2018,,0,,PER_1000_POP,"per 1,000 population",G,Global,_X,Not Available,,,,,,
DATAFLOW,SPC:DF_BP50(1.0),Blue Pacific 2050 (all),I,A,Annual,SH_STA_MALR,"Malaria incidence per 1,000 population at risk",NR,Nauru,_T,Total,_T,All ages,_T,National,_T,Total,_T,All education levels,_T,All occupations,_Z,Not applicable,_T,No breakdown by disability,2019,,0,,PER_1000_POP,"per 1,000 population",G,Global,_X,Not Available,,,,,,
DATAFLOW,SPC:DF_BP50(1.0),Blue Pacific 2050 (all),I,A,Annual,SH_DTH_NCD,"Mortality rate attributed to cardiovascular disease, cancer,
            diabetes or chronic respiratory disease",NR,Nauru,_T,Total,_T,All ages,_T,National,_T,Total,_T,All education levels,_T,All occupations,_Z,Not applicable,_T,No breakdown by disability,2017,,30,,PERCENT,percent,N,National,C,Country Data,"Nauru Vital Statistics Report, 2015-17 (2019)",,,,,
DATAFLOW,SPC:DF_BP50(1.0),Blue Pacific 2050 (all),I,A,Annual,SH_DTH_NCD,"Mortality rate attributed to cardiovascular disease, cancer,
            diabetes or chronic respiratory disease",WS,Samoa,_T,Total,_T,All ages,_T,National,_T,Total,_T,All education levels,_T,All occupations,_Z,Not applicable,_T,No breakdown by disability,2000,,32.2,,PERCENT,percent,G,Global,_X,Not Available,,,,,,
DATAFLOW,SPC:DF_BP50(1.0),Blue Pacific 2050 (all),I,A,Annual,SH_DTH_NCD,"Mortality rate attributed to cardiovascular disease, cancer,
            diabetes or chronic respiratory disease",WS,Samoa,_T,Total,_T,All ages,_T,National,_T,Total,_T,All education levels,_T,All occupations,_Z,Not applicable,_T,No breakdown by disability,2001,,32.1,,PERCENT,percent,G,Global,_X,Not Available,,,,,,
DATAFLOW,SPC:DF_BP50(1.0),Blue Pacific 2050 (all),I,A,Annual,SH_DTH_NCD,"Mortality rate attributed to cardiovascular disease, cancer,
            diabetes or chronic respiratory disease",WS,Samoa,_T,Total,_T,All ages,_T,National,_T,Total,_T,All education levels,_T,All occupations,_Z,Not applicable,_T,No breakdown by disability,2002,,31.8,,PERCENT,percent,G,Global,_X,Not Available,,,,,,
DATAFLOW,SPC:DF_BP50(1.0),Blue Pacific 2050 (all),I,A,Annual,SH_DTH_NCD,"Mortality rate attributed to cardiovascular disease, cancer,
            diabetes or chronic respiratory disease",WS,Samoa,_T,Total,_T,All ages,_T,National,_T,Total,_T,All education levels,_T,All occupations,_Z,Not applicable,_T,No breakdown by disability,2003,,31.6,,PERCENT,percent,G,Global,_X,Not Available,,,,,,
DATAFLOW,SPC:DF_BP50(1.0),Blue Pacific 2050 (all),I,A,Annual,SH_DTH_NCD,"Mortality rate attributed to cardiovascular disease, cancer,
            diabetes or chronic respiratory disease",WS,Samoa,_T,Total,_T,All ages,_T,National,_T,Total,_T,All education levels,_T,All occupations,_Z,Not applicable,_T,No breakdown by disability,2004,,31.3,,PERCENT,percent,G,Global,_X,Not Available,,,,,,
DATAFLOW,SPC:DF_BP50(1.0),Blue Pacific 2050 (all),I,A,Annual,SH_DTH_NCD,"Mortality rate attributed to cardiovascular disease, cancer,
            diabetes or chronic respiratory disease",WS,Samoa,_T,Total,_T,All ages,_T,National,_T,Total,_T,All education levels,_T,All occupations,_Z,Not applicable,_T,No breakdown by disability,2005,,31.2,,PERCENT,percent,G,Global,_X,Not Available,,,,,,
DATAFLOW,SPC:DF_BP50(1.0),Blue Pacific 2050 (all),I,A,Annual,SH_DTH_NCD,"Mortality rate attributed to cardiovascular disease, cancer,
            diabetes or chronic respiratory disease",WS,Samoa,_T,Total,_T,All ages,_T,National,_T,Total,_T,All education levels,_T,All occupations,_Z,Not applicable,_T,No breakdown by disability,2006,,30.9,,PERCENT,percent,G,Global,_X,Not Available,,,,,,
DATAFLOW,SPC:DF_BP50(1.0),Blue Pacific 2050 (all),I,A,Annual,SH_DTH_NCD,"Mortality rate attributed to cardiovascular disease, cancer,
            diabetes or chronic respiratory disease",WS,Samoa,_T,Total,_T,All ages,_T,National,_T,Total,_T,All education levels,_T,All occupations,_Z,Not applicable,_T,No breakdown by disability,2007,,30.9,,PERCENT,percent,G,Global,_X,Not Available,,,,,,
DATAFLOW,SPC:DF_BP50(1.0),Blue Pacific 2050 (all),I,A,Annual,SH_DTH_NCD,"Mortality rate attributed to cardiovascular disease, cancer,
            diabetes or chronic respiratory disease",WS,Samoa,_T,Total,_T,All ages,_T,National,_T,Total,_T,All education levels,_T,All occupations,_Z,Not applicable,_T,No breakdown by disability,2008,,30.9,,PERCENT,percent,G,Global,_X,Not Available,,,,,,
DATAFLOW,SPC:DF_BP50(1.0),Blue Pacific 2050 (all),I,A,Annual,SH_DTH_NCD,"Mortality rate attributed to cardiovascular disease, cancer,
            diabetes or chronic respiratory disease",WS,Samoa,_T,Total,_T,All ages,_T,National,_T,Total,_T,All education levels,_T,All occupations,_Z,Not applicable,_T,No breakdown by disability,2009,,30.4,,PERCENT,percent,G,Global,_X,Not Available,,,,,,
DATAFLOW,SPC:DF_BP50(1.0),Blue Pacific 2050 (all),I,A,Annual,SH_DTH_NCD,"Mortality rate attributed to cardiovascular disease, cancer,
            diabetes or chronic respiratory disease",WS,Samoa,_T,Total,_T,All ages,_T,National,_T,Total,_T,All education levels,_T,All occupations,_Z,Not applicable,_T,No breakdown by disability,2010,,31,,PERCENT,percent,G,Global,_X,Not Available,,,,,,
DATAFLOW,SPC:DF_BP50(1.0),Blue Pacific 2050 (all),I,A,Annual,SH_DTH_NCD,"Mortality rate attributed to cardiovascular disease, cancer,
            diabetes or chronic respiratory disease",WS,Samoa,_T,Total,_T,All ages,_T,National,_T,Total,_T,All education levels,_T,All occupations,_Z,Not applicable,_T,No breakdown by disability,2011,,31,,PERCENT,percent,G,Global,_X,Not Available,,,,,,
DATAFLOW,SPC:DF_BP50(1.0),Blue Pacific 2050 (all),I,A,Annual,SH_DTH_NCD,"Mortality rate attributed to cardiovascular disease, cancer,
            diabetes or chronic respiratory disease",WS,Samoa,_T,Total,_T,All ages,_T,National,_T,Total,_T,All education levels,_T,All occupations,_Z,Not applicable,_T,No breakdown by disability,2012,,31.3,,PERCENT,percent,G,Global,_X,Not Available,,,,,,
DATAFLOW,SPC:DF_BP50(1.0),Blue Pacific 2050 (all),I,A,Annual,SH_DTH_NCD,"Mortality rate attributed to cardiovascular disease, cancer,
            diabetes or chronic respiratory disease",WS,Samoa,_T,Total,_T,All ages,_T,National,_T,Total,_T,All education levels,_T,All occupations,_Z,Not applicable,_T,No breakdown by disability,2013,,31.4,,PERCENT,percent,G,Global,_X,Not Available,,,,,,
DATAFLOW,SPC:DF_BP50(1.0),Blue Pacific 2050 (all),I,A,Annual,SH_DTH_NCD,"Mortality rate attributed to cardiovascular disease, cancer,
            diabetes or chronic respiratory disease",WS,Samoa,_T,Total,_T,All ages,_T,National,_T,Total,_T,All education levels,_T,All occupations,_Z,Not applicable,_T,No breakdown by disability,2014,,31.9,,PERCENT,percent,G,Global,_X,Not Available,,,,,,
DATAFLOW,SPC:DF_BP50(1.0),Blue Pacific 2050 (all),I,A,Annual,SH_DTH_NCD,"Mortality rate attributed to cardiovascular disease, cancer,
            diabetes or chronic respiratory disease",WS,Samoa,_T,Total,_T,All ages,_T,National,_T,Total,_T,All education levels,_T,All occupations,_Z,Not applicable,_T,No breakdown by disability,2015,,32.2,,PERCENT,percent,G,Global,_X,Not Available,,,,,,
DATAFLOW,SPC:DF_BP50(1.0),Blue Pacific 2050 (all),I,A,Annual,SH_DTH_NCD,"Mortality rate attributed to cardiovascular disease, cancer,
            diabetes or chronic respiratory disease",WS,Samoa,_T,Total,_T,All ages,_T,National,_T,Total,_T,All education levels,_T,All occupations,_Z,Not applicable,_T,No breakdown by disability,2016,,32.4,,PERCENT,percent,G,Global,_X,Not Available,,,,,,
DATAFLOW,SPC:DF_BP50(1.0),Blue Pacific 2050 (all),I,A,Annual,SH_DTH_NCD,"Mortality rate attributed to cardiovascular disease, cancer,
            diabetes or chronic respiratory disease",WS,Samoa,_T,Total,_T,All ages,_T,National,_T,Total,_T,All education levels,_T,All occupations,_Z,Not applicable,_T,No breakdown by disability,2017,,32.3,,PERCENT,percent,G,Global,_X,Not Available,,,,,,
DATAFLOW,SPC:DF_BP50(1.0),Blue Pacific 2050 (all),I,A,Annual,SH_DTH_NCD,"Mortality rate attributed to cardiovascular disease, cancer,
            diabetes or chronic respiratory disease",WS,Samoa,_T,Total,_T,All ages,_T,National,_T,Total,_T,All education levels,_T,All occupations,_Z,Not applicable,_T,No breakdown by disability,2018,,32.2,,PERCENT,percent,G,Global,_X,Not Available,,,,,,
DATAFLOW,SPC:DF_BP50(1.0),Blue Pacific 2050 (all),I,A,Annual,SH_DTH_NCD,"Mortality rate attributed to cardiovascular disease, cancer,
            diabetes or chronic respiratory disease",WS,Samoa,_T,Total,_T,All ages,_T,National,_T,Total,_T,All education levels,_T,All occupations,_Z,Not applicable,_T,No breakdown by disability,2019,,32,,PERCENT,percent,G,Global,_X,Not Available,,,,,,
DATAFLOW,SPC:DF_BP50(1.0),Blue Pacific 2050 (all),I,A,Annual,SH_DTH_NCD,"Mortality rate attributed to cardiovascular disease, cancer,
            diabetes or chronic respiratory disease",WS,Samoa,_T,Total,_T,All ages,_T,National,_T,Total,_T,All education levels,_T,All occupations,_Z,Not applicable,_T,No breakdown by disability,2020,,32.6,,PERCENT,percent,G,Global,_X,Not Available,,,,,,
DATAFLOW,SPC:DF_BP50(1.0),Blue Pacific 2050 (all),I,A,Annual,SH_DTH_NCD,"Mortality rate attributed to cardiovascular disease, cancer,
            diabetes or chronic respiratory disease",WS,Samoa,_T,Total,_T,All ages,_T,National,_T,Total,_T,All education levels,_T,All occupations,_Z,Not applicable,_T,No breakdown by disability,2021,,32.3,,PERCENT,percent,G,Global,_X,Not Available,,,,,,
DATAFLOW,SPC:DF_BP50(1.0),Blue Pacific 2050 (all),I,A,Annual,SH_STA_WASH,"Mortality rate attributed to unsafe water, unsafe sanitation
            and lack of hygiene",MH,Marshall Islands,_T,Total,_T,All ages,_T,National,_T,Total,_T,All education levels,_T,All occupations,_Z,Not applicable,_T,No breakdown by disability,2012,,7.6,,PER_100000_POP,"per 100,000 population",G,Global,C,Country Data,UN Global Database,,,,,
DATAFLOW,SPC:DF_BP50(1.0),Blue Pacific 2050 (all),I,A,Annual,SH_TBS_INCD,Tuberculosis incidence,SB,Solomon Islands,_T,Total,_T,All ages,_T,National,_T,Total,_T,All education levels,_T,All occupations,_Z,Not applicable,_T,No breakdown by disability,2000,,86,,PER_100000_POP,"per 100,000 population",G,Global,_X,Not Available,,,,,,
DATAFLOW,SPC:DF_BP50(1.0),Blue Pacific 2050 (all),I,A,Annual,SH_TBS_INCD,Tuberculosis incidence,SB,Solomon Islands,_T,Total,_T,All ages,_T,National,_T,Total,_T,All education levels,_T,All occupations,_Z,Not applicable,_T,No breakdown by disability,2001,,81,,PER_100000_POP,"per 100,000 population",G,Global,_X,Not Available,,,,,,
DATAFLOW,SPC:DF_BP50(1.0),Blue Pacific 2050 (all),I,A,Annual,SH_TBS_INCD,Tuberculosis incidence,SB,Solomon Islands,_T,Total,_T,All ages,_T,National,_T,Total,_T,All education levels,_T,All occupations,_Z,Not applicable,_T,No breakdown by disability,2002,,70,,PER_100000_POP,"per 100,000 population",G,Global,_X,Not Available,,,,,,
DATAFLOW,SPC:DF_BP50(1.0),Blue Pacific 2050 (all),I,A,Annual,SH_TBS_INCD,Tuberculosis incidence,SB,Solomon Islands,_T,Total,_T,All ages,_T,National,_T,Total,_T,All education levels,_T,All occupations,_Z,Not applicable,_T,No breakdown by disability,2003,,79,,PER_100000_POP,"per 100,000 population",G,Global,_X,Not Available,,,,,,
DATAFLOW,SPC:DF_BP50(1.0),Blue Pacific 2050 (all),I,A,Annual,SH_TBS_INCD,Tuberculosis incidence,SB,Solomon Islands,_T,Total,_T,All ages,_T,National,_T,Total,_T,All education levels,_T,All occupations,_Z,Not applicable,_T,No breakdown by disability,2004,,90,,PER_100000_POP,"per 100,000 population",G,Global,_X,Not Available,,,,,,
DATAFLOW,SPC:DF_BP50(1.0),Blue Pacific 2050 (all),I,A,Annual,SH_TBS_INCD,Tuberculosis incidence,SB,Solomon Islands,_T,Total,_T,All ages,_T,National,_T,Total,_T,All education levels,_T,All occupations,_Z,Not applicable,_T,No breakdown by disability,2005,,103,,PER_100000_POP,"per 100,000 population",G,Global,_X,Not Available,,,,,,
DATAFLOW,SPC:DF_BP50(1.0),Blue Pacific 2050 (all),I,A,Annual,SH_TBS_INCD,Tuberculosis incidence,SB,Solomon Islands,_T,Total,_T,All ages,_T,National,_T,Total,_T,All education levels,_T,All occupations,_Z,Not applicable,_T,No breakdown by disability,2006,,94,,PER_100000_POP,"per 100,000 population",G,Global,_X,Not Available,,,,,,
DATAFLOW,SPC:DF_BP50(1.0),Blue Pacific 2050 (all),I,A,Annual,SH_TBS_INCD,Tuberculosis incidence,SB,Solomon Islands,_T,Total,_T,All ages,_T,National,_T,Total,_T,All education levels,_T,All occupations,_Z,Not applicable,_T,No breakdown by disability,2007,,99,,PER_100000_POP,"per 100,000 population",G,Global,_X,Not Available,,,,,,
DATAFLOW,SPC:DF_BP50(1.0),Blue Pacific 2050 (all),I,A,Annual,SH_TBS_INCD,Tuberculosis incidence,SB,Solomon Islands,_T,Total,_T,All ages,_T,National,_T,Total,_T,All education levels,_T,All occupations,_Z,Not applicable,_T,No breakdown by disability,2008,,95,,PER_100000_POP,"per 100,000 population",G,Global,_X,Not Available,,,,,,
DATAFLOW,SPC:DF_BP50(1.0),Blue Pacific 2050 (all),I,A,Annual,SH_TBS_INCD,Tuberculosis incidence,SB,Solomon Islands,_T,Total,_T,All ages,_T,National,_T,Total,_T,All education levels,_T,All occupations,_Z,Not applicable,_T,No breakdown by disability,2009,,88,,PER_100000_POP,"per 100,000 population",G,Global,_X,Not Available,,,,,,
DATAFLOW,SPC:DF_BP50(1.0),Blue Pacific 2050 (all),I,A,Annual,SH_TBS_INCD,Tuberculosis incidence,SB,Solomon Islands,_T,Total,_T,All ages,_T,National,_T,Total,_T,All education levels,_T,All occupations,_Z,Not applicable,_T,No breakdown by disability,2010,,79,,PER_100000_POP,"per 100,000 population",G,Global,_X,Not Available,,,,,,
DATAFLOW,SPC:DF_BP50(1.0),Blue Pacific 2050 (all),I,A,Annual,SH_TBS_INCD,Tuberculosis incidence,SB,Solomon Islands,_T,Total,_T,All ages,_T,National,_T,Total,_T,All education levels,_T,All occupations,_Z,Not applicable,_T,No breakdown by disability,2011,,90,,PER_100000_POP,"per 100,000 population",G,Global,_X,Not Available,,,,,,
DATAFLOW,SPC:DF_BP50(1.0),Blue Pacific 2050 (all),I,A,Annual,SH_TBS_INCD,Tuberculosis incidence,SB,Solomon Islands,_T,Total,_T,All ages,_T,National,_T,Total,_T,All education levels,_T,All occupations,_Z,Not applicable,_T,No breakdown by disability,2012,,79,,PER_100000_POP,"per 100,000 population",G,Global,_X,Not Available,,,,,,
DATAFLOW,SPC:DF_BP50(1.0),Blue Pacific 2050 (all),I,A,Annual,SH_TBS_INCD,Tuberculosis incidence,SB,Solomon Islands,_T,Total,_T,All ages,_T,National,_T,Total,_T,All education levels,_T,All occupations,_Z,Not applicable,_T,No breakdown by disability,2013,,76,,PER_100000_POP,"per 100,000 population",G,Global,_X,Not Available,,,,,,
DATAFLOW,SPC:DF_BP50(1.0),Blue Pacific 2050 (all),I,A,Annual,SH_TBS_INCD,Tuberculosis incidence,SB,Solomon Islands,_T,Total,_T,All ages,_T,National,_T,Total,_T,All education levels,_T,All occupations,_Z,Not applicable,_T,No breakdown by disability,2014,,70,,PER_100000_POP,"per 100,000 population",G,Global,_X,Not Available,,,,,,
DATAFLOW,SPC:DF_BP50(1.0),Blue Pacific 2050 (all),I,A,Annual,SH_TBS_INCD,Tuberculosis incidence,SB,Solomon Islands,_T,Total,_T,All ages,_T,National,_T,Total,_T,All education levels,_T,All occupations,_Z,Not applicable,_T,No breakdown by disability,2015,,81,,PER_100000_POP,"per 100,000 population",G,Global,_X,Not Available,,,,,,
DATAFLOW,SPC:DF_BP50(1.0),Blue Pacific 2050 (all),I,A,Annual,SH_TBS_INCD,Tuberculosis incidence,SB,Solomon Islands,_T,Total,_T,All ages,_T,National,_T,Total,_T,All education levels,_T,All occupations,_Z,Not applicable,_T,No breakdown by disability,2016,,76,,PER_100000_POP,"per 100,000 population",G,Global,_X,Not Available,,,,,,
DATAFLOW,SPC:DF_BP50(1.0),Blue Pacific 2050 (all),I,A,Annual,SH_TBS_INCD,Tuberculosis incidence,SB,Solomon Islands,_T,Total,_T,All ages,_T,National,_T,Total,_T,All education levels,_T,All occupations,_Z,Not applicable,_T,No breakdown by disability,2017,,68,,PER_100000_POP,"per 100,000 population",G,Global,_X,Not Available,,,,,,
DATAFLOW,SPC:DF_BP50(1.0),Blue Pacific 2050 (all),I,A,Annual,SH_TBS_INCD,Tuberculosis incidence,SB,Solomon Islands,_T,Total,_T,All ages,_T,National,_T,Total,_T,All education levels,_T,All occupations,_Z,Not applicable,_T,No breakdown by disability,2018,,68,,PER_100000_POP,"per 100,000 population",G,Global,_X,Not Available,,,,,,
DATAFLOW,SPC:DF_BP50(1.0),Blue Pacific 2050 (all),I,A,Annual,SH_TBS_INCD,Tuberculosis incidence,SB,Solomon Islands,_T,Total,_T,All ages,_T,National,_T,Total,_T,All education levels,_T,All occupations,_Z,Not applicable,_T,No breakdown by disability,2019,,61,,PER_100000_POP,"per 100,000 population",G,Global,_X,Not Available,,,,,,
DATAFLOW,SPC:DF_BP50(1.0),Blue Pacific 2050 (all),I,A,Annual,SH_TBS_INCD,Tuberculosis incidence,SB,Solomon Islands,_T,Total,_T,All ages,_T,National,_T,Total,_T,All education levels,_T,All occupations,_Z,Not applicable,_T,No breakdown by disability,2020,,54,,PER_100000_POP,"per 100,000 population",G,Global,_X,Not Available,,,,,,
DATAFLOW,SPC:DF_BP50(1.0),Blue Pacific 2050 (all),I,A,Annual,SH_TBS_INCD,Tuberculosis incidence,SB,Solomon Islands,_T,Total,_T,All ages,_T,National,_T,Total,_T,All education levels,_T,All occupations,_Z,Not applicable,_T,No breakdown by disability,2021,,61,,PER_100000_POP,"per 100,000 population",G,Global,_X,Not Available,,,,,,
DATAFLOW,SPC:DF_BP50(1.0),Blue Pacific 2050 (all),I,A,Annual,SH_TBS_INCD,Tuberculosis incidence,SB,Solomon Islands,_T,Total,_T,All ages,_T,National,_T,Total,_T,All education levels,_T,All occupations,_Z,Not applicable,_T,No breakdown by disability,2022,,55,,PER_100000_POP,"per 100,000 population",G,Global,_X,Not Available,,,,,,
DATAFLOW,SPC:DF_BP50(1.0),Blue Pacific 2050 (all),I,A,Annual,SH_TBS_INCD,Tuberculosis incidence,SB,Solomon Islands,_T,Total,_T,All ages,_T,National,_T,Total,_T,All education levels,_T,All occupations,_Z,Not applicable,_T,No breakdown by disability,2023,,55,,PER_100000_POP,"per 100,000 population",G,Global,_X,Not Available,,,,,,
DATAFLOW,SPC:DF_BP50(1.0),Blue Pacific 2050 (all),I,A,Annual,SH_STA_WASH,"Mortality rate attributed to unsafe water, unsafe sanitation
            and lack of hygiene",TO,Tonga,_T,Total,_T,All ages,_T,National,_T,Total,_T,All education levels,_T,All occupations,_Z,Not applicable,_T,No breakdown by disability,2012,,4.8,,PER_100000_POP,"per 100,000 population",G,Global,E,Estimated,"Global Health Observatory (GHO), World Health Organisation (WHO)",,,,,
DATAFLOW,SPC:DF_BP50(1.0),Blue Pacific 2050 (all),I,A,Annual,SH_STA_WASH,"Mortality rate attributed to unsafe water, unsafe sanitation
            and lack of hygiene",TO,Tonga,_T,Total,_T,All ages,_T,National,_T,Total,_T,All education levels,_T,All occupations,_Z,Not applicable,_T,No breakdown by disability,2016,,1.43,,PER_100000_POP,"per 100,000 population",G,Global,_X,Not Available,,,,,,
DATAFLOW,SPC:DF_BP50(1.0),Blue Pacific 2050 (all),I,A,Annual,SH_STA_WASH,"Mortality rate attributed to unsafe water, unsafe sanitation
            and lack of hygiene",TO,Tonga,_T,Total,_T,All ages,_T,National,_T,Total,_T,All education levels,_T,All occupations,_Z,Not applicable,_T,No breakdown by disability,2019,,7.1,,PER_100000_POP,"per 100,000 population",G,Global,_X,Not Available,,,,,,
DATAFLOW,SPC:DF_BP50(1.0),Blue Pacific 2050 (all),I,A,Annual,SH_STA_WASH,"Mortality rate attributed to unsafe water, unsafe sanitation
            and lack of hygiene",WS,Samoa,_T,Total,_T,All ages,_T,National,_T,Total,_T,All education levels,_T,All occupations,_Z,Not applicable,_T,No breakdown by disability,2012,,3.7,,PER_100000_POP,"per 100,000 population",G,Global,C,Country Data,UN Global Database,,,,,
DATAFLOW,SPC:DF_BP50(1.0),Blue Pacific 2050 (all),I,A,Annual,SH_STA_WASH,"Mortality rate attributed to unsafe water, unsafe sanitation
            and lack of hygiene",WS,Samoa,_T,Total,_T,All ages,_T,National,_T,Total,_T,All education levels,_T,All occupations,_Z,Not applicable,_T,No breakdown by disability,2016,,1.49,,PER_100000_POP,"per 100,000 population",G,Global,_X,Not Available,,,,,,
DATAFLOW,SPC:DF_BP50(1.0),Blue Pacific 2050 (all),I,A,Annual,SH_STA_WASH,"Mortality rate attributed to unsafe water, unsafe sanitation
            and lack of hygiene",WS,Samoa,_T,Total,_T,All ages,_T,National,_T,Total,_T,All education levels,_T,All occupations,_Z,Not applicable,_T,No breakdown by disability,2019,,8.2,,PER_100000_POP,"per 100,000 population",G,Global,_X,Not Available,,,,,,
DATAFLOW,SPC:DF_BP50(1.0),Blue Pacific 2050 (all),I,A,Annual,SH_STA_MALR,"Malaria incidence per 1,000 population at risk",VU,Vanuatu,_T,Total,_T,All ages,_T,National,_T,Total,_T,All education levels,_T,All occupations,_Z,Not applicable,_T,No breakdown by disability,2000,,125.25,,PER_1000_POP,"per 1,000 population",G,Global,_X,Not Available,,,,,,
DATAFLOW,SPC:DF_BP50(1.0),Blue Pacific 2050 (all),I,A,Annual,SH_STA_MALR,"Malaria incidence per 1,000 population at risk",VU,Vanuatu,_T,Total,_T,All ages,_T,National,_T,Total,_T,All education levels,_T,All occupations,_Z,Not applicable,_T,No breakdown by disability,2001,,98.84,,PER_1000_POP,"per 1,000 population",G,Global,_X,Not Available,,,,,,
DATAFLOW,SPC:DF_BP50(1.0),Blue Pacific 2050 (all),I,A,Annual,SH_STA_MALR,"Malaria incidence per 1,000 population at risk",VU,Vanuatu,_T,Total,_T,All ages,_T,National,_T,Total,_T,All education levels,_T,All occupations,_Z,Not applicable,_T,No breakdown by disability,2002,,189.01,,PER_1000_POP,"per 1,000 population",G,Global,_X,Not Available,,,,,,
DATAFLOW,SPC:DF_BP50(1.0),Blue Pacific 2050 (all),I,A,Annual,SH_STA_MALR,"Malaria incidence per 1,000 population at risk",VU,Vanuatu,_T,Total,_T,All ages,_T,National,_T,Total,_T,All education levels,_T,All occupations,_Z,Not applicable,_T,No breakdown by disability,2003,,214.55,,PER_1000_POP,"per 1,000 population",G,Global,_X,Not Available,,,,,,
DATAFLOW,SPC:DF_BP50(1.0),Blue Pacific 2050 (all),I,A,Annual,SH_STA_MALR,"Malaria incidence per 1,000 population at risk",VU,Vanuatu,_T,Total,_T,All ages,_T,National,_T,Total,_T,All education levels,_T,All occupations,_Z,Not applicable,_T,No breakdown by disability,2004,,162.17,,PER_1000_POP,"per 1,000 population",G,Global,_X,Not Available,,,,,,
DATAFLOW,SPC:DF_BP50(1.0),Blue Pacific 2050 (all),I,A,Annual,SH_STA_MALR,"Malaria incidence per 1,000 population at risk",VU,Vanuatu,_T,Total,_T,All ages,_T,National,_T,Total,_T,All education levels,_T,All occupations,_Z,Not applicable,_T,No breakdown by disability,2005,,122.44,,PER_1000_POP,"per 1,000 population",G,Global,_X,Not Available,,,,,,
DATAFLOW,SPC:DF_BP50(1.0),Blue Pacific 2050 (all),I,A,Annual,SH_STA_MALR,"Malaria incidence per 1,000 population at risk",VU,Vanuatu,_T,Total,_T,All ages,_T,National,_T,Total,_T,All education levels,_T,All occupations,_Z,Not applicable,_T,No breakdown by disability,2006,,107.02,,PER_1000_POP,"per 1,000 population",G,Global,_X,Not Available,,,,,,
DATAFLOW,SPC:DF_BP50(1.0),Blue Pacific 2050 (all),I,A,Annual,SH_STA_MALR,"Malaria incidence per 1,000 population at risk",VU,Vanuatu,_T,Total,_T,All ages,_T,National,_T,Total,_T,All education levels,_T,All occupations,_Z,Not applicable,_T,No breakdown by disability,2007,,124.45,,PER_1000_POP,"per 1,000 population",G,Global,_X,Not Available,,,,,,
DATAFLOW,SPC:DF_BP50(1.0),Blue Pacific 2050 (all),I,A,Annual,SH_STA_MALR,"Malaria incidence per 1,000 population at risk",VU,Vanuatu,_T,Total,_T,All ages,_T,National,_T,Total,_T,All education levels,_T,All occupations,_Z,Not applicable,_T,No breakdown by disability,2008,,119.14,,PER_1000_POP,"per 1,000 population",G,Global,_X,Not Available,,,,,,
DATAFLOW,SPC:DF_BP50(1.0),Blue Pacific 2050 (all),I,A,Annual,SH_STA_MALR,"Malaria incidence per 1,000 population at risk",VU,Vanuatu,_T,Total,_T,All ages,_T,National,_T,Total,_T,All education levels,_T,All occupations,_Z,Not applicable,_T,No breakdown by disability,2009,,64.66,,PER_1000_POP,"per 1,000 population",G,Global,_X,Not Available,,,,,,
DATAFLOW,SPC:DF_BP50(1.0),Blue Pacific 2050 (all),I,A,Annual,SH_STA_MALR,"Malaria incidence per 1,000 population at risk",VU,Vanuatu,_T,Total,_T,All ages,_T,National,_T,Total,_T,All education levels,_T,All occupations,_Z,Not applicable,_T,No breakdown by disability,2010,,66.33,,PER_1000_POP,"per 1,000 population",G,Global,_X,Not Available,,,,,,
DATAFLOW,SPC:DF_BP50(1.0),Blue Pacific 2050 (all),I,A,Annual,SH_STA_MALR,"Malaria incidence per 1,000 population at risk",VU,Vanuatu,_T,Total,_T,All ages,_T,National,_T,Total,_T,All education levels,_T,All occupations,_Z,Not applicable,_T,No breakdown by disability,2011,,47.93,,PER_1000_POP,"per 1,000 population",G,Global,_X,Not Available,,,,,,
DATAFLOW,SPC:DF_BP50(1.0),Blue Pacific 2050 (all),I,A,Annual,SH_STA_MALR,"Malaria incidence per 1,000 population at risk",VU,Vanuatu,_T,Total,_T,All ages,_T,National,_T,Total,_T,All education levels,_T,All occupations,_Z,Not applicable,_T,No breakdown by disability,2012,,33.64,,PER_1000_POP,"per 1,000 population",G,Global,_X,Not Available,,,,,,
DATAFLOW,SPC:DF_BP50(1.0),Blue Pacific 2050 (all),I,A,Annual,SH_STA_MALR,"Malaria incidence per 1,000 population at risk",VU,Vanuatu,_T,Total,_T,All ages,_T,National,_T,Total,_T,All education levels,_T,All occupations,_Z,Not applicable,_T,No breakdown by disability,2013,,20.75,,PER_1000_POP,"per 1,000 population",G,Global,_X,Not Available,,,,,,
DATAFLOW,SPC:DF_BP50(1.0),Blue Pacific 2050 (all),I,A,Annual,SH_STA_MALR,"Malaria incidence per 1,000 population at risk",VU,Vanuatu,_T,Total,_T,All ages,_T,National,_T,Total,_T,All education levels,_T,All occupations,_Z,Not applicable,_T,No breakdown by disability,2014,,9.2,,PER_1000_POP,"per 1,000 population",G,Global,_X,Not Available,,,,,,
DATAFLOW,SPC:DF_BP50(1.0),Blue Pacific 2050 (all),I,A,Annual,SH_STA_MALR,"Malaria incidence per 1,000 population at risk",VU,Vanuatu,_T,Total,_T,All ages,_T,National,_T,Total,_T,All education levels,_T,All occupations,_Z,Not applicable,_T,No breakdown by disability,2015,,2.9,,PER_1000_POP,"per 1,000 population",G,Global,_X,Not Available,,,,,,
DATAFLOW,SPC:DF_BP50(1.0),Blue Pacific 2050 (all),I,A,Annual,SH_STA_MALR,"Malaria incidence per 1,000 population at risk",VU,Vanuatu,_T,Total,_T,All ages,_T,National,_T,Total,_T,All education levels,_T,All occupations,_Z,Not applicable,_T,No breakdown by disability,2016,,15.01,,PER_1000_POP,"per 1,000 population",G,Global,_X,Not Available,,,,,,
DATAFLOW,SPC:DF_BP50(1.0),Blue Pacific 2050 (all),I,A,Annual,SH_STA_MALR,"Malaria incidence per 1,000 population at risk",VU,Vanuatu,_T,Total,_T,All ages,_T,National,_T,Total,_T,All education levels,_T,All occupations,_Z,Not applicable,_T,No breakdown by disability,2017,,7.94,,PER_1000_POP,"per 1,000 population",G,Global,_X,Not Available,,,,,,
DATAFLOW,SPC:DF_BP50(1.0),Blue Pacific 2050 (all),I,A,Annual,SH_STA_MALR,"Malaria incidence per 1,000 population at risk",VU,Vanuatu,_T,Total,_T,All ages,_T,National,_T,Total,_T,All education levels,_T,All occupations,_Z,Not applicable,_T,No breakdown by disability,2018,,3.99,,PER_1000_POP,"per 1,000 population",G,Global,_X,Not Available,,,,,,
DATAFLOW,SPC:DF_BP50(1.0),Blue Pacific 2050 (all),I,A,Annual,SH_STA_MALR,"Malaria incidence per 1,000 population at risk",VU,Vanuatu,_T,Total,_T,All ages,_T,National,_T,Total,_T,All education levels,_T,All occupations,_Z,Not applicable,_T,No breakdown by disability,2019,,3.49,,PER_1000_POP,"per 1,000 population",G,Global,_X,Not Available,,,,,,
DATAFLOW,SPC:DF_BP50(1.0),Blue Pacific 2050 (all),I,A,Annual,SH_STA_MALR,"Malaria incidence per 1,000 population at risk",VU,Vanuatu,_T,Total,_T,All ages,_T,National,_T,Total,_T,All education levels,_T,All occupations,_Z,Not applicable,_T,No breakdown by disability,2020,,2.96,,PER_1000_POP,"per 1,000 population",G,Global,CA,Country Adjusted,World malaria report 2021. Geneva: World Health Organization; 2021.,,,,,
DATAFLOW,SPC:DF_BP50(1.0),Blue Pacific 2050 (all),I,A,Annual,SH_DTH_NCD,"Mortality rate attributed to cardiovascular disease, cancer,
            diabetes or chronic respiratory disease",NU,Niue,_T,Total,_T,All ages,_T,National,_T,Total,_T,All education levels,_T,All occupations,_Z,Not applicable,_T,No breakdown by disability,2016,,18.5,,PERCENT,percent,N,National,C,Country Data,Niue Vital Statistics Report 2012-2016.Probability of dying from selected NCDs among 30-69 year olds,,,,,
DATAFLOW,SPC:DF_BP50(1.0),Blue Pacific 2050 (all),I,A,Annual,SH_STA_WASH,"Mortality rate attributed to unsafe water, unsafe sanitation
            and lack of hygiene",KI,Kiribati,_T,Total,_T,All ages,_T,National,_T,Total,_T,All education levels,_T,All occupations,_Z,Not applicable,_T,No breakdown by disability,2012,,15.9,,PER_100000_POP,"per 100,000 population",G,Global,C,Country Data,UN Global Database,,,,,
DATAFLOW,SPC:DF_BP50(1.0),Blue Pacific 2050 (all),I,A,Annual,SH_STA_WASH,"Mortality rate attributed to unsafe water, unsafe sanitation
            and lack of hygiene",KI,Kiribati,_T,Total,_T,All ages,_T,National,_T,Total,_T,All education levels,_T,All occupations,_Z,Not applicable,_T,No breakdown by disability,2016,,16.66,,PER_100000_POP,"per 100,000 population",G,Global,_X,Not Available,,,,,,
DATAFLOW,SPC:DF_BP50(1.0),Blue Pacific 2050 (all),I,A,Annual,SH_STA_WASH,"Mortality rate attributed to unsafe water, unsafe sanitation
            and lack of hygiene",KI,Kiribati,_T,Total,_T,All ages,_T,National,_T,Total,_T,All education levels,_T,All occupations,_Z,Not applicable,_T,No breakdown by disability,2019,,37.4,,PER_100000_POP,"per 100,000 population",G,Global,_X,Not Available,,,,,,
DATAFLOW,SPC:DF_BP50(1.0),Blue Pacific 2050 (all),I,A,Annual,SH_HIV_INCD,"Number of new HIV infections per 1,000 uninfected population",PG,Papua New Guinea,_T,Total,_T,All ages,_T,National,_T,Total,_T,All education levels,_T,All occupations,_Z,Not applicable,_T,No breakdown by disability,2000,,0.47,,PER_1000_UNINFECTED_POP,"per 1,000 uninfected population",G,Global,E,Estimated,UNAIDS 2024 HIV ESTIMATES,,E,Estimated value,,
DATAFLOW,SPC:DF_BP50(1.0),Blue Pacific 2050 (all),I,A,Annual,SH_HIV_INCD,"Number of new HIV infections per 1,000 uninfected population",PG,Papua New Guinea,_T,Total,_T,All ages,_T,National,_T,Total,_T,All education levels,_T,All occupations,_Z,Not applicable,_T,No breakdown by disability,2001,,0.46,,PER_1000_UNINFECTED_POP,"per 1,000 uninfected population",G,Global,E,Estimated,UNAIDS 2024 HIV ESTIMATES,,E,Estimated value,,
DATAFLOW,SPC:DF_BP50(1.0),Blue Pacific 2050 (all),I,A,Annual,SH_HIV_INCD,"Number of new HIV infections per 1,000 uninfected population",PG,Papua New Guinea,_T,Total,_T,All ages,_T,National,_T,Total,_T,All education levels,_T,All occupations,_Z,Not applicable,_T,No breakdown by disability,2002,,0.46,,PER_1000_UNINFECTED_POP,"per 1,000 uninfected population",G,Global,E,Estimated,UNAIDS 2024 HIV ESTIMATES,,E,Estimated value,,
DATAFLOW,SPC:DF_BP50(1.0),Blue Pacific 2050 (all),I,A,Annual,SH_HIV_INCD,"Number of new HIV infections per 1,000 uninfected population",PG,Papua New Guinea,_T,Total,_T,All ages,_T,National,_T,Total,_T,All education levels,_T,All occupations,_Z,Not applicable,_T,No breakdown by disability,2003,,0.45,,PER_1000_UNINFECTED_POP,"per 1,000 uninfected population",G,Global,E,Estimated,UNAIDS 2024 HIV ESTIMATES,,E,Estimated value,,
DATAFLOW,SPC:DF_BP50(1.0),Blue Pacific 2050 (all),I,A,Annual,SH_HIV_INCD,"Number of new HIV infections per 1,000 uninfected population",PG,Papua New Guinea,_T,Total,_T,All ages,_T,National,_T,Total,_T,All education levels,_T,All occupations,_Z,Not applicable,_T,No breakdown by disability,2004,,0.44,,PER_1000_UNINFECTED_POP,"per 1,000 uninfected population",G,Global,E,Estimated,UNAIDS 2024 HIV ESTIMATES,,E,Estimated value,,
DATAFLOW,SPC:DF_BP50(1.0),Blue Pacific 2050 (all),I,A,Annual,SH_HIV_INCD,"Number of new HIV infections per 1,000 uninfected population",PG,Papua New Guinea,_T,Total,_T,All ages,_T,National,_T,Total,_T,All education levels,_T,All occupations,_Z,Not applicable,_T,No breakdown by disability,2005,,0.44,,PER_1000_UNINFECTED_POP,"per 1,000 uninfected population",G,Global,E,Estimated,UNAIDS 2024 HIV ESTIMATES,,E,Estimated value,,
DATAFLOW,SPC:DF_BP50(1.0),Blue Pacific 2050 (all),I,A,Annual,SH_HIV_INCD,"Number of new HIV infections per 1,000 uninfected population",PG,Papua New Guinea,_T,Total,_T,All ages,_T,National,_T,Total,_T,All education levels,_T,All occupations,_Z,Not applicable,_T,No breakdown by disability,2006,,0.42,,PER_1000_UNINFECTED_POP,"per 1,000 uninfected population",G,Global,E,Estimated,UNAIDS 2024 HIV ESTIMATES,,E,Estimated value,,
DATAFLOW,SPC:DF_BP50(1.0),Blue Pacific 2050 (all),I,A,Annual,SH_HIV_INCD,"Number of new HIV infections per 1,000 uninfected population",PG,Papua New Guinea,_T,Total,_T,All ages,_T,National,_T,Total,_T,All education levels,_T,All occupations,_Z,Not applicable,_T,No breakdown by disability,2007,,0.41,,PER_1000_UNINFECTED_POP,"per 1,000 uninfected population",G,Global,E,Estimated,UNAIDS 2024 HIV ESTIMATES,,E,Estimated value,,
DATAFLOW,SPC:DF_BP50(1.0),Blue Pacific 2050 (all),I,A,Annual,SH_HIV_INCD,"Number of new HIV infections per 1,000 uninfected population",PG,Papua New Guinea,_T,Total,_T,All ages,_T,National,_T,Total,_T,All education levels,_T,All occupations,_Z,Not applicable,_T,No breakdown by disability,2008,,0.41,,PER_1000_UNINFECTED_POP,"per 1,000 uninfected population",G,Global,E,Estimated,UNAIDS 2024 HIV ESTIMATES,,E,Estimated value,,
DATAFLOW,SPC:DF_BP50(1.0),Blue Pacific 2050 (all),I,A,Annual,SH_HIV_INCD,"Number of new HIV infections per 1,000 uninfected population",PG,Papua New Guinea,_T,Total,_T,All ages,_T,National,_T,Total,_T,All education levels,_T,All occupations,_Z,Not applicable,_T,No breakdown by disability,2009,,0.41,,PER_1000_UNINFECTED_POP,"per 1,000 uninfected population",G,Global,E,Estimated,UNAIDS 2024 HIV ESTIMATES,,E,Estimated value,,
DATAFLOW,SPC:DF_BP50(1.0),Blue Pacific 2050 (all),I,A,Annual,SH_HIV_INCD,"Number of new HIV infections per 1,000 uninfected population",PG,Papua New Guinea,_T,Total,_T,All ages,_T,National,_T,Total,_T,All education levels,_T,All occupations,_Z,Not applicable,_T,No breakdown by disability,2010,,0.43,,PER_1000_UNINFECTED_POP,"per 1,000 uninfected population",G,Global,E,Estimated,UNAIDS 2024 HIV ESTIMATES,,E,Estimated value,,
DATAFLOW,SPC:DF_BP50(1.0),Blue Pacific 2050 (all),I,A,Annual,SH_HIV_INCD,"Number of new HIV infections per 1,000 uninfected population",PG,Papua New Guinea,_T,Total,_T,All ages,_T,National,_T,Total,_T,All education levels,_T,All occupations,_Z,Not applicable,_T,No breakdown by disability,2011,,0.44,,PER_1000_UNINFECTED_POP,"per 1,000 uninfected population",G,Global,E,Estimated,UNAIDS 2024 HIV ESTIMATES,,E,Estimated value,,
DATAFLOW,SPC:DF_BP50(1.0),Blue Pacific 2050 (all),I,A,Annual,SH_HIV_INCD,"Number of new HIV infections per 1,000 uninfected population",PG,Papua New Guinea,_T,Total,_T,All ages,_T,National,_T,Total,_T,All education levels,_T,All occupations,_Z,Not applicable,_T,No breakdown by disability,2012,,0.43,,PER_1000_UNINFECTED_POP,"per 1,000 uninfected population",G,Global,E,Estimated,UNAIDS 2024 HIV ESTIMATES,,E,Estimated value,,
DATAFLOW,SPC:DF_BP50(1.0),Blue Pacific 2050 (all),I,A,Annual,SH_HIV_INCD,"Number of new HIV infections per 1,000 uninfected population",PG,Papua New Guinea,_T,Total,_T,All ages,_T,National,_T,Total,_T,All education levels,_T,All occupations,_Z,Not applicable,_T,No breakdown by disability,2013,,0.42,,PER_1000_UNINFECTED_POP,"per 1,000 uninfected population",G,Global,E,Estimated,UNAIDS 2024 HIV ESTIMATES,,E,Estimated value,,
DATAFLOW,SPC:DF_BP50(1.0),Blue Pacific 2050 (all),I,A,Annual,SH_HIV_INCD,"Number of new HIV infections per 1,000 uninfected population",PG,Papua New Guinea,_T,Total,_T,All ages,_T,National,_T,Total,_T,All education levels,_T,All occupations,_Z,Not applicable,_T,No breakdown by disability,2014,,0.4,,PER_1000_UNINFECTED_POP,"per 1,000 uninfected population",G,Global,E,Estimated,UNAIDS 2024 HIV ESTIMATES,,E,Estimated value,,
DATAFLOW,SPC:DF_BP50(1.0),Blue Pacific 2050 (all),I,A,Annual,SH_HIV_INCD,"Number of new HIV infections per 1,000 uninfected population",PG,Papua New Guinea,_T,Total,_T,All ages,_T,National,_T,Total,_T,All education levels,_T,All occupations,_Z,Not applicable,_T,No breakdown by disability,2015,,0.41,,PER_1000_UNINFECTED_POP,"per 1,000 uninfected population",G,Global,E,Estimated,UNAIDS 2024 HIV ESTIMATES,,E,Estimated value,,
DATAFLOW,SPC:DF_BP50(1.0),Blue Pacific 2050 (all),I,A,Annual,SH_HIV_INCD,"Number of new HIV infections per 1,000 uninfected population",PG,Papua New Guinea,_T,Total,_T,All ages,_T,National,_T,Total,_T,All education levels,_T,All occupations,_Z,Not applicable,_T,No breakdown by disability,2016,,0.43,,PER_1000_UNINFECTED_POP,"per 1,000 uninfected population",G,Global,E,Estimated,UNAIDS 2024 HIV ESTIMATES,,E,Estimated value,,
DATAFLOW,SPC:DF_BP50(1.0),Blue Pacific 2050 (all),I,A,Annual,SH_HIV_INCD,"Number of new HIV infections per 1,000 uninfected population",PG,Papua New Guinea,_T,Total,_T,All ages,_T,National,_T,Total,_T,All education levels,_T,All occupations,_Z,Not applicable,_T,No breakdown by disability,2017,,0.45,,PER_1000_UNINFECTED_POP,"per 1,000 uninfected population",G,Global,E,Estimated,UNAIDS 2024 HIV ESTIMATES,,E,Estimated value,,
DATAFLOW,SPC:DF_BP50(1.0),Blue Pacific 2050 (all),I,A,Annual,SH_HIV_INCD,"Number of new HIV infections per 1,000 uninfected population",PG,Papua New Guinea,_T,Total,_T,All ages,_T,National,_T,Total,_T,All education levels,_T,All occupations,_Z,Not applicable,_T,No breakdown by disability,2018,,0.5,,PER_1000_UNINFECTED_POP,"per 1,000 uninfected population",G,Global,E,Estimated,UNAIDS 2024 HIV ESTIMATES,,E,Estimated value,,
DATAFLOW,SPC:DF_BP50(1.0),Blue Pacific 2050 (all),I,A,Annual,SH_HIV_INCD,"Number of new HIV infections per 1,000 uninfected population",PG,Papua New Guinea,_T,Total,_T,All ages,_T,National,_T,Total,_T,All education levels,_T,All occupations,_Z,Not applicable,_T,No breakdown by disability,2019,,0.52,,PER_1000_UNINFECTED_POP,"per 1,000 uninfected population",G,Global,E,Estimated,UNAIDS 2024 HIV ESTIMATES,,E,Estimated value,,
DATAFLOW,SPC:DF_BP50(1.0),Blue Pacific 2050 (all),I,A,Annual,SH_HIV_INCD,"Number of new HIV infections per 1,000 uninfected population",PG,Papua New Guinea,_T,Total,_T,All ages,_T,National,_T,Total,_T,All education levels,_T,All occupations,_Z,Not applicable,_T,No breakdown by disability,2020,,0.56,,PER_1000_UNINFECTED_POP,"per 1,000 uninfected population",G,Global,E,Estimated,UNAIDS 2024 HIV ESTIMATES,,E,Estimated value,,
DATAFLOW,SPC:DF_BP50(1.0),Blue Pacific 2050 (all),I,A,Annual,SH_HIV_INCD,"Number of new HIV infections per 1,000 uninfected population",PG,Papua New Guinea,_T,Total,_T,All ages,_T,National,_T,Total,_T,All education levels,_T,All occupations,_Z,Not applicable,_T,No breakdown by disability,2021,,0.59,,PER_1000_UNINFECTED_POP,"per 1,000 uninfected population",G,Global,E,Estimated,UNAIDS 2024 HIV ESTIMATES,,E,Estimated value,,
DATAFLOW,SPC:DF_BP50(1.0),Blue Pacific 2050 (all),I,A,Annual,SH_HIV_INCD,"Number of new HIV infections per 1,000 uninfected population",PG,Papua New Guinea,_T,Total,_T,All ages,_T,National,_T,Total,_T,All education levels,_T,All occupations,_Z,Not applicable,_T,No breakdown by disability,2022,,0.62,,PER_1000_UNINFECTED_POP,"per 1,000 uninfected population",G,Global,E,Estimated,UNAIDS 2024 HIV ESTIMATES,,E,Estimated value,,
DATAFLOW,SPC:DF_BP50(1.0),Blue Pacific 2050 (all),I,A,Annual,SH_HIV_INCD,"Number of new HIV infections per 1,000 uninfected population",PG,Papua New Guinea,_T,Total,_T,All ages,_T,National,_T,Total,_T,All education levels,_T,All occupations,_Z,Not applicable,_T,No breakdown by disability,2023,,0.65,,PER_1000_UNINFECTED_POP,"per 1,000 uninfected population",G,Global,E,Estimated,UNAIDS 2024 HIV ESTIMATES,,E,Estimated value,,
DATAFLOW,SPC:DF_BP50(1.0),Blue Pacific 2050 (all),I,A,Annual,SH_HIV_INCD,"Number of new HIV infections per 1,000 uninfected population",FJ,Fiji,_T,Total,_T,All ages,_T,National,_T,Total,_T,All education levels,_T,All occupations,_Z,Not applicable,_T,No breakdown by disability,2000,,0.042,,PER_1000_UNINFECTED_POP,"per 1,000 uninfected population",G,Global,E,Estimated,UNAIDS 2024 HIV ESTIMATES,,E,Estimated value,,
DATAFLOW,SPC:DF_BP50(1.0),Blue Pacific 2050 (all),I,A,Annual,SH_HIV_INCD,"Number of new HIV infections per 1,000 uninfected population",FJ,Fiji,_T,Total,_T,All ages,_T,National,_T,Total,_T,All education levels,_T,All occupations,_Z,Not applicable,_T,No breakdown by disability,2001,,0.048,,PER_1000_UNINFECTED_POP,"per 1,000 uninfected population",G,Global,E,Estimated,UNAIDS 2024 HIV ESTIMATES,,E,Estimated value,,
DATAFLOW,SPC:DF_BP50(1.0),Blue Pacific 2050 (all),I,A,Annual,SH_HIV_INCD,"Number of new HIV infections per 1,000 uninfected population",FJ,Fiji,_T,Total,_T,All ages,_T,National,_T,Total,_T,All education levels,_T,All occupations,_Z,Not applicable,_T,No breakdown by disability,2002,,0.054,,PER_1000_UNINFECTED_POP,"per 1,000 uninfected population",G,Global,E,Estimated,UNAIDS 2024 HIV ESTIMATES,,E,Estimated value,,
DATAFLOW,SPC:DF_BP50(1.0),Blue Pacific 2050 (all),I,A,Annual,SH_HIV_INCD,"Number of new HIV infections per 1,000 uninfected population",FJ,Fiji,_T,Total,_T,All ages,_T,National,_T,Total,_T,All education levels,_T,All occupations,_Z,Not applicable,_T,No breakdown by disability,2003,,0.062,,PER_1000_UNINFECTED_POP,"per 1,000 uninfected population",G,Global,E,Estimated,UNAIDS 2024 HIV ESTIMATES,,E,Estimated value,,
DATAFLOW,SPC:DF_BP50(1.0),Blue Pacific 2050 (all),I,A,Annual,SH_HIV_INCD,"Number of new HIV infections per 1,000 uninfected population",FJ,Fiji,_T,Total,_T,All ages,_T,National,_T,Total,_T,All education levels,_T,All occupations,_Z,Not applicable,_T,No breakdown by disability,2004,,0.067,,PER_1000_UNINFECTED_POP,"per 1,000 uninfected population",G,Global,E,Estimated,UNAIDS 2024 HIV ESTIMATES,,E,Estimated value,,
DATAFLOW,SPC:DF_BP50(1.0),Blue Pacific 2050 (all),I,A,Annual,SH_HIV_INCD,"Number of new HIV infections per 1,000 uninfected population",FJ,Fiji,_T,Total,_T,All ages,_T,National,_T,Total,_T,All education levels,_T,All occupations,_Z,Not applicable,_T,No breakdown by disability,2005,,0.074,,PER_1000_UNINFECTED_POP,"per 1,000 uninfected population",G,Global,E,Estimated,UNAIDS 2024 HIV ESTIMATES,,E,Estimated value,,
DATAFLOW,SPC:DF_BP50(1.0),Blue Pacific 2050 (all),I,A,Annual,SH_HIV_INCD,"Number of new HIV infections per 1,000 uninfected population",FJ,Fiji,_T,Total,_T,All ages,_T,National,_T,Total,_T,All education levels,_T,All occupations,_Z,Not applicable,_T,No breakdown by disability,2006,,0.081,,PER_1000_UNINFECTED_POP,"per 1,000 uninfected population",G,Global,E,Estimated,UNAIDS 2024 HIV ESTIMATES,,E,Estimated value,,
DATAFLOW,SPC:DF_BP50(1.0),Blue Pacific 2050 (all),I,A,Annual,SH_HIV_INCD,"Number of new HIV infections per 1,000 uninfected population",FJ,Fiji,_T,Total,_T,All ages,_T,National,_T,Total,_T,All education levels,_T,All occupations,_Z,Not applicable,_T,No breakdown by disability,2007,,0.088,,PER_1000_UNINFECTED_POP,"per 1,000 uninfected population",G,Global,E,Estimated,UNAIDS 2024 HIV ESTIMATES,,E,Estimated value,,
DATAFLOW,SPC:DF_BP50(1.0),Blue Pacific 2050 (all),I,A,Annual,SH_HIV_INCD,"Number of new HIV infections per 1,000 uninfected population",FJ,Fiji,_T,Total,_T,All ages,_T,National,_T,Total,_T,All education levels,_T,All occupations,_Z,Not applicable,_T,No breakdown by disability,2008,,0.098,,PER_1000_UNINFECTED_POP,"per 1,000 uninfected population",G,Global,E,Estimated,UNAIDS 2024 HIV ESTIMATES,,E,Estimated value,,
DATAFLOW,SPC:DF_BP50(1.0),Blue Pacific 2050 (all),I,A,Annual,SH_HIV_INCD,"Number of new HIV infections per 1,000 uninfected population",FJ,Fiji,_T,Total,_T,All ages,_T,National,_T,Total,_T,All education levels,_T,All occupations,_Z,Not applicable,_T,No breakdown by disability,2009,,0.11,,PER_1000_UNINFECTED_POP,"per 1,000 uninfected population",G,Global,E,Estimated,UNAIDS 2024 HIV ESTIMATES,,E,Estimated value,,
DATAFLOW,SPC:DF_BP50(1.0),Blue Pacific 2050 (all),I,A,Annual,SH_HIV_INCD,"Number of new HIV infections per 1,000 uninfected population",FJ,Fiji,_T,Total,_T,All ages,_T,National,_T,Total,_T,All education levels,_T,All occupations,_Z,Not applicable,_T,No breakdown by disability,2010,,0.12,,PER_1000_UNINFECTED_POP,"per 1,000 uninfected population",G,Global,E,Estimated,UNAIDS 2024 HIV ESTIMATES,,E,Estimated value,,
DATAFLOW,SPC:DF_BP50(1.0),Blue Pacific 2050 (all),I,A,Annual,SH_HIV_INCD,"Number of new HIV infections per 1,000 uninfected population",FJ,Fiji,_T,Total,_T,All ages,_T,National,_T,Total,_T,All education levels,_T,All occupations,_Z,Not applicable,_T,No breakdown by disability,2011,,0.13,,PER_1000_UNINFECTED_POP,"per 1,000 uninfected population",G,Global,E,Estimated,UNAIDS 2024 HIV ESTIMATES,,E,Estimated value,,
DATAFLOW,SPC:DF_BP50(1.0),Blue Pacific 2050 (all),I,A,Annual,SH_HIV_INCD,"Number of new HIV infections per 1,000 uninfected population",FJ,Fiji,_T,Total,_T,All ages,_T,National,_T,Total,_T,All education levels,_T,All occupations,_Z,Not applicable,_T,No breakdown by disability,2012,,0.14,,PER_1000_UNINFECTED_POP,"per 1,000 uninfected population",G,Global,E,Estimated,UNAIDS 2024 HIV ESTIMATES,,E,Estimated value,,
DATAFLOW,SPC:DF_BP50(1.0),Blue Pacific 2050 (all),I,A,Annual,SH_HIV_INCD,"Number of new HIV infections per 1,000 uninfected population",FJ,Fiji,_T,Total,_T,All ages,_T,National,_T,Total,_T,All education levels,_T,All occupations,_Z,Not applicable,_T,No breakdown by disability,2013,,0.15,,PER_1000_UNINFECTED_POP,"per 1,000 uninfected population",G,Global,E,Estimated,UNAIDS 2024 HIV ESTIMATES,,E,Estimated value,,
DATAFLOW,SPC:DF_BP50(1.0),Blue Pacific 2050 (all),I,A,Annual,SH_HIV_INCD,"Number of new HIV infections per 1,000 uninfected population",FJ,Fiji,_T,Total,_T,All ages,_T,National,_T,Total,_T,All education levels,_T,All occupations,_Z,Not applicable,_T,No breakdown by disability,2014,,0.16,,PER_1000_UNINFECTED_POP,"per 1,000 uninfected population",G,Global,E,Estimated,UNAIDS 2024 HIV ESTIMATES,,E,Estimated value,,
DATAFLOW,SPC:DF_BP50(1.0),Blue Pacific 2050 (all),I,A,Annual,SH_HIV_INCD,"Number of new HIV infections per 1,000 uninfected population",FJ,Fiji,_T,Total,_T,All ages,_T,National,_T,Total,_T,All education levels,_T,All occupations,_Z,Not applicable,_T,No breakdown by disability,2015,,0.19,,PER_1000_UNINFECTED_POP,"per 1,000 uninfected population",G,Global,E,Estimated,UNAIDS 2024 HIV ESTIMATES,,E,Estimated value,,
DATAFLOW,SPC:DF_BP50(1.0),Blue Pacific 2050 (all),I,A,Annual,SH_HIV_INCD,"Number of new HIV infections per 1,000 uninfected population",FJ,Fiji,_T,Total,_T,All ages,_T,National,_T,Total,_T,All education levels,_T,All occupations,_Z,Not applicable,_T,No breakdown by disability,2016,,0.21,,PER_1000_UNINFECTED_POP,"per 1,000 uninfected population",G,Global,E,Estimated,UNAIDS 2024 HIV ESTIMATES,,E,Estimated value,,
DATAFLOW,SPC:DF_BP50(1.0),Blue Pacific 2050 (all),I,A,Annual,SH_HIV_INCD,"Number of new HIV infections per 1,000 uninfected population",FJ,Fiji,_T,Total,_T,All ages,_T,National,_T,Total,_T,All education levels,_T,All occupations,_Z,Not applicable,_T,No breakdown by disability,2017,,0.22,,PER_1000_UNINFECTED_POP,"per 1,000 uninfected population",G,Global,E,Estimated,UNAIDS 2024 HIV ESTIMATES,,E,Estimated value,,
DATAFLOW,SPC:DF_BP50(1.0),Blue Pacific 2050 (all),I,A,Annual,SH_HIV_INCD,"Number of new HIV infections per 1,000 uninfected population",FJ,Fiji,_T,Total,_T,All ages,_T,National,_T,Total,_T,All education levels,_T,All occupations,_Z,Not applicable,_T,No breakdown by disability,2018,,0.25,,PER_1000_UNINFECTED_POP,"per 1,000 uninfected population",G,Global,E,Estimated,UNAIDS 2024 HIV ESTIMATES,,E,Estimated value,,
DATAFLOW,SPC:DF_BP50(1.0),Blue Pacific 2050 (all),I,A,Annual,SH_HIV_INCD,"Number of new HIV infections per 1,000 uninfected population",FJ,Fiji,_T,Total,_T,All ages,_T,National,_T,Total,_T,All education levels,_T,All occupations,_Z,Not applicable,_T,No breakdown by disability,2019,,0.27,,PER_1000_UNINFECTED_POP,"per 1,000 uninfected population",G,Global,E,Estimated,UNAIDS 2024 HIV ESTIMATES,,E,Estimated value,,
DATAFLOW,SPC:DF_BP50(1.0),Blue Pacific 2050 (all),I,A,Annual,SH_HIV_INCD,"Number of new HIV infections per 1,000 uninfected population",FJ,Fiji,_T,Total,_T,All ages,_T,National,_T,Total,_T,All education levels,_T,All occupations,_Z,Not applicable,_T,No breakdown by disability,2020,,0.29,,PER_1000_UNINFECTED_POP,"per 1,000 uninfected population",G,Global,E,Estimated,UNAIDS 2024 HIV ESTIMATES,,E,Estimated value,,
DATAFLOW,SPC:DF_BP50(1.0),Blue Pacific 2050 (all),I,A,Annual,SH_HIV_INCD,"Number of new HIV infections per 1,000 uninfected population",FJ,Fiji,_T,Total,_T,All ages,_T,National,_T,Total,_T,All education levels,_T,All occupations,_Z,Not applicable,_T,No breakdown by disability,2021,,0.32,,PER_1000_UNINFECTED_POP,"per 1,000 uninfected population",G,Global,E,Estimated,UNAIDS 2024 HIV ESTIMATES,,E,Estimated value,,
DATAFLOW,SPC:DF_BP50(1.0),Blue Pacific 2050 (all),I,A,Annual,SH_HIV_INCD,"Number of new HIV infections per 1,000 uninfected population",FJ,Fiji,_T,Total,_T,All ages,_T,National,_T,Total,_T,All education levels,_T,All occupations,_Z,Not applicable,_T,No breakdown by disability,2022,,0.35,,PER_1000_UNINFECTED_POP,"per 1,000 uninfected population",G,Global,E,Estimated,UNAIDS 2024 HIV ESTIMATES,,E,Estimated value,,
DATAFLOW,SPC:DF_BP50(1.0),Blue Pacific 2050 (all),I,A,Annual,SH_HIV_INCD,"Number of new HIV infections per 1,000 uninfected population",FJ,Fiji,_T,Total,_T,All ages,_T,National,_T,Total,_T,All education levels,_T,All occupations,_Z,Not applicable,_T,No breakdown by disability,2023,,0.4,,PER_1000_UNINFECTED_POP,"per 1,000 uninfected population",G,Global,E,Estimated,UNAIDS 2024 HIV ESTIMATES,,E,Estimated value,,
