STRUCTURE,STRUCTURE_ID,STRUCTURE_NAME,ACTION,FREQ,Frequency,GEO_PICT,Pacific Island Countries and territories,INDICATOR,Indicator,SEX,Sex,TIME_PERIOD,Time,OBS_VALUE,Observation value,UNIT_MEASURE,Unit of measure,UNIT_MULT,Unit multiplier,OBS_STATUS,Observation Status,DATA_SOURCE,Data source,OBS_COMMENT,Comment
DATAFLOW,SPC:DF_POP_AGE(1.0),Population structure by age,I,A,Annual,AS,American Samoa,POPYOUTH,Proportion of youth (15-24),_T,Total,2025,,18,,PERCENT,percent,,,E,Estimated value,,,,
DATAFLOW,SPC:DF_POP_AGE(1.0),Population structure by age,I,A,Annual,AS,American Samoa,POPYOUTH,Proportion of youth (15-24),_T,Total,2026,,19,,PERCENT,percent,,,F,Forecasted value,,,,
DATAFLOW,SPC:DF_POP_AGE(1.0),Population structure by age,I,A,Annual,AS,American Samoa,POPYOUTH,Proportion of youth (15-24),_T,Total,2027,,19,,PERCENT,percent,,,F,Forecasted value,,,,
DATAFLOW,SPC:DF_POP_AGE(1.0),Population structure by age,I,A,Annual,AS,American Samoa,POPYOUTH,Proportion of youth (15-24),_T,Total,2028,,19,,PERCENT,percent,,,F,Forecasted value,,,,
DATAFLOW,SPC:DF_POP_AGE(1.0),Population structure by age,I,A,Annual,AS,American Samoa,POPYOUTH,Proportion of youth (15-24),_T,Total,2029,,20,,PERCENT,percent,,,F,Forecasted value,,,,
DATAFLOW,SPC:DF_POP_AGE(1.0),Population structure by age,I,A,Annual,AS,American Samoa,POPYOUTH,Proportion of youth (15-24),_T,Total,2030,,20,,PERCENT,percent,,,F,Forecasted value,,,,
DATAFLOW,SPC:DF_POP_AGE(1.0),Population structure by age,I,A,Annual,AS,American Samoa,POPYOUTH,Proportion of youth (15-24),_T,Total,2031,,20,,PERCENT,percent,,,F,Forecasted value,,,,
DATAFLOW,SPC:DF_POP_AGE(1.0),Population structure by age,I,A,Annual,AS,American Samoa,POPYOUTH,Proportion of youth (15-24),_T,Total,2032,,20,,PERCENT,percent,,,F,Forecasted value,,,,
DATAFLOW,SPC:DF_POP_AGE(1.0),Population structure by age,I,A,Annual,AS,American Samoa,POPYOUTH,Proportion of youth (15-24),_T,Total,2033,,20,,PERCENT,percent,,,F,Forecasted value,,,,
DATAFLOW,SPC:DF_POP_AGE(1.0),Population structure by age,I,A,Annual,AS,American Samoa,POPYOUTH,Proportion of youth (15-24),_T,Total,2034,,19,,PERCENT,percent,,,F,Forecasted value,,,,
DATAFLOW,SPC:DF_POP_AGE(1.0),Population structure by age,I,A,Annual,AS,American Samoa,POPYOUTH,Proportion of youth (15-24),_T,Total,2035,,19,,PERCENT,percent,,,F,Forecasted value,,,,
DATAFLOW,SPC:DF_POP_AGE(1.0),Population structure by age,I,A,Annual,AS,American Samoa,POPYOUTH,Proportion of youth (15-24),_T,Total,2036,,19,,PERCENT,percent,,,F,Forecasted value,,,,
DATAFLOW,SPC:DF_POP_AGE(1.0),Population structure by age,I,A,Annual,AS,American Samoa,POPYOUTH,Proportion of youth (15-24),_T,Total,2037,,18,,PERCENT,percent,,,F,Forecasted value,,,,
DATAFLOW,SPC:DF_POP_AGE(1.0),Population structure by age,I,A,Annual,AS,American Samoa,POPYOUTH,Proportion of youth (15-24),_T,Total,2038,,17,,PERCENT,percent,,,F,Forecasted value,,,,
DATAFLOW,SPC:DF_POP_AGE(1.0),Population structure by age,I,A,Annual,AS,American Samoa,POPYOUTH,Proportion of youth (15-24),_T,Total,2039,,17,,PERCENT,percent,,,F,Forecasted value,,,,
DATAFLOW,SPC:DF_POP_AGE(1.0),Population structure by age,I,A,Annual,AS,American Samoa,POPYOUTH,Proportion of youth (15-24),_T,Total,2040,,16,,PERCENT,percent,,,F,Forecasted value,,,,
DATAFLOW,SPC:DF_POP_AGE(1.0),Population structure by age,I,A,Annual,AS,American Samoa,POPYOUTH,Proportion of youth (15-24),_T,Total,2041,,15,,PERCENT,percent,,,F,Forecasted value,,,,
DATAFLOW,SPC:DF_POP_AGE(1.0),Population structure by age,I,A,Annual,AS,American Samoa,POPYOUTH,Proportion of youth (15-24),_T,Total,2042,,15,,PERCENT,percent,,,F,Forecasted value,,,,
DATAFLOW,SPC:DF_POP_AGE(1.0),Population structure by age,I,A,Annual,AS,American Samoa,POPYOUTH,Proportion of youth (15-24),_T,Total,2043,,14,,PERCENT,percent,,,F,Forecasted value,,,,
DATAFLOW,SPC:DF_POP_AGE(1.0),Population structure by age,I,A,Annual,AS,American Samoa,POPYOUTH,Proportion of youth (15-24),_T,Total,2044,,13,,PERCENT,percent,,,F,Forecasted value,,,,
DATAFLOW,SPC:DF_POP_AGE(1.0),Population structure by age,I,A,Annual,AS,American Samoa,POPYOUTH,Proportion of youth (15-24),_T,Total,2045,,13,,PERCENT,percent,,,F,Forecasted value,,,,
DATAFLOW,SPC:DF_POP_AGE(1.0),Population structure by age,I,A,Annual,AS,American Samoa,POPYOUTH,Proportion of youth (15-24),_T,Total,2046,,13,,PERCENT,percent,,,F,Forecasted value,,,,
DATAFLOW,SPC:DF_POP_AGE(1.0),Population structure by age,I,A,Annual,AS,American Samoa,POPYOUTH,Proportion of youth (15-24),_T,Total,2047,,12,,PERCENT,percent,,,F,Forecasted value,,,,
DATAFLOW,SPC:DF_POP_AGE(1.0),Population structure by age,I,A,Annual,AS,American Samoa,POPYOUTH,Proportion of youth (15-24),_T,Total,2048,,12,,PERCENT,percent,,,F,Forecasted value,,,,
DATAFLOW,SPC:DF_POP_AGE(1.0),Population structure by age,I,A,Annual,AS,American Samoa,POPYOUTH,Proportion of youth (15-24),_T,Total,2049,,12,,PERCENT,percent,,,F,Forecasted value,,,,
DATAFLOW,SPC:DF_POP_AGE(1.0),Population structure by age,I,A,Annual,AS,American Samoa,POPYOUTH,Proportion of youth (15-24),_T,Total,2050,,12,,PERCENT,percent,,,F,Forecasted value,,,,
DATAFLOW,SPC:DF_POP_AGE(1.0),Population structure by age,I,A,Annual,MP,Northern Mariana Islands,POPCHILD,Proportion of children (<14),_T,Total,2025,,22,,PERCENT,percent,,,E,Estimated value,,,,
DATAFLOW,SPC:DF_POP_AGE(1.0),Population structure by age,I,A,Annual,MP,Northern Mariana Islands,POPCHILD,Proportion of children (<14),_T,Total,2026,,21,,PERCENT,percent,,,F,Forecasted value,,,,
DATAFLOW,SPC:DF_POP_AGE(1.0),Population structure by age,I,A,Annual,MP,Northern Mariana Islands,POPCHILD,Proportion of children (<14),_T,Total,2027,,20,,PERCENT,percent,,,F,Forecasted value,,,,
DATAFLOW,SPC:DF_POP_AGE(1.0),Population structure by age,I,A,Annual,MP,Northern Mariana Islands,POPCHILD,Proportion of children (<14),_T,Total,2028,,19,,PERCENT,percent,,,F,Forecasted value,,,,
DATAFLOW,SPC:DF_POP_AGE(1.0),Population structure by age,I,A,Annual,MP,Northern Mariana Islands,POPCHILD,Proportion of children (<14),_T,Total,2029,,19,,PERCENT,percent,,,F,Forecasted value,,,,
DATAFLOW,SPC:DF_POP_AGE(1.0),Population structure by age,I,A,Annual,MP,Northern Mariana Islands,POPCHILD,Proportion of children (<14),_T,Total,2030,,18,,PERCENT,percent,,,F,Forecasted value,,,,
DATAFLOW,SPC:DF_POP_AGE(1.0),Population structure by age,I,A,Annual,MP,Northern Mariana Islands,POPCHILD,Proportion of children (<14),_T,Total,2031,,17,,PERCENT,percent,,,F,Forecasted value,,,,
DATAFLOW,SPC:DF_POP_AGE(1.0),Population structure by age,I,A,Annual,MP,Northern Mariana Islands,POPCHILD,Proportion of children (<14),_T,Total,2032,,17,,PERCENT,percent,,,F,Forecasted value,,,,
DATAFLOW,SPC:DF_POP_AGE(1.0),Population structure by age,I,A,Annual,MP,Northern Mariana Islands,POPCHILD,Proportion of children (<14),_T,Total,2033,,17,,PERCENT,percent,,,F,Forecasted value,,,,
DATAFLOW,SPC:DF_POP_AGE(1.0),Population structure by age,I,A,Annual,MP,Northern Mariana Islands,POPCHILD,Proportion of children (<14),_T,Total,2034,,16,,PERCENT,percent,,,F,Forecasted value,,,,
DATAFLOW,SPC:DF_POP_AGE(1.0),Population structure by age,I,A,Annual,MP,Northern Mariana Islands,POPCHILD,Proportion of children (<14),_T,Total,2035,,16,,PERCENT,percent,,,F,Forecasted value,,,,
DATAFLOW,SPC:DF_POP_AGE(1.0),Population structure by age,I,A,Annual,MP,Northern Mariana Islands,POPCHILD,Proportion of children (<14),_T,Total,2036,,16,,PERCENT,percent,,,F,Forecasted value,,,,
DATAFLOW,SPC:DF_POP_AGE(1.0),Population structure by age,I,A,Annual,MP,Northern Mariana Islands,POPCHILD,Proportion of children (<14),_T,Total,2037,,16,,PERCENT,percent,,,F,Forecasted value,,,,
DATAFLOW,SPC:DF_POP_AGE(1.0),Population structure by age,I,A,Annual,MP,Northern Mariana Islands,POPCHILD,Proportion of children (<14),_T,Total,2038,,16,,PERCENT,percent,,,F,Forecasted value,,,,
DATAFLOW,SPC:DF_POP_AGE(1.0),Population structure by age,I,A,Annual,MP,Northern Mariana Islands,POPCHILD,Proportion of children (<14),_T,Total,2039,,16,,PERCENT,percent,,,F,Forecasted value,,,,
DATAFLOW,SPC:DF_POP_AGE(1.0),Population structure by age,I,A,Annual,MP,Northern Mariana Islands,POPCHILD,Proportion of children (<14),_T,Total,2040,,16,,PERCENT,percent,,,F,Forecasted value,,,,
DATAFLOW,SPC:DF_POP_AGE(1.0),Population structure by age,I,A,Annual,MP,Northern Mariana Islands,POPCHILD,Proportion of children (<14),_T,Total,2041,,17,,PERCENT,percent,,,F,Forecasted value,,,,
DATAFLOW,SPC:DF_POP_AGE(1.0),Population structure by age,I,A,Annual,MP,Northern Mariana Islands,POPCHILD,Proportion of children (<14),_T,Total,2042,,17,,PERCENT,percent,,,F,Forecasted value,,,,
DATAFLOW,SPC:DF_POP_AGE(1.0),Population structure by age,I,A,Annual,MP,Northern Mariana Islands,POPCHILD,Proportion of children (<14),_T,Total,2043,,17,,PERCENT,percent,,,F,Forecasted value,,,,
DATAFLOW,SPC:DF_POP_AGE(1.0),Population structure by age,I,A,Annual,MP,Northern Mariana Islands,POPCHILD,Proportion of children (<14),_T,Total,2044,,18,,PERCENT,percent,,,F,Forecasted value,,,,
DATAFLOW,SPC:DF_POP_AGE(1.0),Population structure by age,I,A,Annual,MP,Northern Mariana Islands,POPCHILD,Proportion of children (<14),_T,Total,2045,,18,,PERCENT,percent,,,F,Forecasted value,,,,
DATAFLOW,SPC:DF_POP_AGE(1.0),Population structure by age,I,A,Annual,MP,Northern Mariana Islands,POPCHILD,Proportion of children (<14),_T,Total,2046,,18,,PERCENT,percent,,,F,Forecasted value,,,,
DATAFLOW,SPC:DF_POP_AGE(1.0),Population structure by age,I,A,Annual,MP,Northern Mariana Islands,POPCHILD,Proportion of children (<14),_T,Total,2047,,18,,PERCENT,percent,,,F,Forecasted value,,,,
DATAFLOW,SPC:DF_POP_AGE(1.0),Population structure by age,I,A,Annual,MP,Northern Mariana Islands,POPCHILD,Proportion of children (<14),_T,Total,2048,,19,,PERCENT,percent,,,F,Forecasted value,,,,
DATAFLOW,SPC:DF_POP_AGE(1.0),Population structure by age,I,A,Annual,MP,Northern Mariana Islands,POPCHILD,Proportion of children (<14),_T,Total,2049,,19,,PERCENT,percent,,,F,Forecasted value,,,,
DATAFLOW,SPC:DF_POP_AGE(1.0),Population structure by age,I,A,Annual,MP,Northern Mariana Islands,POPCHILD,Proportion of children (<14),_T,Total,2050,,19,,PERCENT,percent,,,F,Forecasted value,,,,
DATAFLOW,SPC:DF_POP_AGE(1.0),Population structure by age,I,A,Annual,PF,French Polynesia,POPYOUTH,Proportion of youth (15-24),_T,Total,2025,,15,,PERCENT,percent,,,E,Estimated value,,,,
DATAFLOW,SPC:DF_POP_AGE(1.0),Population structure by age,I,A,Annual,PF,French Polynesia,POPYOUTH,Proportion of youth (15-24),_T,Total,2026,,15,,PERCENT,percent,,,F,Forecasted value,,,,
DATAFLOW,SPC:DF_POP_AGE(1.0),Population structure by age,I,A,Annual,PF,French Polynesia,POPYOUTH,Proportion of youth (15-24),_T,Total,2027,,15,,PERCENT,percent,,,F,Forecasted value,,,,
DATAFLOW,SPC:DF_POP_AGE(1.0),Population structure by age,I,A,Annual,PF,French Polynesia,POPYOUTH,Proportion of youth (15-24),_T,Total,2028,,15,,PERCENT,percent,,,F,Forecasted value,,,,
DATAFLOW,SPC:DF_POP_AGE(1.0),Population structure by age,I,A,Annual,PF,French Polynesia,POPYOUTH,Proportion of youth (15-24),_T,Total,2029,,15,,PERCENT,percent,,,F,Forecasted value,,,,
DATAFLOW,SPC:DF_POP_AGE(1.0),Population structure by age,I,A,Annual,PF,French Polynesia,POPYOUTH,Proportion of youth (15-24),_T,Total,2030,,15,,PERCENT,percent,,,F,Forecasted value,,,,
DATAFLOW,SPC:DF_POP_AGE(1.0),Population structure by age,I,A,Annual,PF,French Polynesia,POPYOUTH,Proportion of youth (15-24),_T,Total,2031,,14,,PERCENT,percent,,,F,Forecasted value,,,,
DATAFLOW,SPC:DF_POP_AGE(1.0),Population structure by age,I,A,Annual,PF,French Polynesia,POPYOUTH,Proportion of youth (15-24),_T,Total,2032,,14,,PERCENT,percent,,,F,Forecasted value,,,,
DATAFLOW,SPC:DF_POP_AGE(1.0),Population structure by age,I,A,Annual,PF,French Polynesia,POPYOUTH,Proportion of youth (15-24),_T,Total,2033,,14,,PERCENT,percent,,,F,Forecasted value,,,,
DATAFLOW,SPC:DF_POP_AGE(1.0),Population structure by age,I,A,Annual,PF,French Polynesia,POPYOUTH,Proportion of youth (15-24),_T,Total,2034,,13,,PERCENT,percent,,,F,Forecasted value,,,,
DATAFLOW,SPC:DF_POP_AGE(1.0),Population structure by age,I,A,Annual,PF,French Polynesia,POPYOUTH,Proportion of youth (15-24),_T,Total,2035,,13,,PERCENT,percent,,,F,Forecasted value,,,,
DATAFLOW,SPC:DF_POP_AGE(1.0),Population structure by age,I,A,Annual,PF,French Polynesia,POPYOUTH,Proportion of youth (15-24),_T,Total,2036,,12,,PERCENT,percent,,,F,Forecasted value,,,,
DATAFLOW,SPC:DF_POP_AGE(1.0),Population structure by age,I,A,Annual,PF,French Polynesia,POPYOUTH,Proportion of youth (15-24),_T,Total,2037,,12,,PERCENT,percent,,,F,Forecasted value,,,,
DATAFLOW,SPC:DF_POP_AGE(1.0),Population structure by age,I,A,Annual,PF,French Polynesia,POPYOUTH,Proportion of youth (15-24),_T,Total,2038,,11,,PERCENT,percent,,,F,Forecasted value,,,,
DATAFLOW,SPC:DF_POP_AGE(1.0),Population structure by age,I,A,Annual,PF,French Polynesia,POPYOUTH,Proportion of youth (15-24),_T,Total,2039,,11,,PERCENT,percent,,,F,Forecasted value,,,,
DATAFLOW,SPC:DF_POP_AGE(1.0),Population structure by age,I,A,Annual,PF,French Polynesia,POPYOUTH,Proportion of youth (15-24),_T,Total,2040,,11,,PERCENT,percent,,,F,Forecasted value,,,,
DATAFLOW,SPC:DF_POP_AGE(1.0),Population structure by age,I,A,Annual,PF,French Polynesia,POPYOUTH,Proportion of youth (15-24),_T,Total,2041,,10,,PERCENT,percent,,,F,Forecasted value,,,,
DATAFLOW,SPC:DF_POP_AGE(1.0),Population structure by age,I,A,Annual,PF,French Polynesia,POPYOUTH,Proportion of youth (15-24),_T,Total,2042,,10,,PERCENT,percent,,,F,Forecasted value,,,,
DATAFLOW,SPC:DF_POP_AGE(1.0),Population structure by age,I,A,Annual,PF,French Polynesia,POPYOUTH,Proportion of youth (15-24),_T,Total,2043,,10,,PERCENT,percent,,,F,Forecasted value,,,,
DATAFLOW,SPC:DF_POP_AGE(1.0),Population structure by age,I,A,Annual,PF,French Polynesia,POPYOUTH,Proportion of youth (15-24),_T,Total,2044,,9,,PERCENT,percent,,,F,Forecasted value,,,,
DATAFLOW,SPC:DF_POP_AGE(1.0),Population structure by age,I,A,Annual,PF,French Polynesia,POPYOUTH,Proportion of youth (15-24),_T,Total,2045,,9,,PERCENT,percent,,,F,Forecasted value,,,,
DATAFLOW,SPC:DF_POP_AGE(1.0),Population structure by age,I,A,Annual,PF,French Polynesia,POPYOUTH,Proportion of youth (15-24),_T,Total,2046,,9,,PERCENT,percent,,,F,Forecasted value,,,,
DATAFLOW,SPC:DF_POP_AGE(1.0),Population structure by age,I,A,Annual,PF,French Polynesia,POPYOUTH,Proportion of youth (15-24),_T,Total,2047,,9,,PERCENT,percent,,,F,Forecasted value,,,,
DATAFLOW,SPC:DF_POP_AGE(1.0),Population structure by age,I,A,Annual,PF,French Polynesia,POPYOUTH,Proportion of youth (15-24),_T,Total,2048,,9,,PERCENT,percent,,,F,Forecasted value,,,,
DATAFLOW,SPC:DF_POP_AGE(1.0),Population structure by age,I,A,Annual,PF,French Polynesia,POPYOUTH,Proportion of youth (15-24),_T,Total,2049,,9,,PERCENT,percent,,,F,Forecasted value,,,,
DATAFLOW,SPC:DF_POP_AGE(1.0),Population structure by age,I,A,Annual,PF,French Polynesia,POPYOUTH,Proportion of youth (15-24),_T,Total,2050,,9,,PERCENT,percent,,,F,Forecasted value,,,,
DATAFLOW,SPC:DF_POP_AGE(1.0),Population structure by age,I,A,Annual,TV,Tuvalu,POPCHILD,Proportion of children (<14),_T,Total,2025,,33,,PERCENT,percent,,,E,Estimated value,,,,
DATAFLOW,SPC:DF_POP_AGE(1.0),Population structure by age,I,A,Annual,TV,Tuvalu,POPCHILD,Proportion of children (<14),_T,Total,2026,,33,,PERCENT,percent,,,F,Forecasted value,,,,
DATAFLOW,SPC:DF_POP_AGE(1.0),Population structure by age,I,A,Annual,TV,Tuvalu,POPCHILD,Proportion of children (<14),_T,Total,2027,,33,,PERCENT,percent,,,F,Forecasted value,,,,
DATAFLOW,SPC:DF_POP_AGE(1.0),Population structure by age,I,A,Annual,TV,Tuvalu,POPCHILD,Proportion of children (<14),_T,Total,2028,,33,,PERCENT,percent,,,F,Forecasted value,,,,
DATAFLOW,SPC:DF_POP_AGE(1.0),Population structure by age,I,A,Annual,TV,Tuvalu,POPCHILD,Proportion of children (<14),_T,Total,2029,,32,,PERCENT,percent,,,F,Forecasted value,,,,
DATAFLOW,SPC:DF_POP_AGE(1.0),Population structure by age,I,A,Annual,TV,Tuvalu,POPCHILD,Proportion of children (<14),_T,Total,2030,,32,,PERCENT,percent,,,F,Forecasted value,,,,
DATAFLOW,SPC:DF_POP_AGE(1.0),Population structure by age,I,A,Annual,TV,Tuvalu,POPCHILD,Proportion of children (<14),_T,Total,2031,,31,,PERCENT,percent,,,F,Forecasted value,,,,
DATAFLOW,SPC:DF_POP_AGE(1.0),Population structure by age,I,A,Annual,TV,Tuvalu,POPCHILD,Proportion of children (<14),_T,Total,2032,,30,,PERCENT,percent,,,F,Forecasted value,,,,
DATAFLOW,SPC:DF_POP_AGE(1.0),Population structure by age,I,A,Annual,TV,Tuvalu,POPCHILD,Proportion of children (<14),_T,Total,2033,,30,,PERCENT,percent,,,F,Forecasted value,,,,
DATAFLOW,SPC:DF_POP_AGE(1.0),Population structure by age,I,A,Annual,TV,Tuvalu,POPCHILD,Proportion of children (<14),_T,Total,2034,,29,,PERCENT,percent,,,F,Forecasted value,,,,
DATAFLOW,SPC:DF_POP_AGE(1.0),Population structure by age,I,A,Annual,TV,Tuvalu,POPCHILD,Proportion of children (<14),_T,Total,2035,,28,,PERCENT,percent,,,F,Forecasted value,,,,
DATAFLOW,SPC:DF_POP_AGE(1.0),Population structure by age,I,A,Annual,TV,Tuvalu,POPCHILD,Proportion of children (<14),_T,Total,2036,,28,,PERCENT,percent,,,F,Forecasted value,,,,
DATAFLOW,SPC:DF_POP_AGE(1.0),Population structure by age,I,A,Annual,TV,Tuvalu,POPCHILD,Proportion of children (<14),_T,Total,2037,,28,,PERCENT,percent,,,F,Forecasted value,,,,
DATAFLOW,SPC:DF_POP_AGE(1.0),Population structure by age,I,A,Annual,TV,Tuvalu,POPCHILD,Proportion of children (<14),_T,Total,2038,,27,,PERCENT,percent,,,F,Forecasted value,,,,
DATAFLOW,SPC:DF_POP_AGE(1.0),Population structure by age,I,A,Annual,TV,Tuvalu,POPCHILD,Proportion of children (<14),_T,Total,2039,,27,,PERCENT,percent,,,F,Forecasted value,,,,
DATAFLOW,SPC:DF_POP_AGE(1.0),Population structure by age,I,A,Annual,TV,Tuvalu,POPCHILD,Proportion of children (<14),_T,Total,2040,,27,,PERCENT,percent,,,F,Forecasted value,,,,
DATAFLOW,SPC:DF_POP_AGE(1.0),Population structure by age,I,A,Annual,TV,Tuvalu,POPCHILD,Proportion of children (<14),_T,Total,2041,,27,,PERCENT,percent,,,F,Forecasted value,,,,
DATAFLOW,SPC:DF_POP_AGE(1.0),Population structure by age,I,A,Annual,TV,Tuvalu,POPCHILD,Proportion of children (<14),_T,Total,2042,,27,,PERCENT,percent,,,F,Forecasted value,,,,
DATAFLOW,SPC:DF_POP_AGE(1.0),Population structure by age,I,A,Annual,TV,Tuvalu,POPCHILD,Proportion of children (<14),_T,Total,2043,,27,,PERCENT,percent,,,F,Forecasted value,,,,
DATAFLOW,SPC:DF_POP_AGE(1.0),Population structure by age,I,A,Annual,TV,Tuvalu,POPCHILD,Proportion of children (<14),_T,Total,2044,,27,,PERCENT,percent,,,F,Forecasted value,,,,
DATAFLOW,SPC:DF_POP_AGE(1.0),Population structure by age,I,A,Annual,TV,Tuvalu,POPCHILD,Proportion of children (<14),_T,Total,2045,,27,,PERCENT,percent,,,F,Forecasted value,,,,
DATAFLOW,SPC:DF_POP_AGE(1.0),Population structure by age,I,A,Annual,TV,Tuvalu,POPCHILD,Proportion of children (<14),_T,Total,2046,,27,,PERCENT,percent,,,F,Forecasted value,,,,
DATAFLOW,SPC:DF_POP_AGE(1.0),Population structure by age,I,A,Annual,TV,Tuvalu,POPCHILD,Proportion of children (<14),_T,Total,2047,,28,,PERCENT,percent,,,F,Forecasted value,,,,
DATAFLOW,SPC:DF_POP_AGE(1.0),Population structure by age,I,A,Annual,TV,Tuvalu,POPCHILD,Proportion of children (<14),_T,Total,2048,,28,,PERCENT,percent,,,F,Forecasted value,,,,
DATAFLOW,SPC:DF_POP_AGE(1.0),Population structure by age,I,A,Annual,TV,Tuvalu,POPCHILD,Proportion of children (<14),_T,Total,2049,,28,,PERCENT,percent,,,F,Forecasted value,,,,
DATAFLOW,SPC:DF_POP_AGE(1.0),Population structure by age,I,A,Annual,TV,Tuvalu,POPCHILD,Proportion of children (<14),_T,Total,2050,,28,,PERCENT,percent,,,F,Forecasted value,,,,
DATAFLOW,SPC:DF_POP_AGE(1.0),Population structure by age,I,A,Annual,CK,Cook Islands,POPCHILD,Proportion of children (<14),_T,Total,2025,,24,,PERCENT,percent,,,E,Estimated value,,,,
DATAFLOW,SPC:DF_POP_AGE(1.0),Population structure by age,I,A,Annual,CK,Cook Islands,POPCHILD,Proportion of children (<14),_T,Total,2026,,23,,PERCENT,percent,,,F,Forecasted value,,,,
DATAFLOW,SPC:DF_POP_AGE(1.0),Population structure by age,I,A,Annual,CK,Cook Islands,POPCHILD,Proportion of children (<14),_T,Total,2027,,22,,PERCENT,percent,,,F,Forecasted value,,,,
DATAFLOW,SPC:DF_POP_AGE(1.0),Population structure by age,I,A,Annual,CK,Cook Islands,POPCHILD,Proportion of children (<14),_T,Total,2028,,21,,PERCENT,percent,,,F,Forecasted value,,,,
DATAFLOW,SPC:DF_POP_AGE(1.0),Population structure by age,I,A,Annual,CK,Cook Islands,POPCHILD,Proportion of children (<14),_T,Total,2029,,20,,PERCENT,percent,,,F,Forecasted value,,,,
DATAFLOW,SPC:DF_POP_AGE(1.0),Population structure by age,I,A,Annual,CK,Cook Islands,POPCHILD,Proportion of children (<14),_T,Total,2030,,19,,PERCENT,percent,,,F,Forecasted value,,,,
DATAFLOW,SPC:DF_POP_AGE(1.0),Population structure by age,I,A,Annual,CK,Cook Islands,POPCHILD,Proportion of children (<14),_T,Total,2031,,18,,PERCENT,percent,,,F,Forecasted value,,,,
DATAFLOW,SPC:DF_POP_AGE(1.0),Population structure by age,I,A,Annual,CK,Cook Islands,POPCHILD,Proportion of children (<14),_T,Total,2032,,17,,PERCENT,percent,,,F,Forecasted value,,,,
DATAFLOW,SPC:DF_POP_AGE(1.0),Population structure by age,I,A,Annual,CK,Cook Islands,POPCHILD,Proportion of children (<14),_T,Total,2033,,16,,PERCENT,percent,,,F,Forecasted value,,,,
DATAFLOW,SPC:DF_POP_AGE(1.0),Population structure by age,I,A,Annual,CK,Cook Islands,POPCHILD,Proportion of children (<14),_T,Total,2034,,15,,PERCENT,percent,,,F,Forecasted value,,,,
DATAFLOW,SPC:DF_POP_AGE(1.0),Population structure by age,I,A,Annual,CK,Cook Islands,POPCHILD,Proportion of children (<14),_T,Total,2035,,15,,PERCENT,percent,,,F,Forecasted value,,,,
DATAFLOW,SPC:DF_POP_AGE(1.0),Population structure by age,I,A,Annual,CK,Cook Islands,POPCHILD,Proportion of children (<14),_T,Total,2036,,14,,PERCENT,percent,,,F,Forecasted value,,,,
DATAFLOW,SPC:DF_POP_AGE(1.0),Population structure by age,I,A,Annual,CK,Cook Islands,POPCHILD,Proportion of children (<14),_T,Total,2037,,14,,PERCENT,percent,,,F,Forecasted value,,,,
DATAFLOW,SPC:DF_POP_AGE(1.0),Population structure by age,I,A,Annual,CK,Cook Islands,POPCHILD,Proportion of children (<14),_T,Total,2038,,14,,PERCENT,percent,,,F,Forecasted value,,,,
DATAFLOW,SPC:DF_POP_AGE(1.0),Population structure by age,I,A,Annual,CK,Cook Islands,POPCHILD,Proportion of children (<14),_T,Total,2039,,14,,PERCENT,percent,,,F,Forecasted value,,,,
DATAFLOW,SPC:DF_POP_AGE(1.0),Population structure by age,I,A,Annual,CK,Cook Islands,POPCHILD,Proportion of children (<14),_T,Total,2040,,15,,PERCENT,percent,,,F,Forecasted value,,,,
DATAFLOW,SPC:DF_POP_AGE(1.0),Population structure by age,I,A,Annual,CK,Cook Islands,POPCHILD,Proportion of children (<14),_T,Total,2041,,15,,PERCENT,percent,,,F,Forecasted value,,,,
DATAFLOW,SPC:DF_POP_AGE(1.0),Population structure by age,I,A,Annual,CK,Cook Islands,POPCHILD,Proportion of children (<14),_T,Total,2042,,15,,PERCENT,percent,,,F,Forecasted value,,,,
DATAFLOW,SPC:DF_POP_AGE(1.0),Population structure by age,I,A,Annual,CK,Cook Islands,POPCHILD,Proportion of children (<14),_T,Total,2043,,16,,PERCENT,percent,,,F,Forecasted value,,,,
DATAFLOW,SPC:DF_POP_AGE(1.0),Population structure by age,I,A,Annual,CK,Cook Islands,POPCHILD,Proportion of children (<14),_T,Total,2044,,17,,PERCENT,percent,,,F,Forecasted value,,,,
DATAFLOW,SPC:DF_POP_AGE(1.0),Population structure by age,I,A,Annual,CK,Cook Islands,POPCHILD,Proportion of children (<14),_T,Total,2045,,17,,PERCENT,percent,,,F,Forecasted value,,,,
DATAFLOW,SPC:DF_POP_AGE(1.0),Population structure by age,I,A,Annual,CK,Cook Islands,POPCHILD,Proportion of children (<14),_T,Total,2046,,18,,PERCENT,percent,,,F,Forecasted value,,,,
DATAFLOW,SPC:DF_POP_AGE(1.0),Population structure by age,I,A,Annual,CK,Cook Islands,POPCHILD,Proportion of children (<14),_T,Total,2047,,18,,PERCENT,percent,,,F,Forecasted value,,,,
DATAFLOW,SPC:DF_POP_AGE(1.0),Population structure by age,I,A,Annual,CK,Cook Islands,POPCHILD,Proportion of children (<14),_T,Total,2048,,19,,PERCENT,percent,,,F,Forecasted value,,,,
DATAFLOW,SPC:DF_POP_AGE(1.0),Population structure by age,I,A,Annual,CK,Cook Islands,POPCHILD,Proportion of children (<14),_T,Total,2049,,19,,PERCENT,percent,,,F,Forecasted value,,,,
DATAFLOW,SPC:DF_POP_AGE(1.0),Population structure by age,I,A,Annual,CK,Cook Islands,POPCHILD,Proportion of children (<14),_T,Total,2050,,19,,PERCENT,percent,,,F,Forecasted value,,,,
DATAFLOW,SPC:DF_POP_AGE(1.0),Population structure by age,I,A,Annual,_TXPNG,Pacific region (excluding PNG),POPYOUTH,Proportion of youth (15-24),_T,Total,2025,,17,,PERCENT,percent,,,E,Estimated value,,,,
DATAFLOW,SPC:DF_POP_AGE(1.0),Population structure by age,I,A,Annual,_TXPNG,Pacific region (excluding PNG),POPYOUTH,Proportion of youth (15-24),_T,Total,2026,,18,,PERCENT,percent,,,F,Forecasted value,,,,
DATAFLOW,SPC:DF_POP_AGE(1.0),Population structure by age,I,A,Annual,_TXPNG,Pacific region (excluding PNG),POPYOUTH,Proportion of youth (15-24),_T,Total,2027,,18,,PERCENT,percent,,,F,Forecasted value,,,,
DATAFLOW,SPC:DF_POP_AGE(1.0),Population structure by age,I,A,Annual,_TXPNG,Pacific region (excluding PNG),POPYOUTH,Proportion of youth (15-24),_T,Total,2028,,18,,PERCENT,percent,,,F,Forecasted value,,,,
DATAFLOW,SPC:DF_POP_AGE(1.0),Population structure by age,I,A,Annual,_TXPNG,Pacific region (excluding PNG),POPYOUTH,Proportion of youth (15-24),_T,Total,2029,,18,,PERCENT,percent,,,F,Forecasted value,,,,
DATAFLOW,SPC:DF_POP_AGE(1.0),Population structure by age,I,A,Annual,_TXPNG,Pacific region (excluding PNG),POPYOUTH,Proportion of youth (15-24),_T,Total,2030,,18,,PERCENT,percent,,,F,Forecasted value,,,,
DATAFLOW,SPC:DF_POP_AGE(1.0),Population structure by age,I,A,Annual,_TXPNG,Pacific region (excluding PNG),POPYOUTH,Proportion of youth (15-24),_T,Total,2031,,18,,PERCENT,percent,,,F,Forecasted value,,,,
DATAFLOW,SPC:DF_POP_AGE(1.0),Population structure by age,I,A,Annual,_TXPNG,Pacific region (excluding PNG),POPYOUTH,Proportion of youth (15-24),_T,Total,2032,,18,,PERCENT,percent,,,F,Forecasted value,,,,
DATAFLOW,SPC:DF_POP_AGE(1.0),Population structure by age,I,A,Annual,_TXPNG,Pacific region (excluding PNG),POPYOUTH,Proportion of youth (15-24),_T,Total,2033,,18,,PERCENT,percent,,,F,Forecasted value,,,,
DATAFLOW,SPC:DF_POP_AGE(1.0),Population structure by age,I,A,Annual,_TXPNG,Pacific region (excluding PNG),POPYOUTH,Proportion of youth (15-24),_T,Total,2034,,18,,PERCENT,percent,,,F,Forecasted value,,,,
DATAFLOW,SPC:DF_POP_AGE(1.0),Population structure by age,I,A,Annual,_TXPNG,Pacific region (excluding PNG),POPYOUTH,Proportion of youth (15-24),_T,Total,2035,,18,,PERCENT,percent,,,F,Forecasted value,,,,
DATAFLOW,SPC:DF_POP_AGE(1.0),Population structure by age,I,A,Annual,_TXPNG,Pacific region (excluding PNG),POPYOUTH,Proportion of youth (15-24),_T,Total,2036,,18,,PERCENT,percent,,,F,Forecasted value,,,,
DATAFLOW,SPC:DF_POP_AGE(1.0),Population structure by age,I,A,Annual,_TXPNG,Pacific region (excluding PNG),POPYOUTH,Proportion of youth (15-24),_T,Total,2037,,18,,PERCENT,percent,,,F,Forecasted value,,,,
DATAFLOW,SPC:DF_POP_AGE(1.0),Population structure by age,I,A,Annual,_TXPNG,Pacific region (excluding PNG),POPYOUTH,Proportion of youth (15-24),_T,Total,2038,,17,,PERCENT,percent,,,F,Forecasted value,,,,
DATAFLOW,SPC:DF_POP_AGE(1.0),Population structure by age,I,A,Annual,_TXPNG,Pacific region (excluding PNG),POPYOUTH,Proportion of youth (15-24),_T,Total,2039,,17,,PERCENT,percent,,,F,Forecasted value,,,,
DATAFLOW,SPC:DF_POP_AGE(1.0),Population structure by age,I,A,Annual,_TXPNG,Pacific region (excluding PNG),POPYOUTH,Proportion of youth (15-24),_T,Total,2040,,17,,PERCENT,percent,,,F,Forecasted value,,,,
DATAFLOW,SPC:DF_POP_AGE(1.0),Population structure by age,I,A,Annual,_TXPNG,Pacific region (excluding PNG),POPYOUTH,Proportion of youth (15-24),_T,Total,2041,,17,,PERCENT,percent,,,F,Forecasted value,,,,
DATAFLOW,SPC:DF_POP_AGE(1.0),Population structure by age,I,A,Annual,_TXPNG,Pacific region (excluding PNG),POPYOUTH,Proportion of youth (15-24),_T,Total,2042,,16,,PERCENT,percent,,,F,Forecasted value,,,,
DATAFLOW,SPC:DF_POP_AGE(1.0),Population structure by age,I,A,Annual,_TXPNG,Pacific region (excluding PNG),POPYOUTH,Proportion of youth (15-24),_T,Total,2043,,16,,PERCENT,percent,,,F,Forecasted value,,,,
DATAFLOW,SPC:DF_POP_AGE(1.0),Population structure by age,I,A,Annual,_TXPNG,Pacific region (excluding PNG),POPYOUTH,Proportion of youth (15-24),_T,Total,2044,,16,,PERCENT,percent,,,F,Forecasted value,,,,
DATAFLOW,SPC:DF_POP_AGE(1.0),Population structure by age,I,A,Annual,_TXPNG,Pacific region (excluding PNG),POPYOUTH,Proportion of youth (15-24),_T,Total,2045,,16,,PERCENT,percent,,,F,Forecasted value,,,,
DATAFLOW,SPC:DF_POP_AGE(1.0),Population structure by age,I,A,Annual,_TXPNG,Pacific region (excluding PNG),POPYOUTH,Proportion of youth (15-24),_T,Total,2046,,16,,PERCENT,percent,,,F,Forecasted value,,,,
DATAFLOW,SPC:DF_POP_AGE(1.0),Population structure by age,I,A,Annual,_TXPNG,Pacific region (excluding PNG),POPYOUTH,Proportion of youth (15-24),_T,Total,2047,,16,,PERCENT,percent,,,F,Forecasted value,,,,
DATAFLOW,SPC:DF_POP_AGE(1.0),Population structure by age,I,A,Annual,_TXPNG,Pacific region (excluding PNG),POPYOUTH,Proportion of youth (15-24),_T,Total,2048,,16,,PERCENT,percent,,,F,Forecasted value,,,,
DATAFLOW,SPC:DF_POP_AGE(1.0),Population structure by age,I,A,Annual,_TXPNG,Pacific region (excluding PNG),POPYOUTH,Proportion of youth (15-24),_T,Total,2049,,16,,PERCENT,percent,,,F,Forecasted value,,,,
DATAFLOW,SPC:DF_POP_AGE(1.0),Population structure by age,I,A,Annual,_TXPNG,Pacific region (excluding PNG),POPYOUTH,Proportion of youth (15-24),_T,Total,2050,,16,,PERCENT,percent,,,F,Forecasted value,,,,
DATAFLOW,SPC:DF_POP_AGE(1.0),Population structure by age,I,A,Annual,KI,Kiribati,POPYOUTH,Proportion of youth (15-24),_T,Total,2025,,17,,PERCENT,percent,,,E,Estimated value,,,,
DATAFLOW,SPC:DF_POP_AGE(1.0),Population structure by age,I,A,Annual,KI,Kiribati,POPYOUTH,Proportion of youth (15-24),_T,Total,2026,,17,,PERCENT,percent,,,F,Forecasted value,,,,
DATAFLOW,SPC:DF_POP_AGE(1.0),Population structure by age,I,A,Annual,KI,Kiribati,POPYOUTH,Proportion of youth (15-24),_T,Total,2027,,18,,PERCENT,percent,,,F,Forecasted value,,,,
DATAFLOW,SPC:DF_POP_AGE(1.0),Population structure by age,I,A,Annual,KI,Kiribati,POPYOUTH,Proportion of youth (15-24),_T,Total,2028,,18,,PERCENT,percent,,,F,Forecasted value,,,,
DATAFLOW,SPC:DF_POP_AGE(1.0),Population structure by age,I,A,Annual,KI,Kiribati,POPYOUTH,Proportion of youth (15-24),_T,Total,2029,,18,,PERCENT,percent,,,F,Forecasted value,,,,
DATAFLOW,SPC:DF_POP_AGE(1.0),Population structure by age,I,A,Annual,KI,Kiribati,POPYOUTH,Proportion of youth (15-24),_T,Total,2030,,19,,PERCENT,percent,,,F,Forecasted value,,,,
DATAFLOW,SPC:DF_POP_AGE(1.0),Population structure by age,I,A,Annual,KI,Kiribati,POPYOUTH,Proportion of youth (15-24),_T,Total,2031,,19,,PERCENT,percent,,,F,Forecasted value,,,,
DATAFLOW,SPC:DF_POP_AGE(1.0),Population structure by age,I,A,Annual,KI,Kiribati,POPYOUTH,Proportion of youth (15-24),_T,Total,2032,,19,,PERCENT,percent,,,F,Forecasted value,,,,
DATAFLOW,SPC:DF_POP_AGE(1.0),Population structure by age,I,A,Annual,KI,Kiribati,POPYOUTH,Proportion of youth (15-24),_T,Total,2033,,19,,PERCENT,percent,,,F,Forecasted value,,,,
DATAFLOW,SPC:DF_POP_AGE(1.0),Population structure by age,I,A,Annual,KI,Kiribati,POPYOUTH,Proportion of youth (15-24),_T,Total,2034,,19,,PERCENT,percent,,,F,Forecasted value,,,,
DATAFLOW,SPC:DF_POP_AGE(1.0),Population structure by age,I,A,Annual,KI,Kiribati,POPYOUTH,Proportion of youth (15-24),_T,Total,2035,,19,,PERCENT,percent,,,F,Forecasted value,,,,
DATAFLOW,SPC:DF_POP_AGE(1.0),Population structure by age,I,A,Annual,KI,Kiribati,POPYOUTH,Proportion of youth (15-24),_T,Total,2036,,19,,PERCENT,percent,,,F,Forecasted value,,,,
DATAFLOW,SPC:DF_POP_AGE(1.0),Population structure by age,I,A,Annual,KI,Kiribati,POPYOUTH,Proportion of youth (15-24),_T,Total,2037,,19,,PERCENT,percent,,,F,Forecasted value,,,,
DATAFLOW,SPC:DF_POP_AGE(1.0),Population structure by age,I,A,Annual,KI,Kiribati,POPYOUTH,Proportion of youth (15-24),_T,Total,2038,,19,,PERCENT,percent,,,F,Forecasted value,,,,
DATAFLOW,SPC:DF_POP_AGE(1.0),Population structure by age,I,A,Annual,KI,Kiribati,POPYOUTH,Proportion of youth (15-24),_T,Total,2039,,19,,PERCENT,percent,,,F,Forecasted value,,,,
DATAFLOW,SPC:DF_POP_AGE(1.0),Population structure by age,I,A,Annual,KI,Kiribati,POPYOUTH,Proportion of youth (15-24),_T,Total,2040,,19,,PERCENT,percent,,,F,Forecasted value,,,,
DATAFLOW,SPC:DF_POP_AGE(1.0),Population structure by age,I,A,Annual,KI,Kiribati,POPYOUTH,Proportion of youth (15-24),_T,Total,2041,,18,,PERCENT,percent,,,F,Forecasted value,,,,
DATAFLOW,SPC:DF_POP_AGE(1.0),Population structure by age,I,A,Annual,KI,Kiribati,POPYOUTH,Proportion of youth (15-24),_T,Total,2042,,18,,PERCENT,percent,,,F,Forecasted value,,,,
DATAFLOW,SPC:DF_POP_AGE(1.0),Population structure by age,I,A,Annual,KI,Kiribati,POPYOUTH,Proportion of youth (15-24),_T,Total,2043,,18,,PERCENT,percent,,,F,Forecasted value,,,,
DATAFLOW,SPC:DF_POP_AGE(1.0),Population structure by age,I,A,Annual,KI,Kiribati,POPYOUTH,Proportion of youth (15-24),_T,Total,2044,,18,,PERCENT,percent,,,F,Forecasted value,,,,
DATAFLOW,SPC:DF_POP_AGE(1.0),Population structure by age,I,A,Annual,KI,Kiribati,POPYOUTH,Proportion of youth (15-24),_T,Total,2045,,18,,PERCENT,percent,,,F,Forecasted value,,,,
DATAFLOW,SPC:DF_POP_AGE(1.0),Population structure by age,I,A,Annual,KI,Kiribati,POPYOUTH,Proportion of youth (15-24),_T,Total,2046,,17,,PERCENT,percent,,,F,Forecasted value,,,,
DATAFLOW,SPC:DF_POP_AGE(1.0),Population structure by age,I,A,Annual,KI,Kiribati,POPYOUTH,Proportion of youth (15-24),_T,Total,2047,,17,,PERCENT,percent,,,F,Forecasted value,,,,
DATAFLOW,SPC:DF_POP_AGE(1.0),Population structure by age,I,A,Annual,KI,Kiribati,POPYOUTH,Proportion of youth (15-24),_T,Total,2048,,17,,PERCENT,percent,,,F,Forecasted value,,,,
DATAFLOW,SPC:DF_POP_AGE(1.0),Population structure by age,I,A,Annual,KI,Kiribati,POPYOUTH,Proportion of youth (15-24),_T,Total,2049,,17,,PERCENT,percent,,,F,Forecasted value,,,,
DATAFLOW,SPC:DF_POP_AGE(1.0),Population structure by age,I,A,Annual,KI,Kiribati,POPYOUTH,Proportion of youth (15-24),_T,Total,2050,,17,,PERCENT,percent,,,F,Forecasted value,,,,
DATAFLOW,SPC:DF_POP_AGE(1.0),Population structure by age,I,A,Annual,TK,Tokelau,POPYOUTH,Proportion of youth (15-24),_T,Total,2025,,18,,PERCENT,percent,,,E,Estimated value,,,,
DATAFLOW,SPC:DF_POP_AGE(1.0),Population structure by age,I,A,Annual,TK,Tokelau,POPYOUTH,Proportion of youth (15-24),_T,Total,2026,,18,,PERCENT,percent,,,F,Forecasted value,,,,
DATAFLOW,SPC:DF_POP_AGE(1.0),Population structure by age,I,A,Annual,TK,Tokelau,POPYOUTH,Proportion of youth (15-24),_T,Total,2027,,18,,PERCENT,percent,,,F,Forecasted value,,,,
DATAFLOW,SPC:DF_POP_AGE(1.0),Population structure by age,I,A,Annual,TK,Tokelau,POPYOUTH,Proportion of youth (15-24),_T,Total,2028,,17,,PERCENT,percent,,,F,Forecasted value,,,,
DATAFLOW,SPC:DF_POP_AGE(1.0),Population structure by age,I,A,Annual,TK,Tokelau,POPYOUTH,Proportion of youth (15-24),_T,Total,2029,,17,,PERCENT,percent,,,F,Forecasted value,,,,
DATAFLOW,SPC:DF_POP_AGE(1.0),Population structure by age,I,A,Annual,TK,Tokelau,POPYOUTH,Proportion of youth (15-24),_T,Total,2030,,16,,PERCENT,percent,,,F,Forecasted value,,,,
DATAFLOW,SPC:DF_POP_AGE(1.0),Population structure by age,I,A,Annual,TK,Tokelau,POPYOUTH,Proportion of youth (15-24),_T,Total,2031,,16,,PERCENT,percent,,,F,Forecasted value,,,,
DATAFLOW,SPC:DF_POP_AGE(1.0),Population structure by age,I,A,Annual,TK,Tokelau,POPYOUTH,Proportion of youth (15-24),_T,Total,2032,,15,,PERCENT,percent,,,F,Forecasted value,,,,
DATAFLOW,SPC:DF_POP_AGE(1.0),Population structure by age,I,A,Annual,TK,Tokelau,POPYOUTH,Proportion of youth (15-24),_T,Total,2033,,14,,PERCENT,percent,,,F,Forecasted value,,,,
DATAFLOW,SPC:DF_POP_AGE(1.0),Population structure by age,I,A,Annual,TK,Tokelau,POPYOUTH,Proportion of youth (15-24),_T,Total,2034,,14,,PERCENT,percent,,,F,Forecasted value,,,,
DATAFLOW,SPC:DF_POP_AGE(1.0),Population structure by age,I,A,Annual,TK,Tokelau,POPYOUTH,Proportion of youth (15-24),_T,Total,2035,,13,,PERCENT,percent,,,F,Forecasted value,,,,
DATAFLOW,SPC:DF_POP_AGE(1.0),Population structure by age,I,A,Annual,TK,Tokelau,POPYOUTH,Proportion of youth (15-24),_T,Total,2036,,13,,PERCENT,percent,,,F,Forecasted value,,,,
DATAFLOW,SPC:DF_POP_AGE(1.0),Population structure by age,I,A,Annual,TK,Tokelau,POPYOUTH,Proportion of youth (15-24),_T,Total,2037,,13,,PERCENT,percent,,,F,Forecasted value,,,,
DATAFLOW,SPC:DF_POP_AGE(1.0),Population structure by age,I,A,Annual,TK,Tokelau,POPYOUTH,Proportion of youth (15-24),_T,Total,2038,,13,,PERCENT,percent,,,F,Forecasted value,,,,
DATAFLOW,SPC:DF_POP_AGE(1.0),Population structure by age,I,A,Annual,TK,Tokelau,POPYOUTH,Proportion of youth (15-24),_T,Total,2039,,13,,PERCENT,percent,,,F,Forecasted value,,,,
DATAFLOW,SPC:DF_POP_AGE(1.0),Population structure by age,I,A,Annual,TK,Tokelau,POPYOUTH,Proportion of youth (15-24),_T,Total,2040,,13,,PERCENT,percent,,,F,Forecasted value,,,,
DATAFLOW,SPC:DF_POP_AGE(1.0),Population structure by age,I,A,Annual,TK,Tokelau,POPYOUTH,Proportion of youth (15-24),_T,Total,2041,,14,,PERCENT,percent,,,F,Forecasted value,,,,
DATAFLOW,SPC:DF_POP_AGE(1.0),Population structure by age,I,A,Annual,TK,Tokelau,POPYOUTH,Proportion of youth (15-24),_T,Total,2042,,14,,PERCENT,percent,,,F,Forecasted value,,,,
DATAFLOW,SPC:DF_POP_AGE(1.0),Population structure by age,I,A,Annual,TK,Tokelau,POPYOUTH,Proportion of youth (15-24),_T,Total,2043,,14,,PERCENT,percent,,,F,Forecasted value,,,,
DATAFLOW,SPC:DF_POP_AGE(1.0),Population structure by age,I,A,Annual,TK,Tokelau,POPYOUTH,Proportion of youth (15-24),_T,Total,2044,,15,,PERCENT,percent,,,F,Forecasted value,,,,
DATAFLOW,SPC:DF_POP_AGE(1.0),Population structure by age,I,A,Annual,TK,Tokelau,POPYOUTH,Proportion of youth (15-24),_T,Total,2045,,15,,PERCENT,percent,,,F,Forecasted value,,,,
DATAFLOW,SPC:DF_POP_AGE(1.0),Population structure by age,I,A,Annual,TK,Tokelau,POPYOUTH,Proportion of youth (15-24),_T,Total,2046,,15,,PERCENT,percent,,,F,Forecasted value,,,,
DATAFLOW,SPC:DF_POP_AGE(1.0),Population structure by age,I,A,Annual,TK,Tokelau,POPYOUTH,Proportion of youth (15-24),_T,Total,2047,,15,,PERCENT,percent,,,F,Forecasted value,,,,
DATAFLOW,SPC:DF_POP_AGE(1.0),Population structure by age,I,A,Annual,TK,Tokelau,POPYOUTH,Proportion of youth (15-24),_T,Total,2048,,15,,PERCENT,percent,,,F,Forecasted value,,,,
DATAFLOW,SPC:DF_POP_AGE(1.0),Population structure by age,I,A,Annual,TK,Tokelau,POPYOUTH,Proportion of youth (15-24),_T,Total,2049,,15,,PERCENT,percent,,,F,Forecasted value,,,,
DATAFLOW,SPC:DF_POP_AGE(1.0),Population structure by age,I,A,Annual,TK,Tokelau,POPYOUTH,Proportion of youth (15-24),_T,Total,2050,,15,,PERCENT,percent,,,F,Forecasted value,,,,
DATAFLOW,SPC:DF_POP_AGE(1.0),Population structure by age,I,A,Annual,MELXPNG,Melanesia (excluding PNG),POPYOUTH,Proportion of youth (15-24),_T,Total,2025,,18,,PERCENT,percent,,,E,Estimated value,,,,
DATAFLOW,SPC:DF_POP_AGE(1.0),Population structure by age,I,A,Annual,MELXPNG,Melanesia (excluding PNG),POPYOUTH,Proportion of youth (15-24),_T,Total,2026,,18,,PERCENT,percent,,,F,Forecasted value,,,,
DATAFLOW,SPC:DF_POP_AGE(1.0),Population structure by age,I,A,Annual,MELXPNG,Melanesia (excluding PNG),POPYOUTH,Proportion of youth (15-24),_T,Total,2027,,18,,PERCENT,percent,,,F,Forecasted value,,,,
DATAFLOW,SPC:DF_POP_AGE(1.0),Population structure by age,I,A,Annual,MELXPNG,Melanesia (excluding PNG),POPYOUTH,Proportion of youth (15-24),_T,Total,2028,,18,,PERCENT,percent,,,F,Forecasted value,,,,
DATAFLOW,SPC:DF_POP_AGE(1.0),Population structure by age,I,A,Annual,MELXPNG,Melanesia (excluding PNG),POPYOUTH,Proportion of youth (15-24),_T,Total,2029,,18,,PERCENT,percent,,,F,Forecasted value,,,,
DATAFLOW,SPC:DF_POP_AGE(1.0),Population structure by age,I,A,Annual,MELXPNG,Melanesia (excluding PNG),POPYOUTH,Proportion of youth (15-24),_T,Total,2030,,18,,PERCENT,percent,,,F,Forecasted value,,,,
DATAFLOW,SPC:DF_POP_AGE(1.0),Population structure by age,I,A,Annual,MELXPNG,Melanesia (excluding PNG),POPYOUTH,Proportion of youth (15-24),_T,Total,2031,,18,,PERCENT,percent,,,F,Forecasted value,,,,
DATAFLOW,SPC:DF_POP_AGE(1.0),Population structure by age,I,A,Annual,MELXPNG,Melanesia (excluding PNG),POPYOUTH,Proportion of youth (15-24),_T,Total,2032,,18,,PERCENT,percent,,,F,Forecasted value,,,,
DATAFLOW,SPC:DF_POP_AGE(1.0),Population structure by age,I,A,Annual,MELXPNG,Melanesia (excluding PNG),POPYOUTH,Proportion of youth (15-24),_T,Total,2033,,18,,PERCENT,percent,,,F,Forecasted value,,,,
DATAFLOW,SPC:DF_POP_AGE(1.0),Population structure by age,I,A,Annual,MELXPNG,Melanesia (excluding PNG),POPYOUTH,Proportion of youth (15-24),_T,Total,2034,,18,,PERCENT,percent,,,F,Forecasted value,,,,
DATAFLOW,SPC:DF_POP_AGE(1.0),Population structure by age,I,A,Annual,MELXPNG,Melanesia (excluding PNG),POPYOUTH,Proportion of youth (15-24),_T,Total,2035,,18,,PERCENT,percent,,,F,Forecasted value,,,,
DATAFLOW,SPC:DF_POP_AGE(1.0),Population structure by age,I,A,Annual,MELXPNG,Melanesia (excluding PNG),POPYOUTH,Proportion of youth (15-24),_T,Total,2036,,18,,PERCENT,percent,,,F,Forecasted value,,,,
DATAFLOW,SPC:DF_POP_AGE(1.0),Population structure by age,I,A,Annual,MELXPNG,Melanesia (excluding PNG),POPYOUTH,Proportion of youth (15-24),_T,Total,2037,,18,,PERCENT,percent,,,F,Forecasted value,,,,
DATAFLOW,SPC:DF_POP_AGE(1.0),Population structure by age,I,A,Annual,MELXPNG,Melanesia (excluding PNG),POPYOUTH,Proportion of youth (15-24),_T,Total,2038,,17,,PERCENT,percent,,,F,Forecasted value,,,,
DATAFLOW,SPC:DF_POP_AGE(1.0),Population structure by age,I,A,Annual,MELXPNG,Melanesia (excluding PNG),POPYOUTH,Proportion of youth (15-24),_T,Total,2039,,17,,PERCENT,percent,,,F,Forecasted value,,,,
DATAFLOW,SPC:DF_POP_AGE(1.0),Population structure by age,I,A,Annual,MELXPNG,Melanesia (excluding PNG),POPYOUTH,Proportion of youth (15-24),_T,Total,2040,,17,,PERCENT,percent,,,F,Forecasted value,,,,
DATAFLOW,SPC:DF_POP_AGE(1.0),Population structure by age,I,A,Annual,MELXPNG,Melanesia (excluding PNG),POPYOUTH,Proportion of youth (15-24),_T,Total,2041,,17,,PERCENT,percent,,,F,Forecasted value,,,,
DATAFLOW,SPC:DF_POP_AGE(1.0),Population structure by age,I,A,Annual,MELXPNG,Melanesia (excluding PNG),POPYOUTH,Proportion of youth (15-24),_T,Total,2042,,17,,PERCENT,percent,,,F,Forecasted value,,,,
DATAFLOW,SPC:DF_POP_AGE(1.0),Population structure by age,I,A,Annual,MELXPNG,Melanesia (excluding PNG),POPYOUTH,Proportion of youth (15-24),_T,Total,2043,,17,,PERCENT,percent,,,F,Forecasted value,,,,
DATAFLOW,SPC:DF_POP_AGE(1.0),Population structure by age,I,A,Annual,MELXPNG,Melanesia (excluding PNG),POPYOUTH,Proportion of youth (15-24),_T,Total,2044,,16,,PERCENT,percent,,,F,Forecasted value,,,,
DATAFLOW,SPC:DF_POP_AGE(1.0),Population structure by age,I,A,Annual,MELXPNG,Melanesia (excluding PNG),POPYOUTH,Proportion of youth (15-24),_T,Total,2045,,16,,PERCENT,percent,,,F,Forecasted value,,,,
DATAFLOW,SPC:DF_POP_AGE(1.0),Population structure by age,I,A,Annual,MELXPNG,Melanesia (excluding PNG),POPYOUTH,Proportion of youth (15-24),_T,Total,2046,,16,,PERCENT,percent,,,F,Forecasted value,,,,
DATAFLOW,SPC:DF_POP_AGE(1.0),Population structure by age,I,A,Annual,MELXPNG,Melanesia (excluding PNG),POPYOUTH,Proportion of youth (15-24),_T,Total,2047,,16,,PERCENT,percent,,,F,Forecasted value,,,,
DATAFLOW,SPC:DF_POP_AGE(1.0),Population structure by age,I,A,Annual,MELXPNG,Melanesia (excluding PNG),POPYOUTH,Proportion of youth (15-24),_T,Total,2048,,16,,PERCENT,percent,,,F,Forecasted value,,,,
DATAFLOW,SPC:DF_POP_AGE(1.0),Population structure by age,I,A,Annual,MELXPNG,Melanesia (excluding PNG),POPYOUTH,Proportion of youth (15-24),_T,Total,2049,,16,,PERCENT,percent,,,F,Forecasted value,,,,
DATAFLOW,SPC:DF_POP_AGE(1.0),Population structure by age,I,A,Annual,MELXPNG,Melanesia (excluding PNG),POPYOUTH,Proportion of youth (15-24),_T,Total,2050,,16,,PERCENT,percent,,,F,Forecasted value,,,,
DATAFLOW,SPC:DF_POP_AGE(1.0),Population structure by age,I,A,Annual,PG,Papua New Guinea,POPCHILD,Proportion of children (<14),_T,Total,2025,,33,,PERCENT,percent,,,E,Estimated value,,,,
DATAFLOW,SPC:DF_POP_AGE(1.0),Population structure by age,I,A,Annual,PG,Papua New Guinea,POPCHILD,Proportion of children (<14),_T,Total,2026,,33,,PERCENT,percent,,,F,Forecasted value,,,,
DATAFLOW,SPC:DF_POP_AGE(1.0),Population structure by age,I,A,Annual,PG,Papua New Guinea,POPCHILD,Proportion of children (<14),_T,Total,2027,,33,,PERCENT,percent,,,F,Forecasted value,,,,
DATAFLOW,SPC:DF_POP_AGE(1.0),Population structure by age,I,A,Annual,PG,Papua New Guinea,POPCHILD,Proportion of children (<14),_T,Total,2028,,32,,PERCENT,percent,,,F,Forecasted value,,,,
DATAFLOW,SPC:DF_POP_AGE(1.0),Population structure by age,I,A,Annual,PG,Papua New Guinea,POPCHILD,Proportion of children (<14),_T,Total,2029,,32,,PERCENT,percent,,,F,Forecasted value,,,,
DATAFLOW,SPC:DF_POP_AGE(1.0),Population structure by age,I,A,Annual,PG,Papua New Guinea,POPCHILD,Proportion of children (<14),_T,Total,2030,,32,,PERCENT,percent,,,F,Forecasted value,,,,
DATAFLOW,SPC:DF_POP_AGE(1.0),Population structure by age,I,A,Annual,PG,Papua New Guinea,POPCHILD,Proportion of children (<14),_T,Total,2031,,31,,PERCENT,percent,,,F,Forecasted value,,,,
DATAFLOW,SPC:DF_POP_AGE(1.0),Population structure by age,I,A,Annual,PG,Papua New Guinea,POPCHILD,Proportion of children (<14),_T,Total,2032,,31,,PERCENT,percent,,,F,Forecasted value,,,,
DATAFLOW,SPC:DF_POP_AGE(1.0),Population structure by age,I,A,Annual,PG,Papua New Guinea,POPCHILD,Proportion of children (<14),_T,Total,2033,,31,,PERCENT,percent,,,F,Forecasted value,,,,
DATAFLOW,SPC:DF_POP_AGE(1.0),Population structure by age,I,A,Annual,PG,Papua New Guinea,POPCHILD,Proportion of children (<14),_T,Total,2034,,30,,PERCENT,percent,,,F,Forecasted value,,,,
DATAFLOW,SPC:DF_POP_AGE(1.0),Population structure by age,I,A,Annual,PG,Papua New Guinea,POPCHILD,Proportion of children (<14),_T,Total,2035,,30,,PERCENT,percent,,,F,Forecasted value,,,,
DATAFLOW,SPC:DF_POP_AGE(1.0),Population structure by age,I,A,Annual,PG,Papua New Guinea,POPCHILD,Proportion of children (<14),_T,Total,2036,,30,,PERCENT,percent,,,F,Forecasted value,,,,
DATAFLOW,SPC:DF_POP_AGE(1.0),Population structure by age,I,A,Annual,PG,Papua New Guinea,POPCHILD,Proportion of children (<14),_T,Total,2037,,29,,PERCENT,percent,,,F,Forecasted value,,,,
DATAFLOW,SPC:DF_POP_AGE(1.0),Population structure by age,I,A,Annual,PG,Papua New Guinea,POPCHILD,Proportion of children (<14),_T,Total,2038,,29,,PERCENT,percent,,,F,Forecasted value,,,,
DATAFLOW,SPC:DF_POP_AGE(1.0),Population structure by age,I,A,Annual,PG,Papua New Guinea,POPCHILD,Proportion of children (<14),_T,Total,2039,,29,,PERCENT,percent,,,F,Forecasted value,,,,
DATAFLOW,SPC:DF_POP_AGE(1.0),Population structure by age,I,A,Annual,PG,Papua New Guinea,POPCHILD,Proportion of children (<14),_T,Total,2040,,28,,PERCENT,percent,,,F,Forecasted value,,,,
DATAFLOW,SPC:DF_POP_AGE(1.0),Population structure by age,I,A,Annual,PG,Papua New Guinea,POPCHILD,Proportion of children (<14),_T,Total,2041,,28,,PERCENT,percent,,,F,Forecasted value,,,,
DATAFLOW,SPC:DF_POP_AGE(1.0),Population structure by age,I,A,Annual,PG,Papua New Guinea,POPCHILD,Proportion of children (<14),_T,Total,2042,,28,,PERCENT,percent,,,F,Forecasted value,,,,
DATAFLOW,SPC:DF_POP_AGE(1.0),Population structure by age,I,A,Annual,PG,Papua New Guinea,POPCHILD,Proportion of children (<14),_T,Total,2043,,28,,PERCENT,percent,,,F,Forecasted value,,,,
DATAFLOW,SPC:DF_POP_AGE(1.0),Population structure by age,I,A,Annual,PG,Papua New Guinea,POPCHILD,Proportion of children (<14),_T,Total,2044,,27,,PERCENT,percent,,,F,Forecasted value,,,,
DATAFLOW,SPC:DF_POP_AGE(1.0),Population structure by age,I,A,Annual,PG,Papua New Guinea,POPCHILD,Proportion of children (<14),_T,Total,2045,,27,,PERCENT,percent,,,F,Forecasted value,,,,
DATAFLOW,SPC:DF_POP_AGE(1.0),Population structure by age,I,A,Annual,PG,Papua New Guinea,POPCHILD,Proportion of children (<14),_T,Total,2046,,27,,PERCENT,percent,,,F,Forecasted value,,,,
DATAFLOW,SPC:DF_POP_AGE(1.0),Population structure by age,I,A,Annual,PG,Papua New Guinea,POPCHILD,Proportion of children (<14),_T,Total,2047,,27,,PERCENT,percent,,,F,Forecasted value,,,,
DATAFLOW,SPC:DF_POP_AGE(1.0),Population structure by age,I,A,Annual,PG,Papua New Guinea,POPCHILD,Proportion of children (<14),_T,Total,2048,,27,,PERCENT,percent,,,F,Forecasted value,,,,
DATAFLOW,SPC:DF_POP_AGE(1.0),Population structure by age,I,A,Annual,PG,Papua New Guinea,POPCHILD,Proportion of children (<14),_T,Total,2049,,26,,PERCENT,percent,,,F,Forecasted value,,,,
DATAFLOW,SPC:DF_POP_AGE(1.0),Population structure by age,I,A,Annual,PG,Papua New Guinea,POPCHILD,Proportion of children (<14),_T,Total,2050,,26,,PERCENT,percent,,,F,Forecasted value,,,,
DATAFLOW,SPC:DF_POP_AGE(1.0),Population structure by age,I,A,Annual,MELXPNG,Melanesia (excluding PNG),POPCHILD,Proportion of children (<14),_T,Total,2025,,31,,PERCENT,percent,,,E,Estimated value,,,,
DATAFLOW,SPC:DF_POP_AGE(1.0),Population structure by age,I,A,Annual,MELXPNG,Melanesia (excluding PNG),POPCHILD,Proportion of children (<14),_T,Total,2026,,31,,PERCENT,percent,,,F,Forecasted value,,,,
DATAFLOW,SPC:DF_POP_AGE(1.0),Population structure by age,I,A,Annual,MELXPNG,Melanesia (excluding PNG),POPCHILD,Proportion of children (<14),_T,Total,2027,,31,,PERCENT,percent,,,F,Forecasted value,,,,
DATAFLOW,SPC:DF_POP_AGE(1.0),Population structure by age,I,A,Annual,MELXPNG,Melanesia (excluding PNG),POPCHILD,Proportion of children (<14),_T,Total,2028,,30,,PERCENT,percent,,,F,Forecasted value,,,,
DATAFLOW,SPC:DF_POP_AGE(1.0),Population structure by age,I,A,Annual,MELXPNG,Melanesia (excluding PNG),POPCHILD,Proportion of children (<14),_T,Total,2029,,30,,PERCENT,percent,,,F,Forecasted value,,,,
DATAFLOW,SPC:DF_POP_AGE(1.0),Population structure by age,I,A,Annual,MELXPNG,Melanesia (excluding PNG),POPCHILD,Proportion of children (<14),_T,Total,2030,,30,,PERCENT,percent,,,F,Forecasted value,,,,
DATAFLOW,SPC:DF_POP_AGE(1.0),Population structure by age,I,A,Annual,MELXPNG,Melanesia (excluding PNG),POPCHILD,Proportion of children (<14),_T,Total,2031,,29,,PERCENT,percent,,,F,Forecasted value,,,,
DATAFLOW,SPC:DF_POP_AGE(1.0),Population structure by age,I,A,Annual,MELXPNG,Melanesia (excluding PNG),POPCHILD,Proportion of children (<14),_T,Total,2032,,29,,PERCENT,percent,,,F,Forecasted value,,,,
DATAFLOW,SPC:DF_POP_AGE(1.0),Population structure by age,I,A,Annual,MELXPNG,Melanesia (excluding PNG),POPCHILD,Proportion of children (<14),_T,Total,2033,,29,,PERCENT,percent,,,F,Forecasted value,,,,
DATAFLOW,SPC:DF_POP_AGE(1.0),Population structure by age,I,A,Annual,MELXPNG,Melanesia (excluding PNG),POPCHILD,Proportion of children (<14),_T,Total,2034,,29,,PERCENT,percent,,,F,Forecasted value,,,,
DATAFLOW,SPC:DF_POP_AGE(1.0),Population structure by age,I,A,Annual,MELXPNG,Melanesia (excluding PNG),POPCHILD,Proportion of children (<14),_T,Total,2035,,28,,PERCENT,percent,,,F,Forecasted value,,,,
DATAFLOW,SPC:DF_POP_AGE(1.0),Population structure by age,I,A,Annual,MELXPNG,Melanesia (excluding PNG),POPCHILD,Proportion of children (<14),_T,Total,2036,,28,,PERCENT,percent,,,F,Forecasted value,,,,
DATAFLOW,SPC:DF_POP_AGE(1.0),Population structure by age,I,A,Annual,MELXPNG,Melanesia (excluding PNG),POPCHILD,Proportion of children (<14),_T,Total,2037,,28,,PERCENT,percent,,,F,Forecasted value,,,,
DATAFLOW,SPC:DF_POP_AGE(1.0),Population structure by age,I,A,Annual,MELXPNG,Melanesia (excluding PNG),POPCHILD,Proportion of children (<14),_T,Total,2038,,28,,PERCENT,percent,,,F,Forecasted value,,,,
DATAFLOW,SPC:DF_POP_AGE(1.0),Population structure by age,I,A,Annual,MELXPNG,Melanesia (excluding PNG),POPCHILD,Proportion of children (<14),_T,Total,2039,,28,,PERCENT,percent,,,F,Forecasted value,,,,
DATAFLOW,SPC:DF_POP_AGE(1.0),Population structure by age,I,A,Annual,MELXPNG,Melanesia (excluding PNG),POPCHILD,Proportion of children (<14),_T,Total,2040,,27,,PERCENT,percent,,,F,Forecasted value,,,,
DATAFLOW,SPC:DF_POP_AGE(1.0),Population structure by age,I,A,Annual,MELXPNG,Melanesia (excluding PNG),POPCHILD,Proportion of children (<14),_T,Total,2041,,27,,PERCENT,percent,,,F,Forecasted value,,,,
DATAFLOW,SPC:DF_POP_AGE(1.0),Population structure by age,I,A,Annual,MELXPNG,Melanesia (excluding PNG),POPCHILD,Proportion of children (<14),_T,Total,2042,,27,,PERCENT,percent,,,F,Forecasted value,,,,
DATAFLOW,SPC:DF_POP_AGE(1.0),Population structure by age,I,A,Annual,MELXPNG,Melanesia (excluding PNG),POPCHILD,Proportion of children (<14),_T,Total,2043,,27,,PERCENT,percent,,,F,Forecasted value,,,,
DATAFLOW,SPC:DF_POP_AGE(1.0),Population structure by age,I,A,Annual,MELXPNG,Melanesia (excluding PNG),POPCHILD,Proportion of children (<14),_T,Total,2044,,27,,PERCENT,percent,,,F,Forecasted value,,,,
DATAFLOW,SPC:DF_POP_AGE(1.0),Population structure by age,I,A,Annual,MELXPNG,Melanesia (excluding PNG),POPCHILD,Proportion of children (<14),_T,Total,2045,,27,,PERCENT,percent,,,F,Forecasted value,,,,
DATAFLOW,SPC:DF_POP_AGE(1.0),Population structure by age,I,A,Annual,MELXPNG,Melanesia (excluding PNG),POPCHILD,Proportion of children (<14),_T,Total,2046,,26,,PERCENT,percent,,,F,Forecasted value,,,,
DATAFLOW,SPC:DF_POP_AGE(1.0),Population structure by age,I,A,Annual,MELXPNG,Melanesia (excluding PNG),POPCHILD,Proportion of children (<14),_T,Total,2047,,26,,PERCENT,percent,,,F,Forecasted value,,,,
DATAFLOW,SPC:DF_POP_AGE(1.0),Population structure by age,I,A,Annual,MELXPNG,Melanesia (excluding PNG),POPCHILD,Proportion of children (<14),_T,Total,2048,,26,,PERCENT,percent,,,F,Forecasted value,,,,
DATAFLOW,SPC:DF_POP_AGE(1.0),Population structure by age,I,A,Annual,MELXPNG,Melanesia (excluding PNG),POPCHILD,Proportion of children (<14),_T,Total,2049,,26,,PERCENT,percent,,,F,Forecasted value,,,,
DATAFLOW,SPC:DF_POP_AGE(1.0),Population structure by age,I,A,Annual,MELXPNG,Melanesia (excluding PNG),POPCHILD,Proportion of children (<14),_T,Total,2050,,26,,PERCENT,percent,,,F,Forecasted value,,,,
DATAFLOW,SPC:DF_POP_AGE(1.0),Population structure by age,I,A,Annual,_T,Pacific region,POPCHILD,Proportion of children (<14),_T,Total,2025,,33,,PERCENT,percent,,,E,Estimated value,,,,
DATAFLOW,SPC:DF_POP_AGE(1.0),Population structure by age,I,A,Annual,_T,Pacific region,POPCHILD,Proportion of children (<14),_T,Total,2026,,32,,PERCENT,percent,,,F,Forecasted value,,,,
DATAFLOW,SPC:DF_POP_AGE(1.0),Population structure by age,I,A,Annual,_T,Pacific region,POPCHILD,Proportion of children (<14),_T,Total,2027,,32,,PERCENT,percent,,,F,Forecasted value,,,,
DATAFLOW,SPC:DF_POP_AGE(1.0),Population structure by age,I,A,Annual,_T,Pacific region,POPCHILD,Proportion of children (<14),_T,Total,2028,,32,,PERCENT,percent,,,F,Forecasted value,,,,
DATAFLOW,SPC:DF_POP_AGE(1.0),Population structure by age,I,A,Annual,_T,Pacific region,POPCHILD,Proportion of children (<14),_T,Total,2029,,31,,PERCENT,percent,,,F,Forecasted value,,,,
DATAFLOW,SPC:DF_POP_AGE(1.0),Population structure by age,I,A,Annual,_T,Pacific region,POPCHILD,Proportion of children (<14),_T,Total,2030,,31,,PERCENT,percent,,,F,Forecasted value,,,,
DATAFLOW,SPC:DF_POP_AGE(1.0),Population structure by age,I,A,Annual,_T,Pacific region,POPCHILD,Proportion of children (<14),_T,Total,2031,,31,,PERCENT,percent,,,F,Forecasted value,,,,
DATAFLOW,SPC:DF_POP_AGE(1.0),Population structure by age,I,A,Annual,_T,Pacific region,POPCHILD,Proportion of children (<14),_T,Total,2032,,30,,PERCENT,percent,,,F,Forecasted value,,,,
DATAFLOW,SPC:DF_POP_AGE(1.0),Population structure by age,I,A,Annual,_T,Pacific region,POPCHILD,Proportion of children (<14),_T,Total,2033,,30,,PERCENT,percent,,,F,Forecasted value,,,,
DATAFLOW,SPC:DF_POP_AGE(1.0),Population structure by age,I,A,Annual,_T,Pacific region,POPCHILD,Proportion of children (<14),_T,Total,2034,,30,,PERCENT,percent,,,F,Forecasted value,,,,
DATAFLOW,SPC:DF_POP_AGE(1.0),Population structure by age,I,A,Annual,_T,Pacific region,POPCHILD,Proportion of children (<14),_T,Total,2035,,29,,PERCENT,percent,,,F,Forecasted value,,,,
DATAFLOW,SPC:DF_POP_AGE(1.0),Population structure by age,I,A,Annual,_T,Pacific region,POPCHILD,Proportion of children (<14),_T,Total,2036,,29,,PERCENT,percent,,,F,Forecasted value,,,,
DATAFLOW,SPC:DF_POP_AGE(1.0),Population structure by age,I,A,Annual,_T,Pacific region,POPCHILD,Proportion of children (<14),_T,Total,2037,,29,,PERCENT,percent,,,F,Forecasted value,,,,
DATAFLOW,SPC:DF_POP_AGE(1.0),Population structure by age,I,A,Annual,_T,Pacific region,POPCHILD,Proportion of children (<14),_T,Total,2038,,28,,PERCENT,percent,,,F,Forecasted value,,,,
DATAFLOW,SPC:DF_POP_AGE(1.0),Population structure by age,I,A,Annual,_T,Pacific region,POPCHILD,Proportion of children (<14),_T,Total,2039,,28,,PERCENT,percent,,,F,Forecasted value,,,,
DATAFLOW,SPC:DF_POP_AGE(1.0),Population structure by age,I,A,Annual,_T,Pacific region,POPCHILD,Proportion of children (<14),_T,Total,2040,,28,,PERCENT,percent,,,F,Forecasted value,,,,
DATAFLOW,SPC:DF_POP_AGE(1.0),Population structure by age,I,A,Annual,_T,Pacific region,POPCHILD,Proportion of children (<14),_T,Total,2041,,28,,PERCENT,percent,,,F,Forecasted value,,,,
DATAFLOW,SPC:DF_POP_AGE(1.0),Population structure by age,I,A,Annual,_T,Pacific region,POPCHILD,Proportion of children (<14),_T,Total,2042,,27,,PERCENT,percent,,,F,Forecasted value,,,,
DATAFLOW,SPC:DF_POP_AGE(1.0),Population structure by age,I,A,Annual,_T,Pacific region,POPCHILD,Proportion of children (<14),_T,Total,2043,,27,,PERCENT,percent,,,F,Forecasted value,,,,
DATAFLOW,SPC:DF_POP_AGE(1.0),Population structure by age,I,A,Annual,_T,Pacific region,POPCHILD,Proportion of children (<14),_T,Total,2044,,27,,PERCENT,percent,,,F,Forecasted value,,,,
DATAFLOW,SPC:DF_POP_AGE(1.0),Population structure by age,I,A,Annual,_T,Pacific region,POPCHILD,Proportion of children (<14),_T,Total,2045,,27,,PERCENT,percent,,,F,Forecasted value,,,,
DATAFLOW,SPC:DF_POP_AGE(1.0),Population structure by age,I,A,Annual,_T,Pacific region,POPCHILD,Proportion of children (<14),_T,Total,2046,,27,,PERCENT,percent,,,F,Forecasted value,,,,
DATAFLOW,SPC:DF_POP_AGE(1.0),Population structure by age,I,A,Annual,_T,Pacific region,POPCHILD,Proportion of children (<14),_T,Total,2047,,26,,PERCENT,percent,,,F,Forecasted value,,,,
DATAFLOW,SPC:DF_POP_AGE(1.0),Population structure by age,I,A,Annual,_T,Pacific region,POPCHILD,Proportion of children (<14),_T,Total,2048,,26,,PERCENT,percent,,,F,Forecasted value,,,,
DATAFLOW,SPC:DF_POP_AGE(1.0),Population structure by age,I,A,Annual,_T,Pacific region,POPCHILD,Proportion of children (<14),_T,Total,2049,,26,,PERCENT,percent,,,F,Forecasted value,,,,
DATAFLOW,SPC:DF_POP_AGE(1.0),Population structure by age,I,A,Annual,_T,Pacific region,POPCHILD,Proportion of children (<14),_T,Total,2050,,26,,PERCENT,percent,,,F,Forecasted value,,,,
DATAFLOW,SPC:DF_POP_AGE(1.0),Population structure by age,I,A,Annual,GU,Guam,POPYOUTH,Proportion of youth (15-24),_T,Total,2025,,14,,PERCENT,percent,,,E,Estimated value,,,,
DATAFLOW,SPC:DF_POP_AGE(1.0),Population structure by age,I,A,Annual,GU,Guam,POPYOUTH,Proportion of youth (15-24),_T,Total,2026,,14,,PERCENT,percent,,,F,Forecasted value,,,,
DATAFLOW,SPC:DF_POP_AGE(1.0),Population structure by age,I,A,Annual,GU,Guam,POPYOUTH,Proportion of youth (15-24),_T,Total,2027,,14,,PERCENT,percent,,,F,Forecasted value,,,,
DATAFLOW,SPC:DF_POP_AGE(1.0),Population structure by age,I,A,Annual,GU,Guam,POPYOUTH,Proportion of youth (15-24),_T,Total,2028,,14,,PERCENT,percent,,,F,Forecasted value,,,,
DATAFLOW,SPC:DF_POP_AGE(1.0),Population structure by age,I,A,Annual,GU,Guam,POPYOUTH,Proportion of youth (15-24),_T,Total,2029,,15,,PERCENT,percent,,,F,Forecasted value,,,,
DATAFLOW,SPC:DF_POP_AGE(1.0),Population structure by age,I,A,Annual,GU,Guam,POPYOUTH,Proportion of youth (15-24),_T,Total,2030,,15,,PERCENT,percent,,,F,Forecasted value,,,,
DATAFLOW,SPC:DF_POP_AGE(1.0),Population structure by age,I,A,Annual,GU,Guam,POPYOUTH,Proportion of youth (15-24),_T,Total,2031,,15,,PERCENT,percent,,,F,Forecasted value,,,,
DATAFLOW,SPC:DF_POP_AGE(1.0),Population structure by age,I,A,Annual,GU,Guam,POPYOUTH,Proportion of youth (15-24),_T,Total,2032,,15,,PERCENT,percent,,,F,Forecasted value,,,,
DATAFLOW,SPC:DF_POP_AGE(1.0),Population structure by age,I,A,Annual,GU,Guam,POPYOUTH,Proportion of youth (15-24),_T,Total,2033,,16,,PERCENT,percent,,,F,Forecasted value,,,,
DATAFLOW,SPC:DF_POP_AGE(1.0),Population structure by age,I,A,Annual,GU,Guam,POPYOUTH,Proportion of youth (15-24),_T,Total,2034,,16,,PERCENT,percent,,,F,Forecasted value,,,,
DATAFLOW,SPC:DF_POP_AGE(1.0),Population structure by age,I,A,Annual,GU,Guam,POPYOUTH,Proportion of youth (15-24),_T,Total,2035,,16,,PERCENT,percent,,,F,Forecasted value,,,,
DATAFLOW,SPC:DF_POP_AGE(1.0),Population structure by age,I,A,Annual,GU,Guam,POPYOUTH,Proportion of youth (15-24),_T,Total,2036,,16,,PERCENT,percent,,,F,Forecasted value,,,,
DATAFLOW,SPC:DF_POP_AGE(1.0),Population structure by age,I,A,Annual,GU,Guam,POPYOUTH,Proportion of youth (15-24),_T,Total,2037,,16,,PERCENT,percent,,,F,Forecasted value,,,,
DATAFLOW,SPC:DF_POP_AGE(1.0),Population structure by age,I,A,Annual,GU,Guam,POPYOUTH,Proportion of youth (15-24),_T,Total,2038,,16,,PERCENT,percent,,,F,Forecasted value,,,,
DATAFLOW,SPC:DF_POP_AGE(1.0),Population structure by age,I,A,Annual,GU,Guam,POPYOUTH,Proportion of youth (15-24),_T,Total,2039,,16,,PERCENT,percent,,,F,Forecasted value,,,,
DATAFLOW,SPC:DF_POP_AGE(1.0),Population structure by age,I,A,Annual,GU,Guam,POPYOUTH,Proportion of youth (15-24),_T,Total,2040,,16,,PERCENT,percent,,,F,Forecasted value,,,,
DATAFLOW,SPC:DF_POP_AGE(1.0),Population structure by age,I,A,Annual,GU,Guam,POPYOUTH,Proportion of youth (15-24),_T,Total,2041,,15,,PERCENT,percent,,,F,Forecasted value,,,,
DATAFLOW,SPC:DF_POP_AGE(1.0),Population structure by age,I,A,Annual,GU,Guam,POPYOUTH,Proportion of youth (15-24),_T,Total,2042,,15,,PERCENT,percent,,,F,Forecasted value,,,,
DATAFLOW,SPC:DF_POP_AGE(1.0),Population structure by age,I,A,Annual,GU,Guam,POPYOUTH,Proportion of youth (15-24),_T,Total,2043,,15,,PERCENT,percent,,,F,Forecasted value,,,,
DATAFLOW,SPC:DF_POP_AGE(1.0),Population structure by age,I,A,Annual,GU,Guam,POPYOUTH,Proportion of youth (15-24),_T,Total,2044,,15,,PERCENT,percent,,,F,Forecasted value,,,,
DATAFLOW,SPC:DF_POP_AGE(1.0),Population structure by age,I,A,Annual,GU,Guam,POPYOUTH,Proportion of youth (15-24),_T,Total,2045,,15,,PERCENT,percent,,,F,Forecasted value,,,,
DATAFLOW,SPC:DF_POP_AGE(1.0),Population structure by age,I,A,Annual,GU,Guam,POPYOUTH,Proportion of youth (15-24),_T,Total,2046,,14,,PERCENT,percent,,,F,Forecasted value,,,,
DATAFLOW,SPC:DF_POP_AGE(1.0),Population structure by age,I,A,Annual,GU,Guam,POPYOUTH,Proportion of youth (15-24),_T,Total,2047,,14,,PERCENT,percent,,,F,Forecasted value,,,,
DATAFLOW,SPC:DF_POP_AGE(1.0),Population structure by age,I,A,Annual,GU,Guam,POPYOUTH,Proportion of youth (15-24),_T,Total,2048,,14,,PERCENT,percent,,,F,Forecasted value,,,,
DATAFLOW,SPC:DF_POP_AGE(1.0),Population structure by age,I,A,Annual,GU,Guam,POPYOUTH,Proportion of youth (15-24),_T,Total,2049,,14,,PERCENT,percent,,,F,Forecasted value,,,,
DATAFLOW,SPC:DF_POP_AGE(1.0),Population structure by age,I,A,Annual,GU,Guam,POPYOUTH,Proportion of youth (15-24),_T,Total,2050,,14,,PERCENT,percent,,,F,Forecasted value,,,,
DATAFLOW,SPC:DF_POP_AGE(1.0),Population structure by age,I,A,Annual,NC,New Caledonia,POPCHILD,Proportion of children (<14),_T,Total,2025,,21,,PERCENT,percent,,,E,Estimated value,,,,
DATAFLOW,SPC:DF_POP_AGE(1.0),Population structure by age,I,A,Annual,NC,New Caledonia,POPCHILD,Proportion of children (<14),_T,Total,2026,,21,,PERCENT,percent,,,F,Forecasted value,,,,
DATAFLOW,SPC:DF_POP_AGE(1.0),Population structure by age,I,A,Annual,NC,New Caledonia,POPCHILD,Proportion of children (<14),_T,Total,2027,,21,,PERCENT,percent,,,F,Forecasted value,,,,
DATAFLOW,SPC:DF_POP_AGE(1.0),Population structure by age,I,A,Annual,NC,New Caledonia,POPCHILD,Proportion of children (<14),_T,Total,2028,,21,,PERCENT,percent,,,F,Forecasted value,,,,
DATAFLOW,SPC:DF_POP_AGE(1.0),Population structure by age,I,A,Annual,NC,New Caledonia,POPCHILD,Proportion of children (<14),_T,Total,2029,,20,,PERCENT,percent,,,F,Forecasted value,,,,
DATAFLOW,SPC:DF_POP_AGE(1.0),Population structure by age,I,A,Annual,NC,New Caledonia,POPCHILD,Proportion of children (<14),_T,Total,2030,,20,,PERCENT,percent,,,F,Forecasted value,,,,
DATAFLOW,SPC:DF_POP_AGE(1.0),Population structure by age,I,A,Annual,NC,New Caledonia,POPCHILD,Proportion of children (<14),_T,Total,2031,,20,,PERCENT,percent,,,F,Forecasted value,,,,
DATAFLOW,SPC:DF_POP_AGE(1.0),Population structure by age,I,A,Annual,NC,New Caledonia,POPCHILD,Proportion of children (<14),_T,Total,2032,,20,,PERCENT,percent,,,F,Forecasted value,,,,
DATAFLOW,SPC:DF_POP_AGE(1.0),Population structure by age,I,A,Annual,NC,New Caledonia,POPCHILD,Proportion of children (<14),_T,Total,2033,,20,,PERCENT,percent,,,F,Forecasted value,,,,
DATAFLOW,SPC:DF_POP_AGE(1.0),Population structure by age,I,A,Annual,NC,New Caledonia,POPCHILD,Proportion of children (<14),_T,Total,2034,,19,,PERCENT,percent,,,F,Forecasted value,,,,
DATAFLOW,SPC:DF_POP_AGE(1.0),Population structure by age,I,A,Annual,NC,New Caledonia,POPCHILD,Proportion of children (<14),_T,Total,2035,,19,,PERCENT,percent,,,F,Forecasted value,,,,
DATAFLOW,SPC:DF_POP_AGE(1.0),Population structure by age,I,A,Annual,NC,New Caledonia,POPCHILD,Proportion of children (<14),_T,Total,2036,,19,,PERCENT,percent,,,F,Forecasted value,,,,
DATAFLOW,SPC:DF_POP_AGE(1.0),Population structure by age,I,A,Annual,NC,New Caledonia,POPCHILD,Proportion of children (<14),_T,Total,2037,,19,,PERCENT,percent,,,F,Forecasted value,,,,
DATAFLOW,SPC:DF_POP_AGE(1.0),Population structure by age,I,A,Annual,NC,New Caledonia,POPCHILD,Proportion of children (<14),_T,Total,2038,,19,,PERCENT,percent,,,F,Forecasted value,,,,
DATAFLOW,SPC:DF_POP_AGE(1.0),Population structure by age,I,A,Annual,NC,New Caledonia,POPCHILD,Proportion of children (<14),_T,Total,2039,,18,,PERCENT,percent,,,F,Forecasted value,,,,
DATAFLOW,SPC:DF_POP_AGE(1.0),Population structure by age,I,A,Annual,NC,New Caledonia,POPCHILD,Proportion of children (<14),_T,Total,2040,,18,,PERCENT,percent,,,F,Forecasted value,,,,
DATAFLOW,SPC:DF_POP_AGE(1.0),Population structure by age,I,A,Annual,NC,New Caledonia,POPCHILD,Proportion of children (<14),_T,Total,2041,,18,,PERCENT,percent,,,F,Forecasted value,,,,
DATAFLOW,SPC:DF_POP_AGE(1.0),Population structure by age,I,A,Annual,NC,New Caledonia,POPCHILD,Proportion of children (<14),_T,Total,2042,,18,,PERCENT,percent,,,F,Forecasted value,,,,
DATAFLOW,SPC:DF_POP_AGE(1.0),Population structure by age,I,A,Annual,NC,New Caledonia,POPCHILD,Proportion of children (<14),_T,Total,2043,,18,,PERCENT,percent,,,F,Forecasted value,,,,
DATAFLOW,SPC:DF_POP_AGE(1.0),Population structure by age,I,A,Annual,NC,New Caledonia,POPCHILD,Proportion of children (<14),_T,Total,2044,,18,,PERCENT,percent,,,F,Forecasted value,,,,
DATAFLOW,SPC:DF_POP_AGE(1.0),Population structure by age,I,A,Annual,NC,New Caledonia,POPCHILD,Proportion of children (<14),_T,Total,2045,,18,,PERCENT,percent,,,F,Forecasted value,,,,
DATAFLOW,SPC:DF_POP_AGE(1.0),Population structure by age,I,A,Annual,NC,New Caledonia,POPCHILD,Proportion of children (<14),_T,Total,2046,,18,,PERCENT,percent,,,F,Forecasted value,,,,
DATAFLOW,SPC:DF_POP_AGE(1.0),Population structure by age,I,A,Annual,NC,New Caledonia,POPCHILD,Proportion of children (<14),_T,Total,2047,,17,,PERCENT,percent,,,F,Forecasted value,,,,
DATAFLOW,SPC:DF_POP_AGE(1.0),Population structure by age,I,A,Annual,NC,New Caledonia,POPCHILD,Proportion of children (<14),_T,Total,2048,,17,,PERCENT,percent,,,F,Forecasted value,,,,
DATAFLOW,SPC:DF_POP_AGE(1.0),Population structure by age,I,A,Annual,NC,New Caledonia,POPCHILD,Proportion of children (<14),_T,Total,2049,,17,,PERCENT,percent,,,F,Forecasted value,,,,
DATAFLOW,SPC:DF_POP_AGE(1.0),Population structure by age,I,A,Annual,NC,New Caledonia,POPCHILD,Proportion of children (<14),_T,Total,2050,,17,,PERCENT,percent,,,F,Forecasted value,,,,
DATAFLOW,SPC:DF_POP_AGE(1.0),Population structure by age,I,A,Annual,TV,Tuvalu,POPYOUTH,Proportion of youth (15-24),_T,Total,2025,,17,,PERCENT,percent,,,E,Estimated value,,,,
DATAFLOW,SPC:DF_POP_AGE(1.0),Population structure by age,I,A,Annual,TV,Tuvalu,POPYOUTH,Proportion of youth (15-24),_T,Total,2026,,17,,PERCENT,percent,,,F,Forecasted value,,,,
DATAFLOW,SPC:DF_POP_AGE(1.0),Population structure by age,I,A,Annual,TV,Tuvalu,POPYOUTH,Proportion of youth (15-24),_T,Total,2027,,17,,PERCENT,percent,,,F,Forecasted value,,,,
DATAFLOW,SPC:DF_POP_AGE(1.0),Population structure by age,I,A,Annual,TV,Tuvalu,POPYOUTH,Proportion of youth (15-24),_T,Total,2028,,17,,PERCENT,percent,,,F,Forecasted value,,,,
DATAFLOW,SPC:DF_POP_AGE(1.0),Population structure by age,I,A,Annual,TV,Tuvalu,POPYOUTH,Proportion of youth (15-24),_T,Total,2029,,18,,PERCENT,percent,,,F,Forecasted value,,,,
DATAFLOW,SPC:DF_POP_AGE(1.0),Population structure by age,I,A,Annual,TV,Tuvalu,POPYOUTH,Proportion of youth (15-24),_T,Total,2030,,19,,PERCENT,percent,,,F,Forecasted value,,,,
DATAFLOW,SPC:DF_POP_AGE(1.0),Population structure by age,I,A,Annual,TV,Tuvalu,POPYOUTH,Proportion of youth (15-24),_T,Total,2031,,19,,PERCENT,percent,,,F,Forecasted value,,,,
DATAFLOW,SPC:DF_POP_AGE(1.0),Population structure by age,I,A,Annual,TV,Tuvalu,POPYOUTH,Proportion of youth (15-24),_T,Total,2032,,20,,PERCENT,percent,,,F,Forecasted value,,,,
DATAFLOW,SPC:DF_POP_AGE(1.0),Population structure by age,I,A,Annual,TV,Tuvalu,POPYOUTH,Proportion of youth (15-24),_T,Total,2033,,21,,PERCENT,percent,,,F,Forecasted value,,,,
DATAFLOW,SPC:DF_POP_AGE(1.0),Population structure by age,I,A,Annual,TV,Tuvalu,POPYOUTH,Proportion of youth (15-24),_T,Total,2034,,21,,PERCENT,percent,,,F,Forecasted value,,,,
DATAFLOW,SPC:DF_POP_AGE(1.0),Population structure by age,I,A,Annual,TV,Tuvalu,POPYOUTH,Proportion of youth (15-24),_T,Total,2035,,21,,PERCENT,percent,,,F,Forecasted value,,,,
DATAFLOW,SPC:DF_POP_AGE(1.0),Population structure by age,I,A,Annual,TV,Tuvalu,POPYOUTH,Proportion of youth (15-24),_T,Total,2036,,21,,PERCENT,percent,,,F,Forecasted value,,,,
DATAFLOW,SPC:DF_POP_AGE(1.0),Population structure by age,I,A,Annual,TV,Tuvalu,POPYOUTH,Proportion of youth (15-24),_T,Total,2037,,21,,PERCENT,percent,,,F,Forecasted value,,,,
DATAFLOW,SPC:DF_POP_AGE(1.0),Population structure by age,I,A,Annual,TV,Tuvalu,POPYOUTH,Proportion of youth (15-24),_T,Total,2038,,21,,PERCENT,percent,,,F,Forecasted value,,,,
DATAFLOW,SPC:DF_POP_AGE(1.0),Population structure by age,I,A,Annual,TV,Tuvalu,POPYOUTH,Proportion of youth (15-24),_T,Total,2039,,21,,PERCENT,percent,,,F,Forecasted value,,,,
DATAFLOW,SPC:DF_POP_AGE(1.0),Population structure by age,I,A,Annual,TV,Tuvalu,POPYOUTH,Proportion of youth (15-24),_T,Total,2040,,21,,PERCENT,percent,,,F,Forecasted value,,,,
DATAFLOW,SPC:DF_POP_AGE(1.0),Population structure by age,I,A,Annual,TV,Tuvalu,POPYOUTH,Proportion of youth (15-24),_T,Total,2041,,20,,PERCENT,percent,,,F,Forecasted value,,,,
DATAFLOW,SPC:DF_POP_AGE(1.0),Population structure by age,I,A,Annual,TV,Tuvalu,POPYOUTH,Proportion of youth (15-24),_T,Total,2042,,19,,PERCENT,percent,,,F,Forecasted value,,,,
DATAFLOW,SPC:DF_POP_AGE(1.0),Population structure by age,I,A,Annual,TV,Tuvalu,POPYOUTH,Proportion of youth (15-24),_T,Total,2043,,19,,PERCENT,percent,,,F,Forecasted value,,,,
DATAFLOW,SPC:DF_POP_AGE(1.0),Population structure by age,I,A,Annual,TV,Tuvalu,POPYOUTH,Proportion of youth (15-24),_T,Total,2044,,18,,PERCENT,percent,,,F,Forecasted value,,,,
DATAFLOW,SPC:DF_POP_AGE(1.0),Population structure by age,I,A,Annual,TV,Tuvalu,POPYOUTH,Proportion of youth (15-24),_T,Total,2045,,18,,PERCENT,percent,,,F,Forecasted value,,,,
DATAFLOW,SPC:DF_POP_AGE(1.0),Population structure by age,I,A,Annual,TV,Tuvalu,POPYOUTH,Proportion of youth (15-24),_T,Total,2046,,17,,PERCENT,percent,,,F,Forecasted value,,,,
DATAFLOW,SPC:DF_POP_AGE(1.0),Population structure by age,I,A,Annual,TV,Tuvalu,POPYOUTH,Proportion of youth (15-24),_T,Total,2047,,17,,PERCENT,percent,,,F,Forecasted value,,,,
DATAFLOW,SPC:DF_POP_AGE(1.0),Population structure by age,I,A,Annual,TV,Tuvalu,POPYOUTH,Proportion of youth (15-24),_T,Total,2048,,16,,PERCENT,percent,,,F,Forecasted value,,,,
DATAFLOW,SPC:DF_POP_AGE(1.0),Population structure by age,I,A,Annual,TV,Tuvalu,POPYOUTH,Proportion of youth (15-24),_T,Total,2049,,16,,PERCENT,percent,,,F,Forecasted value,,,,
DATAFLOW,SPC:DF_POP_AGE(1.0),Population structure by age,I,A,Annual,TV,Tuvalu,POPYOUTH,Proportion of youth (15-24),_T,Total,2050,,16,,PERCENT,percent,,,F,Forecasted value,,,,
DATAFLOW,SPC:DF_POP_AGE(1.0),Population structure by age,I,A,Annual,AS,American Samoa,POPCHILD,Proportion of children (<14),_T,Total,2025,,27,,PERCENT,percent,,,E,Estimated value,,,,
DATAFLOW,SPC:DF_POP_AGE(1.0),Population structure by age,I,A,Annual,AS,American Samoa,POPCHILD,Proportion of children (<14),_T,Total,2026,,26,,PERCENT,percent,,,F,Forecasted value,,,,
DATAFLOW,SPC:DF_POP_AGE(1.0),Population structure by age,I,A,Annual,AS,American Samoa,POPCHILD,Proportion of children (<14),_T,Total,2027,,25,,PERCENT,percent,,,F,Forecasted value,,,,
DATAFLOW,SPC:DF_POP_AGE(1.0),Population structure by age,I,A,Annual,AS,American Samoa,POPCHILD,Proportion of children (<14),_T,Total,2028,,25,,PERCENT,percent,,,F,Forecasted value,,,,
DATAFLOW,SPC:DF_POP_AGE(1.0),Population structure by age,I,A,Annual,AS,American Samoa,POPCHILD,Proportion of children (<14),_T,Total,2029,,24,,PERCENT,percent,,,F,Forecasted value,,,,
DATAFLOW,SPC:DF_POP_AGE(1.0),Population structure by age,I,A,Annual,AS,American Samoa,POPCHILD,Proportion of children (<14),_T,Total,2030,,23,,PERCENT,percent,,,F,Forecasted value,,,,
DATAFLOW,SPC:DF_POP_AGE(1.0),Population structure by age,I,A,Annual,AS,American Samoa,POPCHILD,Proportion of children (<14),_T,Total,2031,,23,,PERCENT,percent,,,F,Forecasted value,,,,
DATAFLOW,SPC:DF_POP_AGE(1.0),Population structure by age,I,A,Annual,AS,American Samoa,POPCHILD,Proportion of children (<14),_T,Total,2032,,22,,PERCENT,percent,,,F,Forecasted value,,,,
DATAFLOW,SPC:DF_POP_AGE(1.0),Population structure by age,I,A,Annual,AS,American Samoa,POPCHILD,Proportion of children (<14),_T,Total,2033,,21,,PERCENT,percent,,,F,Forecasted value,,,,
DATAFLOW,SPC:DF_POP_AGE(1.0),Population structure by age,I,A,Annual,AS,American Samoa,POPCHILD,Proportion of children (<14),_T,Total,2034,,21,,PERCENT,percent,,,F,Forecasted value,,,,
DATAFLOW,SPC:DF_POP_AGE(1.0),Population structure by age,I,A,Annual,AS,American Samoa,POPCHILD,Proportion of children (<14),_T,Total,2035,,20,,PERCENT,percent,,,F,Forecasted value,,,,
DATAFLOW,SPC:DF_POP_AGE(1.0),Population structure by age,I,A,Annual,AS,American Samoa,POPCHILD,Proportion of children (<14),_T,Total,2036,,20,,PERCENT,percent,,,F,Forecasted value,,,,
DATAFLOW,SPC:DF_POP_AGE(1.0),Population structure by age,I,A,Annual,AS,American Samoa,POPCHILD,Proportion of children (<14),_T,Total,2037,,20,,PERCENT,percent,,,F,Forecasted value,,,,
DATAFLOW,SPC:DF_POP_AGE(1.0),Population structure by age,I,A,Annual,AS,American Samoa,POPCHILD,Proportion of children (<14),_T,Total,2038,,20,,PERCENT,percent,,,F,Forecasted value,,,,
DATAFLOW,SPC:DF_POP_AGE(1.0),Population structure by age,I,A,Annual,AS,American Samoa,POPCHILD,Proportion of children (<14),_T,Total,2039,,20,,PERCENT,percent,,,F,Forecasted value,,,,
DATAFLOW,SPC:DF_POP_AGE(1.0),Population structure by age,I,A,Annual,AS,American Samoa,POPCHILD,Proportion of children (<14),_T,Total,2040,,20,,PERCENT,percent,,,F,Forecasted value,,,,
DATAFLOW,SPC:DF_POP_AGE(1.0),Population structure by age,I,A,Annual,AS,American Samoa,POPCHILD,Proportion of children (<14),_T,Total,2041,,20,,PERCENT,percent,,,F,Forecasted value,,,,
DATAFLOW,SPC:DF_POP_AGE(1.0),Population structure by age,I,A,Annual,AS,American Samoa,POPCHILD,Proportion of children (<14),_T,Total,2042,,20,,PERCENT,percent,,,F,Forecasted value,,,,
DATAFLOW,SPC:DF_POP_AGE(1.0),Population structure by age,I,A,Annual,AS,American Samoa,POPCHILD,Proportion of children (<14),_T,Total,2043,,20,,PERCENT,percent,,,F,Forecasted value,,,,
DATAFLOW,SPC:DF_POP_AGE(1.0),Population structure by age,I,A,Annual,AS,American Samoa,POPCHILD,Proportion of children (<14),_T,Total,2044,,20,,PERCENT,percent,,,F,Forecasted value,,,,
DATAFLOW,SPC:DF_POP_AGE(1.0),Population structure by age,I,A,Annual,AS,American Samoa,POPCHILD,Proportion of children (<14),_T,Total,2045,,21,,PERCENT,percent,,,F,Forecasted value,,,,
DATAFLOW,SPC:DF_POP_AGE(1.0),Population structure by age,I,A,Annual,AS,American Samoa,POPCHILD,Proportion of children (<14),_T,Total,2046,,21,,PERCENT,percent,,,F,Forecasted value,,,,
DATAFLOW,SPC:DF_POP_AGE(1.0),Population structure by age,I,A,Annual,AS,American Samoa,POPCHILD,Proportion of children (<14),_T,Total,2047,,21,,PERCENT,percent,,,F,Forecasted value,,,,
DATAFLOW,SPC:DF_POP_AGE(1.0),Population structure by age,I,A,Annual,AS,American Samoa,POPCHILD,Proportion of children (<14),_T,Total,2048,,21,,PERCENT,percent,,,F,Forecasted value,,,,
DATAFLOW,SPC:DF_POP_AGE(1.0),Population structure by age,I,A,Annual,AS,American Samoa,POPCHILD,Proportion of children (<14),_T,Total,2049,,21,,PERCENT,percent,,,F,Forecasted value,,,,
DATAFLOW,SPC:DF_POP_AGE(1.0),Population structure by age,I,A,Annual,AS,American Samoa,POPCHILD,Proportion of children (<14),_T,Total,2050,,21,,PERCENT,percent,,,F,Forecasted value,,,,
DATAFLOW,SPC:DF_POP_AGE(1.0),Population structure by age,I,A,Annual,PG,Papua New Guinea,POPYOUTH,Proportion of youth (15-24),_T,Total,2025,,19,,PERCENT,percent,,,E,Estimated value,,,,
DATAFLOW,SPC:DF_POP_AGE(1.0),Population structure by age,I,A,Annual,PG,Papua New Guinea,POPYOUTH,Proportion of youth (15-24),_T,Total,2026,,19,,PERCENT,percent,,,F,Forecasted value,,,,
DATAFLOW,SPC:DF_POP_AGE(1.0),Population structure by age,I,A,Annual,PG,Papua New Guinea,POPYOUTH,Proportion of youth (15-24),_T,Total,2027,,19,,PERCENT,percent,,,F,Forecasted value,,,,
DATAFLOW,SPC:DF_POP_AGE(1.0),Population structure by age,I,A,Annual,PG,Papua New Guinea,POPYOUTH,Proportion of youth (15-24),_T,Total,2028,,19,,PERCENT,percent,,,F,Forecasted value,,,,
DATAFLOW,SPC:DF_POP_AGE(1.0),Population structure by age,I,A,Annual,PG,Papua New Guinea,POPYOUTH,Proportion of youth (15-24),_T,Total,2029,,19,,PERCENT,percent,,,F,Forecasted value,,,,
DATAFLOW,SPC:DF_POP_AGE(1.0),Population structure by age,I,A,Annual,PG,Papua New Guinea,POPYOUTH,Proportion of youth (15-24),_T,Total,2030,,19,,PERCENT,percent,,,F,Forecasted value,,,,
DATAFLOW,SPC:DF_POP_AGE(1.0),Population structure by age,I,A,Annual,PG,Papua New Guinea,POPYOUTH,Proportion of youth (15-24),_T,Total,2031,,19,,PERCENT,percent,,,F,Forecasted value,,,,
DATAFLOW,SPC:DF_POP_AGE(1.0),Population structure by age,I,A,Annual,PG,Papua New Guinea,POPYOUTH,Proportion of youth (15-24),_T,Total,2032,,19,,PERCENT,percent,,,F,Forecasted value,,,,
DATAFLOW,SPC:DF_POP_AGE(1.0),Population structure by age,I,A,Annual,PG,Papua New Guinea,POPYOUTH,Proportion of youth (15-24),_T,Total,2033,,19,,PERCENT,percent,,,F,Forecasted value,,,,
DATAFLOW,SPC:DF_POP_AGE(1.0),Population structure by age,I,A,Annual,PG,Papua New Guinea,POPYOUTH,Proportion of youth (15-24),_T,Total,2034,,19,,PERCENT,percent,,,F,Forecasted value,,,,
DATAFLOW,SPC:DF_POP_AGE(1.0),Population structure by age,I,A,Annual,PG,Papua New Guinea,POPYOUTH,Proportion of youth (15-24),_T,Total,2035,,18,,PERCENT,percent,,,F,Forecasted value,,,,
DATAFLOW,SPC:DF_POP_AGE(1.0),Population structure by age,I,A,Annual,PG,Papua New Guinea,POPYOUTH,Proportion of youth (15-24),_T,Total,2036,,18,,PERCENT,percent,,,F,Forecasted value,,,,
DATAFLOW,SPC:DF_POP_AGE(1.0),Population structure by age,I,A,Annual,PG,Papua New Guinea,POPYOUTH,Proportion of youth (15-24),_T,Total,2037,,18,,PERCENT,percent,,,F,Forecasted value,,,,
DATAFLOW,SPC:DF_POP_AGE(1.0),Population structure by age,I,A,Annual,PG,Papua New Guinea,POPYOUTH,Proportion of youth (15-24),_T,Total,2038,,18,,PERCENT,percent,,,F,Forecasted value,,,,
DATAFLOW,SPC:DF_POP_AGE(1.0),Population structure by age,I,A,Annual,PG,Papua New Guinea,POPYOUTH,Proportion of youth (15-24),_T,Total,2039,,18,,PERCENT,percent,,,F,Forecasted value,,,,
DATAFLOW,SPC:DF_POP_AGE(1.0),Population structure by age,I,A,Annual,PG,Papua New Guinea,POPYOUTH,Proportion of youth (15-24),_T,Total,2040,,18,,PERCENT,percent,,,F,Forecasted value,,,,
DATAFLOW,SPC:DF_POP_AGE(1.0),Population structure by age,I,A,Annual,PG,Papua New Guinea,POPYOUTH,Proportion of youth (15-24),_T,Total,2041,,18,,PERCENT,percent,,,F,Forecasted value,,,,
DATAFLOW,SPC:DF_POP_AGE(1.0),Population structure by age,I,A,Annual,PG,Papua New Guinea,POPYOUTH,Proportion of youth (15-24),_T,Total,2042,,18,,PERCENT,percent,,,F,Forecasted value,,,,
DATAFLOW,SPC:DF_POP_AGE(1.0),Population structure by age,I,A,Annual,PG,Papua New Guinea,POPYOUTH,Proportion of youth (15-24),_T,Total,2043,,18,,PERCENT,percent,,,F,Forecasted value,,,,
DATAFLOW,SPC:DF_POP_AGE(1.0),Population structure by age,I,A,Annual,PG,Papua New Guinea,POPYOUTH,Proportion of youth (15-24),_T,Total,2044,,17,,PERCENT,percent,,,F,Forecasted value,,,,
DATAFLOW,SPC:DF_POP_AGE(1.0),Population structure by age,I,A,Annual,PG,Papua New Guinea,POPYOUTH,Proportion of youth (15-24),_T,Total,2045,,17,,PERCENT,percent,,,F,Forecasted value,,,,
DATAFLOW,SPC:DF_POP_AGE(1.0),Population structure by age,I,A,Annual,PG,Papua New Guinea,POPYOUTH,Proportion of youth (15-24),_T,Total,2046,,17,,PERCENT,percent,,,F,Forecasted value,,,,
DATAFLOW,SPC:DF_POP_AGE(1.0),Population structure by age,I,A,Annual,PG,Papua New Guinea,POPYOUTH,Proportion of youth (15-24),_T,Total,2047,,17,,PERCENT,percent,,,F,Forecasted value,,,,
DATAFLOW,SPC:DF_POP_AGE(1.0),Population structure by age,I,A,Annual,PG,Papua New Guinea,POPYOUTH,Proportion of youth (15-24),_T,Total,2048,,17,,PERCENT,percent,,,F,Forecasted value,,,,
DATAFLOW,SPC:DF_POP_AGE(1.0),Population structure by age,I,A,Annual,PG,Papua New Guinea,POPYOUTH,Proportion of youth (15-24),_T,Total,2049,,17,,PERCENT,percent,,,F,Forecasted value,,,,
DATAFLOW,SPC:DF_POP_AGE(1.0),Population structure by age,I,A,Annual,PG,Papua New Guinea,POPYOUTH,Proportion of youth (15-24),_T,Total,2050,,17,,PERCENT,percent,,,F,Forecasted value,,,,
DATAFLOW,SPC:DF_POP_AGE(1.0),Population structure by age,I,A,Annual,TO,Tonga,POPCHILD,Proportion of children (<14),_T,Total,2025,,35,,PERCENT,percent,,,E,Estimated value,,,,
DATAFLOW,SPC:DF_POP_AGE(1.0),Population structure by age,I,A,Annual,TO,Tonga,POPCHILD,Proportion of children (<14),_T,Total,2026,,35,,PERCENT,percent,,,F,Forecasted value,,,,
DATAFLOW,SPC:DF_POP_AGE(1.0),Population structure by age,I,A,Annual,TO,Tonga,POPCHILD,Proportion of children (<14),_T,Total,2027,,34,,PERCENT,percent,,,F,Forecasted value,,,,
DATAFLOW,SPC:DF_POP_AGE(1.0),Population structure by age,I,A,Annual,TO,Tonga,POPCHILD,Proportion of children (<14),_T,Total,2028,,34,,PERCENT,percent,,,F,Forecasted value,,,,
DATAFLOW,SPC:DF_POP_AGE(1.0),Population structure by age,I,A,Annual,TO,Tonga,POPCHILD,Proportion of children (<14),_T,Total,2029,,33,,PERCENT,percent,,,F,Forecasted value,,,,
DATAFLOW,SPC:DF_POP_AGE(1.0),Population structure by age,I,A,Annual,TO,Tonga,POPCHILD,Proportion of children (<14),_T,Total,2030,,32,,PERCENT,percent,,,F,Forecasted value,,,,
DATAFLOW,SPC:DF_POP_AGE(1.0),Population structure by age,I,A,Annual,TO,Tonga,POPCHILD,Proportion of children (<14),_T,Total,2031,,32,,PERCENT,percent,,,F,Forecasted value,,,,
DATAFLOW,SPC:DF_POP_AGE(1.0),Population structure by age,I,A,Annual,TO,Tonga,POPCHILD,Proportion of children (<14),_T,Total,2032,,31,,PERCENT,percent,,,F,Forecasted value,,,,
DATAFLOW,SPC:DF_POP_AGE(1.0),Population structure by age,I,A,Annual,TO,Tonga,POPCHILD,Proportion of children (<14),_T,Total,2033,,31,,PERCENT,percent,,,F,Forecasted value,,,,
DATAFLOW,SPC:DF_POP_AGE(1.0),Population structure by age,I,A,Annual,TO,Tonga,POPCHILD,Proportion of children (<14),_T,Total,2034,,31,,PERCENT,percent,,,F,Forecasted value,,,,
DATAFLOW,SPC:DF_POP_AGE(1.0),Population structure by age,I,A,Annual,TO,Tonga,POPCHILD,Proportion of children (<14),_T,Total,2035,,31,,PERCENT,percent,,,F,Forecasted value,,,,
DATAFLOW,SPC:DF_POP_AGE(1.0),Population structure by age,I,A,Annual,TO,Tonga,POPCHILD,Proportion of children (<14),_T,Total,2036,,31,,PERCENT,percent,,,F,Forecasted value,,,,
DATAFLOW,SPC:DF_POP_AGE(1.0),Population structure by age,I,A,Annual,TO,Tonga,POPCHILD,Proportion of children (<14),_T,Total,2037,,30,,PERCENT,percent,,,F,Forecasted value,,,,
DATAFLOW,SPC:DF_POP_AGE(1.0),Population structure by age,I,A,Annual,TO,Tonga,POPCHILD,Proportion of children (<14),_T,Total,2038,,30,,PERCENT,percent,,,F,Forecasted value,,,,
DATAFLOW,SPC:DF_POP_AGE(1.0),Population structure by age,I,A,Annual,TO,Tonga,POPCHILD,Proportion of children (<14),_T,Total,2039,,30,,PERCENT,percent,,,F,Forecasted value,,,,
DATAFLOW,SPC:DF_POP_AGE(1.0),Population structure by age,I,A,Annual,TO,Tonga,POPCHILD,Proportion of children (<14),_T,Total,2040,,30,,PERCENT,percent,,,F,Forecasted value,,,,
DATAFLOW,SPC:DF_POP_AGE(1.0),Population structure by age,I,A,Annual,TO,Tonga,POPCHILD,Proportion of children (<14),_T,Total,2041,,30,,PERCENT,percent,,,F,Forecasted value,,,,
DATAFLOW,SPC:DF_POP_AGE(1.0),Population structure by age,I,A,Annual,TO,Tonga,POPCHILD,Proportion of children (<14),_T,Total,2042,,30,,PERCENT,percent,,,F,Forecasted value,,,,
DATAFLOW,SPC:DF_POP_AGE(1.0),Population structure by age,I,A,Annual,TO,Tonga,POPCHILD,Proportion of children (<14),_T,Total,2043,,30,,PERCENT,percent,,,F,Forecasted value,,,,
DATAFLOW,SPC:DF_POP_AGE(1.0),Population structure by age,I,A,Annual,TO,Tonga,POPCHILD,Proportion of children (<14),_T,Total,2044,,30,,PERCENT,percent,,,F,Forecasted value,,,,
DATAFLOW,SPC:DF_POP_AGE(1.0),Population structure by age,I,A,Annual,TO,Tonga,POPCHILD,Proportion of children (<14),_T,Total,2045,,30,,PERCENT,percent,,,F,Forecasted value,,,,
DATAFLOW,SPC:DF_POP_AGE(1.0),Population structure by age,I,A,Annual,TO,Tonga,POPCHILD,Proportion of children (<14),_T,Total,2046,,30,,PERCENT,percent,,,F,Forecasted value,,,,
DATAFLOW,SPC:DF_POP_AGE(1.0),Population structure by age,I,A,Annual,TO,Tonga,POPCHILD,Proportion of children (<14),_T,Total,2047,,30,,PERCENT,percent,,,F,Forecasted value,,,,
DATAFLOW,SPC:DF_POP_AGE(1.0),Population structure by age,I,A,Annual,TO,Tonga,POPCHILD,Proportion of children (<14),_T,Total,2048,,29,,PERCENT,percent,,,F,Forecasted value,,,,
DATAFLOW,SPC:DF_POP_AGE(1.0),Population structure by age,I,A,Annual,TO,Tonga,POPCHILD,Proportion of children (<14),_T,Total,2049,,29,,PERCENT,percent,,,F,Forecasted value,,,,
DATAFLOW,SPC:DF_POP_AGE(1.0),Population structure by age,I,A,Annual,TO,Tonga,POPCHILD,Proportion of children (<14),_T,Total,2050,,29,,PERCENT,percent,,,F,Forecasted value,,,,
DATAFLOW,SPC:DF_POP_AGE(1.0),Population structure by age,I,A,Annual,WS,Samoa,POPYOUTH,Proportion of youth (15-24),_T,Total,2025,,18,,PERCENT,percent,,,E,Estimated value,,,,
DATAFLOW,SPC:DF_POP_AGE(1.0),Population structure by age,I,A,Annual,WS,Samoa,POPYOUTH,Proportion of youth (15-24),_T,Total,2026,,19,,PERCENT,percent,,,F,Forecasted value,,,,
DATAFLOW,SPC:DF_POP_AGE(1.0),Population structure by age,I,A,Annual,WS,Samoa,POPYOUTH,Proportion of youth (15-24),_T,Total,2027,,19,,PERCENT,percent,,,F,Forecasted value,,,,
DATAFLOW,SPC:DF_POP_AGE(1.0),Population structure by age,I,A,Annual,WS,Samoa,POPYOUTH,Proportion of youth (15-24),_T,Total,2028,,20,,PERCENT,percent,,,F,Forecasted value,,,,
DATAFLOW,SPC:DF_POP_AGE(1.0),Population structure by age,I,A,Annual,WS,Samoa,POPYOUTH,Proportion of youth (15-24),_T,Total,2029,,21,,PERCENT,percent,,,F,Forecasted value,,,,
DATAFLOW,SPC:DF_POP_AGE(1.0),Population structure by age,I,A,Annual,WS,Samoa,POPYOUTH,Proportion of youth (15-24),_T,Total,2030,,21,,PERCENT,percent,,,F,Forecasted value,,,,
DATAFLOW,SPC:DF_POP_AGE(1.0),Population structure by age,I,A,Annual,WS,Samoa,POPYOUTH,Proportion of youth (15-24),_T,Total,2031,,22,,PERCENT,percent,,,F,Forecasted value,,,,
DATAFLOW,SPC:DF_POP_AGE(1.0),Population structure by age,I,A,Annual,WS,Samoa,POPYOUTH,Proportion of youth (15-24),_T,Total,2032,,22,,PERCENT,percent,,,F,Forecasted value,,,,
DATAFLOW,SPC:DF_POP_AGE(1.0),Population structure by age,I,A,Annual,WS,Samoa,POPYOUTH,Proportion of youth (15-24),_T,Total,2033,,22,,PERCENT,percent,,,F,Forecasted value,,,,
DATAFLOW,SPC:DF_POP_AGE(1.0),Population structure by age,I,A,Annual,WS,Samoa,POPYOUTH,Proportion of youth (15-24),_T,Total,2034,,22,,PERCENT,percent,,,F,Forecasted value,,,,
DATAFLOW,SPC:DF_POP_AGE(1.0),Population structure by age,I,A,Annual,WS,Samoa,POPYOUTH,Proportion of youth (15-24),_T,Total,2035,,23,,PERCENT,percent,,,F,Forecasted value,,,,
DATAFLOW,SPC:DF_POP_AGE(1.0),Population structure by age,I,A,Annual,WS,Samoa,POPYOUTH,Proportion of youth (15-24),_T,Total,2036,,22,,PERCENT,percent,,,F,Forecasted value,,,,
DATAFLOW,SPC:DF_POP_AGE(1.0),Population structure by age,I,A,Annual,WS,Samoa,POPYOUTH,Proportion of youth (15-24),_T,Total,2037,,22,,PERCENT,percent,,,F,Forecasted value,,,,
DATAFLOW,SPC:DF_POP_AGE(1.0),Population structure by age,I,A,Annual,WS,Samoa,POPYOUTH,Proportion of youth (15-24),_T,Total,2038,,22,,PERCENT,percent,,,F,Forecasted value,,,,
DATAFLOW,SPC:DF_POP_AGE(1.0),Population structure by age,I,A,Annual,WS,Samoa,POPYOUTH,Proportion of youth (15-24),_T,Total,2039,,21,,PERCENT,percent,,,F,Forecasted value,,,,
DATAFLOW,SPC:DF_POP_AGE(1.0),Population structure by age,I,A,Annual,WS,Samoa,POPYOUTH,Proportion of youth (15-24),_T,Total,2040,,21,,PERCENT,percent,,,F,Forecasted value,,,,
DATAFLOW,SPC:DF_POP_AGE(1.0),Population structure by age,I,A,Annual,WS,Samoa,POPYOUTH,Proportion of youth (15-24),_T,Total,2041,,20,,PERCENT,percent,,,F,Forecasted value,,,,
DATAFLOW,SPC:DF_POP_AGE(1.0),Population structure by age,I,A,Annual,WS,Samoa,POPYOUTH,Proportion of youth (15-24),_T,Total,2042,,20,,PERCENT,percent,,,F,Forecasted value,,,,
DATAFLOW,SPC:DF_POP_AGE(1.0),Population structure by age,I,A,Annual,WS,Samoa,POPYOUTH,Proportion of youth (15-24),_T,Total,2043,,19,,PERCENT,percent,,,F,Forecasted value,,,,
DATAFLOW,SPC:DF_POP_AGE(1.0),Population structure by age,I,A,Annual,WS,Samoa,POPYOUTH,Proportion of youth (15-24),_T,Total,2044,,18,,PERCENT,percent,,,F,Forecasted value,,,,
DATAFLOW,SPC:DF_POP_AGE(1.0),Population structure by age,I,A,Annual,WS,Samoa,POPYOUTH,Proportion of youth (15-24),_T,Total,2045,,18,,PERCENT,percent,,,F,Forecasted value,,,,
DATAFLOW,SPC:DF_POP_AGE(1.0),Population structure by age,I,A,Annual,WS,Samoa,POPYOUTH,Proportion of youth (15-24),_T,Total,2046,,18,,PERCENT,percent,,,F,Forecasted value,,,,
DATAFLOW,SPC:DF_POP_AGE(1.0),Population structure by age,I,A,Annual,WS,Samoa,POPYOUTH,Proportion of youth (15-24),_T,Total,2047,,18,,PERCENT,percent,,,F,Forecasted value,,,,
DATAFLOW,SPC:DF_POP_AGE(1.0),Population structure by age,I,A,Annual,WS,Samoa,POPYOUTH,Proportion of youth (15-24),_T,Total,2048,,17,,PERCENT,percent,,,F,Forecasted value,,,,
DATAFLOW,SPC:DF_POP_AGE(1.0),Population structure by age,I,A,Annual,WS,Samoa,POPYOUTH,Proportion of youth (15-24),_T,Total,2049,,17,,PERCENT,percent,,,F,Forecasted value,,,,
DATAFLOW,SPC:DF_POP_AGE(1.0),Population structure by age,I,A,Annual,WS,Samoa,POPYOUTH,Proportion of youth (15-24),_T,Total,2050,,17,,PERCENT,percent,,,F,Forecasted value,,,,
DATAFLOW,SPC:DF_POP_AGE(1.0),Population structure by age,I,A,Annual,POL,Polynesia,POPCHILD,Proportion of children (<14),_T,Total,2025,,28,,PERCENT,percent,,,E,Estimated value,,,,
DATAFLOW,SPC:DF_POP_AGE(1.0),Population structure by age,I,A,Annual,POL,Polynesia,POPCHILD,Proportion of children (<14),_T,Total,2026,,28,,PERCENT,percent,,,F,Forecasted value,,,,
DATAFLOW,SPC:DF_POP_AGE(1.0),Population structure by age,I,A,Annual,POL,Polynesia,POPCHILD,Proportion of children (<14),_T,Total,2027,,27,,PERCENT,percent,,,F,Forecasted value,,,,
DATAFLOW,SPC:DF_POP_AGE(1.0),Population structure by age,I,A,Annual,POL,Polynesia,POPCHILD,Proportion of children (<14),_T,Total,2028,,27,,PERCENT,percent,,,F,Forecasted value,,,,
DATAFLOW,SPC:DF_POP_AGE(1.0),Population structure by age,I,A,Annual,POL,Polynesia,POPCHILD,Proportion of children (<14),_T,Total,2029,,26,,PERCENT,percent,,,F,Forecasted value,,,,
DATAFLOW,SPC:DF_POP_AGE(1.0),Population structure by age,I,A,Annual,POL,Polynesia,POPCHILD,Proportion of children (<14),_T,Total,2030,,26,,PERCENT,percent,,,F,Forecasted value,,,,
DATAFLOW,SPC:DF_POP_AGE(1.0),Population structure by age,I,A,Annual,POL,Polynesia,POPCHILD,Proportion of children (<14),_T,Total,2031,,25,,PERCENT,percent,,,F,Forecasted value,,,,
DATAFLOW,SPC:DF_POP_AGE(1.0),Population structure by age,I,A,Annual,POL,Polynesia,POPCHILD,Proportion of children (<14),_T,Total,2032,,25,,PERCENT,percent,,,F,Forecasted value,,,,
DATAFLOW,SPC:DF_POP_AGE(1.0),Population structure by age,I,A,Annual,POL,Polynesia,POPCHILD,Proportion of children (<14),_T,Total,2033,,24,,PERCENT,percent,,,F,Forecasted value,,,,
DATAFLOW,SPC:DF_POP_AGE(1.0),Population structure by age,I,A,Annual,POL,Polynesia,POPCHILD,Proportion of children (<14),_T,Total,2034,,24,,PERCENT,percent,,,F,Forecasted value,,,,
DATAFLOW,SPC:DF_POP_AGE(1.0),Population structure by age,I,A,Annual,POL,Polynesia,POPCHILD,Proportion of children (<14),_T,Total,2035,,24,,PERCENT,percent,,,F,Forecasted value,,,,
DATAFLOW,SPC:DF_POP_AGE(1.0),Population structure by age,I,A,Annual,POL,Polynesia,POPCHILD,Proportion of children (<14),_T,Total,2036,,24,,PERCENT,percent,,,F,Forecasted value,,,,
DATAFLOW,SPC:DF_POP_AGE(1.0),Population structure by age,I,A,Annual,POL,Polynesia,POPCHILD,Proportion of children (<14),_T,Total,2037,,23,,PERCENT,percent,,,F,Forecasted value,,,,
DATAFLOW,SPC:DF_POP_AGE(1.0),Population structure by age,I,A,Annual,POL,Polynesia,POPCHILD,Proportion of children (<14),_T,Total,2038,,23,,PERCENT,percent,,,F,Forecasted value,,,,
DATAFLOW,SPC:DF_POP_AGE(1.0),Population structure by age,I,A,Annual,POL,Polynesia,POPCHILD,Proportion of children (<14),_T,Total,2039,,23,,PERCENT,percent,,,F,Forecasted value,,,,
DATAFLOW,SPC:DF_POP_AGE(1.0),Population structure by age,I,A,Annual,POL,Polynesia,POPCHILD,Proportion of children (<14),_T,Total,2040,,23,,PERCENT,percent,,,F,Forecasted value,,,,
DATAFLOW,SPC:DF_POP_AGE(1.0),Population structure by age,I,A,Annual,POL,Polynesia,POPCHILD,Proportion of children (<14),_T,Total,2041,,23,,PERCENT,percent,,,F,Forecasted value,,,,
DATAFLOW,SPC:DF_POP_AGE(1.0),Population structure by age,I,A,Annual,POL,Polynesia,POPCHILD,Proportion of children (<14),_T,Total,2042,,23,,PERCENT,percent,,,F,Forecasted value,,,,
DATAFLOW,SPC:DF_POP_AGE(1.0),Population structure by age,I,A,Annual,POL,Polynesia,POPCHILD,Proportion of children (<14),_T,Total,2043,,23,,PERCENT,percent,,,F,Forecasted value,,,,
DATAFLOW,SPC:DF_POP_AGE(1.0),Population structure by age,I,A,Annual,POL,Polynesia,POPCHILD,Proportion of children (<14),_T,Total,2044,,24,,PERCENT,percent,,,F,Forecasted value,,,,
DATAFLOW,SPC:DF_POP_AGE(1.0),Population structure by age,I,A,Annual,POL,Polynesia,POPCHILD,Proportion of children (<14),_T,Total,2045,,24,,PERCENT,percent,,,F,Forecasted value,,,,
DATAFLOW,SPC:DF_POP_AGE(1.0),Population structure by age,I,A,Annual,POL,Polynesia,POPCHILD,Proportion of children (<14),_T,Total,2046,,24,,PERCENT,percent,,,F,Forecasted value,,,,
DATAFLOW,SPC:DF_POP_AGE(1.0),Population structure by age,I,A,Annual,POL,Polynesia,POPCHILD,Proportion of children (<14),_T,Total,2047,,24,,PERCENT,percent,,,F,Forecasted value,,,,
DATAFLOW,SPC:DF_POP_AGE(1.0),Population structure by age,I,A,Annual,POL,Polynesia,POPCHILD,Proportion of children (<14),_T,Total,2048,,24,,PERCENT,percent,,,F,Forecasted value,,,,
DATAFLOW,SPC:DF_POP_AGE(1.0),Population structure by age,I,A,Annual,POL,Polynesia,POPCHILD,Proportion of children (<14),_T,Total,2049,,23,,PERCENT,percent,,,F,Forecasted value,,,,
DATAFLOW,SPC:DF_POP_AGE(1.0),Population structure by age,I,A,Annual,POL,Polynesia,POPCHILD,Proportion of children (<14),_T,Total,2050,,23,,PERCENT,percent,,,F,Forecasted value,,,,
DATAFLOW,SPC:DF_POP_AGE(1.0),Population structure by age,I,A,Annual,NC,New Caledonia,POPYOUTH,Proportion of youth (15-24),_T,Total,2025,,15,,PERCENT,percent,,,E,Estimated value,,,,
DATAFLOW,SPC:DF_POP_AGE(1.0),Population structure by age,I,A,Annual,NC,New Caledonia,POPYOUTH,Proportion of youth (15-24),_T,Total,2026,,14,,PERCENT,percent,,,F,Forecasted value,,,,
DATAFLOW,SPC:DF_POP_AGE(1.0),Population structure by age,I,A,Annual,NC,New Caledonia,POPYOUTH,Proportion of youth (15-24),_T,Total,2027,,14,,PERCENT,percent,,,F,Forecasted value,,,,
DATAFLOW,SPC:DF_POP_AGE(1.0),Population structure by age,I,A,Annual,NC,New Caledonia,POPYOUTH,Proportion of youth (15-24),_T,Total,2028,,14,,PERCENT,percent,,,F,Forecasted value,,,,
DATAFLOW,SPC:DF_POP_AGE(1.0),Population structure by age,I,A,Annual,NC,New Caledonia,POPYOUTH,Proportion of youth (15-24),_T,Total,2029,,14,,PERCENT,percent,,,F,Forecasted value,,,,
DATAFLOW,SPC:DF_POP_AGE(1.0),Population structure by age,I,A,Annual,NC,New Caledonia,POPYOUTH,Proportion of youth (15-24),_T,Total,2030,,14,,PERCENT,percent,,,F,Forecasted value,,,,
DATAFLOW,SPC:DF_POP_AGE(1.0),Population structure by age,I,A,Annual,NC,New Caledonia,POPYOUTH,Proportion of youth (15-24),_T,Total,2031,,14,,PERCENT,percent,,,F,Forecasted value,,,,
DATAFLOW,SPC:DF_POP_AGE(1.0),Population structure by age,I,A,Annual,NC,New Caledonia,POPYOUTH,Proportion of youth (15-24),_T,Total,2032,,14,,PERCENT,percent,,,F,Forecasted value,,,,
DATAFLOW,SPC:DF_POP_AGE(1.0),Population structure by age,I,A,Annual,NC,New Caledonia,POPYOUTH,Proportion of youth (15-24),_T,Total,2033,,13,,PERCENT,percent,,,F,Forecasted value,,,,
DATAFLOW,SPC:DF_POP_AGE(1.0),Population structure by age,I,A,Annual,NC,New Caledonia,POPYOUTH,Proportion of youth (15-24),_T,Total,2034,,13,,PERCENT,percent,,,F,Forecasted value,,,,
DATAFLOW,SPC:DF_POP_AGE(1.0),Population structure by age,I,A,Annual,NC,New Caledonia,POPYOUTH,Proportion of youth (15-24),_T,Total,2035,,13,,PERCENT,percent,,,F,Forecasted value,,,,
DATAFLOW,SPC:DF_POP_AGE(1.0),Population structure by age,I,A,Annual,NC,New Caledonia,POPYOUTH,Proportion of youth (15-24),_T,Total,2036,,13,,PERCENT,percent,,,F,Forecasted value,,,,
DATAFLOW,SPC:DF_POP_AGE(1.0),Population structure by age,I,A,Annual,NC,New Caledonia,POPYOUTH,Proportion of youth (15-24),_T,Total,2037,,13,,PERCENT,percent,,,F,Forecasted value,,,,
DATAFLOW,SPC:DF_POP_AGE(1.0),Population structure by age,I,A,Annual,NC,New Caledonia,POPYOUTH,Proportion of youth (15-24),_T,Total,2038,,13,,PERCENT,percent,,,F,Forecasted value,,,,
DATAFLOW,SPC:DF_POP_AGE(1.0),Population structure by age,I,A,Annual,NC,New Caledonia,POPYOUTH,Proportion of youth (15-24),_T,Total,2039,,13,,PERCENT,percent,,,F,Forecasted value,,,,
DATAFLOW,SPC:DF_POP_AGE(1.0),Population structure by age,I,A,Annual,NC,New Caledonia,POPYOUTH,Proportion of youth (15-24),_T,Total,2040,,13,,PERCENT,percent,,,F,Forecasted value,,,,
DATAFLOW,SPC:DF_POP_AGE(1.0),Population structure by age,I,A,Annual,NC,New Caledonia,POPYOUTH,Proportion of youth (15-24),_T,Total,2041,,13,,PERCENT,percent,,,F,Forecasted value,,,,
DATAFLOW,SPC:DF_POP_AGE(1.0),Population structure by age,I,A,Annual,NC,New Caledonia,POPYOUTH,Proportion of youth (15-24),_T,Total,2042,,13,,PERCENT,percent,,,F,Forecasted value,,,,
DATAFLOW,SPC:DF_POP_AGE(1.0),Population structure by age,I,A,Annual,NC,New Caledonia,POPYOUTH,Proportion of youth (15-24),_T,Total,2043,,13,,PERCENT,percent,,,F,Forecasted value,,,,
DATAFLOW,SPC:DF_POP_AGE(1.0),Population structure by age,I,A,Annual,NC,New Caledonia,POPYOUTH,Proportion of youth (15-24),_T,Total,2044,,13,,PERCENT,percent,,,F,Forecasted value,,,,
DATAFLOW,SPC:DF_POP_AGE(1.0),Population structure by age,I,A,Annual,NC,New Caledonia,POPYOUTH,Proportion of youth (15-24),_T,Total,2045,,12,,PERCENT,percent,,,F,Forecasted value,,,,
DATAFLOW,SPC:DF_POP_AGE(1.0),Population structure by age,I,A,Annual,NC,New Caledonia,POPYOUTH,Proportion of youth (15-24),_T,Total,2046,,12,,PERCENT,percent,,,F,Forecasted value,,,,
DATAFLOW,SPC:DF_POP_AGE(1.0),Population structure by age,I,A,Annual,NC,New Caledonia,POPYOUTH,Proportion of youth (15-24),_T,Total,2047,,12,,PERCENT,percent,,,F,Forecasted value,,,,
DATAFLOW,SPC:DF_POP_AGE(1.0),Population structure by age,I,A,Annual,NC,New Caledonia,POPYOUTH,Proportion of youth (15-24),_T,Total,2048,,12,,PERCENT,percent,,,F,Forecasted value,,,,
DATAFLOW,SPC:DF_POP_AGE(1.0),Population structure by age,I,A,Annual,NC,New Caledonia,POPYOUTH,Proportion of youth (15-24),_T,Total,2049,,12,,PERCENT,percent,,,F,Forecasted value,,,,
DATAFLOW,SPC:DF_POP_AGE(1.0),Population structure by age,I,A,Annual,NC,New Caledonia,POPYOUTH,Proportion of youth (15-24),_T,Total,2050,,12,,PERCENT,percent,,,F,Forecasted value,,,,
DATAFLOW,SPC:DF_POP_AGE(1.0),Population structure by age,I,A,Annual,TO,Tonga,POPYOUTH,Proportion of youth (15-24),_T,Total,2025,,20,,PERCENT,percent,,,E,Estimated value,,,,
DATAFLOW,SPC:DF_POP_AGE(1.0),Population structure by age,I,A,Annual,TO,Tonga,POPYOUTH,Proportion of youth (15-24),_T,Total,2026,,21,,PERCENT,percent,,,F,Forecasted value,,,,
DATAFLOW,SPC:DF_POP_AGE(1.0),Population structure by age,I,A,Annual,TO,Tonga,POPYOUTH,Proportion of youth (15-24),_T,Total,2027,,21,,PERCENT,percent,,,F,Forecasted value,,,,
DATAFLOW,SPC:DF_POP_AGE(1.0),Population structure by age,I,A,Annual,TO,Tonga,POPYOUTH,Proportion of youth (15-24),_T,Total,2028,,22,,PERCENT,percent,,,F,Forecasted value,,,,
DATAFLOW,SPC:DF_POP_AGE(1.0),Population structure by age,I,A,Annual,TO,Tonga,POPYOUTH,Proportion of youth (15-24),_T,Total,2029,,22,,PERCENT,percent,,,F,Forecasted value,,,,
DATAFLOW,SPC:DF_POP_AGE(1.0),Population structure by age,I,A,Annual,TO,Tonga,POPYOUTH,Proportion of youth (15-24),_T,Total,2030,,22,,PERCENT,percent,,,F,Forecasted value,,,,
DATAFLOW,SPC:DF_POP_AGE(1.0),Population structure by age,I,A,Annual,TO,Tonga,POPYOUTH,Proportion of youth (15-24),_T,Total,2031,,23,,PERCENT,percent,,,F,Forecasted value,,,,
DATAFLOW,SPC:DF_POP_AGE(1.0),Population structure by age,I,A,Annual,TO,Tonga,POPYOUTH,Proportion of youth (15-24),_T,Total,2032,,23,,PERCENT,percent,,,F,Forecasted value,,,,
DATAFLOW,SPC:DF_POP_AGE(1.0),Population structure by age,I,A,Annual,TO,Tonga,POPYOUTH,Proportion of youth (15-24),_T,Total,2033,,23,,PERCENT,percent,,,F,Forecasted value,,,,
DATAFLOW,SPC:DF_POP_AGE(1.0),Population structure by age,I,A,Annual,TO,Tonga,POPYOUTH,Proportion of youth (15-24),_T,Total,2034,,22,,PERCENT,percent,,,F,Forecasted value,,,,
DATAFLOW,SPC:DF_POP_AGE(1.0),Population structure by age,I,A,Annual,TO,Tonga,POPYOUTH,Proportion of youth (15-24),_T,Total,2035,,22,,PERCENT,percent,,,F,Forecasted value,,,,
DATAFLOW,SPC:DF_POP_AGE(1.0),Population structure by age,I,A,Annual,TO,Tonga,POPYOUTH,Proportion of youth (15-24),_T,Total,2036,,22,,PERCENT,percent,,,F,Forecasted value,,,,
DATAFLOW,SPC:DF_POP_AGE(1.0),Population structure by age,I,A,Annual,TO,Tonga,POPYOUTH,Proportion of youth (15-24),_T,Total,2037,,21,,PERCENT,percent,,,F,Forecasted value,,,,
DATAFLOW,SPC:DF_POP_AGE(1.0),Population structure by age,I,A,Annual,TO,Tonga,POPYOUTH,Proportion of youth (15-24),_T,Total,2038,,21,,PERCENT,percent,,,F,Forecasted value,,,,
DATAFLOW,SPC:DF_POP_AGE(1.0),Population structure by age,I,A,Annual,TO,Tonga,POPYOUTH,Proportion of youth (15-24),_T,Total,2039,,20,,PERCENT,percent,,,F,Forecasted value,,,,
DATAFLOW,SPC:DF_POP_AGE(1.0),Population structure by age,I,A,Annual,TO,Tonga,POPYOUTH,Proportion of youth (15-24),_T,Total,2040,,20,,PERCENT,percent,,,F,Forecasted value,,,,
DATAFLOW,SPC:DF_POP_AGE(1.0),Population structure by age,I,A,Annual,TO,Tonga,POPYOUTH,Proportion of youth (15-24),_T,Total,2041,,19,,PERCENT,percent,,,F,Forecasted value,,,,
DATAFLOW,SPC:DF_POP_AGE(1.0),Population structure by age,I,A,Annual,TO,Tonga,POPYOUTH,Proportion of youth (15-24),_T,Total,2042,,19,,PERCENT,percent,,,F,Forecasted value,,,,
DATAFLOW,SPC:DF_POP_AGE(1.0),Population structure by age,I,A,Annual,TO,Tonga,POPYOUTH,Proportion of youth (15-24),_T,Total,2043,,18,,PERCENT,percent,,,F,Forecasted value,,,,
DATAFLOW,SPC:DF_POP_AGE(1.0),Population structure by age,I,A,Annual,TO,Tonga,POPYOUTH,Proportion of youth (15-24),_T,Total,2044,,18,,PERCENT,percent,,,F,Forecasted value,,,,
DATAFLOW,SPC:DF_POP_AGE(1.0),Population structure by age,I,A,Annual,TO,Tonga,POPYOUTH,Proportion of youth (15-24),_T,Total,2045,,18,,PERCENT,percent,,,F,Forecasted value,,,,
DATAFLOW,SPC:DF_POP_AGE(1.0),Population structure by age,I,A,Annual,TO,Tonga,POPYOUTH,Proportion of youth (15-24),_T,Total,2046,,18,,PERCENT,percent,,,F,Forecasted value,,,,
DATAFLOW,SPC:DF_POP_AGE(1.0),Population structure by age,I,A,Annual,TO,Tonga,POPYOUTH,Proportion of youth (15-24),_T,Total,2047,,18,,PERCENT,percent,,,F,Forecasted value,,,,
DATAFLOW,SPC:DF_POP_AGE(1.0),Population structure by age,I,A,Annual,TO,Tonga,POPYOUTH,Proportion of youth (15-24),_T,Total,2048,,17,,PERCENT,percent,,,F,Forecasted value,,,,
DATAFLOW,SPC:DF_POP_AGE(1.0),Population structure by age,I,A,Annual,TO,Tonga,POPYOUTH,Proportion of youth (15-24),_T,Total,2049,,17,,PERCENT,percent,,,F,Forecasted value,,,,
DATAFLOW,SPC:DF_POP_AGE(1.0),Population structure by age,I,A,Annual,TO,Tonga,POPYOUTH,Proportion of youth (15-24),_T,Total,2050,,17,,PERCENT,percent,,,F,Forecasted value,,,,
DATAFLOW,SPC:DF_POP_AGE(1.0),Population structure by age,I,A,Annual,POL,Polynesia,POPYOUTH,Proportion of youth (15-24),_T,Total,2025,,17,,PERCENT,percent,,,E,Estimated value,,,,
DATAFLOW,SPC:DF_POP_AGE(1.0),Population structure by age,I,A,Annual,POL,Polynesia,POPYOUTH,Proportion of youth (15-24),_T,Total,2026,,17,,PERCENT,percent,,,F,Forecasted value,,,,
DATAFLOW,SPC:DF_POP_AGE(1.0),Population structure by age,I,A,Annual,POL,Polynesia,POPYOUTH,Proportion of youth (15-24),_T,Total,2027,,18,,PERCENT,percent,,,F,Forecasted value,,,,
DATAFLOW,SPC:DF_POP_AGE(1.0),Population structure by age,I,A,Annual,POL,Polynesia,POPYOUTH,Proportion of youth (15-24),_T,Total,2028,,18,,PERCENT,percent,,,F,Forecasted value,,,,
DATAFLOW,SPC:DF_POP_AGE(1.0),Population structure by age,I,A,Annual,POL,Polynesia,POPYOUTH,Proportion of youth (15-24),_T,Total,2029,,18,,PERCENT,percent,,,F,Forecasted value,,,,
DATAFLOW,SPC:DF_POP_AGE(1.0),Population structure by age,I,A,Annual,POL,Polynesia,POPYOUTH,Proportion of youth (15-24),_T,Total,2030,,18,,PERCENT,percent,,,F,Forecasted value,,,,
DATAFLOW,SPC:DF_POP_AGE(1.0),Population structure by age,I,A,Annual,POL,Polynesia,POPYOUTH,Proportion of youth (15-24),_T,Total,2031,,18,,PERCENT,percent,,,F,Forecasted value,,,,
DATAFLOW,SPC:DF_POP_AGE(1.0),Population structure by age,I,A,Annual,POL,Polynesia,POPYOUTH,Proportion of youth (15-24),_T,Total,2032,,18,,PERCENT,percent,,,F,Forecasted value,,,,
DATAFLOW,SPC:DF_POP_AGE(1.0),Population structure by age,I,A,Annual,POL,Polynesia,POPYOUTH,Proportion of youth (15-24),_T,Total,2033,,18,,PERCENT,percent,,,F,Forecasted value,,,,
DATAFLOW,SPC:DF_POP_AGE(1.0),Population structure by age,I,A,Annual,POL,Polynesia,POPYOUTH,Proportion of youth (15-24),_T,Total,2034,,18,,PERCENT,percent,,,F,Forecasted value,,,,
DATAFLOW,SPC:DF_POP_AGE(1.0),Population structure by age,I,A,Annual,POL,Polynesia,POPYOUTH,Proportion of youth (15-24),_T,Total,2035,,18,,PERCENT,percent,,,F,Forecasted value,,,,
DATAFLOW,SPC:DF_POP_AGE(1.0),Population structure by age,I,A,Annual,POL,Polynesia,POPYOUTH,Proportion of youth (15-24),_T,Total,2036,,18,,PERCENT,percent,,,F,Forecasted value,,,,
DATAFLOW,SPC:DF_POP_AGE(1.0),Population structure by age,I,A,Annual,POL,Polynesia,POPYOUTH,Proportion of youth (15-24),_T,Total,2037,,17,,PERCENT,percent,,,F,Forecasted value,,,,
DATAFLOW,SPC:DF_POP_AGE(1.0),Population structure by age,I,A,Annual,POL,Polynesia,POPYOUTH,Proportion of youth (15-24),_T,Total,2038,,17,,PERCENT,percent,,,F,Forecasted value,,,,
DATAFLOW,SPC:DF_POP_AGE(1.0),Population structure by age,I,A,Annual,POL,Polynesia,POPYOUTH,Proportion of youth (15-24),_T,Total,2039,,16,,PERCENT,percent,,,F,Forecasted value,,,,
DATAFLOW,SPC:DF_POP_AGE(1.0),Population structure by age,I,A,Annual,POL,Polynesia,POPYOUTH,Proportion of youth (15-24),_T,Total,2040,,16,,PERCENT,percent,,,F,Forecasted value,,,,
DATAFLOW,SPC:DF_POP_AGE(1.0),Population structure by age,I,A,Annual,POL,Polynesia,POPYOUTH,Proportion of youth (15-24),_T,Total,2041,,15,,PERCENT,percent,,,F,Forecasted value,,,,
DATAFLOW,SPC:DF_POP_AGE(1.0),Population structure by age,I,A,Annual,POL,Polynesia,POPYOUTH,Proportion of youth (15-24),_T,Total,2042,,15,,PERCENT,percent,,,F,Forecasted value,,,,
DATAFLOW,SPC:DF_POP_AGE(1.0),Population structure by age,I,A,Annual,POL,Polynesia,POPYOUTH,Proportion of youth (15-24),_T,Total,2043,,15,,PERCENT,percent,,,F,Forecasted value,,,,
DATAFLOW,SPC:DF_POP_AGE(1.0),Population structure by age,I,A,Annual,POL,Polynesia,POPYOUTH,Proportion of youth (15-24),_T,Total,2044,,14,,PERCENT,percent,,,F,Forecasted value,,,,
DATAFLOW,SPC:DF_POP_AGE(1.0),Population structure by age,I,A,Annual,POL,Polynesia,POPYOUTH,Proportion of youth (15-24),_T,Total,2045,,14,,PERCENT,percent,,,F,Forecasted value,,,,
DATAFLOW,SPC:DF_POP_AGE(1.0),Population structure by age,I,A,Annual,POL,Polynesia,POPYOUTH,Proportion of youth (15-24),_T,Total,2046,,14,,PERCENT,percent,,,F,Forecasted value,,,,
DATAFLOW,SPC:DF_POP_AGE(1.0),Population structure by age,I,A,Annual,POL,Polynesia,POPYOUTH,Proportion of youth (15-24),_T,Total,2047,,14,,PERCENT,percent,,,F,Forecasted value,,,,
DATAFLOW,SPC:DF_POP_AGE(1.0),Population structure by age,I,A,Annual,POL,Polynesia,POPYOUTH,Proportion of youth (15-24),_T,Total,2048,,14,,PERCENT,percent,,,F,Forecasted value,,,,
DATAFLOW,SPC:DF_POP_AGE(1.0),Population structure by age,I,A,Annual,POL,Polynesia,POPYOUTH,Proportion of youth (15-24),_T,Total,2049,,14,,PERCENT,percent,,,F,Forecasted value,,,,
DATAFLOW,SPC:DF_POP_AGE(1.0),Population structure by age,I,A,Annual,POL,Polynesia,POPYOUTH,Proportion of youth (15-24),_T,Total,2050,,14,,PERCENT,percent,,,F,Forecasted value,,,,
DATAFLOW,SPC:DF_POP_AGE(1.0),Population structure by age,I,A,Annual,_TXPNG,Pacific region (excluding PNG),POPCHILD,Proportion of children (<14),_T,Total,2025,,30,,PERCENT,percent,,,E,Estimated value,,,,
DATAFLOW,SPC:DF_POP_AGE(1.0),Population structure by age,I,A,Annual,_TXPNG,Pacific region (excluding PNG),POPCHILD,Proportion of children (<14),_T,Total,2026,,30,,PERCENT,percent,,,F,Forecasted value,,,,
DATAFLOW,SPC:DF_POP_AGE(1.0),Population structure by age,I,A,Annual,_TXPNG,Pacific region (excluding PNG),POPCHILD,Proportion of children (<14),_T,Total,2027,,30,,PERCENT,percent,,,F,Forecasted value,,,,
DATAFLOW,SPC:DF_POP_AGE(1.0),Population structure by age,I,A,Annual,_TXPNG,Pacific region (excluding PNG),POPCHILD,Proportion of children (<14),_T,Total,2028,,29,,PERCENT,percent,,,F,Forecasted value,,,,
DATAFLOW,SPC:DF_POP_AGE(1.0),Population structure by age,I,A,Annual,_TXPNG,Pacific region (excluding PNG),POPCHILD,Proportion of children (<14),_T,Total,2029,,29,,PERCENT,percent,,,F,Forecasted value,,,,
DATAFLOW,SPC:DF_POP_AGE(1.0),Population structure by age,I,A,Annual,_TXPNG,Pacific region (excluding PNG),POPCHILD,Proportion of children (<14),_T,Total,2030,,29,,PERCENT,percent,,,F,Forecasted value,,,,
DATAFLOW,SPC:DF_POP_AGE(1.0),Population structure by age,I,A,Annual,_TXPNG,Pacific region (excluding PNG),POPCHILD,Proportion of children (<14),_T,Total,2031,,28,,PERCENT,percent,,,F,Forecasted value,,,,
DATAFLOW,SPC:DF_POP_AGE(1.0),Population structure by age,I,A,Annual,_TXPNG,Pacific region (excluding PNG),POPCHILD,Proportion of children (<14),_T,Total,2032,,28,,PERCENT,percent,,,F,Forecasted value,,,,
DATAFLOW,SPC:DF_POP_AGE(1.0),Population structure by age,I,A,Annual,_TXPNG,Pacific region (excluding PNG),POPCHILD,Proportion of children (<14),_T,Total,2033,,28,,PERCENT,percent,,,F,Forecasted value,,,,
DATAFLOW,SPC:DF_POP_AGE(1.0),Population structure by age,I,A,Annual,_TXPNG,Pacific region (excluding PNG),POPCHILD,Proportion of children (<14),_T,Total,2034,,27,,PERCENT,percent,,,F,Forecasted value,,,,
DATAFLOW,SPC:DF_POP_AGE(1.0),Population structure by age,I,A,Annual,_TXPNG,Pacific region (excluding PNG),POPCHILD,Proportion of children (<14),_T,Total,2035,,27,,PERCENT,percent,,,F,Forecasted value,,,,
DATAFLOW,SPC:DF_POP_AGE(1.0),Population structure by age,I,A,Annual,_TXPNG,Pacific region (excluding PNG),POPCHILD,Proportion of children (<14),_T,Total,2036,,27,,PERCENT,percent,,,F,Forecasted value,,,,
DATAFLOW,SPC:DF_POP_AGE(1.0),Population structure by age,I,A,Annual,_TXPNG,Pacific region (excluding PNG),POPCHILD,Proportion of children (<14),_T,Total,2037,,27,,PERCENT,percent,,,F,Forecasted value,,,,
DATAFLOW,SPC:DF_POP_AGE(1.0),Population structure by age,I,A,Annual,_TXPNG,Pacific region (excluding PNG),POPCHILD,Proportion of children (<14),_T,Total,2038,,27,,PERCENT,percent,,,F,Forecasted value,,,,
DATAFLOW,SPC:DF_POP_AGE(1.0),Population structure by age,I,A,Annual,_TXPNG,Pacific region (excluding PNG),POPCHILD,Proportion of children (<14),_T,Total,2039,,27,,PERCENT,percent,,,F,Forecasted value,,,,
DATAFLOW,SPC:DF_POP_AGE(1.0),Population structure by age,I,A,Annual,_TXPNG,Pacific region (excluding PNG),POPCHILD,Proportion of children (<14),_T,Total,2040,,26,,PERCENT,percent,,,F,Forecasted value,,,,
DATAFLOW,SPC:DF_POP_AGE(1.0),Population structure by age,I,A,Annual,_TXPNG,Pacific region (excluding PNG),POPCHILD,Proportion of children (<14),_T,Total,2041,,26,,PERCENT,percent,,,F,Forecasted value,,,,
DATAFLOW,SPC:DF_POP_AGE(1.0),Population structure by age,I,A,Annual,_TXPNG,Pacific region (excluding PNG),POPCHILD,Proportion of children (<14),_T,Total,2042,,26,,PERCENT,percent,,,F,Forecasted value,,,,
DATAFLOW,SPC:DF_POP_AGE(1.0),Population structure by age,I,A,Annual,_TXPNG,Pacific region (excluding PNG),POPCHILD,Proportion of children (<14),_T,Total,2043,,26,,PERCENT,percent,,,F,Forecasted value,,,,
DATAFLOW,SPC:DF_POP_AGE(1.0),Population structure by age,I,A,Annual,_TXPNG,Pacific region (excluding PNG),POPCHILD,Proportion of children (<14),_T,Total,2044,,26,,PERCENT,percent,,,F,Forecasted value,,,,
DATAFLOW,SPC:DF_POP_AGE(1.0),Population structure by age,I,A,Annual,_TXPNG,Pacific region (excluding PNG),POPCHILD,Proportion of children (<14),_T,Total,2045,,26,,PERCENT,percent,,,F,Forecasted value,,,,
DATAFLOW,SPC:DF_POP_AGE(1.0),Population structure by age,I,A,Annual,_TXPNG,Pacific region (excluding PNG),POPCHILD,Proportion of children (<14),_T,Total,2046,,26,,PERCENT,percent,,,F,Forecasted value,,,,
DATAFLOW,SPC:DF_POP_AGE(1.0),Population structure by age,I,A,Annual,_TXPNG,Pacific region (excluding PNG),POPCHILD,Proportion of children (<14),_T,Total,2047,,26,,PERCENT,percent,,,F,Forecasted value,,,,
DATAFLOW,SPC:DF_POP_AGE(1.0),Population structure by age,I,A,Annual,_TXPNG,Pacific region (excluding PNG),POPCHILD,Proportion of children (<14),_T,Total,2048,,25,,PERCENT,percent,,,F,Forecasted value,,,,
DATAFLOW,SPC:DF_POP_AGE(1.0),Population structure by age,I,A,Annual,_TXPNG,Pacific region (excluding PNG),POPCHILD,Proportion of children (<14),_T,Total,2049,,25,,PERCENT,percent,,,F,Forecasted value,,,,
DATAFLOW,SPC:DF_POP_AGE(1.0),Population structure by age,I,A,Annual,_TXPNG,Pacific region (excluding PNG),POPCHILD,Proportion of children (<14),_T,Total,2050,,25,,PERCENT,percent,,,F,Forecasted value,,,,
DATAFLOW,SPC:DF_POP_AGE(1.0),Population structure by age,I,A,Annual,GU,Guam,POPCHILD,Proportion of children (<14),_T,Total,2025,,26,,PERCENT,percent,,,E,Estimated value,,,,
DATAFLOW,SPC:DF_POP_AGE(1.0),Population structure by age,I,A,Annual,GU,Guam,POPCHILD,Proportion of children (<14),_T,Total,2026,,26,,PERCENT,percent,,,F,Forecasted value,,,,
DATAFLOW,SPC:DF_POP_AGE(1.0),Population structure by age,I,A,Annual,GU,Guam,POPCHILD,Proportion of children (<14),_T,Total,2027,,26,,PERCENT,percent,,,F,Forecasted value,,,,
DATAFLOW,SPC:DF_POP_AGE(1.0),Population structure by age,I,A,Annual,GU,Guam,POPCHILD,Proportion of children (<14),_T,Total,2028,,25,,PERCENT,percent,,,F,Forecasted value,,,,
DATAFLOW,SPC:DF_POP_AGE(1.0),Population structure by age,I,A,Annual,GU,Guam,POPCHILD,Proportion of children (<14),_T,Total,2029,,25,,PERCENT,percent,,,F,Forecasted value,,,,
DATAFLOW,SPC:DF_POP_AGE(1.0),Population structure by age,I,A,Annual,GU,Guam,POPCHILD,Proportion of children (<14),_T,Total,2030,,25,,PERCENT,percent,,,F,Forecasted value,,,,
DATAFLOW,SPC:DF_POP_AGE(1.0),Population structure by age,I,A,Annual,GU,Guam,POPCHILD,Proportion of children (<14),_T,Total,2031,,24,,PERCENT,percent,,,F,Forecasted value,,,,
DATAFLOW,SPC:DF_POP_AGE(1.0),Population structure by age,I,A,Annual,GU,Guam,POPCHILD,Proportion of children (<14),_T,Total,2032,,24,,PERCENT,percent,,,F,Forecasted value,,,,
DATAFLOW,SPC:DF_POP_AGE(1.0),Population structure by age,I,A,Annual,GU,Guam,POPCHILD,Proportion of children (<14),_T,Total,2033,,24,,PERCENT,percent,,,F,Forecasted value,,,,
DATAFLOW,SPC:DF_POP_AGE(1.0),Population structure by age,I,A,Annual,GU,Guam,POPCHILD,Proportion of children (<14),_T,Total,2034,,23,,PERCENT,percent,,,F,Forecasted value,,,,
DATAFLOW,SPC:DF_POP_AGE(1.0),Population structure by age,I,A,Annual,GU,Guam,POPCHILD,Proportion of children (<14),_T,Total,2035,,23,,PERCENT,percent,,,F,Forecasted value,,,,
DATAFLOW,SPC:DF_POP_AGE(1.0),Population structure by age,I,A,Annual,GU,Guam,POPCHILD,Proportion of children (<14),_T,Total,2036,,23,,PERCENT,percent,,,F,Forecasted value,,,,
DATAFLOW,SPC:DF_POP_AGE(1.0),Population structure by age,I,A,Annual,GU,Guam,POPCHILD,Proportion of children (<14),_T,Total,2037,,23,,PERCENT,percent,,,F,Forecasted value,,,,
DATAFLOW,SPC:DF_POP_AGE(1.0),Population structure by age,I,A,Annual,GU,Guam,POPCHILD,Proportion of children (<14),_T,Total,2038,,22,,PERCENT,percent,,,F,Forecasted value,,,,
DATAFLOW,SPC:DF_POP_AGE(1.0),Population structure by age,I,A,Annual,GU,Guam,POPCHILD,Proportion of children (<14),_T,Total,2039,,22,,PERCENT,percent,,,F,Forecasted value,,,,
DATAFLOW,SPC:DF_POP_AGE(1.0),Population structure by age,I,A,Annual,GU,Guam,POPCHILD,Proportion of children (<14),_T,Total,2040,,22,,PERCENT,percent,,,F,Forecasted value,,,,
DATAFLOW,SPC:DF_POP_AGE(1.0),Population structure by age,I,A,Annual,GU,Guam,POPCHILD,Proportion of children (<14),_T,Total,2041,,22,,PERCENT,percent,,,F,Forecasted value,,,,
DATAFLOW,SPC:DF_POP_AGE(1.0),Population structure by age,I,A,Annual,GU,Guam,POPCHILD,Proportion of children (<14),_T,Total,2042,,22,,PERCENT,percent,,,F,Forecasted value,,,,
DATAFLOW,SPC:DF_POP_AGE(1.0),Population structure by age,I,A,Annual,GU,Guam,POPCHILD,Proportion of children (<14),_T,Total,2043,,22,,PERCENT,percent,,,F,Forecasted value,,,,
DATAFLOW,SPC:DF_POP_AGE(1.0),Population structure by age,I,A,Annual,GU,Guam,POPCHILD,Proportion of children (<14),_T,Total,2044,,22,,PERCENT,percent,,,F,Forecasted value,,,,
DATAFLOW,SPC:DF_POP_AGE(1.0),Population structure by age,I,A,Annual,GU,Guam,POPCHILD,Proportion of children (<14),_T,Total,2045,,21,,PERCENT,percent,,,F,Forecasted value,,,,
DATAFLOW,SPC:DF_POP_AGE(1.0),Population structure by age,I,A,Annual,GU,Guam,POPCHILD,Proportion of children (<14),_T,Total,2046,,21,,PERCENT,percent,,,F,Forecasted value,,,,
DATAFLOW,SPC:DF_POP_AGE(1.0),Population structure by age,I,A,Annual,GU,Guam,POPCHILD,Proportion of children (<14),_T,Total,2047,,21,,PERCENT,percent,,,F,Forecasted value,,,,
DATAFLOW,SPC:DF_POP_AGE(1.0),Population structure by age,I,A,Annual,GU,Guam,POPCHILD,Proportion of children (<14),_T,Total,2048,,21,,PERCENT,percent,,,F,Forecasted value,,,,
DATAFLOW,SPC:DF_POP_AGE(1.0),Population structure by age,I,A,Annual,GU,Guam,POPCHILD,Proportion of children (<14),_T,Total,2049,,21,,PERCENT,percent,,,F,Forecasted value,,,,
DATAFLOW,SPC:DF_POP_AGE(1.0),Population structure by age,I,A,Annual,GU,Guam,POPCHILD,Proportion of children (<14),_T,Total,2050,,21,,PERCENT,percent,,,F,Forecasted value,,,,
DATAFLOW,SPC:DF_POP_AGE(1.0),Population structure by age,I,A,Annual,PW,Palau,POPYOUTH,Proportion of youth (15-24),_T,Total,2025,,12,,PERCENT,percent,,,E,Estimated value,,,,
DATAFLOW,SPC:DF_POP_AGE(1.0),Population structure by age,I,A,Annual,PW,Palau,POPYOUTH,Proportion of youth (15-24),_T,Total,2026,,13,,PERCENT,percent,,,F,Forecasted value,,,,
DATAFLOW,SPC:DF_POP_AGE(1.0),Population structure by age,I,A,Annual,PW,Palau,POPYOUTH,Proportion of youth (15-24),_T,Total,2027,,13,,PERCENT,percent,,,F,Forecasted value,,,,
DATAFLOW,SPC:DF_POP_AGE(1.0),Population structure by age,I,A,Annual,PW,Palau,POPYOUTH,Proportion of youth (15-24),_T,Total,2028,,13,,PERCENT,percent,,,F,Forecasted value,,,,
DATAFLOW,SPC:DF_POP_AGE(1.0),Population structure by age,I,A,Annual,PW,Palau,POPYOUTH,Proportion of youth (15-24),_T,Total,2029,,13,,PERCENT,percent,,,F,Forecasted value,,,,
DATAFLOW,SPC:DF_POP_AGE(1.0),Population structure by age,I,A,Annual,PW,Palau,POPYOUTH,Proportion of youth (15-24),_T,Total,2030,,13,,PERCENT,percent,,,F,Forecasted value,,,,
DATAFLOW,SPC:DF_POP_AGE(1.0),Population structure by age,I,A,Annual,PW,Palau,POPYOUTH,Proportion of youth (15-24),_T,Total,2031,,13,,PERCENT,percent,,,F,Forecasted value,,,,
DATAFLOW,SPC:DF_POP_AGE(1.0),Population structure by age,I,A,Annual,PW,Palau,POPYOUTH,Proportion of youth (15-24),_T,Total,2032,,13,,PERCENT,percent,,,F,Forecasted value,,,,
DATAFLOW,SPC:DF_POP_AGE(1.0),Population structure by age,I,A,Annual,PW,Palau,POPYOUTH,Proportion of youth (15-24),_T,Total,2033,,13,,PERCENT,percent,,,F,Forecasted value,,,,
DATAFLOW,SPC:DF_POP_AGE(1.0),Population structure by age,I,A,Annual,PW,Palau,POPYOUTH,Proportion of youth (15-24),_T,Total,2034,,13,,PERCENT,percent,,,F,Forecasted value,,,,
DATAFLOW,SPC:DF_POP_AGE(1.0),Population structure by age,I,A,Annual,PW,Palau,POPYOUTH,Proportion of youth (15-24),_T,Total,2035,,13,,PERCENT,percent,,,F,Forecasted value,,,,
DATAFLOW,SPC:DF_POP_AGE(1.0),Population structure by age,I,A,Annual,PW,Palau,POPYOUTH,Proportion of youth (15-24),_T,Total,2036,,13,,PERCENT,percent,,,F,Forecasted value,,,,
DATAFLOW,SPC:DF_POP_AGE(1.0),Population structure by age,I,A,Annual,PW,Palau,POPYOUTH,Proportion of youth (15-24),_T,Total,2037,,12,,PERCENT,percent,,,F,Forecasted value,,,,
DATAFLOW,SPC:DF_POP_AGE(1.0),Population structure by age,I,A,Annual,PW,Palau,POPYOUTH,Proportion of youth (15-24),_T,Total,2038,,12,,PERCENT,percent,,,F,Forecasted value,,,,
DATAFLOW,SPC:DF_POP_AGE(1.0),Population structure by age,I,A,Annual,PW,Palau,POPYOUTH,Proportion of youth (15-24),_T,Total,2039,,12,,PERCENT,percent,,,F,Forecasted value,,,,
DATAFLOW,SPC:DF_POP_AGE(1.0),Population structure by age,I,A,Annual,PW,Palau,POPYOUTH,Proportion of youth (15-24),_T,Total,2040,,12,,PERCENT,percent,,,F,Forecasted value,,,,
DATAFLOW,SPC:DF_POP_AGE(1.0),Population structure by age,I,A,Annual,PW,Palau,POPYOUTH,Proportion of youth (15-24),_T,Total,2041,,12,,PERCENT,percent,,,F,Forecasted value,,,,
DATAFLOW,SPC:DF_POP_AGE(1.0),Population structure by age,I,A,Annual,PW,Palau,POPYOUTH,Proportion of youth (15-24),_T,Total,2042,,11,,PERCENT,percent,,,F,Forecasted value,,,,
DATAFLOW,SPC:DF_POP_AGE(1.0),Population structure by age,I,A,Annual,PW,Palau,POPYOUTH,Proportion of youth (15-24),_T,Total,2043,,11,,PERCENT,percent,,,F,Forecasted value,,,,
DATAFLOW,SPC:DF_POP_AGE(1.0),Population structure by age,I,A,Annual,PW,Palau,POPYOUTH,Proportion of youth (15-24),_T,Total,2044,,11,,PERCENT,percent,,,F,Forecasted value,,,,
DATAFLOW,SPC:DF_POP_AGE(1.0),Population structure by age,I,A,Annual,PW,Palau,POPYOUTH,Proportion of youth (15-24),_T,Total,2045,,11,,PERCENT,percent,,,F,Forecasted value,,,,
DATAFLOW,SPC:DF_POP_AGE(1.0),Population structure by age,I,A,Annual,PW,Palau,POPYOUTH,Proportion of youth (15-24),_T,Total,2046,,11,,PERCENT,percent,,,F,Forecasted value,,,,
DATAFLOW,SPC:DF_POP_AGE(1.0),Population structure by age,I,A,Annual,PW,Palau,POPYOUTH,Proportion of youth (15-24),_T,Total,2047,,11,,PERCENT,percent,,,F,Forecasted value,,,,
DATAFLOW,SPC:DF_POP_AGE(1.0),Population structure by age,I,A,Annual,PW,Palau,POPYOUTH,Proportion of youth (15-24),_T,Total,2048,,11,,PERCENT,percent,,,F,Forecasted value,,,,
DATAFLOW,SPC:DF_POP_AGE(1.0),Population structure by age,I,A,Annual,PW,Palau,POPYOUTH,Proportion of youth (15-24),_T,Total,2049,,11,,PERCENT,percent,,,F,Forecasted value,,,,
DATAFLOW,SPC:DF_POP_AGE(1.0),Population structure by age,I,A,Annual,PW,Palau,POPYOUTH,Proportion of youth (15-24),_T,Total,2050,,11,,PERCENT,percent,,,F,Forecasted value,,,,
DATAFLOW,SPC:DF_POP_AGE(1.0),Population structure by age,I,A,Annual,WS,Samoa,POPCHILD,Proportion of children (<14),_T,Total,2025,,38,,PERCENT,percent,,,E,Estimated value,,,,
DATAFLOW,SPC:DF_POP_AGE(1.0),Population structure by age,I,A,Annual,WS,Samoa,POPCHILD,Proportion of children (<14),_T,Total,2026,,38,,PERCENT,percent,,,F,Forecasted value,,,,
DATAFLOW,SPC:DF_POP_AGE(1.0),Population structure by age,I,A,Annual,WS,Samoa,POPCHILD,Proportion of children (<14),_T,Total,2027,,37,,PERCENT,percent,,,F,Forecasted value,,,,
DATAFLOW,SPC:DF_POP_AGE(1.0),Population structure by age,I,A,Annual,WS,Samoa,POPCHILD,Proportion of children (<14),_T,Total,2028,,37,,PERCENT,percent,,,F,Forecasted value,,,,
DATAFLOW,SPC:DF_POP_AGE(1.0),Population structure by age,I,A,Annual,WS,Samoa,POPCHILD,Proportion of children (<14),_T,Total,2029,,36,,PERCENT,percent,,,F,Forecasted value,,,,
DATAFLOW,SPC:DF_POP_AGE(1.0),Population structure by age,I,A,Annual,WS,Samoa,POPCHILD,Proportion of children (<14),_T,Total,2030,,35,,PERCENT,percent,,,F,Forecasted value,,,,
DATAFLOW,SPC:DF_POP_AGE(1.0),Population structure by age,I,A,Annual,WS,Samoa,POPCHILD,Proportion of children (<14),_T,Total,2031,,35,,PERCENT,percent,,,F,Forecasted value,,,,
DATAFLOW,SPC:DF_POP_AGE(1.0),Population structure by age,I,A,Annual,WS,Samoa,POPCHILD,Proportion of children (<14),_T,Total,2032,,34,,PERCENT,percent,,,F,Forecasted value,,,,
DATAFLOW,SPC:DF_POP_AGE(1.0),Population structure by age,I,A,Annual,WS,Samoa,POPCHILD,Proportion of children (<14),_T,Total,2033,,34,,PERCENT,percent,,,F,Forecasted value,,,,
DATAFLOW,SPC:DF_POP_AGE(1.0),Population structure by age,I,A,Annual,WS,Samoa,POPCHILD,Proportion of children (<14),_T,Total,2034,,33,,PERCENT,percent,,,F,Forecasted value,,,,
DATAFLOW,SPC:DF_POP_AGE(1.0),Population structure by age,I,A,Annual,WS,Samoa,POPCHILD,Proportion of children (<14),_T,Total,2035,,33,,PERCENT,percent,,,F,Forecasted value,,,,
DATAFLOW,SPC:DF_POP_AGE(1.0),Population structure by age,I,A,Annual,WS,Samoa,POPCHILD,Proportion of children (<14),_T,Total,2036,,33,,PERCENT,percent,,,F,Forecasted value,,,,
DATAFLOW,SPC:DF_POP_AGE(1.0),Population structure by age,I,A,Annual,WS,Samoa,POPCHILD,Proportion of children (<14),_T,Total,2037,,33,,PERCENT,percent,,,F,Forecasted value,,,,
DATAFLOW,SPC:DF_POP_AGE(1.0),Population structure by age,I,A,Annual,WS,Samoa,POPCHILD,Proportion of children (<14),_T,Total,2038,,33,,PERCENT,percent,,,F,Forecasted value,,,,
DATAFLOW,SPC:DF_POP_AGE(1.0),Population structure by age,I,A,Annual,WS,Samoa,POPCHILD,Proportion of children (<14),_T,Total,2039,,33,,PERCENT,percent,,,F,Forecasted value,,,,
DATAFLOW,SPC:DF_POP_AGE(1.0),Population structure by age,I,A,Annual,WS,Samoa,POPCHILD,Proportion of children (<14),_T,Total,2040,,33,,PERCENT,percent,,,F,Forecasted value,,,,
DATAFLOW,SPC:DF_POP_AGE(1.0),Population structure by age,I,A,Annual,WS,Samoa,POPCHILD,Proportion of children (<14),_T,Total,2041,,33,,PERCENT,percent,,,F,Forecasted value,,,,
DATAFLOW,SPC:DF_POP_AGE(1.0),Population structure by age,I,A,Annual,WS,Samoa,POPCHILD,Proportion of children (<14),_T,Total,2042,,33,,PERCENT,percent,,,F,Forecasted value,,,,
DATAFLOW,SPC:DF_POP_AGE(1.0),Population structure by age,I,A,Annual,WS,Samoa,POPCHILD,Proportion of children (<14),_T,Total,2043,,33,,PERCENT,percent,,,F,Forecasted value,,,,
DATAFLOW,SPC:DF_POP_AGE(1.0),Population structure by age,I,A,Annual,WS,Samoa,POPCHILD,Proportion of children (<14),_T,Total,2044,,33,,PERCENT,percent,,,F,Forecasted value,,,,
DATAFLOW,SPC:DF_POP_AGE(1.0),Population structure by age,I,A,Annual,WS,Samoa,POPCHILD,Proportion of children (<14),_T,Total,2045,,33,,PERCENT,percent,,,F,Forecasted value,,,,
DATAFLOW,SPC:DF_POP_AGE(1.0),Population structure by age,I,A,Annual,WS,Samoa,POPCHILD,Proportion of children (<14),_T,Total,2046,,33,,PERCENT,percent,,,F,Forecasted value,,,,
DATAFLOW,SPC:DF_POP_AGE(1.0),Population structure by age,I,A,Annual,WS,Samoa,POPCHILD,Proportion of children (<14),_T,Total,2047,,33,,PERCENT,percent,,,F,Forecasted value,,,,
DATAFLOW,SPC:DF_POP_AGE(1.0),Population structure by age,I,A,Annual,WS,Samoa,POPCHILD,Proportion of children (<14),_T,Total,2048,,33,,PERCENT,percent,,,F,Forecasted value,,,,
DATAFLOW,SPC:DF_POP_AGE(1.0),Population structure by age,I,A,Annual,WS,Samoa,POPCHILD,Proportion of children (<14),_T,Total,2049,,33,,PERCENT,percent,,,F,Forecasted value,,,,
DATAFLOW,SPC:DF_POP_AGE(1.0),Population structure by age,I,A,Annual,WS,Samoa,POPCHILD,Proportion of children (<14),_T,Total,2050,,33,,PERCENT,percent,,,F,Forecasted value,,,,
DATAFLOW,SPC:DF_POP_AGE(1.0),Population structure by age,I,A,Annual,MEL,Melanesia,POPYOUTH,Proportion of youth (15-24),_T,Total,2025,,19,,PERCENT,percent,,,E,Estimated value,,,,
DATAFLOW,SPC:DF_POP_AGE(1.0),Population structure by age,I,A,Annual,MEL,Melanesia,POPYOUTH,Proportion of youth (15-24),_T,Total,2026,,19,,PERCENT,percent,,,F,Forecasted value,,,,
DATAFLOW,SPC:DF_POP_AGE(1.0),Population structure by age,I,A,Annual,MEL,Melanesia,POPYOUTH,Proportion of youth (15-24),_T,Total,2027,,19,,PERCENT,percent,,,F,Forecasted value,,,,
DATAFLOW,SPC:DF_POP_AGE(1.0),Population structure by age,I,A,Annual,MEL,Melanesia,POPYOUTH,Proportion of youth (15-24),_T,Total,2028,,19,,PERCENT,percent,,,F,Forecasted value,,,,
DATAFLOW,SPC:DF_POP_AGE(1.0),Population structure by age,I,A,Annual,MEL,Melanesia,POPYOUTH,Proportion of youth (15-24),_T,Total,2029,,19,,PERCENT,percent,,,F,Forecasted value,,,,
DATAFLOW,SPC:DF_POP_AGE(1.0),Population structure by age,I,A,Annual,MEL,Melanesia,POPYOUTH,Proportion of youth (15-24),_T,Total,2030,,19,,PERCENT,percent,,,F,Forecasted value,,,,
DATAFLOW,SPC:DF_POP_AGE(1.0),Population structure by age,I,A,Annual,MEL,Melanesia,POPYOUTH,Proportion of youth (15-24),_T,Total,2031,,19,,PERCENT,percent,,,F,Forecasted value,,,,
DATAFLOW,SPC:DF_POP_AGE(1.0),Population structure by age,I,A,Annual,MEL,Melanesia,POPYOUTH,Proportion of youth (15-24),_T,Total,2032,,19,,PERCENT,percent,,,F,Forecasted value,,,,
DATAFLOW,SPC:DF_POP_AGE(1.0),Population structure by age,I,A,Annual,MEL,Melanesia,POPYOUTH,Proportion of youth (15-24),_T,Total,2033,,18,,PERCENT,percent,,,F,Forecasted value,,,,
DATAFLOW,SPC:DF_POP_AGE(1.0),Population structure by age,I,A,Annual,MEL,Melanesia,POPYOUTH,Proportion of youth (15-24),_T,Total,2034,,18,,PERCENT,percent,,,F,Forecasted value,,,,
DATAFLOW,SPC:DF_POP_AGE(1.0),Population structure by age,I,A,Annual,MEL,Melanesia,POPYOUTH,Proportion of youth (15-24),_T,Total,2035,,18,,PERCENT,percent,,,F,Forecasted value,,,,
DATAFLOW,SPC:DF_POP_AGE(1.0),Population structure by age,I,A,Annual,MEL,Melanesia,POPYOUTH,Proportion of youth (15-24),_T,Total,2036,,18,,PERCENT,percent,,,F,Forecasted value,,,,
DATAFLOW,SPC:DF_POP_AGE(1.0),Population structure by age,I,A,Annual,MEL,Melanesia,POPYOUTH,Proportion of youth (15-24),_T,Total,2037,,18,,PERCENT,percent,,,F,Forecasted value,,,,
DATAFLOW,SPC:DF_POP_AGE(1.0),Population structure by age,I,A,Annual,MEL,Melanesia,POPYOUTH,Proportion of youth (15-24),_T,Total,2038,,18,,PERCENT,percent,,,F,Forecasted value,,,,
DATAFLOW,SPC:DF_POP_AGE(1.0),Population structure by age,I,A,Annual,MEL,Melanesia,POPYOUTH,Proportion of youth (15-24),_T,Total,2039,,18,,PERCENT,percent,,,F,Forecasted value,,,,
DATAFLOW,SPC:DF_POP_AGE(1.0),Population structure by age,I,A,Annual,MEL,Melanesia,POPYOUTH,Proportion of youth (15-24),_T,Total,2040,,18,,PERCENT,percent,,,F,Forecasted value,,,,
DATAFLOW,SPC:DF_POP_AGE(1.0),Population structure by age,I,A,Annual,MEL,Melanesia,POPYOUTH,Proportion of youth (15-24),_T,Total,2041,,18,,PERCENT,percent,,,F,Forecasted value,,,,
DATAFLOW,SPC:DF_POP_AGE(1.0),Population structure by age,I,A,Annual,MEL,Melanesia,POPYOUTH,Proportion of youth (15-24),_T,Total,2042,,18,,PERCENT,percent,,,F,Forecasted value,,,,
DATAFLOW,SPC:DF_POP_AGE(1.0),Population structure by age,I,A,Annual,MEL,Melanesia,POPYOUTH,Proportion of youth (15-24),_T,Total,2043,,17,,PERCENT,percent,,,F,Forecasted value,,,,
DATAFLOW,SPC:DF_POP_AGE(1.0),Population structure by age,I,A,Annual,MEL,Melanesia,POPYOUTH,Proportion of youth (15-24),_T,Total,2044,,17,,PERCENT,percent,,,F,Forecasted value,,,,
DATAFLOW,SPC:DF_POP_AGE(1.0),Population structure by age,I,A,Annual,MEL,Melanesia,POPYOUTH,Proportion of youth (15-24),_T,Total,2045,,17,,PERCENT,percent,,,F,Forecasted value,,,,
DATAFLOW,SPC:DF_POP_AGE(1.0),Population structure by age,I,A,Annual,MEL,Melanesia,POPYOUTH,Proportion of youth (15-24),_T,Total,2046,,17,,PERCENT,percent,,,F,Forecasted value,,,,
DATAFLOW,SPC:DF_POP_AGE(1.0),Population structure by age,I,A,Annual,MEL,Melanesia,POPYOUTH,Proportion of youth (15-24),_T,Total,2047,,17,,PERCENT,percent,,,F,Forecasted value,,,,
DATAFLOW,SPC:DF_POP_AGE(1.0),Population structure by age,I,A,Annual,MEL,Melanesia,POPYOUTH,Proportion of youth (15-24),_T,Total,2048,,17,,PERCENT,percent,,,F,Forecasted value,,,,
DATAFLOW,SPC:DF_POP_AGE(1.0),Population structure by age,I,A,Annual,MEL,Melanesia,POPYOUTH,Proportion of youth (15-24),_T,Total,2049,,17,,PERCENT,percent,,,F,Forecasted value,,,,
DATAFLOW,SPC:DF_POP_AGE(1.0),Population structure by age,I,A,Annual,MEL,Melanesia,POPYOUTH,Proportion of youth (15-24),_T,Total,2050,,17,,PERCENT,percent,,,F,Forecasted value,,,,
DATAFLOW,SPC:DF_POP_AGE(1.0),Population structure by age,I,A,Annual,FM,Micronesia (Federated States of),POPYOUTH,Proportion of youth (15-24),_T,Total,2025,,20,,PERCENT,percent,,,E,Estimated value,,,,
DATAFLOW,SPC:DF_POP_AGE(1.0),Population structure by age,I,A,Annual,FM,Micronesia (Federated States of),POPYOUTH,Proportion of youth (15-24),_T,Total,2026,,20,,PERCENT,percent,,,F,Forecasted value,,,,
DATAFLOW,SPC:DF_POP_AGE(1.0),Population structure by age,I,A,Annual,FM,Micronesia (Federated States of),POPYOUTH,Proportion of youth (15-24),_T,Total,2027,,20,,PERCENT,percent,,,F,Forecasted value,,,,
DATAFLOW,SPC:DF_POP_AGE(1.0),Population structure by age,I,A,Annual,FM,Micronesia (Federated States of),POPYOUTH,Proportion of youth (15-24),_T,Total,2028,,20,,PERCENT,percent,,,F,Forecasted value,,,,
DATAFLOW,SPC:DF_POP_AGE(1.0),Population structure by age,I,A,Annual,FM,Micronesia (Federated States of),POPYOUTH,Proportion of youth (15-24),_T,Total,2029,,20,,PERCENT,percent,,,F,Forecasted value,,,,
DATAFLOW,SPC:DF_POP_AGE(1.0),Population structure by age,I,A,Annual,FM,Micronesia (Federated States of),POPYOUTH,Proportion of youth (15-24),_T,Total,2030,,19,,PERCENT,percent,,,F,Forecasted value,,,,
DATAFLOW,SPC:DF_POP_AGE(1.0),Population structure by age,I,A,Annual,FM,Micronesia (Federated States of),POPYOUTH,Proportion of youth (15-24),_T,Total,2031,,19,,PERCENT,percent,,,F,Forecasted value,,,,
DATAFLOW,SPC:DF_POP_AGE(1.0),Population structure by age,I,A,Annual,FM,Micronesia (Federated States of),POPYOUTH,Proportion of youth (15-24),_T,Total,2032,,19,,PERCENT,percent,,,F,Forecasted value,,,,
DATAFLOW,SPC:DF_POP_AGE(1.0),Population structure by age,I,A,Annual,FM,Micronesia (Federated States of),POPYOUTH,Proportion of youth (15-24),_T,Total,2033,,19,,PERCENT,percent,,,F,Forecasted value,,,,
DATAFLOW,SPC:DF_POP_AGE(1.0),Population structure by age,I,A,Annual,FM,Micronesia (Federated States of),POPYOUTH,Proportion of youth (15-24),_T,Total,2034,,19,,PERCENT,percent,,,F,Forecasted value,,,,
DATAFLOW,SPC:DF_POP_AGE(1.0),Population structure by age,I,A,Annual,FM,Micronesia (Federated States of),POPYOUTH,Proportion of youth (15-24),_T,Total,2035,,19,,PERCENT,percent,,,F,Forecasted value,,,,
DATAFLOW,SPC:DF_POP_AGE(1.0),Population structure by age,I,A,Annual,FM,Micronesia (Federated States of),POPYOUTH,Proportion of youth (15-24),_T,Total,2036,,18,,PERCENT,percent,,,F,Forecasted value,,,,
DATAFLOW,SPC:DF_POP_AGE(1.0),Population structure by age,I,A,Annual,FM,Micronesia (Federated States of),POPYOUTH,Proportion of youth (15-24),_T,Total,2037,,18,,PERCENT,percent,,,F,Forecasted value,,,,
DATAFLOW,SPC:DF_POP_AGE(1.0),Population structure by age,I,A,Annual,FM,Micronesia (Federated States of),POPYOUTH,Proportion of youth (15-24),_T,Total,2038,,18,,PERCENT,percent,,,F,Forecasted value,,,,
DATAFLOW,SPC:DF_POP_AGE(1.0),Population structure by age,I,A,Annual,FM,Micronesia (Federated States of),POPYOUTH,Proportion of youth (15-24),_T,Total,2039,,18,,PERCENT,percent,,,F,Forecasted value,,,,
DATAFLOW,SPC:DF_POP_AGE(1.0),Population structure by age,I,A,Annual,FM,Micronesia (Federated States of),POPYOUTH,Proportion of youth (15-24),_T,Total,2040,,18,,PERCENT,percent,,,F,Forecasted value,,,,
DATAFLOW,SPC:DF_POP_AGE(1.0),Population structure by age,I,A,Annual,FM,Micronesia (Federated States of),POPYOUTH,Proportion of youth (15-24),_T,Total,2041,,18,,PERCENT,percent,,,F,Forecasted value,,,,
DATAFLOW,SPC:DF_POP_AGE(1.0),Population structure by age,I,A,Annual,FM,Micronesia (Federated States of),POPYOUTH,Proportion of youth (15-24),_T,Total,2042,,18,,PERCENT,percent,,,F,Forecasted value,,,,
DATAFLOW,SPC:DF_POP_AGE(1.0),Population structure by age,I,A,Annual,FM,Micronesia (Federated States of),POPYOUTH,Proportion of youth (15-24),_T,Total,2043,,18,,PERCENT,percent,,,F,Forecasted value,,,,
DATAFLOW,SPC:DF_POP_AGE(1.0),Population structure by age,I,A,Annual,FM,Micronesia (Federated States of),POPYOUTH,Proportion of youth (15-24),_T,Total,2044,,18,,PERCENT,percent,,,F,Forecasted value,,,,
DATAFLOW,SPC:DF_POP_AGE(1.0),Population structure by age,I,A,Annual,FM,Micronesia (Federated States of),POPYOUTH,Proportion of youth (15-24),_T,Total,2045,,17,,PERCENT,percent,,,F,Forecasted value,,,,
DATAFLOW,SPC:DF_POP_AGE(1.0),Population structure by age,I,A,Annual,FM,Micronesia (Federated States of),POPYOUTH,Proportion of youth (15-24),_T,Total,2046,,17,,PERCENT,percent,,,F,Forecasted value,,,,
DATAFLOW,SPC:DF_POP_AGE(1.0),Population structure by age,I,A,Annual,FM,Micronesia (Federated States of),POPYOUTH,Proportion of youth (15-24),_T,Total,2047,,17,,PERCENT,percent,,,F,Forecasted value,,,,
DATAFLOW,SPC:DF_POP_AGE(1.0),Population structure by age,I,A,Annual,FM,Micronesia (Federated States of),POPYOUTH,Proportion of youth (15-24),_T,Total,2048,,17,,PERCENT,percent,,,F,Forecasted value,,,,
DATAFLOW,SPC:DF_POP_AGE(1.0),Population structure by age,I,A,Annual,FM,Micronesia (Federated States of),POPYOUTH,Proportion of youth (15-24),_T,Total,2049,,17,,PERCENT,percent,,,F,Forecasted value,,,,
DATAFLOW,SPC:DF_POP_AGE(1.0),Population structure by age,I,A,Annual,FM,Micronesia (Federated States of),POPYOUTH,Proportion of youth (15-24),_T,Total,2050,,17,,PERCENT,percent,,,F,Forecasted value,,,,
DATAFLOW,SPC:DF_POP_AGE(1.0),Population structure by age,I,A,Annual,NU,Niue,POPCHILD,Proportion of children (<14),_T,Total,2025,,23,,PERCENT,percent,,,E,Estimated value,,,,
DATAFLOW,SPC:DF_POP_AGE(1.0),Population structure by age,I,A,Annual,NU,Niue,POPCHILD,Proportion of children (<14),_T,Total,2026,,22,,PERCENT,percent,,,F,Forecasted value,,,,
DATAFLOW,SPC:DF_POP_AGE(1.0),Population structure by age,I,A,Annual,NU,Niue,POPCHILD,Proportion of children (<14),_T,Total,2027,,21,,PERCENT,percent,,,F,Forecasted value,,,,
DATAFLOW,SPC:DF_POP_AGE(1.0),Population structure by age,I,A,Annual,NU,Niue,POPCHILD,Proportion of children (<14),_T,Total,2028,,21,,PERCENT,percent,,,F,Forecasted value,,,,
DATAFLOW,SPC:DF_POP_AGE(1.0),Population structure by age,I,A,Annual,NU,Niue,POPCHILD,Proportion of children (<14),_T,Total,2029,,21,,PERCENT,percent,,,F,Forecasted value,,,,
DATAFLOW,SPC:DF_POP_AGE(1.0),Population structure by age,I,A,Annual,NU,Niue,POPCHILD,Proportion of children (<14),_T,Total,2030,,21,,PERCENT,percent,,,F,Forecasted value,,,,
DATAFLOW,SPC:DF_POP_AGE(1.0),Population structure by age,I,A,Annual,NU,Niue,POPCHILD,Proportion of children (<14),_T,Total,2031,,21,,PERCENT,percent,,,F,Forecasted value,,,,
DATAFLOW,SPC:DF_POP_AGE(1.0),Population structure by age,I,A,Annual,NU,Niue,POPCHILD,Proportion of children (<14),_T,Total,2032,,22,,PERCENT,percent,,,F,Forecasted value,,,,
DATAFLOW,SPC:DF_POP_AGE(1.0),Population structure by age,I,A,Annual,NU,Niue,POPCHILD,Proportion of children (<14),_T,Total,2033,,22,,PERCENT,percent,,,F,Forecasted value,,,,
DATAFLOW,SPC:DF_POP_AGE(1.0),Population structure by age,I,A,Annual,NU,Niue,POPCHILD,Proportion of children (<14),_T,Total,2034,,22,,PERCENT,percent,,,F,Forecasted value,,,,
DATAFLOW,SPC:DF_POP_AGE(1.0),Population structure by age,I,A,Annual,NU,Niue,POPCHILD,Proportion of children (<14),_T,Total,2035,,22,,PERCENT,percent,,,F,Forecasted value,,,,
DATAFLOW,SPC:DF_POP_AGE(1.0),Population structure by age,I,A,Annual,NU,Niue,POPCHILD,Proportion of children (<14),_T,Total,2036,,23,,PERCENT,percent,,,F,Forecasted value,,,,
DATAFLOW,SPC:DF_POP_AGE(1.0),Population structure by age,I,A,Annual,NU,Niue,POPCHILD,Proportion of children (<14),_T,Total,2037,,23,,PERCENT,percent,,,F,Forecasted value,,,,
DATAFLOW,SPC:DF_POP_AGE(1.0),Population structure by age,I,A,Annual,NU,Niue,POPCHILD,Proportion of children (<14),_T,Total,2038,,24,,PERCENT,percent,,,F,Forecasted value,,,,
DATAFLOW,SPC:DF_POP_AGE(1.0),Population structure by age,I,A,Annual,NU,Niue,POPCHILD,Proportion of children (<14),_T,Total,2039,,24,,PERCENT,percent,,,F,Forecasted value,,,,
DATAFLOW,SPC:DF_POP_AGE(1.0),Population structure by age,I,A,Annual,NU,Niue,POPCHILD,Proportion of children (<14),_T,Total,2040,,24,,PERCENT,percent,,,F,Forecasted value,,,,
DATAFLOW,SPC:DF_POP_AGE(1.0),Population structure by age,I,A,Annual,NU,Niue,POPCHILD,Proportion of children (<14),_T,Total,2041,,25,,PERCENT,percent,,,F,Forecasted value,,,,
DATAFLOW,SPC:DF_POP_AGE(1.0),Population structure by age,I,A,Annual,NU,Niue,POPCHILD,Proportion of children (<14),_T,Total,2042,,25,,PERCENT,percent,,,F,Forecasted value,,,,
DATAFLOW,SPC:DF_POP_AGE(1.0),Population structure by age,I,A,Annual,NU,Niue,POPCHILD,Proportion of children (<14),_T,Total,2043,,25,,PERCENT,percent,,,F,Forecasted value,,,,
DATAFLOW,SPC:DF_POP_AGE(1.0),Population structure by age,I,A,Annual,NU,Niue,POPCHILD,Proportion of children (<14),_T,Total,2044,,25,,PERCENT,percent,,,F,Forecasted value,,,,
DATAFLOW,SPC:DF_POP_AGE(1.0),Population structure by age,I,A,Annual,NU,Niue,POPCHILD,Proportion of children (<14),_T,Total,2045,,25,,PERCENT,percent,,,F,Forecasted value,,,,
DATAFLOW,SPC:DF_POP_AGE(1.0),Population structure by age,I,A,Annual,NU,Niue,POPCHILD,Proportion of children (<14),_T,Total,2046,,25,,PERCENT,percent,,,F,Forecasted value,,,,
DATAFLOW,SPC:DF_POP_AGE(1.0),Population structure by age,I,A,Annual,NU,Niue,POPCHILD,Proportion of children (<14),_T,Total,2047,,25,,PERCENT,percent,,,F,Forecasted value,,,,
DATAFLOW,SPC:DF_POP_AGE(1.0),Population structure by age,I,A,Annual,NU,Niue,POPCHILD,Proportion of children (<14),_T,Total,2048,,24,,PERCENT,percent,,,F,Forecasted value,,,,
DATAFLOW,SPC:DF_POP_AGE(1.0),Population structure by age,I,A,Annual,NU,Niue,POPCHILD,Proportion of children (<14),_T,Total,2049,,24,,PERCENT,percent,,,F,Forecasted value,,,,
DATAFLOW,SPC:DF_POP_AGE(1.0),Population structure by age,I,A,Annual,NU,Niue,POPCHILD,Proportion of children (<14),_T,Total,2050,,24,,PERCENT,percent,,,F,Forecasted value,,,,
DATAFLOW,SPC:DF_POP_AGE(1.0),Population structure by age,I,A,Annual,NR,Nauru,POPCHILD,Proportion of children (<14),_T,Total,2025,,37,,PERCENT,percent,,,E,Estimated value,,,,
DATAFLOW,SPC:DF_POP_AGE(1.0),Population structure by age,I,A,Annual,NR,Nauru,POPCHILD,Proportion of children (<14),_T,Total,2026,,37,,PERCENT,percent,,,F,Forecasted value,,,,
DATAFLOW,SPC:DF_POP_AGE(1.0),Population structure by age,I,A,Annual,NR,Nauru,POPCHILD,Proportion of children (<14),_T,Total,2027,,36,,PERCENT,percent,,,F,Forecasted value,,,,
DATAFLOW,SPC:DF_POP_AGE(1.0),Population structure by age,I,A,Annual,NR,Nauru,POPCHILD,Proportion of children (<14),_T,Total,2028,,35,,PERCENT,percent,,,F,Forecasted value,,,,
DATAFLOW,SPC:DF_POP_AGE(1.0),Population structure by age,I,A,Annual,NR,Nauru,POPCHILD,Proportion of children (<14),_T,Total,2029,,35,,PERCENT,percent,,,F,Forecasted value,,,,
DATAFLOW,SPC:DF_POP_AGE(1.0),Population structure by age,I,A,Annual,NR,Nauru,POPCHILD,Proportion of children (<14),_T,Total,2030,,34,,PERCENT,percent,,,F,Forecasted value,,,,
DATAFLOW,SPC:DF_POP_AGE(1.0),Population structure by age,I,A,Annual,NR,Nauru,POPCHILD,Proportion of children (<14),_T,Total,2031,,33,,PERCENT,percent,,,F,Forecasted value,,,,
DATAFLOW,SPC:DF_POP_AGE(1.0),Population structure by age,I,A,Annual,NR,Nauru,POPCHILD,Proportion of children (<14),_T,Total,2032,,33,,PERCENT,percent,,,F,Forecasted value,,,,
DATAFLOW,SPC:DF_POP_AGE(1.0),Population structure by age,I,A,Annual,NR,Nauru,POPCHILD,Proportion of children (<14),_T,Total,2033,,33,,PERCENT,percent,,,F,Forecasted value,,,,
DATAFLOW,SPC:DF_POP_AGE(1.0),Population structure by age,I,A,Annual,NR,Nauru,POPCHILD,Proportion of children (<14),_T,Total,2034,,32,,PERCENT,percent,,,F,Forecasted value,,,,
DATAFLOW,SPC:DF_POP_AGE(1.0),Population structure by age,I,A,Annual,NR,Nauru,POPCHILD,Proportion of children (<14),_T,Total,2035,,32,,PERCENT,percent,,,F,Forecasted value,,,,
DATAFLOW,SPC:DF_POP_AGE(1.0),Population structure by age,I,A,Annual,NR,Nauru,POPCHILD,Proportion of children (<14),_T,Total,2036,,32,,PERCENT,percent,,,F,Forecasted value,,,,
DATAFLOW,SPC:DF_POP_AGE(1.0),Population structure by age,I,A,Annual,NR,Nauru,POPCHILD,Proportion of children (<14),_T,Total,2037,,31,,PERCENT,percent,,,F,Forecasted value,,,,
DATAFLOW,SPC:DF_POP_AGE(1.0),Population structure by age,I,A,Annual,NR,Nauru,POPCHILD,Proportion of children (<14),_T,Total,2038,,31,,PERCENT,percent,,,F,Forecasted value,,,,
DATAFLOW,SPC:DF_POP_AGE(1.0),Population structure by age,I,A,Annual,NR,Nauru,POPCHILD,Proportion of children (<14),_T,Total,2039,,31,,PERCENT,percent,,,F,Forecasted value,,,,
DATAFLOW,SPC:DF_POP_AGE(1.0),Population structure by age,I,A,Annual,NR,Nauru,POPCHILD,Proportion of children (<14),_T,Total,2040,,31,,PERCENT,percent,,,F,Forecasted value,,,,
DATAFLOW,SPC:DF_POP_AGE(1.0),Population structure by age,I,A,Annual,NR,Nauru,POPCHILD,Proportion of children (<14),_T,Total,2041,,31,,PERCENT,percent,,,F,Forecasted value,,,,
DATAFLOW,SPC:DF_POP_AGE(1.0),Population structure by age,I,A,Annual,NR,Nauru,POPCHILD,Proportion of children (<14),_T,Total,2042,,31,,PERCENT,percent,,,F,Forecasted value,,,,
DATAFLOW,SPC:DF_POP_AGE(1.0),Population structure by age,I,A,Annual,NR,Nauru,POPCHILD,Proportion of children (<14),_T,Total,2043,,31,,PERCENT,percent,,,F,Forecasted value,,,,
DATAFLOW,SPC:DF_POP_AGE(1.0),Population structure by age,I,A,Annual,NR,Nauru,POPCHILD,Proportion of children (<14),_T,Total,2044,,31,,PERCENT,percent,,,F,Forecasted value,,,,
DATAFLOW,SPC:DF_POP_AGE(1.0),Population structure by age,I,A,Annual,NR,Nauru,POPCHILD,Proportion of children (<14),_T,Total,2045,,31,,PERCENT,percent,,,F,Forecasted value,,,,
DATAFLOW,SPC:DF_POP_AGE(1.0),Population structure by age,I,A,Annual,NR,Nauru,POPCHILD,Proportion of children (<14),_T,Total,2046,,31,,PERCENT,percent,,,F,Forecasted value,,,,
DATAFLOW,SPC:DF_POP_AGE(1.0),Population structure by age,I,A,Annual,NR,Nauru,POPCHILD,Proportion of children (<14),_T,Total,2047,,31,,PERCENT,percent,,,F,Forecasted value,,,,
DATAFLOW,SPC:DF_POP_AGE(1.0),Population structure by age,I,A,Annual,NR,Nauru,POPCHILD,Proportion of children (<14),_T,Total,2048,,31,,PERCENT,percent,,,F,Forecasted value,,,,
DATAFLOW,SPC:DF_POP_AGE(1.0),Population structure by age,I,A,Annual,NR,Nauru,POPCHILD,Proportion of children (<14),_T,Total,2049,,30,,PERCENT,percent,,,F,Forecasted value,,,,
DATAFLOW,SPC:DF_POP_AGE(1.0),Population structure by age,I,A,Annual,NR,Nauru,POPCHILD,Proportion of children (<14),_T,Total,2050,,30,,PERCENT,percent,,,F,Forecasted value,,,,
DATAFLOW,SPC:DF_POP_AGE(1.0),Population structure by age,I,A,Annual,FM,Micronesia (Federated States of),POPCHILD,Proportion of children (<14),_T,Total,2025,,32,,PERCENT,percent,,,E,Estimated value,,,,
DATAFLOW,SPC:DF_POP_AGE(1.0),Population structure by age,I,A,Annual,FM,Micronesia (Federated States of),POPCHILD,Proportion of children (<14),_T,Total,2026,,31,,PERCENT,percent,,,F,Forecasted value,,,,
DATAFLOW,SPC:DF_POP_AGE(1.0),Population structure by age,I,A,Annual,FM,Micronesia (Federated States of),POPCHILD,Proportion of children (<14),_T,Total,2027,,31,,PERCENT,percent,,,F,Forecasted value,,,,
DATAFLOW,SPC:DF_POP_AGE(1.0),Population structure by age,I,A,Annual,FM,Micronesia (Federated States of),POPCHILD,Proportion of children (<14),_T,Total,2028,,31,,PERCENT,percent,,,F,Forecasted value,,,,
DATAFLOW,SPC:DF_POP_AGE(1.0),Population structure by age,I,A,Annual,FM,Micronesia (Federated States of),POPCHILD,Proportion of children (<14),_T,Total,2029,,30,,PERCENT,percent,,,F,Forecasted value,,,,
DATAFLOW,SPC:DF_POP_AGE(1.0),Population structure by age,I,A,Annual,FM,Micronesia (Federated States of),POPCHILD,Proportion of children (<14),_T,Total,2030,,30,,PERCENT,percent,,,F,Forecasted value,,,,
DATAFLOW,SPC:DF_POP_AGE(1.0),Population structure by age,I,A,Annual,FM,Micronesia (Federated States of),POPCHILD,Proportion of children (<14),_T,Total,2031,,30,,PERCENT,percent,,,F,Forecasted value,,,,
DATAFLOW,SPC:DF_POP_AGE(1.0),Population structure by age,I,A,Annual,FM,Micronesia (Federated States of),POPCHILD,Proportion of children (<14),_T,Total,2032,,30,,PERCENT,percent,,,F,Forecasted value,,,,
DATAFLOW,SPC:DF_POP_AGE(1.0),Population structure by age,I,A,Annual,FM,Micronesia (Federated States of),POPCHILD,Proportion of children (<14),_T,Total,2033,,30,,PERCENT,percent,,,F,Forecasted value,,,,
DATAFLOW,SPC:DF_POP_AGE(1.0),Population structure by age,I,A,Annual,FM,Micronesia (Federated States of),POPCHILD,Proportion of children (<14),_T,Total,2034,,29,,PERCENT,percent,,,F,Forecasted value,,,,
DATAFLOW,SPC:DF_POP_AGE(1.0),Population structure by age,I,A,Annual,FM,Micronesia (Federated States of),POPCHILD,Proportion of children (<14),_T,Total,2035,,29,,PERCENT,percent,,,F,Forecasted value,,,,
DATAFLOW,SPC:DF_POP_AGE(1.0),Population structure by age,I,A,Annual,FM,Micronesia (Federated States of),POPCHILD,Proportion of children (<14),_T,Total,2036,,29,,PERCENT,percent,,,F,Forecasted value,,,,
DATAFLOW,SPC:DF_POP_AGE(1.0),Population structure by age,I,A,Annual,FM,Micronesia (Federated States of),POPCHILD,Proportion of children (<14),_T,Total,2037,,29,,PERCENT,percent,,,F,Forecasted value,,,,
DATAFLOW,SPC:DF_POP_AGE(1.0),Population structure by age,I,A,Annual,FM,Micronesia (Federated States of),POPCHILD,Proportion of children (<14),_T,Total,2038,,28,,PERCENT,percent,,,F,Forecasted value,,,,
DATAFLOW,SPC:DF_POP_AGE(1.0),Population structure by age,I,A,Annual,FM,Micronesia (Federated States of),POPCHILD,Proportion of children (<14),_T,Total,2039,,28,,PERCENT,percent,,,F,Forecasted value,,,,
DATAFLOW,SPC:DF_POP_AGE(1.0),Population structure by age,I,A,Annual,FM,Micronesia (Federated States of),POPCHILD,Proportion of children (<14),_T,Total,2040,,28,,PERCENT,percent,,,F,Forecasted value,,,,
DATAFLOW,SPC:DF_POP_AGE(1.0),Population structure by age,I,A,Annual,FM,Micronesia (Federated States of),POPCHILD,Proportion of children (<14),_T,Total,2041,,28,,PERCENT,percent,,,F,Forecasted value,,,,
DATAFLOW,SPC:DF_POP_AGE(1.0),Population structure by age,I,A,Annual,FM,Micronesia (Federated States of),POPCHILD,Proportion of children (<14),_T,Total,2042,,27,,PERCENT,percent,,,F,Forecasted value,,,,
DATAFLOW,SPC:DF_POP_AGE(1.0),Population structure by age,I,A,Annual,FM,Micronesia (Federated States of),POPCHILD,Proportion of children (<14),_T,Total,2043,,27,,PERCENT,percent,,,F,Forecasted value,,,,
DATAFLOW,SPC:DF_POP_AGE(1.0),Population structure by age,I,A,Annual,FM,Micronesia (Federated States of),POPCHILD,Proportion of children (<14),_T,Total,2044,,27,,PERCENT,percent,,,F,Forecasted value,,,,
DATAFLOW,SPC:DF_POP_AGE(1.0),Population structure by age,I,A,Annual,FM,Micronesia (Federated States of),POPCHILD,Proportion of children (<14),_T,Total,2045,,26,,PERCENT,percent,,,F,Forecasted value,,,,
DATAFLOW,SPC:DF_POP_AGE(1.0),Population structure by age,I,A,Annual,FM,Micronesia (Federated States of),POPCHILD,Proportion of children (<14),_T,Total,2046,,26,,PERCENT,percent,,,F,Forecasted value,,,,
DATAFLOW,SPC:DF_POP_AGE(1.0),Population structure by age,I,A,Annual,FM,Micronesia (Federated States of),POPCHILD,Proportion of children (<14),_T,Total,2047,,26,,PERCENT,percent,,,F,Forecasted value,,,,
DATAFLOW,SPC:DF_POP_AGE(1.0),Population structure by age,I,A,Annual,FM,Micronesia (Federated States of),POPCHILD,Proportion of children (<14),_T,Total,2048,,26,,PERCENT,percent,,,F,Forecasted value,,,,
DATAFLOW,SPC:DF_POP_AGE(1.0),Population structure by age,I,A,Annual,FM,Micronesia (Federated States of),POPCHILD,Proportion of children (<14),_T,Total,2049,,25,,PERCENT,percent,,,F,Forecasted value,,,,
DATAFLOW,SPC:DF_POP_AGE(1.0),Population structure by age,I,A,Annual,FM,Micronesia (Federated States of),POPCHILD,Proportion of children (<14),_T,Total,2050,,25,,PERCENT,percent,,,F,Forecasted value,,,,
DATAFLOW,SPC:DF_POP_AGE(1.0),Population structure by age,I,A,Annual,TK,Tokelau,POPCHILD,Proportion of children (<14),_T,Total,2025,,26,,PERCENT,percent,,,E,Estimated value,,,,
DATAFLOW,SPC:DF_POP_AGE(1.0),Population structure by age,I,A,Annual,TK,Tokelau,POPCHILD,Proportion of children (<14),_T,Total,2026,,26,,PERCENT,percent,,,F,Forecasted value,,,,
DATAFLOW,SPC:DF_POP_AGE(1.0),Population structure by age,I,A,Annual,TK,Tokelau,POPCHILD,Proportion of children (<14),_T,Total,2027,,26,,PERCENT,percent,,,F,Forecasted value,,,,
DATAFLOW,SPC:DF_POP_AGE(1.0),Population structure by age,I,A,Annual,TK,Tokelau,POPCHILD,Proportion of children (<14),_T,Total,2028,,26,,PERCENT,percent,,,F,Forecasted value,,,,
DATAFLOW,SPC:DF_POP_AGE(1.0),Population structure by age,I,A,Annual,TK,Tokelau,POPCHILD,Proportion of children (<14),_T,Total,2029,,26,,PERCENT,percent,,,F,Forecasted value,,,,
DATAFLOW,SPC:DF_POP_AGE(1.0),Population structure by age,I,A,Annual,TK,Tokelau,POPCHILD,Proportion of children (<14),_T,Total,2030,,26,,PERCENT,percent,,,F,Forecasted value,,,,
DATAFLOW,SPC:DF_POP_AGE(1.0),Population structure by age,I,A,Annual,TK,Tokelau,POPCHILD,Proportion of children (<14),_T,Total,2031,,26,,PERCENT,percent,,,F,Forecasted value,,,,
DATAFLOW,SPC:DF_POP_AGE(1.0),Population structure by age,I,A,Annual,TK,Tokelau,POPCHILD,Proportion of children (<14),_T,Total,2032,,26,,PERCENT,percent,,,F,Forecasted value,,,,
DATAFLOW,SPC:DF_POP_AGE(1.0),Population structure by age,I,A,Annual,TK,Tokelau,POPCHILD,Proportion of children (<14),_T,Total,2033,,26,,PERCENT,percent,,,F,Forecasted value,,,,
DATAFLOW,SPC:DF_POP_AGE(1.0),Population structure by age,I,A,Annual,TK,Tokelau,POPCHILD,Proportion of children (<14),_T,Total,2034,,26,,PERCENT,percent,,,F,Forecasted value,,,,
DATAFLOW,SPC:DF_POP_AGE(1.0),Population structure by age,I,A,Annual,TK,Tokelau,POPCHILD,Proportion of children (<14),_T,Total,2035,,27,,PERCENT,percent,,,F,Forecasted value,,,,
DATAFLOW,SPC:DF_POP_AGE(1.0),Population structure by age,I,A,Annual,TK,Tokelau,POPCHILD,Proportion of children (<14),_T,Total,2036,,26,,PERCENT,percent,,,F,Forecasted value,,,,
DATAFLOW,SPC:DF_POP_AGE(1.0),Population structure by age,I,A,Annual,TK,Tokelau,POPCHILD,Proportion of children (<14),_T,Total,2037,,26,,PERCENT,percent,,,F,Forecasted value,,,,
DATAFLOW,SPC:DF_POP_AGE(1.0),Population structure by age,I,A,Annual,TK,Tokelau,POPCHILD,Proportion of children (<14),_T,Total,2038,,26,,PERCENT,percent,,,F,Forecasted value,,,,
DATAFLOW,SPC:DF_POP_AGE(1.0),Population structure by age,I,A,Annual,TK,Tokelau,POPCHILD,Proportion of children (<14),_T,Total,2039,,26,,PERCENT,percent,,,F,Forecasted value,,,,
DATAFLOW,SPC:DF_POP_AGE(1.0),Population structure by age,I,A,Annual,TK,Tokelau,POPCHILD,Proportion of children (<14),_T,Total,2040,,26,,PERCENT,percent,,,F,Forecasted value,,,,
DATAFLOW,SPC:DF_POP_AGE(1.0),Population structure by age,I,A,Annual,TK,Tokelau,POPCHILD,Proportion of children (<14),_T,Total,2041,,25,,PERCENT,percent,,,F,Forecasted value,,,,
DATAFLOW,SPC:DF_POP_AGE(1.0),Population structure by age,I,A,Annual,TK,Tokelau,POPCHILD,Proportion of children (<14),_T,Total,2042,,25,,PERCENT,percent,,,F,Forecasted value,,,,
DATAFLOW,SPC:DF_POP_AGE(1.0),Population structure by age,I,A,Annual,TK,Tokelau,POPCHILD,Proportion of children (<14),_T,Total,2043,,25,,PERCENT,percent,,,F,Forecasted value,,,,
DATAFLOW,SPC:DF_POP_AGE(1.0),Population structure by age,I,A,Annual,TK,Tokelau,POPCHILD,Proportion of children (<14),_T,Total,2044,,24,,PERCENT,percent,,,F,Forecasted value,,,,
DATAFLOW,SPC:DF_POP_AGE(1.0),Population structure by age,I,A,Annual,TK,Tokelau,POPCHILD,Proportion of children (<14),_T,Total,2045,,24,,PERCENT,percent,,,F,Forecasted value,,,,
DATAFLOW,SPC:DF_POP_AGE(1.0),Population structure by age,I,A,Annual,TK,Tokelau,POPCHILD,Proportion of children (<14),_T,Total,2046,,23,,PERCENT,percent,,,F,Forecasted value,,,,
DATAFLOW,SPC:DF_POP_AGE(1.0),Population structure by age,I,A,Annual,TK,Tokelau,POPCHILD,Proportion of children (<14),_T,Total,2047,,23,,PERCENT,percent,,,F,Forecasted value,,,,
DATAFLOW,SPC:DF_POP_AGE(1.0),Population structure by age,I,A,Annual,TK,Tokelau,POPCHILD,Proportion of children (<14),_T,Total,2048,,23,,PERCENT,percent,,,F,Forecasted value,,,,
DATAFLOW,SPC:DF_POP_AGE(1.0),Population structure by age,I,A,Annual,TK,Tokelau,POPCHILD,Proportion of children (<14),_T,Total,2049,,22,,PERCENT,percent,,,F,Forecasted value,,,,
DATAFLOW,SPC:DF_POP_AGE(1.0),Population structure by age,I,A,Annual,TK,Tokelau,POPCHILD,Proportion of children (<14),_T,Total,2050,,22,,PERCENT,percent,,,F,Forecasted value,,,,
DATAFLOW,SPC:DF_POP_AGE(1.0),Population structure by age,I,A,Annual,FJ,Fiji,POPYOUTH,Proportion of youth (15-24),_T,Total,2025,,17,,PERCENT,percent,,,E,Estimated value,,,,
DATAFLOW,SPC:DF_POP_AGE(1.0),Population structure by age,I,A,Annual,FJ,Fiji,POPYOUTH,Proportion of youth (15-24),_T,Total,2026,,17,,PERCENT,percent,,,F,Forecasted value,,,,
DATAFLOW,SPC:DF_POP_AGE(1.0),Population structure by age,I,A,Annual,FJ,Fiji,POPYOUTH,Proportion of youth (15-24),_T,Total,2027,,17,,PERCENT,percent,,,F,Forecasted value,,,,
DATAFLOW,SPC:DF_POP_AGE(1.0),Population structure by age,I,A,Annual,FJ,Fiji,POPYOUTH,Proportion of youth (15-24),_T,Total,2028,,17,,PERCENT,percent,,,F,Forecasted value,,,,
DATAFLOW,SPC:DF_POP_AGE(1.0),Population structure by age,I,A,Annual,FJ,Fiji,POPYOUTH,Proportion of youth (15-24),_T,Total,2029,,17,,PERCENT,percent,,,F,Forecasted value,,,,
DATAFLOW,SPC:DF_POP_AGE(1.0),Population structure by age,I,A,Annual,FJ,Fiji,POPYOUTH,Proportion of youth (15-24),_T,Total,2030,,17,,PERCENT,percent,,,F,Forecasted value,,,,
DATAFLOW,SPC:DF_POP_AGE(1.0),Population structure by age,I,A,Annual,FJ,Fiji,POPYOUTH,Proportion of youth (15-24),_T,Total,2031,,17,,PERCENT,percent,,,F,Forecasted value,,,,
DATAFLOW,SPC:DF_POP_AGE(1.0),Population structure by age,I,A,Annual,FJ,Fiji,POPYOUTH,Proportion of youth (15-24),_T,Total,2032,,17,,PERCENT,percent,,,F,Forecasted value,,,,
DATAFLOW,SPC:DF_POP_AGE(1.0),Population structure by age,I,A,Annual,FJ,Fiji,POPYOUTH,Proportion of youth (15-24),_T,Total,2033,,17,,PERCENT,percent,,,F,Forecasted value,,,,
DATAFLOW,SPC:DF_POP_AGE(1.0),Population structure by age,I,A,Annual,FJ,Fiji,POPYOUTH,Proportion of youth (15-24),_T,Total,2034,,17,,PERCENT,percent,,,F,Forecasted value,,,,
DATAFLOW,SPC:DF_POP_AGE(1.0),Population structure by age,I,A,Annual,FJ,Fiji,POPYOUTH,Proportion of youth (15-24),_T,Total,2035,,17,,PERCENT,percent,,,F,Forecasted value,,,,
DATAFLOW,SPC:DF_POP_AGE(1.0),Population structure by age,I,A,Annual,FJ,Fiji,POPYOUTH,Proportion of youth (15-24),_T,Total,2036,,17,,PERCENT,percent,,,F,Forecasted value,,,,
DATAFLOW,SPC:DF_POP_AGE(1.0),Population structure by age,I,A,Annual,FJ,Fiji,POPYOUTH,Proportion of youth (15-24),_T,Total,2037,,17,,PERCENT,percent,,,F,Forecasted value,,,,
DATAFLOW,SPC:DF_POP_AGE(1.0),Population structure by age,I,A,Annual,FJ,Fiji,POPYOUTH,Proportion of youth (15-24),_T,Total,2038,,17,,PERCENT,percent,,,F,Forecasted value,,,,
DATAFLOW,SPC:DF_POP_AGE(1.0),Population structure by age,I,A,Annual,FJ,Fiji,POPYOUTH,Proportion of youth (15-24),_T,Total,2039,,16,,PERCENT,percent,,,F,Forecasted value,,,,
DATAFLOW,SPC:DF_POP_AGE(1.0),Population structure by age,I,A,Annual,FJ,Fiji,POPYOUTH,Proportion of youth (15-24),_T,Total,2040,,16,,PERCENT,percent,,,F,Forecasted value,,,,
DATAFLOW,SPC:DF_POP_AGE(1.0),Population structure by age,I,A,Annual,FJ,Fiji,POPYOUTH,Proportion of youth (15-24),_T,Total,2041,,16,,PERCENT,percent,,,F,Forecasted value,,,,
DATAFLOW,SPC:DF_POP_AGE(1.0),Population structure by age,I,A,Annual,FJ,Fiji,POPYOUTH,Proportion of youth (15-24),_T,Total,2042,,16,,PERCENT,percent,,,F,Forecasted value,,,,
DATAFLOW,SPC:DF_POP_AGE(1.0),Population structure by age,I,A,Annual,FJ,Fiji,POPYOUTH,Proportion of youth (15-24),_T,Total,2043,,16,,PERCENT,percent,,,F,Forecasted value,,,,
DATAFLOW,SPC:DF_POP_AGE(1.0),Population structure by age,I,A,Annual,FJ,Fiji,POPYOUTH,Proportion of youth (15-24),_T,Total,2044,,15,,PERCENT,percent,,,F,Forecasted value,,,,
DATAFLOW,SPC:DF_POP_AGE(1.0),Population structure by age,I,A,Annual,FJ,Fiji,POPYOUTH,Proportion of youth (15-24),_T,Total,2045,,15,,PERCENT,percent,,,F,Forecasted value,,,,
DATAFLOW,SPC:DF_POP_AGE(1.0),Population structure by age,I,A,Annual,FJ,Fiji,POPYOUTH,Proportion of youth (15-24),_T,Total,2046,,15,,PERCENT,percent,,,F,Forecasted value,,,,
DATAFLOW,SPC:DF_POP_AGE(1.0),Population structure by age,I,A,Annual,FJ,Fiji,POPYOUTH,Proportion of youth (15-24),_T,Total,2047,,15,,PERCENT,percent,,,F,Forecasted value,,,,
DATAFLOW,SPC:DF_POP_AGE(1.0),Population structure by age,I,A,Annual,FJ,Fiji,POPYOUTH,Proportion of youth (15-24),_T,Total,2048,,15,,PERCENT,percent,,,F,Forecasted value,,,,
DATAFLOW,SPC:DF_POP_AGE(1.0),Population structure by age,I,A,Annual,FJ,Fiji,POPYOUTH,Proportion of youth (15-24),_T,Total,2049,,15,,PERCENT,percent,,,F,Forecasted value,,,,
DATAFLOW,SPC:DF_POP_AGE(1.0),Population structure by age,I,A,Annual,FJ,Fiji,POPYOUTH,Proportion of youth (15-24),_T,Total,2050,,15,,PERCENT,percent,,,F,Forecasted value,,,,
DATAFLOW,SPC:DF_POP_AGE(1.0),Population structure by age,I,A,Annual,WF,Wallis and Futuna,POPYOUTH,Proportion of youth (15-24),_T,Total,2025,,17,,PERCENT,percent,,,E,Estimated value,,,,
DATAFLOW,SPC:DF_POP_AGE(1.0),Population structure by age,I,A,Annual,WF,Wallis and Futuna,POPYOUTH,Proportion of youth (15-24),_T,Total,2026,,17,,PERCENT,percent,,,F,Forecasted value,,,,
DATAFLOW,SPC:DF_POP_AGE(1.0),Population structure by age,I,A,Annual,WF,Wallis and Futuna,POPYOUTH,Proportion of youth (15-24),_T,Total,2027,,18,,PERCENT,percent,,,F,Forecasted value,,,,
DATAFLOW,SPC:DF_POP_AGE(1.0),Population structure by age,I,A,Annual,WF,Wallis and Futuna,POPYOUTH,Proportion of youth (15-24),_T,Total,2028,,18,,PERCENT,percent,,,F,Forecasted value,,,,
DATAFLOW,SPC:DF_POP_AGE(1.0),Population structure by age,I,A,Annual,WF,Wallis and Futuna,POPYOUTH,Proportion of youth (15-24),_T,Total,2029,,18,,PERCENT,percent,,,F,Forecasted value,,,,
DATAFLOW,SPC:DF_POP_AGE(1.0),Population structure by age,I,A,Annual,WF,Wallis and Futuna,POPYOUTH,Proportion of youth (15-24),_T,Total,2030,,18,,PERCENT,percent,,,F,Forecasted value,,,,
DATAFLOW,SPC:DF_POP_AGE(1.0),Population structure by age,I,A,Annual,WF,Wallis and Futuna,POPYOUTH,Proportion of youth (15-24),_T,Total,2031,,17,,PERCENT,percent,,,F,Forecasted value,,,,
DATAFLOW,SPC:DF_POP_AGE(1.0),Population structure by age,I,A,Annual,WF,Wallis and Futuna,POPYOUTH,Proportion of youth (15-24),_T,Total,2032,,17,,PERCENT,percent,,,F,Forecasted value,,,,
DATAFLOW,SPC:DF_POP_AGE(1.0),Population structure by age,I,A,Annual,WF,Wallis and Futuna,POPYOUTH,Proportion of youth (15-24),_T,Total,2033,,17,,PERCENT,percent,,,F,Forecasted value,,,,
DATAFLOW,SPC:DF_POP_AGE(1.0),Population structure by age,I,A,Annual,WF,Wallis and Futuna,POPYOUTH,Proportion of youth (15-24),_T,Total,2034,,16,,PERCENT,percent,,,F,Forecasted value,,,,
DATAFLOW,SPC:DF_POP_AGE(1.0),Population structure by age,I,A,Annual,WF,Wallis and Futuna,POPYOUTH,Proportion of youth (15-24),_T,Total,2035,,16,,PERCENT,percent,,,F,Forecasted value,,,,
DATAFLOW,SPC:DF_POP_AGE(1.0),Population structure by age,I,A,Annual,WF,Wallis and Futuna,POPYOUTH,Proportion of youth (15-24),_T,Total,2036,,15,,PERCENT,percent,,,F,Forecasted value,,,,
DATAFLOW,SPC:DF_POP_AGE(1.0),Population structure by age,I,A,Annual,WF,Wallis and Futuna,POPYOUTH,Proportion of youth (15-24),_T,Total,2037,,14,,PERCENT,percent,,,F,Forecasted value,,,,
DATAFLOW,SPC:DF_POP_AGE(1.0),Population structure by age,I,A,Annual,WF,Wallis and Futuna,POPYOUTH,Proportion of youth (15-24),_T,Total,2038,,13,,PERCENT,percent,,,F,Forecasted value,,,,
DATAFLOW,SPC:DF_POP_AGE(1.0),Population structure by age,I,A,Annual,WF,Wallis and Futuna,POPYOUTH,Proportion of youth (15-24),_T,Total,2039,,12,,PERCENT,percent,,,F,Forecasted value,,,,
DATAFLOW,SPC:DF_POP_AGE(1.0),Population structure by age,I,A,Annual,WF,Wallis and Futuna,POPYOUTH,Proportion of youth (15-24),_T,Total,2040,,11,,PERCENT,percent,,,F,Forecasted value,,,,
DATAFLOW,SPC:DF_POP_AGE(1.0),Population structure by age,I,A,Annual,WF,Wallis and Futuna,POPYOUTH,Proportion of youth (15-24),_T,Total,2041,,10,,PERCENT,percent,,,F,Forecasted value,,,,
DATAFLOW,SPC:DF_POP_AGE(1.0),Population structure by age,I,A,Annual,WF,Wallis and Futuna,POPYOUTH,Proportion of youth (15-24),_T,Total,2042,,10,,PERCENT,percent,,,F,Forecasted value,,,,
DATAFLOW,SPC:DF_POP_AGE(1.0),Population structure by age,I,A,Annual,WF,Wallis and Futuna,POPYOUTH,Proportion of youth (15-24),_T,Total,2043,,9,,PERCENT,percent,,,F,Forecasted value,,,,
DATAFLOW,SPC:DF_POP_AGE(1.0),Population structure by age,I,A,Annual,WF,Wallis and Futuna,POPYOUTH,Proportion of youth (15-24),_T,Total,2044,,9,,PERCENT,percent,,,F,Forecasted value,,,,
DATAFLOW,SPC:DF_POP_AGE(1.0),Population structure by age,I,A,Annual,WF,Wallis and Futuna,POPYOUTH,Proportion of youth (15-24),_T,Total,2045,,8,,PERCENT,percent,,,F,Forecasted value,,,,
DATAFLOW,SPC:DF_POP_AGE(1.0),Population structure by age,I,A,Annual,WF,Wallis and Futuna,POPYOUTH,Proportion of youth (15-24),_T,Total,2046,,8,,PERCENT,percent,,,F,Forecasted value,,,,
DATAFLOW,SPC:DF_POP_AGE(1.0),Population structure by age,I,A,Annual,WF,Wallis and Futuna,POPYOUTH,Proportion of youth (15-24),_T,Total,2047,,8,,PERCENT,percent,,,F,Forecasted value,,,,
DATAFLOW,SPC:DF_POP_AGE(1.0),Population structure by age,I,A,Annual,WF,Wallis and Futuna,POPYOUTH,Proportion of youth (15-24),_T,Total,2048,,8,,PERCENT,percent,,,F,Forecasted value,,,,
DATAFLOW,SPC:DF_POP_AGE(1.0),Population structure by age,I,A,Annual,WF,Wallis and Futuna,POPYOUTH,Proportion of youth (15-24),_T,Total,2049,,8,,PERCENT,percent,,,F,Forecasted value,,,,
DATAFLOW,SPC:DF_POP_AGE(1.0),Population structure by age,I,A,Annual,WF,Wallis and Futuna,POPYOUTH,Proportion of youth (15-24),_T,Total,2050,,9,,PERCENT,percent,,,F,Forecasted value,,,,
DATAFLOW,SPC:DF_POP_AGE(1.0),Population structure by age,I,A,Annual,MIC,Micronesia,POPCHILD,Proportion of children (<14),_T,Total,2025,,30,,PERCENT,percent,,,E,Estimated value,,,,
DATAFLOW,SPC:DF_POP_AGE(1.0),Population structure by age,I,A,Annual,MIC,Micronesia,POPCHILD,Proportion of children (<14),_T,Total,2026,,29,,PERCENT,percent,,,F,Forecasted value,,,,
DATAFLOW,SPC:DF_POP_AGE(1.0),Population structure by age,I,A,Annual,MIC,Micronesia,POPCHILD,Proportion of children (<14),_T,Total,2027,,29,,PERCENT,percent,,,F,Forecasted value,,,,
DATAFLOW,SPC:DF_POP_AGE(1.0),Population structure by age,I,A,Annual,MIC,Micronesia,POPCHILD,Proportion of children (<14),_T,Total,2028,,29,,PERCENT,percent,,,F,Forecasted value,,,,
DATAFLOW,SPC:DF_POP_AGE(1.0),Population structure by age,I,A,Annual,MIC,Micronesia,POPCHILD,Proportion of children (<14),_T,Total,2029,,28,,PERCENT,percent,,,F,Forecasted value,,,,
DATAFLOW,SPC:DF_POP_AGE(1.0),Population structure by age,I,A,Annual,MIC,Micronesia,POPCHILD,Proportion of children (<14),_T,Total,2030,,28,,PERCENT,percent,,,F,Forecasted value,,,,
DATAFLOW,SPC:DF_POP_AGE(1.0),Population structure by age,I,A,Annual,MIC,Micronesia,POPCHILD,Proportion of children (<14),_T,Total,2031,,27,,PERCENT,percent,,,F,Forecasted value,,,,
DATAFLOW,SPC:DF_POP_AGE(1.0),Population structure by age,I,A,Annual,MIC,Micronesia,POPCHILD,Proportion of children (<14),_T,Total,2032,,27,,PERCENT,percent,,,F,Forecasted value,,,,
DATAFLOW,SPC:DF_POP_AGE(1.0),Population structure by age,I,A,Annual,MIC,Micronesia,POPCHILD,Proportion of children (<14),_T,Total,2033,,27,,PERCENT,percent,,,F,Forecasted value,,,,
DATAFLOW,SPC:DF_POP_AGE(1.0),Population structure by age,I,A,Annual,MIC,Micronesia,POPCHILD,Proportion of children (<14),_T,Total,2034,,27,,PERCENT,percent,,,F,Forecasted value,,,,
DATAFLOW,SPC:DF_POP_AGE(1.0),Population structure by age,I,A,Annual,MIC,Micronesia,POPCHILD,Proportion of children (<14),_T,Total,2035,,26,,PERCENT,percent,,,F,Forecasted value,,,,
DATAFLOW,SPC:DF_POP_AGE(1.0),Population structure by age,I,A,Annual,MIC,Micronesia,POPCHILD,Proportion of children (<14),_T,Total,2036,,26,,PERCENT,percent,,,F,Forecasted value,,,,
DATAFLOW,SPC:DF_POP_AGE(1.0),Population structure by age,I,A,Annual,MIC,Micronesia,POPCHILD,Proportion of children (<14),_T,Total,2037,,26,,PERCENT,percent,,,F,Forecasted value,,,,
DATAFLOW,SPC:DF_POP_AGE(1.0),Population structure by age,I,A,Annual,MIC,Micronesia,POPCHILD,Proportion of children (<14),_T,Total,2038,,26,,PERCENT,percent,,,F,Forecasted value,,,,
DATAFLOW,SPC:DF_POP_AGE(1.0),Population structure by age,I,A,Annual,MIC,Micronesia,POPCHILD,Proportion of children (<14),_T,Total,2039,,25,,PERCENT,percent,,,F,Forecasted value,,,,
DATAFLOW,SPC:DF_POP_AGE(1.0),Population structure by age,I,A,Annual,MIC,Micronesia,POPCHILD,Proportion of children (<14),_T,Total,2040,,25,,PERCENT,percent,,,F,Forecasted value,,,,
DATAFLOW,SPC:DF_POP_AGE(1.0),Population structure by age,I,A,Annual,MIC,Micronesia,POPCHILD,Proportion of children (<14),_T,Total,2041,,25,,PERCENT,percent,,,F,Forecasted value,,,,
DATAFLOW,SPC:DF_POP_AGE(1.0),Population structure by age,I,A,Annual,MIC,Micronesia,POPCHILD,Proportion of children (<14),_T,Total,2042,,25,,PERCENT,percent,,,F,Forecasted value,,,,
DATAFLOW,SPC:DF_POP_AGE(1.0),Population structure by age,I,A,Annual,MIC,Micronesia,POPCHILD,Proportion of children (<14),_T,Total,2043,,25,,PERCENT,percent,,,F,Forecasted value,,,,
DATAFLOW,SPC:DF_POP_AGE(1.0),Population structure by age,I,A,Annual,MIC,Micronesia,POPCHILD,Proportion of children (<14),_T,Total,2044,,25,,PERCENT,percent,,,F,Forecasted value,,,,
DATAFLOW,SPC:DF_POP_AGE(1.0),Population structure by age,I,A,Annual,MIC,Micronesia,POPCHILD,Proportion of children (<14),_T,Total,2045,,25,,PERCENT,percent,,,F,Forecasted value,,,,
DATAFLOW,SPC:DF_POP_AGE(1.0),Population structure by age,I,A,Annual,MIC,Micronesia,POPCHILD,Proportion of children (<14),_T,Total,2046,,25,,PERCENT,percent,,,F,Forecasted value,,,,
DATAFLOW,SPC:DF_POP_AGE(1.0),Population structure by age,I,A,Annual,MIC,Micronesia,POPCHILD,Proportion of children (<14),_T,Total,2047,,25,,PERCENT,percent,,,F,Forecasted value,,,,
DATAFLOW,SPC:DF_POP_AGE(1.0),Population structure by age,I,A,Annual,MIC,Micronesia,POPCHILD,Proportion of children (<14),_T,Total,2048,,24,,PERCENT,percent,,,F,Forecasted value,,,,
DATAFLOW,SPC:DF_POP_AGE(1.0),Population structure by age,I,A,Annual,MIC,Micronesia,POPCHILD,Proportion of children (<14),_T,Total,2049,,24,,PERCENT,percent,,,F,Forecasted value,,,,
DATAFLOW,SPC:DF_POP_AGE(1.0),Population structure by age,I,A,Annual,MIC,Micronesia,POPCHILD,Proportion of children (<14),_T,Total,2050,,24,,PERCENT,percent,,,F,Forecasted value,,,,
DATAFLOW,SPC:DF_POP_AGE(1.0),Population structure by age,I,A,Annual,NR,Nauru,POPYOUTH,Proportion of youth (15-24),_T,Total,2025,,18,,PERCENT,percent,,,E,Estimated value,,,,
DATAFLOW,SPC:DF_POP_AGE(1.0),Population structure by age,I,A,Annual,NR,Nauru,POPYOUTH,Proportion of youth (15-24),_T,Total,2026,,19,,PERCENT,percent,,,F,Forecasted value,,,,
DATAFLOW,SPC:DF_POP_AGE(1.0),Population structure by age,I,A,Annual,NR,Nauru,POPYOUTH,Proportion of youth (15-24),_T,Total,2027,,19,,PERCENT,percent,,,F,Forecasted value,,,,
DATAFLOW,SPC:DF_POP_AGE(1.0),Population structure by age,I,A,Annual,NR,Nauru,POPYOUTH,Proportion of youth (15-24),_T,Total,2028,,20,,PERCENT,percent,,,F,Forecasted value,,,,
DATAFLOW,SPC:DF_POP_AGE(1.0),Population structure by age,I,A,Annual,NR,Nauru,POPYOUTH,Proportion of youth (15-24),_T,Total,2029,,21,,PERCENT,percent,,,F,Forecasted value,,,,
DATAFLOW,SPC:DF_POP_AGE(1.0),Population structure by age,I,A,Annual,NR,Nauru,POPYOUTH,Proportion of youth (15-24),_T,Total,2030,,22,,PERCENT,percent,,,F,Forecasted value,,,,
DATAFLOW,SPC:DF_POP_AGE(1.0),Population structure by age,I,A,Annual,NR,Nauru,POPYOUTH,Proportion of youth (15-24),_T,Total,2031,,22,,PERCENT,percent,,,F,Forecasted value,,,,
DATAFLOW,SPC:DF_POP_AGE(1.0),Population structure by age,I,A,Annual,NR,Nauru,POPYOUTH,Proportion of youth (15-24),_T,Total,2032,,22,,PERCENT,percent,,,F,Forecasted value,,,,
DATAFLOW,SPC:DF_POP_AGE(1.0),Population structure by age,I,A,Annual,NR,Nauru,POPYOUTH,Proportion of youth (15-24),_T,Total,2033,,22,,PERCENT,percent,,,F,Forecasted value,,,,
DATAFLOW,SPC:DF_POP_AGE(1.0),Population structure by age,I,A,Annual,NR,Nauru,POPYOUTH,Proportion of youth (15-24),_T,Total,2034,,22,,PERCENT,percent,,,F,Forecasted value,,,,
DATAFLOW,SPC:DF_POP_AGE(1.0),Population structure by age,I,A,Annual,NR,Nauru,POPYOUTH,Proportion of youth (15-24),_T,Total,2035,,22,,PERCENT,percent,,,F,Forecasted value,,,,
DATAFLOW,SPC:DF_POP_AGE(1.0),Population structure by age,I,A,Annual,NR,Nauru,POPYOUTH,Proportion of youth (15-24),_T,Total,2036,,21,,PERCENT,percent,,,F,Forecasted value,,,,
DATAFLOW,SPC:DF_POP_AGE(1.0),Population structure by age,I,A,Annual,NR,Nauru,POPYOUTH,Proportion of youth (15-24),_T,Total,2037,,21,,PERCENT,percent,,,F,Forecasted value,,,,
DATAFLOW,SPC:DF_POP_AGE(1.0),Population structure by age,I,A,Annual,NR,Nauru,POPYOUTH,Proportion of youth (15-24),_T,Total,2038,,21,,PERCENT,percent,,,F,Forecasted value,,,,
DATAFLOW,SPC:DF_POP_AGE(1.0),Population structure by age,I,A,Annual,NR,Nauru,POPYOUTH,Proportion of youth (15-24),_T,Total,2039,,20,,PERCENT,percent,,,F,Forecasted value,,,,
DATAFLOW,SPC:DF_POP_AGE(1.0),Population structure by age,I,A,Annual,NR,Nauru,POPYOUTH,Proportion of youth (15-24),_T,Total,2040,,20,,PERCENT,percent,,,F,Forecasted value,,,,
DATAFLOW,SPC:DF_POP_AGE(1.0),Population structure by age,I,A,Annual,NR,Nauru,POPYOUTH,Proportion of youth (15-24),_T,Total,2041,,19,,PERCENT,percent,,,F,Forecasted value,,,,
DATAFLOW,SPC:DF_POP_AGE(1.0),Population structure by age,I,A,Annual,NR,Nauru,POPYOUTH,Proportion of youth (15-24),_T,Total,2042,,19,,PERCENT,percent,,,F,Forecasted value,,,,
DATAFLOW,SPC:DF_POP_AGE(1.0),Population structure by age,I,A,Annual,NR,Nauru,POPYOUTH,Proportion of youth (15-24),_T,Total,2043,,18,,PERCENT,percent,,,F,Forecasted value,,,,
DATAFLOW,SPC:DF_POP_AGE(1.0),Population structure by age,I,A,Annual,NR,Nauru,POPYOUTH,Proportion of youth (15-24),_T,Total,2044,,18,,PERCENT,percent,,,F,Forecasted value,,,,
DATAFLOW,SPC:DF_POP_AGE(1.0),Population structure by age,I,A,Annual,NR,Nauru,POPYOUTH,Proportion of youth (15-24),_T,Total,2045,,18,,PERCENT,percent,,,F,Forecasted value,,,,
DATAFLOW,SPC:DF_POP_AGE(1.0),Population structure by age,I,A,Annual,NR,Nauru,POPYOUTH,Proportion of youth (15-24),_T,Total,2046,,18,,PERCENT,percent,,,F,Forecasted value,,,,
DATAFLOW,SPC:DF_POP_AGE(1.0),Population structure by age,I,A,Annual,NR,Nauru,POPYOUTH,Proportion of youth (15-24),_T,Total,2047,,17,,PERCENT,percent,,,F,Forecasted value,,,,
DATAFLOW,SPC:DF_POP_AGE(1.0),Population structure by age,I,A,Annual,NR,Nauru,POPYOUTH,Proportion of youth (15-24),_T,Total,2048,,17,,PERCENT,percent,,,F,Forecasted value,,,,
DATAFLOW,SPC:DF_POP_AGE(1.0),Population structure by age,I,A,Annual,NR,Nauru,POPYOUTH,Proportion of youth (15-24),_T,Total,2049,,17,,PERCENT,percent,,,F,Forecasted value,,,,
DATAFLOW,SPC:DF_POP_AGE(1.0),Population structure by age,I,A,Annual,NR,Nauru,POPYOUTH,Proportion of youth (15-24),_T,Total,2050,,17,,PERCENT,percent,,,F,Forecasted value,,,,
DATAFLOW,SPC:DF_POP_AGE(1.0),Population structure by age,I,A,Annual,MP,Northern Mariana Islands,POPYOUTH,Proportion of youth (15-24),_T,Total,2025,,15,,PERCENT,percent,,,E,Estimated value,,,,
DATAFLOW,SPC:DF_POP_AGE(1.0),Population structure by age,I,A,Annual,MP,Northern Mariana Islands,POPYOUTH,Proportion of youth (15-24),_T,Total,2026,,16,,PERCENT,percent,,,F,Forecasted value,,,,
DATAFLOW,SPC:DF_POP_AGE(1.0),Population structure by age,I,A,Annual,MP,Northern Mariana Islands,POPYOUTH,Proportion of youth (15-24),_T,Total,2027,,16,,PERCENT,percent,,,F,Forecasted value,,,,
DATAFLOW,SPC:DF_POP_AGE(1.0),Population structure by age,I,A,Annual,MP,Northern Mariana Islands,POPYOUTH,Proportion of youth (15-24),_T,Total,2028,,17,,PERCENT,percent,,,F,Forecasted value,,,,
DATAFLOW,SPC:DF_POP_AGE(1.0),Population structure by age,I,A,Annual,MP,Northern Mariana Islands,POPYOUTH,Proportion of youth (15-24),_T,Total,2029,,17,,PERCENT,percent,,,F,Forecasted value,,,,
DATAFLOW,SPC:DF_POP_AGE(1.0),Population structure by age,I,A,Annual,MP,Northern Mariana Islands,POPYOUTH,Proportion of youth (15-24),_T,Total,2030,,17,,PERCENT,percent,,,F,Forecasted value,,,,
DATAFLOW,SPC:DF_POP_AGE(1.0),Population structure by age,I,A,Annual,MP,Northern Mariana Islands,POPYOUTH,Proportion of youth (15-24),_T,Total,2031,,17,,PERCENT,percent,,,F,Forecasted value,,,,
DATAFLOW,SPC:DF_POP_AGE(1.0),Population structure by age,I,A,Annual,MP,Northern Mariana Islands,POPYOUTH,Proportion of youth (15-24),_T,Total,2032,,16,,PERCENT,percent,,,F,Forecasted value,,,,
DATAFLOW,SPC:DF_POP_AGE(1.0),Population structure by age,I,A,Annual,MP,Northern Mariana Islands,POPYOUTH,Proportion of youth (15-24),_T,Total,2033,,16,,PERCENT,percent,,,F,Forecasted value,,,,
DATAFLOW,SPC:DF_POP_AGE(1.0),Population structure by age,I,A,Annual,MP,Northern Mariana Islands,POPYOUTH,Proportion of youth (15-24),_T,Total,2034,,15,,PERCENT,percent,,,F,Forecasted value,,,,
DATAFLOW,SPC:DF_POP_AGE(1.0),Population structure by age,I,A,Annual,MP,Northern Mariana Islands,POPYOUTH,Proportion of youth (15-24),_T,Total,2035,,15,,PERCENT,percent,,,F,Forecasted value,,,,
DATAFLOW,SPC:DF_POP_AGE(1.0),Population structure by age,I,A,Annual,MP,Northern Mariana Islands,POPYOUTH,Proportion of youth (15-24),_T,Total,2036,,14,,PERCENT,percent,,,F,Forecasted value,,,,
DATAFLOW,SPC:DF_POP_AGE(1.0),Population structure by age,I,A,Annual,MP,Northern Mariana Islands,POPYOUTH,Proportion of youth (15-24),_T,Total,2037,,14,,PERCENT,percent,,,F,Forecasted value,,,,
DATAFLOW,SPC:DF_POP_AGE(1.0),Population structure by age,I,A,Annual,MP,Northern Mariana Islands,POPYOUTH,Proportion of youth (15-24),_T,Total,2038,,14,,PERCENT,percent,,,F,Forecasted value,,,,
DATAFLOW,SPC:DF_POP_AGE(1.0),Population structure by age,I,A,Annual,MP,Northern Mariana Islands,POPYOUTH,Proportion of youth (15-24),_T,Total,2039,,13,,PERCENT,percent,,,F,Forecasted value,,,,
DATAFLOW,SPC:DF_POP_AGE(1.0),Population structure by age,I,A,Annual,MP,Northern Mariana Islands,POPYOUTH,Proportion of youth (15-24),_T,Total,2040,,13,,PERCENT,percent,,,F,Forecasted value,,,,
DATAFLOW,SPC:DF_POP_AGE(1.0),Population structure by age,I,A,Annual,MP,Northern Mariana Islands,POPYOUTH,Proportion of youth (15-24),_T,Total,2041,,12,,PERCENT,percent,,,F,Forecasted value,,,,
DATAFLOW,SPC:DF_POP_AGE(1.0),Population structure by age,I,A,Annual,MP,Northern Mariana Islands,POPYOUTH,Proportion of youth (15-24),_T,Total,2042,,12,,PERCENT,percent,,,F,Forecasted value,,,,
DATAFLOW,SPC:DF_POP_AGE(1.0),Population structure by age,I,A,Annual,MP,Northern Mariana Islands,POPYOUTH,Proportion of youth (15-24),_T,Total,2043,,11,,PERCENT,percent,,,F,Forecasted value,,,,
DATAFLOW,SPC:DF_POP_AGE(1.0),Population structure by age,I,A,Annual,MP,Northern Mariana Islands,POPYOUTH,Proportion of youth (15-24),_T,Total,2044,,11,,PERCENT,percent,,,F,Forecasted value,,,,
DATAFLOW,SPC:DF_POP_AGE(1.0),Population structure by age,I,A,Annual,MP,Northern Mariana Islands,POPYOUTH,Proportion of youth (15-24),_T,Total,2045,,11,,PERCENT,percent,,,F,Forecasted value,,,,
DATAFLOW,SPC:DF_POP_AGE(1.0),Population structure by age,I,A,Annual,MP,Northern Mariana Islands,POPYOUTH,Proportion of youth (15-24),_T,Total,2046,,10,,PERCENT,percent,,,F,Forecasted value,,,,
DATAFLOW,SPC:DF_POP_AGE(1.0),Population structure by age,I,A,Annual,MP,Northern Mariana Islands,POPYOUTH,Proportion of youth (15-24),_T,Total,2047,,10,,PERCENT,percent,,,F,Forecasted value,,,,
DATAFLOW,SPC:DF_POP_AGE(1.0),Population structure by age,I,A,Annual,MP,Northern Mariana Islands,POPYOUTH,Proportion of youth (15-24),_T,Total,2048,,10,,PERCENT,percent,,,F,Forecasted value,,,,
DATAFLOW,SPC:DF_POP_AGE(1.0),Population structure by age,I,A,Annual,MP,Northern Mariana Islands,POPYOUTH,Proportion of youth (15-24),_T,Total,2049,,10,,PERCENT,percent,,,F,Forecasted value,,,,
DATAFLOW,SPC:DF_POP_AGE(1.0),Population structure by age,I,A,Annual,MP,Northern Mariana Islands,POPYOUTH,Proportion of youth (15-24),_T,Total,2050,,10,,PERCENT,percent,,,F,Forecasted value,,,,
DATAFLOW,SPC:DF_POP_AGE(1.0),Population structure by age,I,A,Annual,KI,Kiribati,POPCHILD,Proportion of children (<14),_T,Total,2025,,35,,PERCENT,percent,,,E,Estimated value,,,,
DATAFLOW,SPC:DF_POP_AGE(1.0),Population structure by age,I,A,Annual,KI,Kiribati,POPCHILD,Proportion of children (<14),_T,Total,2026,,34,,PERCENT,percent,,,F,Forecasted value,,,,
DATAFLOW,SPC:DF_POP_AGE(1.0),Population structure by age,I,A,Annual,KI,Kiribati,POPCHILD,Proportion of children (<14),_T,Total,2027,,34,,PERCENT,percent,,,F,Forecasted value,,,,
DATAFLOW,SPC:DF_POP_AGE(1.0),Population structure by age,I,A,Annual,KI,Kiribati,POPCHILD,Proportion of children (<14),_T,Total,2028,,33,,PERCENT,percent,,,F,Forecasted value,,,,
DATAFLOW,SPC:DF_POP_AGE(1.0),Population structure by age,I,A,Annual,KI,Kiribati,POPCHILD,Proportion of children (<14),_T,Total,2029,,33,,PERCENT,percent,,,F,Forecasted value,,,,
DATAFLOW,SPC:DF_POP_AGE(1.0),Population structure by age,I,A,Annual,KI,Kiribati,POPCHILD,Proportion of children (<14),_T,Total,2030,,33,,PERCENT,percent,,,F,Forecasted value,,,,
DATAFLOW,SPC:DF_POP_AGE(1.0),Population structure by age,I,A,Annual,KI,Kiribati,POPCHILD,Proportion of children (<14),_T,Total,2031,,32,,PERCENT,percent,,,F,Forecasted value,,,,
DATAFLOW,SPC:DF_POP_AGE(1.0),Population structure by age,I,A,Annual,KI,Kiribati,POPCHILD,Proportion of children (<14),_T,Total,2032,,32,,PERCENT,percent,,,F,Forecasted value,,,,
DATAFLOW,SPC:DF_POP_AGE(1.0),Population structure by age,I,A,Annual,KI,Kiribati,POPCHILD,Proportion of children (<14),_T,Total,2033,,31,,PERCENT,percent,,,F,Forecasted value,,,,
DATAFLOW,SPC:DF_POP_AGE(1.0),Population structure by age,I,A,Annual,KI,Kiribati,POPCHILD,Proportion of children (<14),_T,Total,2034,,31,,PERCENT,percent,,,F,Forecasted value,,,,
DATAFLOW,SPC:DF_POP_AGE(1.0),Population structure by age,I,A,Annual,KI,Kiribati,POPCHILD,Proportion of children (<14),_T,Total,2035,,31,,PERCENT,percent,,,F,Forecasted value,,,,
DATAFLOW,SPC:DF_POP_AGE(1.0),Population structure by age,I,A,Annual,KI,Kiribati,POPCHILD,Proportion of children (<14),_T,Total,2036,,30,,PERCENT,percent,,,F,Forecasted value,,,,
DATAFLOW,SPC:DF_POP_AGE(1.0),Population structure by age,I,A,Annual,KI,Kiribati,POPCHILD,Proportion of children (<14),_T,Total,2037,,30,,PERCENT,percent,,,F,Forecasted value,,,,
DATAFLOW,SPC:DF_POP_AGE(1.0),Population structure by age,I,A,Annual,KI,Kiribati,POPCHILD,Proportion of children (<14),_T,Total,2038,,30,,PERCENT,percent,,,F,Forecasted value,,,,
DATAFLOW,SPC:DF_POP_AGE(1.0),Population structure by age,I,A,Annual,KI,Kiribati,POPCHILD,Proportion of children (<14),_T,Total,2039,,30,,PERCENT,percent,,,F,Forecasted value,,,,
DATAFLOW,SPC:DF_POP_AGE(1.0),Population structure by age,I,A,Annual,KI,Kiribati,POPCHILD,Proportion of children (<14),_T,Total,2040,,29,,PERCENT,percent,,,F,Forecasted value,,,,
DATAFLOW,SPC:DF_POP_AGE(1.0),Population structure by age,I,A,Annual,KI,Kiribati,POPCHILD,Proportion of children (<14),_T,Total,2041,,29,,PERCENT,percent,,,F,Forecasted value,,,,
DATAFLOW,SPC:DF_POP_AGE(1.0),Population structure by age,I,A,Annual,KI,Kiribati,POPCHILD,Proportion of children (<14),_T,Total,2042,,29,,PERCENT,percent,,,F,Forecasted value,,,,
DATAFLOW,SPC:DF_POP_AGE(1.0),Population structure by age,I,A,Annual,KI,Kiribati,POPCHILD,Proportion of children (<14),_T,Total,2043,,29,,PERCENT,percent,,,F,Forecasted value,,,,
DATAFLOW,SPC:DF_POP_AGE(1.0),Population structure by age,I,A,Annual,KI,Kiribati,POPCHILD,Proportion of children (<14),_T,Total,2044,,29,,PERCENT,percent,,,F,Forecasted value,,,,
DATAFLOW,SPC:DF_POP_AGE(1.0),Population structure by age,I,A,Annual,KI,Kiribati,POPCHILD,Proportion of children (<14),_T,Total,2045,,28,,PERCENT,percent,,,F,Forecasted value,,,,
DATAFLOW,SPC:DF_POP_AGE(1.0),Population structure by age,I,A,Annual,KI,Kiribati,POPCHILD,Proportion of children (<14),_T,Total,2046,,28,,PERCENT,percent,,,F,Forecasted value,,,,
DATAFLOW,SPC:DF_POP_AGE(1.0),Population structure by age,I,A,Annual,KI,Kiribati,POPCHILD,Proportion of children (<14),_T,Total,2047,,28,,PERCENT,percent,,,F,Forecasted value,,,,
DATAFLOW,SPC:DF_POP_AGE(1.0),Population structure by age,I,A,Annual,KI,Kiribati,POPCHILD,Proportion of children (<14),_T,Total,2048,,28,,PERCENT,percent,,,F,Forecasted value,,,,
DATAFLOW,SPC:DF_POP_AGE(1.0),Population structure by age,I,A,Annual,KI,Kiribati,POPCHILD,Proportion of children (<14),_T,Total,2049,,28,,PERCENT,percent,,,F,Forecasted value,,,,
DATAFLOW,SPC:DF_POP_AGE(1.0),Population structure by age,I,A,Annual,KI,Kiribati,POPCHILD,Proportion of children (<14),_T,Total,2050,,27,,PERCENT,percent,,,F,Forecasted value,,,,
DATAFLOW,SPC:DF_POP_AGE(1.0),Population structure by age,I,A,Annual,PW,Palau,POPCHILD,Proportion of children (<14),_T,Total,2025,,18,,PERCENT,percent,,,E,Estimated value,,,,
DATAFLOW,SPC:DF_POP_AGE(1.0),Population structure by age,I,A,Annual,PW,Palau,POPCHILD,Proportion of children (<14),_T,Total,2026,,18,,PERCENT,percent,,,F,Forecasted value,,,,
DATAFLOW,SPC:DF_POP_AGE(1.0),Population structure by age,I,A,Annual,PW,Palau,POPCHILD,Proportion of children (<14),_T,Total,2027,,17,,PERCENT,percent,,,F,Forecasted value,,,,
DATAFLOW,SPC:DF_POP_AGE(1.0),Population structure by age,I,A,Annual,PW,Palau,POPCHILD,Proportion of children (<14),_T,Total,2028,,17,,PERCENT,percent,,,F,Forecasted value,,,,
DATAFLOW,SPC:DF_POP_AGE(1.0),Population structure by age,I,A,Annual,PW,Palau,POPCHILD,Proportion of children (<14),_T,Total,2029,,17,,PERCENT,percent,,,F,Forecasted value,,,,
DATAFLOW,SPC:DF_POP_AGE(1.0),Population structure by age,I,A,Annual,PW,Palau,POPCHILD,Proportion of children (<14),_T,Total,2030,,17,,PERCENT,percent,,,F,Forecasted value,,,,
DATAFLOW,SPC:DF_POP_AGE(1.0),Population structure by age,I,A,Annual,PW,Palau,POPCHILD,Proportion of children (<14),_T,Total,2031,,16,,PERCENT,percent,,,F,Forecasted value,,,,
DATAFLOW,SPC:DF_POP_AGE(1.0),Population structure by age,I,A,Annual,PW,Palau,POPCHILD,Proportion of children (<14),_T,Total,2032,,16,,PERCENT,percent,,,F,Forecasted value,,,,
DATAFLOW,SPC:DF_POP_AGE(1.0),Population structure by age,I,A,Annual,PW,Palau,POPCHILD,Proportion of children (<14),_T,Total,2033,,16,,PERCENT,percent,,,F,Forecasted value,,,,
DATAFLOW,SPC:DF_POP_AGE(1.0),Population structure by age,I,A,Annual,PW,Palau,POPCHILD,Proportion of children (<14),_T,Total,2034,,16,,PERCENT,percent,,,F,Forecasted value,,,,
DATAFLOW,SPC:DF_POP_AGE(1.0),Population structure by age,I,A,Annual,PW,Palau,POPCHILD,Proportion of children (<14),_T,Total,2035,,16,,PERCENT,percent,,,F,Forecasted value,,,,
DATAFLOW,SPC:DF_POP_AGE(1.0),Population structure by age,I,A,Annual,PW,Palau,POPCHILD,Proportion of children (<14),_T,Total,2036,,16,,PERCENT,percent,,,F,Forecasted value,,,,
DATAFLOW,SPC:DF_POP_AGE(1.0),Population structure by age,I,A,Annual,PW,Palau,POPCHILD,Proportion of children (<14),_T,Total,2037,,16,,PERCENT,percent,,,F,Forecasted value,,,,
DATAFLOW,SPC:DF_POP_AGE(1.0),Population structure by age,I,A,Annual,PW,Palau,POPCHILD,Proportion of children (<14),_T,Total,2038,,16,,PERCENT,percent,,,F,Forecasted value,,,,
DATAFLOW,SPC:DF_POP_AGE(1.0),Population structure by age,I,A,Annual,PW,Palau,POPCHILD,Proportion of children (<14),_T,Total,2039,,16,,PERCENT,percent,,,F,Forecasted value,,,,
DATAFLOW,SPC:DF_POP_AGE(1.0),Population structure by age,I,A,Annual,PW,Palau,POPCHILD,Proportion of children (<14),_T,Total,2040,,16,,PERCENT,percent,,,F,Forecasted value,,,,
DATAFLOW,SPC:DF_POP_AGE(1.0),Population structure by age,I,A,Annual,PW,Palau,POPCHILD,Proportion of children (<14),_T,Total,2041,,16,,PERCENT,percent,,,F,Forecasted value,,,,
DATAFLOW,SPC:DF_POP_AGE(1.0),Population structure by age,I,A,Annual,PW,Palau,POPCHILD,Proportion of children (<14),_T,Total,2042,,16,,PERCENT,percent,,,F,Forecasted value,,,,
DATAFLOW,SPC:DF_POP_AGE(1.0),Population structure by age,I,A,Annual,PW,Palau,POPCHILD,Proportion of children (<14),_T,Total,2043,,16,,PERCENT,percent,,,F,Forecasted value,,,,
DATAFLOW,SPC:DF_POP_AGE(1.0),Population structure by age,I,A,Annual,PW,Palau,POPCHILD,Proportion of children (<14),_T,Total,2044,,16,,PERCENT,percent,,,F,Forecasted value,,,,
DATAFLOW,SPC:DF_POP_AGE(1.0),Population structure by age,I,A,Annual,PW,Palau,POPCHILD,Proportion of children (<14),_T,Total,2045,,16,,PERCENT,percent,,,F,Forecasted value,,,,
DATAFLOW,SPC:DF_POP_AGE(1.0),Population structure by age,I,A,Annual,PW,Palau,POPCHILD,Proportion of children (<14),_T,Total,2046,,16,,PERCENT,percent,,,F,Forecasted value,,,,
DATAFLOW,SPC:DF_POP_AGE(1.0),Population structure by age,I,A,Annual,PW,Palau,POPCHILD,Proportion of children (<14),_T,Total,2047,,16,,PERCENT,percent,,,F,Forecasted value,,,,
DATAFLOW,SPC:DF_POP_AGE(1.0),Population structure by age,I,A,Annual,PW,Palau,POPCHILD,Proportion of children (<14),_T,Total,2048,,16,,PERCENT,percent,,,F,Forecasted value,,,,
DATAFLOW,SPC:DF_POP_AGE(1.0),Population structure by age,I,A,Annual,PW,Palau,POPCHILD,Proportion of children (<14),_T,Total,2049,,16,,PERCENT,percent,,,F,Forecasted value,,,,
DATAFLOW,SPC:DF_POP_AGE(1.0),Population structure by age,I,A,Annual,PW,Palau,POPCHILD,Proportion of children (<14),_T,Total,2050,,16,,PERCENT,percent,,,F,Forecasted value,,,,
DATAFLOW,SPC:DF_POP_AGE(1.0),Population structure by age,I,A,Annual,MIC,Micronesia,POPYOUTH,Proportion of youth (15-24),_T,Total,2025,,17,,PERCENT,percent,,,E,Estimated value,,,,
DATAFLOW,SPC:DF_POP_AGE(1.0),Population structure by age,I,A,Annual,MIC,Micronesia,POPYOUTH,Proportion of youth (15-24),_T,Total,2026,,17,,PERCENT,percent,,,F,Forecasted value,,,,
DATAFLOW,SPC:DF_POP_AGE(1.0),Population structure by age,I,A,Annual,MIC,Micronesia,POPYOUTH,Proportion of youth (15-24),_T,Total,2027,,17,,PERCENT,percent,,,F,Forecasted value,,,,
DATAFLOW,SPC:DF_POP_AGE(1.0),Population structure by age,I,A,Annual,MIC,Micronesia,POPYOUTH,Proportion of youth (15-24),_T,Total,2028,,17,,PERCENT,percent,,,F,Forecasted value,,,,
DATAFLOW,SPC:DF_POP_AGE(1.0),Population structure by age,I,A,Annual,MIC,Micronesia,POPYOUTH,Proportion of youth (15-24),_T,Total,2029,,18,,PERCENT,percent,,,F,Forecasted value,,,,
DATAFLOW,SPC:DF_POP_AGE(1.0),Population structure by age,I,A,Annual,MIC,Micronesia,POPYOUTH,Proportion of youth (15-24),_T,Total,2030,,18,,PERCENT,percent,,,F,Forecasted value,,,,
DATAFLOW,SPC:DF_POP_AGE(1.0),Population structure by age,I,A,Annual,MIC,Micronesia,POPYOUTH,Proportion of youth (15-24),_T,Total,2031,,18,,PERCENT,percent,,,F,Forecasted value,,,,
DATAFLOW,SPC:DF_POP_AGE(1.0),Population structure by age,I,A,Annual,MIC,Micronesia,POPYOUTH,Proportion of youth (15-24),_T,Total,2032,,18,,PERCENT,percent,,,F,Forecasted value,,,,
DATAFLOW,SPC:DF_POP_AGE(1.0),Population structure by age,I,A,Annual,MIC,Micronesia,POPYOUTH,Proportion of youth (15-24),_T,Total,2033,,18,,PERCENT,percent,,,F,Forecasted value,,,,
DATAFLOW,SPC:DF_POP_AGE(1.0),Population structure by age,I,A,Annual,MIC,Micronesia,POPYOUTH,Proportion of youth (15-24),_T,Total,2034,,18,,PERCENT,percent,,,F,Forecasted value,,,,
DATAFLOW,SPC:DF_POP_AGE(1.0),Population structure by age,I,A,Annual,MIC,Micronesia,POPYOUTH,Proportion of youth (15-24),_T,Total,2035,,18,,PERCENT,percent,,,F,Forecasted value,,,,
DATAFLOW,SPC:DF_POP_AGE(1.0),Population structure by age,I,A,Annual,MIC,Micronesia,POPYOUTH,Proportion of youth (15-24),_T,Total,2036,,18,,PERCENT,percent,,,F,Forecasted value,,,,
DATAFLOW,SPC:DF_POP_AGE(1.0),Population structure by age,I,A,Annual,MIC,Micronesia,POPYOUTH,Proportion of youth (15-24),_T,Total,2037,,18,,PERCENT,percent,,,F,Forecasted value,,,,
DATAFLOW,SPC:DF_POP_AGE(1.0),Population structure by age,I,A,Annual,MIC,Micronesia,POPYOUTH,Proportion of youth (15-24),_T,Total,2038,,17,,PERCENT,percent,,,F,Forecasted value,,,,
DATAFLOW,SPC:DF_POP_AGE(1.0),Population structure by age,I,A,Annual,MIC,Micronesia,POPYOUTH,Proportion of youth (15-24),_T,Total,2039,,17,,PERCENT,percent,,,F,Forecasted value,,,,
DATAFLOW,SPC:DF_POP_AGE(1.0),Population structure by age,I,A,Annual,MIC,Micronesia,POPYOUTH,Proportion of youth (15-24),_T,Total,2040,,17,,PERCENT,percent,,,F,Forecasted value,,,,
DATAFLOW,SPC:DF_POP_AGE(1.0),Population structure by age,I,A,Annual,MIC,Micronesia,POPYOUTH,Proportion of youth (15-24),_T,Total,2041,,17,,PERCENT,percent,,,F,Forecasted value,,,,
DATAFLOW,SPC:DF_POP_AGE(1.0),Population structure by age,I,A,Annual,MIC,Micronesia,POPYOUTH,Proportion of youth (15-24),_T,Total,2042,,17,,PERCENT,percent,,,F,Forecasted value,,,,
DATAFLOW,SPC:DF_POP_AGE(1.0),Population structure by age,I,A,Annual,MIC,Micronesia,POPYOUTH,Proportion of youth (15-24),_T,Total,2043,,16,,PERCENT,percent,,,F,Forecasted value,,,,
DATAFLOW,SPC:DF_POP_AGE(1.0),Population structure by age,I,A,Annual,MIC,Micronesia,POPYOUTH,Proportion of youth (15-24),_T,Total,2044,,16,,PERCENT,percent,,,F,Forecasted value,,,,
DATAFLOW,SPC:DF_POP_AGE(1.0),Population structure by age,I,A,Annual,MIC,Micronesia,POPYOUTH,Proportion of youth (15-24),_T,Total,2045,,16,,PERCENT,percent,,,F,Forecasted value,,,,
DATAFLOW,SPC:DF_POP_AGE(1.0),Population structure by age,I,A,Annual,MIC,Micronesia,POPYOUTH,Proportion of youth (15-24),_T,Total,2046,,16,,PERCENT,percent,,,F,Forecasted value,,,,
DATAFLOW,SPC:DF_POP_AGE(1.0),Population structure by age,I,A,Annual,MIC,Micronesia,POPYOUTH,Proportion of youth (15-24),_T,Total,2047,,16,,PERCENT,percent,,,F,Forecasted value,,,,
DATAFLOW,SPC:DF_POP_AGE(1.0),Population structure by age,I,A,Annual,MIC,Micronesia,POPYOUTH,Proportion of youth (15-24),_T,Total,2048,,15,,PERCENT,percent,,,F,Forecasted value,,,,
DATAFLOW,SPC:DF_POP_AGE(1.0),Population structure by age,I,A,Annual,MIC,Micronesia,POPYOUTH,Proportion of youth (15-24),_T,Total,2049,,15,,PERCENT,percent,,,F,Forecasted value,,,,
DATAFLOW,SPC:DF_POP_AGE(1.0),Population structure by age,I,A,Annual,MIC,Micronesia,POPYOUTH,Proportion of youth (15-24),_T,Total,2050,,15,,PERCENT,percent,,,F,Forecasted value,,,,
DATAFLOW,SPC:DF_POP_AGE(1.0),Population structure by age,I,A,Annual,CK,Cook Islands,POPYOUTH,Proportion of youth (15-24),_T,Total,2025,,14,,PERCENT,percent,,,E,Estimated value,,,,
DATAFLOW,SPC:DF_POP_AGE(1.0),Population structure by age,I,A,Annual,CK,Cook Islands,POPYOUTH,Proportion of youth (15-24),_T,Total,2026,,15,,PERCENT,percent,,,F,Forecasted value,,,,
DATAFLOW,SPC:DF_POP_AGE(1.0),Population structure by age,I,A,Annual,CK,Cook Islands,POPYOUTH,Proportion of youth (15-24),_T,Total,2027,,16,,PERCENT,percent,,,F,Forecasted value,,,,
DATAFLOW,SPC:DF_POP_AGE(1.0),Population structure by age,I,A,Annual,CK,Cook Islands,POPYOUTH,Proportion of youth (15-24),_T,Total,2028,,17,,PERCENT,percent,,,F,Forecasted value,,,,
DATAFLOW,SPC:DF_POP_AGE(1.0),Population structure by age,I,A,Annual,CK,Cook Islands,POPYOUTH,Proportion of youth (15-24),_T,Total,2029,,18,,PERCENT,percent,,,F,Forecasted value,,,,
DATAFLOW,SPC:DF_POP_AGE(1.0),Population structure by age,I,A,Annual,CK,Cook Islands,POPYOUTH,Proportion of youth (15-24),_T,Total,2030,,19,,PERCENT,percent,,,F,Forecasted value,,,,
DATAFLOW,SPC:DF_POP_AGE(1.0),Population structure by age,I,A,Annual,CK,Cook Islands,POPYOUTH,Proportion of youth (15-24),_T,Total,2031,,20,,PERCENT,percent,,,F,Forecasted value,,,,
DATAFLOW,SPC:DF_POP_AGE(1.0),Population structure by age,I,A,Annual,CK,Cook Islands,POPYOUTH,Proportion of youth (15-24),_T,Total,2032,,20,,PERCENT,percent,,,F,Forecasted value,,,,
DATAFLOW,SPC:DF_POP_AGE(1.0),Population structure by age,I,A,Annual,CK,Cook Islands,POPYOUTH,Proportion of youth (15-24),_T,Total,2033,,20,,PERCENT,percent,,,F,Forecasted value,,,,
DATAFLOW,SPC:DF_POP_AGE(1.0),Population structure by age,I,A,Annual,CK,Cook Islands,POPYOUTH,Proportion of youth (15-24),_T,Total,2034,,20,,PERCENT,percent,,,F,Forecasted value,,,,
DATAFLOW,SPC:DF_POP_AGE(1.0),Population structure by age,I,A,Annual,CK,Cook Islands,POPYOUTH,Proportion of youth (15-24),_T,Total,2035,,19,,PERCENT,percent,,,F,Forecasted value,,,,
DATAFLOW,SPC:DF_POP_AGE(1.0),Population structure by age,I,A,Annual,CK,Cook Islands,POPYOUTH,Proportion of youth (15-24),_T,Total,2036,,19,,PERCENT,percent,,,F,Forecasted value,,,,
DATAFLOW,SPC:DF_POP_AGE(1.0),Population structure by age,I,A,Annual,CK,Cook Islands,POPYOUTH,Proportion of youth (15-24),_T,Total,2037,,18,,PERCENT,percent,,,F,Forecasted value,,,,
DATAFLOW,SPC:DF_POP_AGE(1.0),Population structure by age,I,A,Annual,CK,Cook Islands,POPYOUTH,Proportion of youth (15-24),_T,Total,2038,,17,,PERCENT,percent,,,F,Forecasted value,,,,
DATAFLOW,SPC:DF_POP_AGE(1.0),Population structure by age,I,A,Annual,CK,Cook Islands,POPYOUTH,Proportion of youth (15-24),_T,Total,2039,,16,,PERCENT,percent,,,F,Forecasted value,,,,
DATAFLOW,SPC:DF_POP_AGE(1.0),Population structure by age,I,A,Annual,CK,Cook Islands,POPYOUTH,Proportion of youth (15-24),_T,Total,2040,,15,,PERCENT,percent,,,F,Forecasted value,,,,
DATAFLOW,SPC:DF_POP_AGE(1.0),Population structure by age,I,A,Annual,CK,Cook Islands,POPYOUTH,Proportion of youth (15-24),_T,Total,2041,,14,,PERCENT,percent,,,F,Forecasted value,,,,
DATAFLOW,SPC:DF_POP_AGE(1.0),Population structure by age,I,A,Annual,CK,Cook Islands,POPYOUTH,Proportion of youth (15-24),_T,Total,2042,,13,,PERCENT,percent,,,F,Forecasted value,,,,
DATAFLOW,SPC:DF_POP_AGE(1.0),Population structure by age,I,A,Annual,CK,Cook Islands,POPYOUTH,Proportion of youth (15-24),_T,Total,2043,,12,,PERCENT,percent,,,F,Forecasted value,,,,
DATAFLOW,SPC:DF_POP_AGE(1.0),Population structure by age,I,A,Annual,CK,Cook Islands,POPYOUTH,Proportion of youth (15-24),_T,Total,2044,,11,,PERCENT,percent,,,F,Forecasted value,,,,
DATAFLOW,SPC:DF_POP_AGE(1.0),Population structure by age,I,A,Annual,CK,Cook Islands,POPYOUTH,Proportion of youth (15-24),_T,Total,2045,,10,,PERCENT,percent,,,F,Forecasted value,,,,
DATAFLOW,SPC:DF_POP_AGE(1.0),Population structure by age,I,A,Annual,CK,Cook Islands,POPYOUTH,Proportion of youth (15-24),_T,Total,2046,,9,,PERCENT,percent,,,F,Forecasted value,,,,
DATAFLOW,SPC:DF_POP_AGE(1.0),Population structure by age,I,A,Annual,CK,Cook Islands,POPYOUTH,Proportion of youth (15-24),_T,Total,2047,,9,,PERCENT,percent,,,F,Forecasted value,,,,
DATAFLOW,SPC:DF_POP_AGE(1.0),Population structure by age,I,A,Annual,CK,Cook Islands,POPYOUTH,Proportion of youth (15-24),_T,Total,2048,,8,,PERCENT,percent,,,F,Forecasted value,,,,
DATAFLOW,SPC:DF_POP_AGE(1.0),Population structure by age,I,A,Annual,CK,Cook Islands,POPYOUTH,Proportion of youth (15-24),_T,Total,2049,,8,,PERCENT,percent,,,F,Forecasted value,,,,
DATAFLOW,SPC:DF_POP_AGE(1.0),Population structure by age,I,A,Annual,CK,Cook Islands,POPYOUTH,Proportion of youth (15-24),_T,Total,2050,,8,,PERCENT,percent,,,F,Forecasted value,,,,
DATAFLOW,SPC:DF_POP_AGE(1.0),Population structure by age,I,A,Annual,MEL,Melanesia,POPCHILD,Proportion of children (<14),_T,Total,2025,,33,,PERCENT,percent,,,E,Estimated value,,,,
DATAFLOW,SPC:DF_POP_AGE(1.0),Population structure by age,I,A,Annual,MEL,Melanesia,POPCHILD,Proportion of children (<14),_T,Total,2026,,33,,PERCENT,percent,,,F,Forecasted value,,,,
DATAFLOW,SPC:DF_POP_AGE(1.0),Population structure by age,I,A,Annual,MEL,Melanesia,POPCHILD,Proportion of children (<14),_T,Total,2027,,32,,PERCENT,percent,,,F,Forecasted value,,,,
DATAFLOW,SPC:DF_POP_AGE(1.0),Population structure by age,I,A,Annual,MEL,Melanesia,POPCHILD,Proportion of children (<14),_T,Total,2028,,32,,PERCENT,percent,,,F,Forecasted value,,,,
DATAFLOW,SPC:DF_POP_AGE(1.0),Population structure by age,I,A,Annual,MEL,Melanesia,POPCHILD,Proportion of children (<14),_T,Total,2029,,32,,PERCENT,percent,,,F,Forecasted value,,,,
DATAFLOW,SPC:DF_POP_AGE(1.0),Population structure by age,I,A,Annual,MEL,Melanesia,POPCHILD,Proportion of children (<14),_T,Total,2030,,31,,PERCENT,percent,,,F,Forecasted value,,,,
DATAFLOW,SPC:DF_POP_AGE(1.0),Population structure by age,I,A,Annual,MEL,Melanesia,POPCHILD,Proportion of children (<14),_T,Total,2031,,31,,PERCENT,percent,,,F,Forecasted value,,,,
DATAFLOW,SPC:DF_POP_AGE(1.0),Population structure by age,I,A,Annual,MEL,Melanesia,POPCHILD,Proportion of children (<14),_T,Total,2032,,31,,PERCENT,percent,,,F,Forecasted value,,,,
DATAFLOW,SPC:DF_POP_AGE(1.0),Population structure by age,I,A,Annual,MEL,Melanesia,POPCHILD,Proportion of children (<14),_T,Total,2033,,30,,PERCENT,percent,,,F,Forecasted value,,,,
DATAFLOW,SPC:DF_POP_AGE(1.0),Population structure by age,I,A,Annual,MEL,Melanesia,POPCHILD,Proportion of children (<14),_T,Total,2034,,30,,PERCENT,percent,,,F,Forecasted value,,,,
DATAFLOW,SPC:DF_POP_AGE(1.0),Population structure by age,I,A,Annual,MEL,Melanesia,POPCHILD,Proportion of children (<14),_T,Total,2035,,30,,PERCENT,percent,,,F,Forecasted value,,,,
DATAFLOW,SPC:DF_POP_AGE(1.0),Population structure by age,I,A,Annual,MEL,Melanesia,POPCHILD,Proportion of children (<14),_T,Total,2036,,29,,PERCENT,percent,,,F,Forecasted value,,,,
DATAFLOW,SPC:DF_POP_AGE(1.0),Population structure by age,I,A,Annual,MEL,Melanesia,POPCHILD,Proportion of children (<14),_T,Total,2037,,29,,PERCENT,percent,,,F,Forecasted value,,,,
DATAFLOW,SPC:DF_POP_AGE(1.0),Population structure by age,I,A,Annual,MEL,Melanesia,POPCHILD,Proportion of children (<14),_T,Total,2038,,29,,PERCENT,percent,,,F,Forecasted value,,,,
DATAFLOW,SPC:DF_POP_AGE(1.0),Population structure by age,I,A,Annual,MEL,Melanesia,POPCHILD,Proportion of children (<14),_T,Total,2039,,28,,PERCENT,percent,,,F,Forecasted value,,,,
DATAFLOW,SPC:DF_POP_AGE(1.0),Population structure by age,I,A,Annual,MEL,Melanesia,POPCHILD,Proportion of children (<14),_T,Total,2040,,28,,PERCENT,percent,,,F,Forecasted value,,,,
DATAFLOW,SPC:DF_POP_AGE(1.0),Population structure by age,I,A,Annual,MEL,Melanesia,POPCHILD,Proportion of children (<14),_T,Total,2041,,28,,PERCENT,percent,,,F,Forecasted value,,,,
DATAFLOW,SPC:DF_POP_AGE(1.0),Population structure by age,I,A,Annual,MEL,Melanesia,POPCHILD,Proportion of children (<14),_T,Total,2042,,28,,PERCENT,percent,,,F,Forecasted value,,,,
DATAFLOW,SPC:DF_POP_AGE(1.0),Population structure by age,I,A,Annual,MEL,Melanesia,POPCHILD,Proportion of children (<14),_T,Total,2043,,27,,PERCENT,percent,,,F,Forecasted value,,,,
DATAFLOW,SPC:DF_POP_AGE(1.0),Population structure by age,I,A,Annual,MEL,Melanesia,POPCHILD,Proportion of children (<14),_T,Total,2044,,27,,PERCENT,percent,,,F,Forecasted value,,,,
DATAFLOW,SPC:DF_POP_AGE(1.0),Population structure by age,I,A,Annual,MEL,Melanesia,POPCHILD,Proportion of children (<14),_T,Total,2045,,27,,PERCENT,percent,,,F,Forecasted value,,,,
DATAFLOW,SPC:DF_POP_AGE(1.0),Population structure by age,I,A,Annual,MEL,Melanesia,POPCHILD,Proportion of children (<14),_T,Total,2046,,27,,PERCENT,percent,,,F,Forecasted value,,,,
DATAFLOW,SPC:DF_POP_AGE(1.0),Population structure by age,I,A,Annual,MEL,Melanesia,POPCHILD,Proportion of children (<14),_T,Total,2047,,27,,PERCENT,percent,,,F,Forecasted value,,,,
DATAFLOW,SPC:DF_POP_AGE(1.0),Population structure by age,I,A,Annual,MEL,Melanesia,POPCHILD,Proportion of children (<14),_T,Total,2048,,26,,PERCENT,percent,,,F,Forecasted value,,,,
DATAFLOW,SPC:DF_POP_AGE(1.0),Population structure by age,I,A,Annual,MEL,Melanesia,POPCHILD,Proportion of children (<14),_T,Total,2049,,26,,PERCENT,percent,,,F,Forecasted value,,,,
DATAFLOW,SPC:DF_POP_AGE(1.0),Population structure by age,I,A,Annual,MEL,Melanesia,POPCHILD,Proportion of children (<14),_T,Total,2050,,26,,PERCENT,percent,,,F,Forecasted value,,,,
DATAFLOW,SPC:DF_POP_AGE(1.0),Population structure by age,I,A,Annual,PF,French Polynesia,POPCHILD,Proportion of children (<14),_T,Total,2025,,19,,PERCENT,percent,,,E,Estimated value,,,,
DATAFLOW,SPC:DF_POP_AGE(1.0),Population structure by age,I,A,Annual,PF,French Polynesia,POPCHILD,Proportion of children (<14),_T,Total,2026,,18,,PERCENT,percent,,,F,Forecasted value,,,,
DATAFLOW,SPC:DF_POP_AGE(1.0),Population structure by age,I,A,Annual,PF,French Polynesia,POPCHILD,Proportion of children (<14),_T,Total,2027,,18,,PERCENT,percent,,,F,Forecasted value,,,,
DATAFLOW,SPC:DF_POP_AGE(1.0),Population structure by age,I,A,Annual,PF,French Polynesia,POPCHILD,Proportion of children (<14),_T,Total,2028,,17,,PERCENT,percent,,,F,Forecasted value,,,,
DATAFLOW,SPC:DF_POP_AGE(1.0),Population structure by age,I,A,Annual,PF,French Polynesia,POPCHILD,Proportion of children (<14),_T,Total,2029,,16,,PERCENT,percent,,,F,Forecasted value,,,,
DATAFLOW,SPC:DF_POP_AGE(1.0),Population structure by age,I,A,Annual,PF,French Polynesia,POPCHILD,Proportion of children (<14),_T,Total,2030,,16,,PERCENT,percent,,,F,Forecasted value,,,,
DATAFLOW,SPC:DF_POP_AGE(1.0),Population structure by age,I,A,Annual,PF,French Polynesia,POPCHILD,Proportion of children (<14),_T,Total,2031,,16,,PERCENT,percent,,,F,Forecasted value,,,,
DATAFLOW,SPC:DF_POP_AGE(1.0),Population structure by age,I,A,Annual,PF,French Polynesia,POPCHILD,Proportion of children (<14),_T,Total,2032,,15,,PERCENT,percent,,,F,Forecasted value,,,,
DATAFLOW,SPC:DF_POP_AGE(1.0),Population structure by age,I,A,Annual,PF,French Polynesia,POPCHILD,Proportion of children (<14),_T,Total,2033,,15,,PERCENT,percent,,,F,Forecasted value,,,,
DATAFLOW,SPC:DF_POP_AGE(1.0),Population structure by age,I,A,Annual,PF,French Polynesia,POPCHILD,Proportion of children (<14),_T,Total,2034,,14,,PERCENT,percent,,,F,Forecasted value,,,,
DATAFLOW,SPC:DF_POP_AGE(1.0),Population structure by age,I,A,Annual,PF,French Polynesia,POPCHILD,Proportion of children (<14),_T,Total,2035,,14,,PERCENT,percent,,,F,Forecasted value,,,,
DATAFLOW,SPC:DF_POP_AGE(1.0),Population structure by age,I,A,Annual,PF,French Polynesia,POPCHILD,Proportion of children (<14),_T,Total,2036,,14,,PERCENT,percent,,,F,Forecasted value,,,,
DATAFLOW,SPC:DF_POP_AGE(1.0),Population structure by age,I,A,Annual,PF,French Polynesia,POPCHILD,Proportion of children (<14),_T,Total,2037,,14,,PERCENT,percent,,,F,Forecasted value,,,,
DATAFLOW,SPC:DF_POP_AGE(1.0),Population structure by age,I,A,Annual,PF,French Polynesia,POPCHILD,Proportion of children (<14),_T,Total,2038,,14,,PERCENT,percent,,,F,Forecasted value,,,,
DATAFLOW,SPC:DF_POP_AGE(1.0),Population structure by age,I,A,Annual,PF,French Polynesia,POPCHILD,Proportion of children (<14),_T,Total,2039,,14,,PERCENT,percent,,,F,Forecasted value,,,,
DATAFLOW,SPC:DF_POP_AGE(1.0),Population structure by age,I,A,Annual,PF,French Polynesia,POPCHILD,Proportion of children (<14),_T,Total,2040,,14,,PERCENT,percent,,,F,Forecasted value,,,,
DATAFLOW,SPC:DF_POP_AGE(1.0),Population structure by age,I,A,Annual,PF,French Polynesia,POPCHILD,Proportion of children (<14),_T,Total,2041,,14,,PERCENT,percent,,,F,Forecasted value,,,,
DATAFLOW,SPC:DF_POP_AGE(1.0),Population structure by age,I,A,Annual,PF,French Polynesia,POPCHILD,Proportion of children (<14),_T,Total,2042,,14,,PERCENT,percent,,,F,Forecasted value,,,,
DATAFLOW,SPC:DF_POP_AGE(1.0),Population structure by age,I,A,Annual,PF,French Polynesia,POPCHILD,Proportion of children (<14),_T,Total,2043,,14,,PERCENT,percent,,,F,Forecasted value,,,,
DATAFLOW,SPC:DF_POP_AGE(1.0),Population structure by age,I,A,Annual,PF,French Polynesia,POPCHILD,Proportion of children (<14),_T,Total,2044,,14,,PERCENT,percent,,,F,Forecasted value,,,,
DATAFLOW,SPC:DF_POP_AGE(1.0),Population structure by age,I,A,Annual,PF,French Polynesia,POPCHILD,Proportion of children (<14),_T,Total,2045,,14,,PERCENT,percent,,,F,Forecasted value,,,,
DATAFLOW,SPC:DF_POP_AGE(1.0),Population structure by age,I,A,Annual,PF,French Polynesia,POPCHILD,Proportion of children (<14),_T,Total,2046,,13,,PERCENT,percent,,,F,Forecasted value,,,,
DATAFLOW,SPC:DF_POP_AGE(1.0),Population structure by age,I,A,Annual,PF,French Polynesia,POPCHILD,Proportion of children (<14),_T,Total,2047,,13,,PERCENT,percent,,,F,Forecasted value,,,,
DATAFLOW,SPC:DF_POP_AGE(1.0),Population structure by age,I,A,Annual,PF,French Polynesia,POPCHILD,Proportion of children (<14),_T,Total,2048,,13,,PERCENT,percent,,,F,Forecasted value,,,,
DATAFLOW,SPC:DF_POP_AGE(1.0),Population structure by age,I,A,Annual,PF,French Polynesia,POPCHILD,Proportion of children (<14),_T,Total,2049,,13,,PERCENT,percent,,,F,Forecasted value,,,,
DATAFLOW,SPC:DF_POP_AGE(1.0),Population structure by age,I,A,Annual,PF,French Polynesia,POPCHILD,Proportion of children (<14),_T,Total,2050,,13,,PERCENT,percent,,,F,Forecasted value,,,,
DATAFLOW,SPC:DF_POP_AGE(1.0),Population structure by age,I,A,Annual,NU,Niue,POPYOUTH,Proportion of youth (15-24),_T,Total,2025,,15,,PERCENT,percent,,,E,Estimated value,,,,
DATAFLOW,SPC:DF_POP_AGE(1.0),Population structure by age,I,A,Annual,NU,Niue,POPYOUTH,Proportion of youth (15-24),_T,Total,2026,,16,,PERCENT,percent,,,F,Forecasted value,,,,
DATAFLOW,SPC:DF_POP_AGE(1.0),Population structure by age,I,A,Annual,NU,Niue,POPYOUTH,Proportion of youth (15-24),_T,Total,2027,,17,,PERCENT,percent,,,F,Forecasted value,,,,
DATAFLOW,SPC:DF_POP_AGE(1.0),Population structure by age,I,A,Annual,NU,Niue,POPYOUTH,Proportion of youth (15-24),_T,Total,2028,,18,,PERCENT,percent,,,F,Forecasted value,,,,
DATAFLOW,SPC:DF_POP_AGE(1.0),Population structure by age,I,A,Annual,NU,Niue,POPYOUTH,Proportion of youth (15-24),_T,Total,2029,,18,,PERCENT,percent,,,F,Forecasted value,,,,
DATAFLOW,SPC:DF_POP_AGE(1.0),Population structure by age,I,A,Annual,NU,Niue,POPYOUTH,Proportion of youth (15-24),_T,Total,2030,,18,,PERCENT,percent,,,F,Forecasted value,,,,
DATAFLOW,SPC:DF_POP_AGE(1.0),Population structure by age,I,A,Annual,NU,Niue,POPYOUTH,Proportion of youth (15-24),_T,Total,2031,,18,,PERCENT,percent,,,F,Forecasted value,,,,
DATAFLOW,SPC:DF_POP_AGE(1.0),Population structure by age,I,A,Annual,NU,Niue,POPYOUTH,Proportion of youth (15-24),_T,Total,2032,,17,,PERCENT,percent,,,F,Forecasted value,,,,
DATAFLOW,SPC:DF_POP_AGE(1.0),Population structure by age,I,A,Annual,NU,Niue,POPYOUTH,Proportion of youth (15-24),_T,Total,2033,,17,,PERCENT,percent,,,F,Forecasted value,,,,
DATAFLOW,SPC:DF_POP_AGE(1.0),Population structure by age,I,A,Annual,NU,Niue,POPYOUTH,Proportion of youth (15-24),_T,Total,2034,,16,,PERCENT,percent,,,F,Forecasted value,,,,
DATAFLOW,SPC:DF_POP_AGE(1.0),Population structure by age,I,A,Annual,NU,Niue,POPYOUTH,Proportion of youth (15-24),_T,Total,2035,,16,,PERCENT,percent,,,F,Forecasted value,,,,
DATAFLOW,SPC:DF_POP_AGE(1.0),Population structure by age,I,A,Annual,NU,Niue,POPYOUTH,Proportion of youth (15-24),_T,Total,2036,,15,,PERCENT,percent,,,F,Forecasted value,,,,
DATAFLOW,SPC:DF_POP_AGE(1.0),Population structure by age,I,A,Annual,NU,Niue,POPYOUTH,Proportion of youth (15-24),_T,Total,2037,,14,,PERCENT,percent,,,F,Forecasted value,,,,
DATAFLOW,SPC:DF_POP_AGE(1.0),Population structure by age,I,A,Annual,NU,Niue,POPYOUTH,Proportion of youth (15-24),_T,Total,2038,,14,,PERCENT,percent,,,F,Forecasted value,,,,
DATAFLOW,SPC:DF_POP_AGE(1.0),Population structure by age,I,A,Annual,NU,Niue,POPYOUTH,Proportion of youth (15-24),_T,Total,2039,,13,,PERCENT,percent,,,F,Forecasted value,,,,
DATAFLOW,SPC:DF_POP_AGE(1.0),Population structure by age,I,A,Annual,NU,Niue,POPYOUTH,Proportion of youth (15-24),_T,Total,2040,,13,,PERCENT,percent,,,F,Forecasted value,,,,
DATAFLOW,SPC:DF_POP_AGE(1.0),Population structure by age,I,A,Annual,NU,Niue,POPYOUTH,Proportion of youth (15-24),_T,Total,2041,,13,,PERCENT,percent,,,F,Forecasted value,,,,
DATAFLOW,SPC:DF_POP_AGE(1.0),Population structure by age,I,A,Annual,NU,Niue,POPYOUTH,Proportion of youth (15-24),_T,Total,2042,,13,,PERCENT,percent,,,F,Forecasted value,,,,
DATAFLOW,SPC:DF_POP_AGE(1.0),Population structure by age,I,A,Annual,NU,Niue,POPYOUTH,Proportion of youth (15-24),_T,Total,2043,,13,,PERCENT,percent,,,F,Forecasted value,,,,
DATAFLOW,SPC:DF_POP_AGE(1.0),Population structure by age,I,A,Annual,NU,Niue,POPYOUTH,Proportion of youth (15-24),_T,Total,2044,,13,,PERCENT,percent,,,F,Forecasted value,,,,
DATAFLOW,SPC:DF_POP_AGE(1.0),Population structure by age,I,A,Annual,NU,Niue,POPYOUTH,Proportion of youth (15-24),_T,Total,2045,,13,,PERCENT,percent,,,F,Forecasted value,,,,
DATAFLOW,SPC:DF_POP_AGE(1.0),Population structure by age,I,A,Annual,NU,Niue,POPYOUTH,Proportion of youth (15-24),_T,Total,2046,,14,,PERCENT,percent,,,F,Forecasted value,,,,
DATAFLOW,SPC:DF_POP_AGE(1.0),Population structure by age,I,A,Annual,NU,Niue,POPYOUTH,Proportion of youth (15-24),_T,Total,2047,,14,,PERCENT,percent,,,F,Forecasted value,,,,
DATAFLOW,SPC:DF_POP_AGE(1.0),Population structure by age,I,A,Annual,NU,Niue,POPYOUTH,Proportion of youth (15-24),_T,Total,2048,,14,,PERCENT,percent,,,F,Forecasted value,,,,
DATAFLOW,SPC:DF_POP_AGE(1.0),Population structure by age,I,A,Annual,NU,Niue,POPYOUTH,Proportion of youth (15-24),_T,Total,2049,,15,,PERCENT,percent,,,F,Forecasted value,,,,
DATAFLOW,SPC:DF_POP_AGE(1.0),Population structure by age,I,A,Annual,NU,Niue,POPYOUTH,Proportion of youth (15-24),_T,Total,2050,,15,,PERCENT,percent,,,F,Forecasted value,,,,
DATAFLOW,SPC:DF_POP_AGE(1.0),Population structure by age,I,A,Annual,VU,Vanuatu,POPCHILD,Proportion of children (<14),_T,Total,2025,,38,,PERCENT,percent,,,E,Estimated value,,,,
DATAFLOW,SPC:DF_POP_AGE(1.0),Population structure by age,I,A,Annual,VU,Vanuatu,POPCHILD,Proportion of children (<14),_T,Total,2026,,38,,PERCENT,percent,,,F,Forecasted value,,,,
DATAFLOW,SPC:DF_POP_AGE(1.0),Population structure by age,I,A,Annual,VU,Vanuatu,POPCHILD,Proportion of children (<14),_T,Total,2027,,37,,PERCENT,percent,,,F,Forecasted value,,,,
DATAFLOW,SPC:DF_POP_AGE(1.0),Population structure by age,I,A,Annual,VU,Vanuatu,POPCHILD,Proportion of children (<14),_T,Total,2028,,37,,PERCENT,percent,,,F,Forecasted value,,,,
DATAFLOW,SPC:DF_POP_AGE(1.0),Population structure by age,I,A,Annual,VU,Vanuatu,POPCHILD,Proportion of children (<14),_T,Total,2029,,36,,PERCENT,percent,,,F,Forecasted value,,,,
DATAFLOW,SPC:DF_POP_AGE(1.0),Population structure by age,I,A,Annual,VU,Vanuatu,POPCHILD,Proportion of children (<14),_T,Total,2030,,36,,PERCENT,percent,,,F,Forecasted value,,,,
DATAFLOW,SPC:DF_POP_AGE(1.0),Population structure by age,I,A,Annual,VU,Vanuatu,POPCHILD,Proportion of children (<14),_T,Total,2031,,36,,PERCENT,percent,,,F,Forecasted value,,,,
DATAFLOW,SPC:DF_POP_AGE(1.0),Population structure by age,I,A,Annual,VU,Vanuatu,POPCHILD,Proportion of children (<14),_T,Total,2032,,35,,PERCENT,percent,,,F,Forecasted value,,,,
DATAFLOW,SPC:DF_POP_AGE(1.0),Population structure by age,I,A,Annual,VU,Vanuatu,POPCHILD,Proportion of children (<14),_T,Total,2033,,35,,PERCENT,percent,,,F,Forecasted value,,,,
DATAFLOW,SPC:DF_POP_AGE(1.0),Population structure by age,I,A,Annual,VU,Vanuatu,POPCHILD,Proportion of children (<14),_T,Total,2034,,34,,PERCENT,percent,,,F,Forecasted value,,,,
DATAFLOW,SPC:DF_POP_AGE(1.0),Population structure by age,I,A,Annual,VU,Vanuatu,POPCHILD,Proportion of children (<14),_T,Total,2035,,34,,PERCENT,percent,,,F,Forecasted value,,,,
DATAFLOW,SPC:DF_POP_AGE(1.0),Population structure by age,I,A,Annual,VU,Vanuatu,POPCHILD,Proportion of children (<14),_T,Total,2036,,34,,PERCENT,percent,,,F,Forecasted value,,,,
DATAFLOW,SPC:DF_POP_AGE(1.0),Population structure by age,I,A,Annual,VU,Vanuatu,POPCHILD,Proportion of children (<14),_T,Total,2037,,33,,PERCENT,percent,,,F,Forecasted value,,,,
DATAFLOW,SPC:DF_POP_AGE(1.0),Population structure by age,I,A,Annual,VU,Vanuatu,POPCHILD,Proportion of children (<14),_T,Total,2038,,33,,PERCENT,percent,,,F,Forecasted value,,,,
DATAFLOW,SPC:DF_POP_AGE(1.0),Population structure by age,I,A,Annual,VU,Vanuatu,POPCHILD,Proportion of children (<14),_T,Total,2039,,33,,PERCENT,percent,,,F,Forecasted value,,,,
DATAFLOW,SPC:DF_POP_AGE(1.0),Population structure by age,I,A,Annual,VU,Vanuatu,POPCHILD,Proportion of children (<14),_T,Total,2040,,33,,PERCENT,percent,,,F,Forecasted value,,,,
DATAFLOW,SPC:DF_POP_AGE(1.0),Population structure by age,I,A,Annual,VU,Vanuatu,POPCHILD,Proportion of children (<14),_T,Total,2041,,32,,PERCENT,percent,,,F,Forecasted value,,,,
DATAFLOW,SPC:DF_POP_AGE(1.0),Population structure by age,I,A,Annual,VU,Vanuatu,POPCHILD,Proportion of children (<14),_T,Total,2042,,32,,PERCENT,percent,,,F,Forecasted value,,,,
DATAFLOW,SPC:DF_POP_AGE(1.0),Population structure by age,I,A,Annual,VU,Vanuatu,POPCHILD,Proportion of children (<14),_T,Total,2043,,32,,PERCENT,percent,,,F,Forecasted value,,,,
DATAFLOW,SPC:DF_POP_AGE(1.0),Population structure by age,I,A,Annual,VU,Vanuatu,POPCHILD,Proportion of children (<14),_T,Total,2044,,32,,PERCENT,percent,,,F,Forecasted value,,,,
DATAFLOW,SPC:DF_POP_AGE(1.0),Population structure by age,I,A,Annual,VU,Vanuatu,POPCHILD,Proportion of children (<14),_T,Total,2045,,32,,PERCENT,percent,,,F,Forecasted value,,,,
DATAFLOW,SPC:DF_POP_AGE(1.0),Population structure by age,I,A,Annual,VU,Vanuatu,POPCHILD,Proportion of children (<14),_T,Total,2046,,32,,PERCENT,percent,,,F,Forecasted value,,,,
DATAFLOW,SPC:DF_POP_AGE(1.0),Population structure by age,I,A,Annual,VU,Vanuatu,POPCHILD,Proportion of children (<14),_T,Total,2047,,31,,PERCENT,percent,,,F,Forecasted value,,,,
DATAFLOW,SPC:DF_POP_AGE(1.0),Population structure by age,I,A,Annual,VU,Vanuatu,POPCHILD,Proportion of children (<14),_T,Total,2048,,31,,PERCENT,percent,,,F,Forecasted value,,,,
DATAFLOW,SPC:DF_POP_AGE(1.0),Population structure by age,I,A,Annual,VU,Vanuatu,POPCHILD,Proportion of children (<14),_T,Total,2049,,31,,PERCENT,percent,,,F,Forecasted value,,,,
DATAFLOW,SPC:DF_POP_AGE(1.0),Population structure by age,I,A,Annual,VU,Vanuatu,POPCHILD,Proportion of children (<14),_T,Total,2050,,31,,PERCENT,percent,,,F,Forecasted value,,,,
DATAFLOW,SPC:DF_POP_AGE(1.0),Population structure by age,I,A,Annual,_T,Pacific region,POPYOUTH,Proportion of youth (15-24),_T,Total,2025,,19,,PERCENT,percent,,,E,Estimated value,,,,
DATAFLOW,SPC:DF_POP_AGE(1.0),Population structure by age,I,A,Annual,_T,Pacific region,POPYOUTH,Proportion of youth (15-24),_T,Total,2026,,19,,PERCENT,percent,,,F,Forecasted value,,,,
DATAFLOW,SPC:DF_POP_AGE(1.0),Population structure by age,I,A,Annual,_T,Pacific region,POPYOUTH,Proportion of youth (15-24),_T,Total,2027,,19,,PERCENT,percent,,,F,Forecasted value,,,,
DATAFLOW,SPC:DF_POP_AGE(1.0),Population structure by age,I,A,Annual,_T,Pacific region,POPYOUTH,Proportion of youth (15-24),_T,Total,2028,,19,,PERCENT,percent,,,F,Forecasted value,,,,
DATAFLOW,SPC:DF_POP_AGE(1.0),Population structure by age,I,A,Annual,_T,Pacific region,POPYOUTH,Proportion of youth (15-24),_T,Total,2029,,19,,PERCENT,percent,,,F,Forecasted value,,,,
DATAFLOW,SPC:DF_POP_AGE(1.0),Population structure by age,I,A,Annual,_T,Pacific region,POPYOUTH,Proportion of youth (15-24),_T,Total,2030,,19,,PERCENT,percent,,,F,Forecasted value,,,,
DATAFLOW,SPC:DF_POP_AGE(1.0),Population structure by age,I,A,Annual,_T,Pacific region,POPYOUTH,Proportion of youth (15-24),_T,Total,2031,,19,,PERCENT,percent,,,F,Forecasted value,,,,
DATAFLOW,SPC:DF_POP_AGE(1.0),Population structure by age,I,A,Annual,_T,Pacific region,POPYOUTH,Proportion of youth (15-24),_T,Total,2032,,18,,PERCENT,percent,,,F,Forecasted value,,,,
DATAFLOW,SPC:DF_POP_AGE(1.0),Population structure by age,I,A,Annual,_T,Pacific region,POPYOUTH,Proportion of youth (15-24),_T,Total,2033,,18,,PERCENT,percent,,,F,Forecasted value,,,,
DATAFLOW,SPC:DF_POP_AGE(1.0),Population structure by age,I,A,Annual,_T,Pacific region,POPYOUTH,Proportion of youth (15-24),_T,Total,2034,,18,,PERCENT,percent,,,F,Forecasted value,,,,
DATAFLOW,SPC:DF_POP_AGE(1.0),Population structure by age,I,A,Annual,_T,Pacific region,POPYOUTH,Proportion of youth (15-24),_T,Total,2035,,18,,PERCENT,percent,,,F,Forecasted value,,,,
DATAFLOW,SPC:DF_POP_AGE(1.0),Population structure by age,I,A,Annual,_T,Pacific region,POPYOUTH,Proportion of youth (15-24),_T,Total,2036,,18,,PERCENT,percent,,,F,Forecasted value,,,,
DATAFLOW,SPC:DF_POP_AGE(1.0),Population structure by age,I,A,Annual,_T,Pacific region,POPYOUTH,Proportion of youth (15-24),_T,Total,2037,,18,,PERCENT,percent,,,F,Forecasted value,,,,
DATAFLOW,SPC:DF_POP_AGE(1.0),Population structure by age,I,A,Annual,_T,Pacific region,POPYOUTH,Proportion of youth (15-24),_T,Total,2038,,18,,PERCENT,percent,,,F,Forecasted value,,,,
DATAFLOW,SPC:DF_POP_AGE(1.0),Population structure by age,I,A,Annual,_T,Pacific region,POPYOUTH,Proportion of youth (15-24),_T,Total,2039,,18,,PERCENT,percent,,,F,Forecasted value,,,,
DATAFLOW,SPC:DF_POP_AGE(1.0),Population structure by age,I,A,Annual,_T,Pacific region,POPYOUTH,Proportion of youth (15-24),_T,Total,2040,,18,,PERCENT,percent,,,F,Forecasted value,,,,
DATAFLOW,SPC:DF_POP_AGE(1.0),Population structure by age,I,A,Annual,_T,Pacific region,POPYOUTH,Proportion of youth (15-24),_T,Total,2041,,18,,PERCENT,percent,,,F,Forecasted value,,,,
DATAFLOW,SPC:DF_POP_AGE(1.0),Population structure by age,I,A,Annual,_T,Pacific region,POPYOUTH,Proportion of youth (15-24),_T,Total,2042,,17,,PERCENT,percent,,,F,Forecasted value,,,,
DATAFLOW,SPC:DF_POP_AGE(1.0),Population structure by age,I,A,Annual,_T,Pacific region,POPYOUTH,Proportion of youth (15-24),_T,Total,2043,,17,,PERCENT,percent,,,F,Forecasted value,,,,
DATAFLOW,SPC:DF_POP_AGE(1.0),Population structure by age,I,A,Annual,_T,Pacific region,POPYOUTH,Proportion of youth (15-24),_T,Total,2044,,17,,PERCENT,percent,,,F,Forecasted value,,,,
DATAFLOW,SPC:DF_POP_AGE(1.0),Population structure by age,I,A,Annual,_T,Pacific region,POPYOUTH,Proportion of youth (15-24),_T,Total,2045,,17,,PERCENT,percent,,,F,Forecasted value,,,,
DATAFLOW,SPC:DF_POP_AGE(1.0),Population structure by age,I,A,Annual,_T,Pacific region,POPYOUTH,Proportion of youth (15-24),_T,Total,2046,,17,,PERCENT,percent,,,F,Forecasted value,,,,
DATAFLOW,SPC:DF_POP_AGE(1.0),Population structure by age,I,A,Annual,_T,Pacific region,POPYOUTH,Proportion of youth (15-24),_T,Total,2047,,17,,PERCENT,percent,,,F,Forecasted value,,,,
DATAFLOW,SPC:DF_POP_AGE(1.0),Population structure by age,I,A,Annual,_T,Pacific region,POPYOUTH,Proportion of youth (15-24),_T,Total,2048,,17,,PERCENT,percent,,,F,Forecasted value,,,,
DATAFLOW,SPC:DF_POP_AGE(1.0),Population structure by age,I,A,Annual,_T,Pacific region,POPYOUTH,Proportion of youth (15-24),_T,Total,2049,,16,,PERCENT,percent,,,F,Forecasted value,,,,
DATAFLOW,SPC:DF_POP_AGE(1.0),Population structure by age,I,A,Annual,_T,Pacific region,POPYOUTH,Proportion of youth (15-24),_T,Total,2050,,16,,PERCENT,percent,,,F,Forecasted value,,,,
DATAFLOW,SPC:DF_POP_AGE(1.0),Population structure by age,I,A,Annual,MH,Marshall Islands,POPCHILD,Proportion of children (<14),_T,Total,2025,,34,,PERCENT,percent,,,E,Estimated value,,,,
DATAFLOW,SPC:DF_POP_AGE(1.0),Population structure by age,I,A,Annual,MH,Marshall Islands,POPCHILD,Proportion of children (<14),_T,Total,2026,,34,,PERCENT,percent,,,F,Forecasted value,,,,
DATAFLOW,SPC:DF_POP_AGE(1.0),Population structure by age,I,A,Annual,MH,Marshall Islands,POPCHILD,Proportion of children (<14),_T,Total,2027,,33,,PERCENT,percent,,,F,Forecasted value,,,,
DATAFLOW,SPC:DF_POP_AGE(1.0),Population structure by age,I,A,Annual,MH,Marshall Islands,POPCHILD,Proportion of children (<14),_T,Total,2028,,32,,PERCENT,percent,,,F,Forecasted value,,,,
DATAFLOW,SPC:DF_POP_AGE(1.0),Population structure by age,I,A,Annual,MH,Marshall Islands,POPCHILD,Proportion of children (<14),_T,Total,2029,,32,,PERCENT,percent,,,F,Forecasted value,,,,
DATAFLOW,SPC:DF_POP_AGE(1.0),Population structure by age,I,A,Annual,MH,Marshall Islands,POPCHILD,Proportion of children (<14),_T,Total,2030,,31,,PERCENT,percent,,,F,Forecasted value,,,,
DATAFLOW,SPC:DF_POP_AGE(1.0),Population structure by age,I,A,Annual,MH,Marshall Islands,POPCHILD,Proportion of children (<14),_T,Total,2031,,31,,PERCENT,percent,,,F,Forecasted value,,,,
DATAFLOW,SPC:DF_POP_AGE(1.0),Population structure by age,I,A,Annual,MH,Marshall Islands,POPCHILD,Proportion of children (<14),_T,Total,2032,,30,,PERCENT,percent,,,F,Forecasted value,,,,
DATAFLOW,SPC:DF_POP_AGE(1.0),Population structure by age,I,A,Annual,MH,Marshall Islands,POPCHILD,Proportion of children (<14),_T,Total,2033,,29,,PERCENT,percent,,,F,Forecasted value,,,,
DATAFLOW,SPC:DF_POP_AGE(1.0),Population structure by age,I,A,Annual,MH,Marshall Islands,POPCHILD,Proportion of children (<14),_T,Total,2034,,29,,PERCENT,percent,,,F,Forecasted value,,,,
DATAFLOW,SPC:DF_POP_AGE(1.0),Population structure by age,I,A,Annual,MH,Marshall Islands,POPCHILD,Proportion of children (<14),_T,Total,2035,,28,,PERCENT,percent,,,F,Forecasted value,,,,
DATAFLOW,SPC:DF_POP_AGE(1.0),Population structure by age,I,A,Annual,MH,Marshall Islands,POPCHILD,Proportion of children (<14),_T,Total,2036,,28,,PERCENT,percent,,,F,Forecasted value,,,,
DATAFLOW,SPC:DF_POP_AGE(1.0),Population structure by age,I,A,Annual,MH,Marshall Islands,POPCHILD,Proportion of children (<14),_T,Total,2037,,27,,PERCENT,percent,,,F,Forecasted value,,,,
DATAFLOW,SPC:DF_POP_AGE(1.0),Population structure by age,I,A,Annual,MH,Marshall Islands,POPCHILD,Proportion of children (<14),_T,Total,2038,,27,,PERCENT,percent,,,F,Forecasted value,,,,
DATAFLOW,SPC:DF_POP_AGE(1.0),Population structure by age,I,A,Annual,MH,Marshall Islands,POPCHILD,Proportion of children (<14),_T,Total,2039,,27,,PERCENT,percent,,,F,Forecasted value,,,,
DATAFLOW,SPC:DF_POP_AGE(1.0),Population structure by age,I,A,Annual,MH,Marshall Islands,POPCHILD,Proportion of children (<14),_T,Total,2040,,28,,PERCENT,percent,,,F,Forecasted value,,,,
DATAFLOW,SPC:DF_POP_AGE(1.0),Population structure by age,I,A,Annual,MH,Marshall Islands,POPCHILD,Proportion of children (<14),_T,Total,2041,,28,,PERCENT,percent,,,F,Forecasted value,,,,
DATAFLOW,SPC:DF_POP_AGE(1.0),Population structure by age,I,A,Annual,MH,Marshall Islands,POPCHILD,Proportion of children (<14),_T,Total,2042,,28,,PERCENT,percent,,,F,Forecasted value,,,,
DATAFLOW,SPC:DF_POP_AGE(1.0),Population structure by age,I,A,Annual,MH,Marshall Islands,POPCHILD,Proportion of children (<14),_T,Total,2043,,28,,PERCENT,percent,,,F,Forecasted value,,,,
DATAFLOW,SPC:DF_POP_AGE(1.0),Population structure by age,I,A,Annual,MH,Marshall Islands,POPCHILD,Proportion of children (<14),_T,Total,2044,,29,,PERCENT,percent,,,F,Forecasted value,,,,
DATAFLOW,SPC:DF_POP_AGE(1.0),Population structure by age,I,A,Annual,MH,Marshall Islands,POPCHILD,Proportion of children (<14),_T,Total,2045,,29,,PERCENT,percent,,,F,Forecasted value,,,,
DATAFLOW,SPC:DF_POP_AGE(1.0),Population structure by age,I,A,Annual,MH,Marshall Islands,POPCHILD,Proportion of children (<14),_T,Total,2046,,29,,PERCENT,percent,,,F,Forecasted value,,,,
DATAFLOW,SPC:DF_POP_AGE(1.0),Population structure by age,I,A,Annual,MH,Marshall Islands,POPCHILD,Proportion of children (<14),_T,Total,2047,,29,,PERCENT,percent,,,F,Forecasted value,,,,
DATAFLOW,SPC:DF_POP_AGE(1.0),Population structure by age,I,A,Annual,MH,Marshall Islands,POPCHILD,Proportion of children (<14),_T,Total,2048,,29,,PERCENT,percent,,,F,Forecasted value,,,,
DATAFLOW,SPC:DF_POP_AGE(1.0),Population structure by age,I,A,Annual,MH,Marshall Islands,POPCHILD,Proportion of children (<14),_T,Total,2049,,29,,PERCENT,percent,,,F,Forecasted value,,,,
DATAFLOW,SPC:DF_POP_AGE(1.0),Population structure by age,I,A,Annual,MH,Marshall Islands,POPCHILD,Proportion of children (<14),_T,Total,2050,,29,,PERCENT,percent,,,F,Forecasted value,,,,
DATAFLOW,SPC:DF_POP_AGE(1.0),Population structure by age,I,A,Annual,MH,Marshall Islands,POPYOUTH,Proportion of youth (15-24),_T,Total,2025,,21,,PERCENT,percent,,,E,Estimated value,,,,
DATAFLOW,SPC:DF_POP_AGE(1.0),Population structure by age,I,A,Annual,MH,Marshall Islands,POPYOUTH,Proportion of youth (15-24),_T,Total,2026,,23,,PERCENT,percent,,,F,Forecasted value,,,,
DATAFLOW,SPC:DF_POP_AGE(1.0),Population structure by age,I,A,Annual,MH,Marshall Islands,POPYOUTH,Proportion of youth (15-24),_T,Total,2027,,23,,PERCENT,percent,,,F,Forecasted value,,,,
DATAFLOW,SPC:DF_POP_AGE(1.0),Population structure by age,I,A,Annual,MH,Marshall Islands,POPYOUTH,Proportion of youth (15-24),_T,Total,2028,,24,,PERCENT,percent,,,F,Forecasted value,,,,
DATAFLOW,SPC:DF_POP_AGE(1.0),Population structure by age,I,A,Annual,MH,Marshall Islands,POPYOUTH,Proportion of youth (15-24),_T,Total,2029,,25,,PERCENT,percent,,,F,Forecasted value,,,,
DATAFLOW,SPC:DF_POP_AGE(1.0),Population structure by age,I,A,Annual,MH,Marshall Islands,POPYOUTH,Proportion of youth (15-24),_T,Total,2030,,25,,PERCENT,percent,,,F,Forecasted value,,,,
DATAFLOW,SPC:DF_POP_AGE(1.0),Population structure by age,I,A,Annual,MH,Marshall Islands,POPYOUTH,Proportion of youth (15-24),_T,Total,2031,,26,,PERCENT,percent,,,F,Forecasted value,,,,
DATAFLOW,SPC:DF_POP_AGE(1.0),Population structure by age,I,A,Annual,MH,Marshall Islands,POPYOUTH,Proportion of youth (15-24),_T,Total,2032,,26,,PERCENT,percent,,,F,Forecasted value,,,,
DATAFLOW,SPC:DF_POP_AGE(1.0),Population structure by age,I,A,Annual,MH,Marshall Islands,POPYOUTH,Proportion of youth (15-24),_T,Total,2033,,26,,PERCENT,percent,,,F,Forecasted value,,,,
DATAFLOW,SPC:DF_POP_AGE(1.0),Population structure by age,I,A,Annual,MH,Marshall Islands,POPYOUTH,Proportion of youth (15-24),_T,Total,2034,,25,,PERCENT,percent,,,F,Forecasted value,,,,
DATAFLOW,SPC:DF_POP_AGE(1.0),Population structure by age,I,A,Annual,MH,Marshall Islands,POPYOUTH,Proportion of youth (15-24),_T,Total,2035,,25,,PERCENT,percent,,,F,Forecasted value,,,,
DATAFLOW,SPC:DF_POP_AGE(1.0),Population structure by age,I,A,Annual,MH,Marshall Islands,POPYOUTH,Proportion of youth (15-24),_T,Total,2036,,25,,PERCENT,percent,,,F,Forecasted value,,,,
DATAFLOW,SPC:DF_POP_AGE(1.0),Population structure by age,I,A,Annual,MH,Marshall Islands,POPYOUTH,Proportion of youth (15-24),_T,Total,2037,,24,,PERCENT,percent,,,F,Forecasted value,,,,
DATAFLOW,SPC:DF_POP_AGE(1.0),Population structure by age,I,A,Annual,MH,Marshall Islands,POPYOUTH,Proportion of youth (15-24),_T,Total,2038,,24,,PERCENT,percent,,,F,Forecasted value,,,,
DATAFLOW,SPC:DF_POP_AGE(1.0),Population structure by age,I,A,Annual,MH,Marshall Islands,POPYOUTH,Proportion of youth (15-24),_T,Total,2039,,23,,PERCENT,percent,,,F,Forecasted value,,,,
DATAFLOW,SPC:DF_POP_AGE(1.0),Population structure by age,I,A,Annual,MH,Marshall Islands,POPYOUTH,Proportion of youth (15-24),_T,Total,2040,,22,,PERCENT,percent,,,F,Forecasted value,,,,
DATAFLOW,SPC:DF_POP_AGE(1.0),Population structure by age,I,A,Annual,MH,Marshall Islands,POPYOUTH,Proportion of youth (15-24),_T,Total,2041,,21,,PERCENT,percent,,,F,Forecasted value,,,,
DATAFLOW,SPC:DF_POP_AGE(1.0),Population structure by age,I,A,Annual,MH,Marshall Islands,POPYOUTH,Proportion of youth (15-24),_T,Total,2042,,20,,PERCENT,percent,,,F,Forecasted value,,,,
DATAFLOW,SPC:DF_POP_AGE(1.0),Population structure by age,I,A,Annual,MH,Marshall Islands,POPYOUTH,Proportion of youth (15-24),_T,Total,2043,,19,,PERCENT,percent,,,F,Forecasted value,,,,
DATAFLOW,SPC:DF_POP_AGE(1.0),Population structure by age,I,A,Annual,MH,Marshall Islands,POPYOUTH,Proportion of youth (15-24),_T,Total,2044,,18,,PERCENT,percent,,,F,Forecasted value,,,,
DATAFLOW,SPC:DF_POP_AGE(1.0),Population structure by age,I,A,Annual,MH,Marshall Islands,POPYOUTH,Proportion of youth (15-24),_T,Total,2045,,18,,PERCENT,percent,,,F,Forecasted value,,,,
DATAFLOW,SPC:DF_POP_AGE(1.0),Population structure by age,I,A,Annual,MH,Marshall Islands,POPYOUTH,Proportion of youth (15-24),_T,Total,2046,,17,,PERCENT,percent,,,F,Forecasted value,,,,
DATAFLOW,SPC:DF_POP_AGE(1.0),Population structure by age,I,A,Annual,MH,Marshall Islands,POPYOUTH,Proportion of youth (15-24),_T,Total,2047,,16,,PERCENT,percent,,,F,Forecasted value,,,,
DATAFLOW,SPC:DF_POP_AGE(1.0),Population structure by age,I,A,Annual,MH,Marshall Islands,POPYOUTH,Proportion of youth (15-24),_T,Total,2048,,16,,PERCENT,percent,,,F,Forecasted value,,,,
DATAFLOW,SPC:DF_POP_AGE(1.0),Population structure by age,I,A,Annual,MH,Marshall Islands,POPYOUTH,Proportion of youth (15-24),_T,Total,2049,,16,,PERCENT,percent,,,F,Forecasted value,,,,
DATAFLOW,SPC:DF_POP_AGE(1.0),Population structure by age,I,A,Annual,MH,Marshall Islands,POPYOUTH,Proportion of youth (15-24),_T,Total,2050,,16,,PERCENT,percent,,,F,Forecasted value,,,,
DATAFLOW,SPC:DF_POP_AGE(1.0),Population structure by age,I,A,Annual,VU,Vanuatu,POPYOUTH,Proportion of youth (15-24),_T,Total,2025,,18,,PERCENT,percent,,,E,Estimated value,,,,
DATAFLOW,SPC:DF_POP_AGE(1.0),Population structure by age,I,A,Annual,VU,Vanuatu,POPYOUTH,Proportion of youth (15-24),_T,Total,2026,,18,,PERCENT,percent,,,F,Forecasted value,,,,
DATAFLOW,SPC:DF_POP_AGE(1.0),Population structure by age,I,A,Annual,VU,Vanuatu,POPYOUTH,Proportion of youth (15-24),_T,Total,2027,,18,,PERCENT,percent,,,F,Forecasted value,,,,
DATAFLOW,SPC:DF_POP_AGE(1.0),Population structure by age,I,A,Annual,VU,Vanuatu,POPYOUTH,Proportion of youth (15-24),_T,Total,2028,,19,,PERCENT,percent,,,F,Forecasted value,,,,
DATAFLOW,SPC:DF_POP_AGE(1.0),Population structure by age,I,A,Annual,VU,Vanuatu,POPYOUTH,Proportion of youth (15-24),_T,Total,2029,,19,,PERCENT,percent,,,F,Forecasted value,,,,
DATAFLOW,SPC:DF_POP_AGE(1.0),Population structure by age,I,A,Annual,VU,Vanuatu,POPYOUTH,Proportion of youth (15-24),_T,Total,2030,,19,,PERCENT,percent,,,F,Forecasted value,,,,
DATAFLOW,SPC:DF_POP_AGE(1.0),Population structure by age,I,A,Annual,VU,Vanuatu,POPYOUTH,Proportion of youth (15-24),_T,Total,2031,,20,,PERCENT,percent,,,F,Forecasted value,,,,
DATAFLOW,SPC:DF_POP_AGE(1.0),Population structure by age,I,A,Annual,VU,Vanuatu,POPYOUTH,Proportion of youth (15-24),_T,Total,2032,,20,,PERCENT,percent,,,F,Forecasted value,,,,
DATAFLOW,SPC:DF_POP_AGE(1.0),Population structure by age,I,A,Annual,VU,Vanuatu,POPYOUTH,Proportion of youth (15-24),_T,Total,2033,,20,,PERCENT,percent,,,F,Forecasted value,,,,
DATAFLOW,SPC:DF_POP_AGE(1.0),Population structure by age,I,A,Annual,VU,Vanuatu,POPYOUTH,Proportion of youth (15-24),_T,Total,2034,,20,,PERCENT,percent,,,F,Forecasted value,,,,
DATAFLOW,SPC:DF_POP_AGE(1.0),Population structure by age,I,A,Annual,VU,Vanuatu,POPYOUTH,Proportion of youth (15-24),_T,Total,2035,,20,,PERCENT,percent,,,F,Forecasted value,,,,
DATAFLOW,SPC:DF_POP_AGE(1.0),Population structure by age,I,A,Annual,VU,Vanuatu,POPYOUTH,Proportion of youth (15-24),_T,Total,2036,,20,,PERCENT,percent,,,F,Forecasted value,,,,
DATAFLOW,SPC:DF_POP_AGE(1.0),Population structure by age,I,A,Annual,VU,Vanuatu,POPYOUTH,Proportion of youth (15-24),_T,Total,2037,,20,,PERCENT,percent,,,F,Forecasted value,,,,
DATAFLOW,SPC:DF_POP_AGE(1.0),Population structure by age,I,A,Annual,VU,Vanuatu,POPYOUTH,Proportion of youth (15-24),_T,Total,2038,,20,,PERCENT,percent,,,F,Forecasted value,,,,
DATAFLOW,SPC:DF_POP_AGE(1.0),Population structure by age,I,A,Annual,VU,Vanuatu,POPYOUTH,Proportion of youth (15-24),_T,Total,2039,,19,,PERCENT,percent,,,F,Forecasted value,,,,
DATAFLOW,SPC:DF_POP_AGE(1.0),Population structure by age,I,A,Annual,VU,Vanuatu,POPYOUTH,Proportion of youth (15-24),_T,Total,2040,,19,,PERCENT,percent,,,F,Forecasted value,,,,
DATAFLOW,SPC:DF_POP_AGE(1.0),Population structure by age,I,A,Annual,VU,Vanuatu,POPYOUTH,Proportion of youth (15-24),_T,Total,2041,,19,,PERCENT,percent,,,F,Forecasted value,,,,
DATAFLOW,SPC:DF_POP_AGE(1.0),Population structure by age,I,A,Annual,VU,Vanuatu,POPYOUTH,Proportion of youth (15-24),_T,Total,2042,,19,,PERCENT,percent,,,F,Forecasted value,,,,
DATAFLOW,SPC:DF_POP_AGE(1.0),Population structure by age,I,A,Annual,VU,Vanuatu,POPYOUTH,Proportion of youth (15-24),_T,Total,2043,,18,,PERCENT,percent,,,F,Forecasted value,,,,
DATAFLOW,SPC:DF_POP_AGE(1.0),Population structure by age,I,A,Annual,VU,Vanuatu,POPYOUTH,Proportion of youth (15-24),_T,Total,2044,,18,,PERCENT,percent,,,F,Forecasted value,,,,
DATAFLOW,SPC:DF_POP_AGE(1.0),Population structure by age,I,A,Annual,VU,Vanuatu,POPYOUTH,Proportion of youth (15-24),_T,Total,2045,,18,,PERCENT,percent,,,F,Forecasted value,,,,
DATAFLOW,SPC:DF_POP_AGE(1.0),Population structure by age,I,A,Annual,VU,Vanuatu,POPYOUTH,Proportion of youth (15-24),_T,Total,2046,,18,,PERCENT,percent,,,F,Forecasted value,,,,
DATAFLOW,SPC:DF_POP_AGE(1.0),Population structure by age,I,A,Annual,VU,Vanuatu,POPYOUTH,Proportion of youth (15-24),_T,Total,2047,,18,,PERCENT,percent,,,F,Forecasted value,,,,
DATAFLOW,SPC:DF_POP_AGE(1.0),Population structure by age,I,A,Annual,VU,Vanuatu,POPYOUTH,Proportion of youth (15-24),_T,Total,2048,,18,,PERCENT,percent,,,F,Forecasted value,,,,
DATAFLOW,SPC:DF_POP_AGE(1.0),Population structure by age,I,A,Annual,VU,Vanuatu,POPYOUTH,Proportion of youth (15-24),_T,Total,2049,,17,,PERCENT,percent,,,F,Forecasted value,,,,
DATAFLOW,SPC:DF_POP_AGE(1.0),Population structure by age,I,A,Annual,VU,Vanuatu,POPYOUTH,Proportion of youth (15-24),_T,Total,2050,,17,,PERCENT,percent,,,F,Forecasted value,,,,
DATAFLOW,SPC:DF_POP_AGE(1.0),Population structure by age,I,A,Annual,FJ,Fiji,POPCHILD,Proportion of children (<14),_T,Total,2025,,27,,PERCENT,percent,,,E,Estimated value,,,,
DATAFLOW,SPC:DF_POP_AGE(1.0),Population structure by age,I,A,Annual,FJ,Fiji,POPCHILD,Proportion of children (<14),_T,Total,2026,,27,,PERCENT,percent,,,F,Forecasted value,,,,
DATAFLOW,SPC:DF_POP_AGE(1.0),Population structure by age,I,A,Annual,FJ,Fiji,POPCHILD,Proportion of children (<14),_T,Total,2027,,26,,PERCENT,percent,,,F,Forecasted value,,,,
DATAFLOW,SPC:DF_POP_AGE(1.0),Population structure by age,I,A,Annual,FJ,Fiji,POPCHILD,Proportion of children (<14),_T,Total,2028,,26,,PERCENT,percent,,,F,Forecasted value,,,,
DATAFLOW,SPC:DF_POP_AGE(1.0),Population structure by age,I,A,Annual,FJ,Fiji,POPCHILD,Proportion of children (<14),_T,Total,2029,,26,,PERCENT,percent,,,F,Forecasted value,,,,
DATAFLOW,SPC:DF_POP_AGE(1.0),Population structure by age,I,A,Annual,FJ,Fiji,POPCHILD,Proportion of children (<14),_T,Total,2030,,26,,PERCENT,percent,,,F,Forecasted value,,,,
DATAFLOW,SPC:DF_POP_AGE(1.0),Population structure by age,I,A,Annual,FJ,Fiji,POPCHILD,Proportion of children (<14),_T,Total,2031,,25,,PERCENT,percent,,,F,Forecasted value,,,,
DATAFLOW,SPC:DF_POP_AGE(1.0),Population structure by age,I,A,Annual,FJ,Fiji,POPCHILD,Proportion of children (<14),_T,Total,2032,,25,,PERCENT,percent,,,F,Forecasted value,,,,
DATAFLOW,SPC:DF_POP_AGE(1.0),Population structure by age,I,A,Annual,FJ,Fiji,POPCHILD,Proportion of children (<14),_T,Total,2033,,25,,PERCENT,percent,,,F,Forecasted value,,,,
DATAFLOW,SPC:DF_POP_AGE(1.0),Population structure by age,I,A,Annual,FJ,Fiji,POPCHILD,Proportion of children (<14),_T,Total,2034,,24,,PERCENT,percent,,,F,Forecasted value,,,,
DATAFLOW,SPC:DF_POP_AGE(1.0),Population structure by age,I,A,Annual,FJ,Fiji,POPCHILD,Proportion of children (<14),_T,Total,2035,,24,,PERCENT,percent,,,F,Forecasted value,,,,
DATAFLOW,SPC:DF_POP_AGE(1.0),Population structure by age,I,A,Annual,FJ,Fiji,POPCHILD,Proportion of children (<14),_T,Total,2036,,24,,PERCENT,percent,,,F,Forecasted value,,,,
DATAFLOW,SPC:DF_POP_AGE(1.0),Population structure by age,I,A,Annual,FJ,Fiji,POPCHILD,Proportion of children (<14),_T,Total,2037,,24,,PERCENT,percent,,,F,Forecasted value,,,,
DATAFLOW,SPC:DF_POP_AGE(1.0),Population structure by age,I,A,Annual,FJ,Fiji,POPCHILD,Proportion of children (<14),_T,Total,2038,,24,,PERCENT,percent,,,F,Forecasted value,,,,
DATAFLOW,SPC:DF_POP_AGE(1.0),Population structure by age,I,A,Annual,FJ,Fiji,POPCHILD,Proportion of children (<14),_T,Total,2039,,23,,PERCENT,percent,,,F,Forecasted value,,,,
DATAFLOW,SPC:DF_POP_AGE(1.0),Population structure by age,I,A,Annual,FJ,Fiji,POPCHILD,Proportion of children (<14),_T,Total,2040,,23,,PERCENT,percent,,,F,Forecasted value,,,,
DATAFLOW,SPC:DF_POP_AGE(1.0),Population structure by age,I,A,Annual,FJ,Fiji,POPCHILD,Proportion of children (<14),_T,Total,2041,,23,,PERCENT,percent,,,F,Forecasted value,,,,
DATAFLOW,SPC:DF_POP_AGE(1.0),Population structure by age,I,A,Annual,FJ,Fiji,POPCHILD,Proportion of children (<14),_T,Total,2042,,23,,PERCENT,percent,,,F,Forecasted value,,,,
DATAFLOW,SPC:DF_POP_AGE(1.0),Population structure by age,I,A,Annual,FJ,Fiji,POPCHILD,Proportion of children (<14),_T,Total,2043,,23,,PERCENT,percent,,,F,Forecasted value,,,,
DATAFLOW,SPC:DF_POP_AGE(1.0),Population structure by age,I,A,Annual,FJ,Fiji,POPCHILD,Proportion of children (<14),_T,Total,2044,,23,,PERCENT,percent,,,F,Forecasted value,,,,
DATAFLOW,SPC:DF_POP_AGE(1.0),Population structure by age,I,A,Annual,FJ,Fiji,POPCHILD,Proportion of children (<14),_T,Total,2045,,22,,PERCENT,percent,,,F,Forecasted value,,,,
DATAFLOW,SPC:DF_POP_AGE(1.0),Population structure by age,I,A,Annual,FJ,Fiji,POPCHILD,Proportion of children (<14),_T,Total,2046,,22,,PERCENT,percent,,,F,Forecasted value,,,,
DATAFLOW,SPC:DF_POP_AGE(1.0),Population structure by age,I,A,Annual,FJ,Fiji,POPCHILD,Proportion of children (<14),_T,Total,2047,,22,,PERCENT,percent,,,F,Forecasted value,,,,
DATAFLOW,SPC:DF_POP_AGE(1.0),Population structure by age,I,A,Annual,FJ,Fiji,POPCHILD,Proportion of children (<14),_T,Total,2048,,22,,PERCENT,percent,,,F,Forecasted value,,,,
DATAFLOW,SPC:DF_POP_AGE(1.0),Population structure by age,I,A,Annual,FJ,Fiji,POPCHILD,Proportion of children (<14),_T,Total,2049,,22,,PERCENT,percent,,,F,Forecasted value,,,,
DATAFLOW,SPC:DF_POP_AGE(1.0),Population structure by age,I,A,Annual,FJ,Fiji,POPCHILD,Proportion of children (<14),_T,Total,2050,,22,,PERCENT,percent,,,F,Forecasted value,,,,
DATAFLOW,SPC:DF_POP_AGE(1.0),Population structure by age,I,A,Annual,WF,Wallis and Futuna,POPCHILD,Proportion of children (<14),_T,Total,2025,,20,,PERCENT,percent,,,E,Estimated value,,,,
DATAFLOW,SPC:DF_POP_AGE(1.0),Population structure by age,I,A,Annual,WF,Wallis and Futuna,POPCHILD,Proportion of children (<14),_T,Total,2026,,19,,PERCENT,percent,,,F,Forecasted value,,,,
DATAFLOW,SPC:DF_POP_AGE(1.0),Population structure by age,I,A,Annual,WF,Wallis and Futuna,POPCHILD,Proportion of children (<14),_T,Total,2027,,18,,PERCENT,percent,,,F,Forecasted value,,,,
DATAFLOW,SPC:DF_POP_AGE(1.0),Population structure by age,I,A,Annual,WF,Wallis and Futuna,POPCHILD,Proportion of children (<14),_T,Total,2028,,17,,PERCENT,percent,,,F,Forecasted value,,,,
DATAFLOW,SPC:DF_POP_AGE(1.0),Population structure by age,I,A,Annual,WF,Wallis and Futuna,POPCHILD,Proportion of children (<14),_T,Total,2029,,16,,PERCENT,percent,,,F,Forecasted value,,,,
DATAFLOW,SPC:DF_POP_AGE(1.0),Population structure by age,I,A,Annual,WF,Wallis and Futuna,POPCHILD,Proportion of children (<14),_T,Total,2030,,15,,PERCENT,percent,,,F,Forecasted value,,,,
DATAFLOW,SPC:DF_POP_AGE(1.0),Population structure by age,I,A,Annual,WF,Wallis and Futuna,POPCHILD,Proportion of children (<14),_T,Total,2031,,15,,PERCENT,percent,,,F,Forecasted value,,,,
DATAFLOW,SPC:DF_POP_AGE(1.0),Population structure by age,I,A,Annual,WF,Wallis and Futuna,POPCHILD,Proportion of children (<14),_T,Total,2032,,14,,PERCENT,percent,,,F,Forecasted value,,,,
DATAFLOW,SPC:DF_POP_AGE(1.0),Population structure by age,I,A,Annual,WF,Wallis and Futuna,POPCHILD,Proportion of children (<14),_T,Total,2033,,13,,PERCENT,percent,,,F,Forecasted value,,,,
DATAFLOW,SPC:DF_POP_AGE(1.0),Population structure by age,I,A,Annual,WF,Wallis and Futuna,POPCHILD,Proportion of children (<14),_T,Total,2034,,13,,PERCENT,percent,,,F,Forecasted value,,,,
DATAFLOW,SPC:DF_POP_AGE(1.0),Population structure by age,I,A,Annual,WF,Wallis and Futuna,POPCHILD,Proportion of children (<14),_T,Total,2035,,13,,PERCENT,percent,,,F,Forecasted value,,,,
DATAFLOW,SPC:DF_POP_AGE(1.0),Population structure by age,I,A,Annual,WF,Wallis and Futuna,POPCHILD,Proportion of children (<14),_T,Total,2036,,13,,PERCENT,percent,,,F,Forecasted value,,,,
DATAFLOW,SPC:DF_POP_AGE(1.0),Population structure by age,I,A,Annual,WF,Wallis and Futuna,POPCHILD,Proportion of children (<14),_T,Total,2037,,13,,PERCENT,percent,,,F,Forecasted value,,,,
DATAFLOW,SPC:DF_POP_AGE(1.0),Population structure by age,I,A,Annual,WF,Wallis and Futuna,POPCHILD,Proportion of children (<14),_T,Total,2038,,13,,PERCENT,percent,,,F,Forecasted value,,,,
DATAFLOW,SPC:DF_POP_AGE(1.0),Population structure by age,I,A,Annual,WF,Wallis and Futuna,POPCHILD,Proportion of children (<14),_T,Total,2039,,13,,PERCENT,percent,,,F,Forecasted value,,,,
DATAFLOW,SPC:DF_POP_AGE(1.0),Population structure by age,I,A,Annual,WF,Wallis and Futuna,POPCHILD,Proportion of children (<14),_T,Total,2040,,14,,PERCENT,percent,,,F,Forecasted value,,,,
DATAFLOW,SPC:DF_POP_AGE(1.0),Population structure by age,I,A,Annual,WF,Wallis and Futuna,POPCHILD,Proportion of children (<14),_T,Total,2041,,14,,PERCENT,percent,,,F,Forecasted value,,,,
DATAFLOW,SPC:DF_POP_AGE(1.0),Population structure by age,I,A,Annual,WF,Wallis and Futuna,POPCHILD,Proportion of children (<14),_T,Total,2042,,14,,PERCENT,percent,,,F,Forecasted value,,,,
DATAFLOW,SPC:DF_POP_AGE(1.0),Population structure by age,I,A,Annual,WF,Wallis and Futuna,POPCHILD,Proportion of children (<14),_T,Total,2043,,14,,PERCENT,percent,,,F,Forecasted value,,,,
DATAFLOW,SPC:DF_POP_AGE(1.0),Population structure by age,I,A,Annual,WF,Wallis and Futuna,POPCHILD,Proportion of children (<14),_T,Total,2044,,15,,PERCENT,percent,,,F,Forecasted value,,,,
DATAFLOW,SPC:DF_POP_AGE(1.0),Population structure by age,I,A,Annual,WF,Wallis and Futuna,POPCHILD,Proportion of children (<14),_T,Total,2045,,15,,PERCENT,percent,,,F,Forecasted value,,,,
DATAFLOW,SPC:DF_POP_AGE(1.0),Population structure by age,I,A,Annual,WF,Wallis and Futuna,POPCHILD,Proportion of children (<14),_T,Total,2046,,15,,PERCENT,percent,,,F,Forecasted value,,,,
DATAFLOW,SPC:DF_POP_AGE(1.0),Population structure by age,I,A,Annual,WF,Wallis and Futuna,POPCHILD,Proportion of children (<14),_T,Total,2047,,15,,PERCENT,percent,,,F,Forecasted value,,,,
DATAFLOW,SPC:DF_POP_AGE(1.0),Population structure by age,I,A,Annual,WF,Wallis and Futuna,POPCHILD,Proportion of children (<14),_T,Total,2048,,15,,PERCENT,percent,,,F,Forecasted value,,,,
DATAFLOW,SPC:DF_POP_AGE(1.0),Population structure by age,I,A,Annual,WF,Wallis and Futuna,POPCHILD,Proportion of children (<14),_T,Total,2049,,15,,PERCENT,percent,,,F,Forecasted value,,,,
DATAFLOW,SPC:DF_POP_AGE(1.0),Population structure by age,I,A,Annual,WF,Wallis and Futuna,POPCHILD,Proportion of children (<14),_T,Total,2050,,15,,PERCENT,percent,,,F,Forecasted value,,,,
DATAFLOW,SPC:DF_POP_AGE(1.0),Population structure by age,I,A,Annual,SB,Solomon Islands,POPCHILD,Proportion of children (<14),_T,Total,2025,,37,,PERCENT,percent,,,E,Estimated value,,,,
DATAFLOW,SPC:DF_POP_AGE(1.0),Population structure by age,I,A,Annual,SB,Solomon Islands,POPCHILD,Proportion of children (<14),_T,Total,2026,,36,,PERCENT,percent,,,F,Forecasted value,,,,
DATAFLOW,SPC:DF_POP_AGE(1.0),Population structure by age,I,A,Annual,SB,Solomon Islands,POPCHILD,Proportion of children (<14),_T,Total,2027,,36,,PERCENT,percent,,,F,Forecasted value,,,,
DATAFLOW,SPC:DF_POP_AGE(1.0),Population structure by age,I,A,Annual,SB,Solomon Islands,POPCHILD,Proportion of children (<14),_T,Total,2028,,35,,PERCENT,percent,,,F,Forecasted value,,,,
DATAFLOW,SPC:DF_POP_AGE(1.0),Population structure by age,I,A,Annual,SB,Solomon Islands,POPCHILD,Proportion of children (<14),_T,Total,2029,,35,,PERCENT,percent,,,F,Forecasted value,,,,
DATAFLOW,SPC:DF_POP_AGE(1.0),Population structure by age,I,A,Annual,SB,Solomon Islands,POPCHILD,Proportion of children (<14),_T,Total,2030,,35,,PERCENT,percent,,,F,Forecasted value,,,,
DATAFLOW,SPC:DF_POP_AGE(1.0),Population structure by age,I,A,Annual,SB,Solomon Islands,POPCHILD,Proportion of children (<14),_T,Total,2031,,34,,PERCENT,percent,,,F,Forecasted value,,,,
DATAFLOW,SPC:DF_POP_AGE(1.0),Population structure by age,I,A,Annual,SB,Solomon Islands,POPCHILD,Proportion of children (<14),_T,Total,2032,,34,,PERCENT,percent,,,F,Forecasted value,,,,
DATAFLOW,SPC:DF_POP_AGE(1.0),Population structure by age,I,A,Annual,SB,Solomon Islands,POPCHILD,Proportion of children (<14),_T,Total,2033,,33,,PERCENT,percent,,,F,Forecasted value,,,,
DATAFLOW,SPC:DF_POP_AGE(1.0),Population structure by age,I,A,Annual,SB,Solomon Islands,POPCHILD,Proportion of children (<14),_T,Total,2034,,33,,PERCENT,percent,,,F,Forecasted value,,,,
DATAFLOW,SPC:DF_POP_AGE(1.0),Population structure by age,I,A,Annual,SB,Solomon Islands,POPCHILD,Proportion of children (<14),_T,Total,2035,,33,,PERCENT,percent,,,F,Forecasted value,,,,
DATAFLOW,SPC:DF_POP_AGE(1.0),Population structure by age,I,A,Annual,SB,Solomon Islands,POPCHILD,Proportion of children (<14),_T,Total,2036,,33,,PERCENT,percent,,,F,Forecasted value,,,,
DATAFLOW,SPC:DF_POP_AGE(1.0),Population structure by age,I,A,Annual,SB,Solomon Islands,POPCHILD,Proportion of children (<14),_T,Total,2037,,32,,PERCENT,percent,,,F,Forecasted value,,,,
DATAFLOW,SPC:DF_POP_AGE(1.0),Population structure by age,I,A,Annual,SB,Solomon Islands,POPCHILD,Proportion of children (<14),_T,Total,2038,,32,,PERCENT,percent,,,F,Forecasted value,,,,
DATAFLOW,SPC:DF_POP_AGE(1.0),Population structure by age,I,A,Annual,SB,Solomon Islands,POPCHILD,Proportion of children (<14),_T,Total,2039,,32,,PERCENT,percent,,,F,Forecasted value,,,,
DATAFLOW,SPC:DF_POP_AGE(1.0),Population structure by age,I,A,Annual,SB,Solomon Islands,POPCHILD,Proportion of children (<14),_T,Total,2040,,32,,PERCENT,percent,,,F,Forecasted value,,,,
DATAFLOW,SPC:DF_POP_AGE(1.0),Population structure by age,I,A,Annual,SB,Solomon Islands,POPCHILD,Proportion of children (<14),_T,Total,2041,,31,,PERCENT,percent,,,F,Forecasted value,,,,
DATAFLOW,SPC:DF_POP_AGE(1.0),Population structure by age,I,A,Annual,SB,Solomon Islands,POPCHILD,Proportion of children (<14),_T,Total,2042,,31,,PERCENT,percent,,,F,Forecasted value,,,,
DATAFLOW,SPC:DF_POP_AGE(1.0),Population structure by age,I,A,Annual,SB,Solomon Islands,POPCHILD,Proportion of children (<14),_T,Total,2043,,31,,PERCENT,percent,,,F,Forecasted value,,,,
DATAFLOW,SPC:DF_POP_AGE(1.0),Population structure by age,I,A,Annual,SB,Solomon Islands,POPCHILD,Proportion of children (<14),_T,Total,2044,,31,,PERCENT,percent,,,F,Forecasted value,,,,
DATAFLOW,SPC:DF_POP_AGE(1.0),Population structure by age,I,A,Annual,SB,Solomon Islands,POPCHILD,Proportion of children (<14),_T,Total,2045,,30,,PERCENT,percent,,,F,Forecasted value,,,,
DATAFLOW,SPC:DF_POP_AGE(1.0),Population structure by age,I,A,Annual,SB,Solomon Islands,POPCHILD,Proportion of children (<14),_T,Total,2046,,30,,PERCENT,percent,,,F,Forecasted value,,,,
DATAFLOW,SPC:DF_POP_AGE(1.0),Population structure by age,I,A,Annual,SB,Solomon Islands,POPCHILD,Proportion of children (<14),_T,Total,2047,,30,,PERCENT,percent,,,F,Forecasted value,,,,
DATAFLOW,SPC:DF_POP_AGE(1.0),Population structure by age,I,A,Annual,SB,Solomon Islands,POPCHILD,Proportion of children (<14),_T,Total,2048,,29,,PERCENT,percent,,,F,Forecasted value,,,,
DATAFLOW,SPC:DF_POP_AGE(1.0),Population structure by age,I,A,Annual,SB,Solomon Islands,POPCHILD,Proportion of children (<14),_T,Total,2049,,29,,PERCENT,percent,,,F,Forecasted value,,,,
DATAFLOW,SPC:DF_POP_AGE(1.0),Population structure by age,I,A,Annual,SB,Solomon Islands,POPCHILD,Proportion of children (<14),_T,Total,2050,,29,,PERCENT,percent,,,F,Forecasted value,,,,
DATAFLOW,SPC:DF_POP_AGE(1.0),Population structure by age,I,A,Annual,SB,Solomon Islands,POPYOUTH,Proportion of youth (15-24),_T,Total,2025,,19,,PERCENT,percent,,,E,Estimated value,,,,
DATAFLOW,SPC:DF_POP_AGE(1.0),Population structure by age,I,A,Annual,SB,Solomon Islands,POPYOUTH,Proportion of youth (15-24),_T,Total,2026,,19,,PERCENT,percent,,,F,Forecasted value,,,,
DATAFLOW,SPC:DF_POP_AGE(1.0),Population structure by age,I,A,Annual,SB,Solomon Islands,POPYOUTH,Proportion of youth (15-24),_T,Total,2027,,19,,PERCENT,percent,,,F,Forecasted value,,,,
DATAFLOW,SPC:DF_POP_AGE(1.0),Population structure by age,I,A,Annual,SB,Solomon Islands,POPYOUTH,Proportion of youth (15-24),_T,Total,2028,,20,,PERCENT,percent,,,F,Forecasted value,,,,
DATAFLOW,SPC:DF_POP_AGE(1.0),Population structure by age,I,A,Annual,SB,Solomon Islands,POPYOUTH,Proportion of youth (15-24),_T,Total,2029,,20,,PERCENT,percent,,,F,Forecasted value,,,,
DATAFLOW,SPC:DF_POP_AGE(1.0),Population structure by age,I,A,Annual,SB,Solomon Islands,POPYOUTH,Proportion of youth (15-24),_T,Total,2030,,20,,PERCENT,percent,,,F,Forecasted value,,,,
DATAFLOW,SPC:DF_POP_AGE(1.0),Population structure by age,I,A,Annual,SB,Solomon Islands,POPYOUTH,Proportion of youth (15-24),_T,Total,2031,,20,,PERCENT,percent,,,F,Forecasted value,,,,
DATAFLOW,SPC:DF_POP_AGE(1.0),Population structure by age,I,A,Annual,SB,Solomon Islands,POPYOUTH,Proportion of youth (15-24),_T,Total,2032,,20,,PERCENT,percent,,,F,Forecasted value,,,,
DATAFLOW,SPC:DF_POP_AGE(1.0),Population structure by age,I,A,Annual,SB,Solomon Islands,POPYOUTH,Proportion of youth (15-24),_T,Total,2033,,20,,PERCENT,percent,,,F,Forecasted value,,,,
DATAFLOW,SPC:DF_POP_AGE(1.0),Population structure by age,I,A,Annual,SB,Solomon Islands,POPYOUTH,Proportion of youth (15-24),_T,Total,2034,,19,,PERCENT,percent,,,F,Forecasted value,,,,
DATAFLOW,SPC:DF_POP_AGE(1.0),Population structure by age,I,A,Annual,SB,Solomon Islands,POPYOUTH,Proportion of youth (15-24),_T,Total,2035,,19,,PERCENT,percent,,,F,Forecasted value,,,,
DATAFLOW,SPC:DF_POP_AGE(1.0),Population structure by age,I,A,Annual,SB,Solomon Islands,POPYOUTH,Proportion of youth (15-24),_T,Total,2036,,19,,PERCENT,percent,,,F,Forecasted value,,,,
DATAFLOW,SPC:DF_POP_AGE(1.0),Population structure by age,I,A,Annual,SB,Solomon Islands,POPYOUTH,Proportion of youth (15-24),_T,Total,2037,,19,,PERCENT,percent,,,F,Forecasted value,,,,
DATAFLOW,SPC:DF_POP_AGE(1.0),Population structure by age,I,A,Annual,SB,Solomon Islands,POPYOUTH,Proportion of youth (15-24),_T,Total,2038,,19,,PERCENT,percent,,,F,Forecasted value,,,,
DATAFLOW,SPC:DF_POP_AGE(1.0),Population structure by age,I,A,Annual,SB,Solomon Islands,POPYOUTH,Proportion of youth (15-24),_T,Total,2039,,19,,PERCENT,percent,,,F,Forecasted value,,,,
DATAFLOW,SPC:DF_POP_AGE(1.0),Population structure by age,I,A,Annual,SB,Solomon Islands,POPYOUTH,Proportion of youth (15-24),_T,Total,2040,,18,,PERCENT,percent,,,F,Forecasted value,,,,
DATAFLOW,SPC:DF_POP_AGE(1.0),Population structure by age,I,A,Annual,SB,Solomon Islands,POPYOUTH,Proportion of youth (15-24),_T,Total,2041,,18,,PERCENT,percent,,,F,Forecasted value,,,,
DATAFLOW,SPC:DF_POP_AGE(1.0),Population structure by age,I,A,Annual,SB,Solomon Islands,POPYOUTH,Proportion of youth (15-24),_T,Total,2042,,18,,PERCENT,percent,,,F,Forecasted value,,,,
DATAFLOW,SPC:DF_POP_AGE(1.0),Population structure by age,I,A,Annual,SB,Solomon Islands,POPYOUTH,Proportion of youth (15-24),_T,Total,2043,,18,,PERCENT,percent,,,F,Forecasted value,,,,
DATAFLOW,SPC:DF_POP_AGE(1.0),Population structure by age,I,A,Annual,SB,Solomon Islands,POPYOUTH,Proportion of youth (15-24),_T,Total,2044,,18,,PERCENT,percent,,,F,Forecasted value,,,,
DATAFLOW,SPC:DF_POP_AGE(1.0),Population structure by age,I,A,Annual,SB,Solomon Islands,POPYOUTH,Proportion of youth (15-24),_T,Total,2045,,18,,PERCENT,percent,,,F,Forecasted value,,,,
DATAFLOW,SPC:DF_POP_AGE(1.0),Population structure by age,I,A,Annual,SB,Solomon Islands,POPYOUTH,Proportion of youth (15-24),_T,Total,2046,,18,,PERCENT,percent,,,F,Forecasted value,,,,
DATAFLOW,SPC:DF_POP_AGE(1.0),Population structure by age,I,A,Annual,SB,Solomon Islands,POPYOUTH,Proportion of youth (15-24),_T,Total,2047,,18,,PERCENT,percent,,,F,Forecasted value,,,,
DATAFLOW,SPC:DF_POP_AGE(1.0),Population structure by age,I,A,Annual,SB,Solomon Islands,POPYOUTH,Proportion of youth (15-24),_T,Total,2048,,18,,PERCENT,percent,,,F,Forecasted value,,,,
DATAFLOW,SPC:DF_POP_AGE(1.0),Population structure by age,I,A,Annual,SB,Solomon Islands,POPYOUTH,Proportion of youth (15-24),_T,Total,2049,,18,,PERCENT,percent,,,F,Forecasted value,,,,
DATAFLOW,SPC:DF_POP_AGE(1.0),Population structure by age,I,A,Annual,SB,Solomon Islands,POPYOUTH,Proportion of youth (15-24),_T,Total,2050,,17,,PERCENT,percent,,,F,Forecasted value,,,,
