,FREQ,INDICATOR,GEO_PICT,SEX,AGE,URBANIZATION,INCOME,EDUCATION,OCCUPATION,COMPOSITE_BREAKDOWN,DISABILITY,TIME_PERIOD,value
0,A,EG_FEC_RNEW,CK,_T,_T,R,_T,_T,_T,_Z,_T,2016,100.0
1,A,EG_FEC_RNEW,CK,_T,_T,U,_T,_T,_T,_Z,_T,2016,19.2
2,A,EG_FEC_RNEW,CK,_T,_T,_T,_T,_T,_T,_Z,_T,2000,9.28
3,A,EG_FEC_RNEW,CK,_T,_T,_T,_T,_T,_T,_Z,_T,2001,9.9
4,A,EG_FEC_RNEW,CK,_T,_T,_T,_T,_T,_T,_Z,_T,2002,12.25
5,A,EG_FEC_RNEW,CK,_T,_T,_T,_T,_T,_T,_Z,_T,2003,11.07
6,A,EG_FEC_RNEW,CK,_T,_T,_T,_T,_T,_T,_Z,_T,2004,10.4
7,A,EG_FEC_RNEW,CK,_T,_T,_T,_T,_T,_T,_Z,_T,2005,9.42
8,A,EG_FEC_RNEW,CK,_T,_T,_T,_T,_T,_T,_Z,_T,2006,8.42
9,A,EG_FEC_RNEW,CK,_T,_T,_T,_T,_T,_T,_Z,_T,2007,8.71
10,A,EG_FEC_RNEW,CK,_T,_T,_T,_T,_T,_T,_Z,_T,2008,8.42
11,A,EG_FEC_RNEW,CK,_T,_T,_T,_T,_T,_T,_Z,_T,2009,9.01
12,A,EG_FEC_RNEW,CK,_T,_T,_T,_T,_T,_T,_Z,_T,2010,7.25
13,A,EG_FEC_RNEW,CK,_T,_T,_T,_T,_T,_T,_Z,_T,2011,6.52
14,A,EG_FEC_RNEW,CK,_T,_T,_T,_T,_T,_T,_Z,_T,2012,6.17
15,A,EG_FEC_RNEW,CK,_T,_T,_T,_T,_T,_T,_Z,_T,2013,6.32
16,A,EG_FEC_RNEW,CK,_T,_T,_T,_T,_T,_T,_Z,_T,2014,6.26
17,A,EG_FEC_RNEW,CK,_T,_T,_T,_T,_T,_T,_Z,_T,2015,7.18
18,A,EG_FEC_RNEW,CK,_T,_T,_T,_T,_T,_T,_Z,_T,2016,7.74
19,A,EG_FEC_RNEW,CK,_T,_T,_T,_T,_T,_T,_Z,_T,2017,8.0
20,A,EG_FEC_RNEW,CK,_T,_T,_T,_T,_T,_T,_Z,_T,2018,9.39
21,A,EG_FEC_RNEW,CK,_T,_T,_T,_T,_T,_T,_Z,_T,2019,9.02
22,A,EG_FEC_RNEW,CK,_T,_T,_T,_T,_T,_T,_Z,_T,2020,9.94
23,A,EG_FEC_RNEW,CK,_T,_T,_T,_T,_T,_T,_Z,_T,2021,8.76
24,A,EG_FEC_RNEW,CK,_T,_T,_T,_T,_T,_T,_Z,_T,2022,8.52
25,A,EG_FEC_RNEW,FJ,_T,_T,_T,_T,_T,_T,_Z,_T,2000,50.06
26,A,EG_FEC_RNEW,FJ,_T,_T,_T,_T,_T,_T,_Z,_T,2001,40.44
27,A,EG_FEC_RNEW,FJ,_T,_T,_T,_T,_T,_T,_Z,_T,2002,48.98
28,A,EG_FEC_RNEW,FJ,_T,_T,_T,_T,_T,_T,_Z,_T,2003,40.83
29,A,EG_FEC_RNEW,FJ,_T,_T,_T,_T,_T,_T,_Z,_T,2004,35.72
30,A,EG_FEC_RNEW,FJ,_T,_T,_T,_T,_T,_T,_Z,_T,2005,40.02
31,A,EG_FEC_RNEW,FJ,_T,_T,_T,_T,_T,_T,_Z,_T,2006,39.07
32,A,EG_FEC_RNEW,FJ,_T,_T,_T,_T,_T,_T,_Z,_T,2007,36.04
33,A,EG_FEC_RNEW,FJ,_T,_T,_T,_T,_T,_T,_Z,_T,2008,42.13
34,A,EG_FEC_RNEW,FJ,_T,_T,_T,_T,_T,_T,_Z,_T,2009,41.62
35,A,EG_FEC_RNEW,FJ,_T,_T,_T,_T,_T,_T,_Z,_T,2010,27.95
36,A,EG_FEC_RNEW,FJ,_T,_T,_T,_T,_T,_T,_Z,_T,2011,33.38
37,A,EG_FEC_RNEW,FJ,_T,_T,_T,_T,_T,_T,_Z,_T,2012,33.26
38,A,EG_FEC_RNEW,FJ,_T,_T,_T,_T,_T,_T,_Z,_T,2013,32.81
39,A,EG_FEC_RNEW,FJ,_T,_T,_T,_T,_T,_T,_Z,_T,2014,33.17
40,A,EG_FEC_RNEW,FJ,_T,_T,_T,_T,_T,_T,_Z,_T,2015,28.55
41,A,EG_FEC_RNEW,FJ,_T,_T,_T,_T,_T,_T,_Z,_T,2016,24.64
42,A,EG_FEC_RNEW,FJ,_T,_T,_T,_T,_T,_T,_Z,_T,2017,26.03
43,A,EG_FEC_RNEW,FJ,_T,_T,_T,_T,_T,_T,_Z,_T,2018,24.41
44,A,EG_FEC_RNEW,FJ,_T,_T,_T,_T,_T,_T,_Z,_T,2019,24.78
45,A,EG_FEC_RNEW,FJ,_T,_T,_T,_T,_T,_T,_Z,_T,2020,25.03
46,A,EG_FEC_RNEW,FJ,_T,_T,_T,_T,_T,_T,_Z,_T,2021,29.92
47,A,EG_FEC_RNEW,FJ,_T,_T,_T,_T,_T,_T,_Z,_T,2022,26.67
48,A,EG_FEC_RNEW,FM,_T,_T,_T,_T,_T,_T,_Z,_T,2000,1.27
49,A,EG_FEC_RNEW,FM,_T,_T,_T,_T,_T,_T,_Z,_T,2001,1.41
50,A,EG_FEC_RNEW,FM,_T,_T,_T,_T,_T,_T,_Z,_T,2002,1.6
51,A,EG_FEC_RNEW,FM,_T,_T,_T,_T,_T,_T,_Z,_T,2003,0.86
52,A,EG_FEC_RNEW,FM,_T,_T,_T,_T,_T,_T,_Z,_T,2004,1.02
53,A,EG_FEC_RNEW,FM,_T,_T,_T,_T,_T,_T,_Z,_T,2005,1.35
54,A,EG_FEC_RNEW,FM,_T,_T,_T,_T,_T,_T,_Z,_T,2006,1.37
55,A,EG_FEC_RNEW,FM,_T,_T,_T,_T,_T,_T,_Z,_T,2007,1.19
56,A,EG_FEC_RNEW,FM,_T,_T,_T,_T,_T,_T,_Z,_T,2008,1.44
57,A,EG_FEC_RNEW,FM,_T,_T,_T,_T,_T,_T,_Z,_T,2009,1.15
58,A,EG_FEC_RNEW,FM,_T,_T,_T,_T,_T,_T,_Z,_T,2010,1.95
59,A,EG_FEC_RNEW,FM,_T,_T,_T,_T,_T,_T,_Z,_T,2011,1.57
60,A,EG_FEC_RNEW,FM,_T,_T,_T,_T,_T,_T,_Z,_T,2012,1.42
61,A,EG_FEC_RNEW,FM,_T,_T,_T,_T,_T,_T,_Z,_T,2013,1.41
62,A,EG_FEC_RNEW,FM,_T,_T,_T,_T,_T,_T,_Z,_T,2014,1.51
63,A,EG_FEC_RNEW,FM,_T,_T,_T,_T,_T,_T,_Z,_T,2015,1.71
64,A,EG_FEC_RNEW,FM,_T,_T,_T,_T,_T,_T,_Z,_T,2016,1.87
65,A,EG_FEC_RNEW,FM,_T,_T,_T,_T,_T,_T,_Z,_T,2017,1.72
66,A,EG_FEC_RNEW,FM,_T,_T,_T,_T,_T,_T,_Z,_T,2018,2.0
67,A,EG_FEC_RNEW,FM,_T,_T,_T,_T,_T,_T,_Z,_T,2019,1.98
68,A,EG_FEC_RNEW,FM,_T,_T,_T,_T,_T,_T,_Z,_T,2020,1.89
69,A,EG_FEC_RNEW,FM,_T,_T,_T,_T,_T,_T,_Z,_T,2021,1.84
70,A,EG_FEC_RNEW,FM,_T,_T,_T,_T,_T,_T,_Z,_T,2022,2.05
71,A,EG_FEC_RNEW,KI,_T,_T,_T,_T,_T,_T,_Z,_T,2000,54.73
72,A,EG_FEC_RNEW,KI,_T,_T,_T,_T,_T,_T,_Z,_T,2001,56.39
73,A,EG_FEC_RNEW,KI,_T,_T,_T,_T,_T,_T,_Z,_T,2002,53.05
74,A,EG_FEC_RNEW,KI,_T,_T,_T,_T,_T,_T,_Z,_T,2003,50.52
75,A,EG_FEC_RNEW,KI,_T,_T,_T,_T,_T,_T,_Z,_T,2004,50.55
76,A,EG_FEC_RNEW,KI,_T,_T,_T,_T,_T,_T,_Z,_T,2005,48.51
77,A,EG_FEC_RNEW,KI,_T,_T,_T,_T,_T,_T,_Z,_T,2006,48.12
78,A,EG_FEC_RNEW,KI,_T,_T,_T,_T,_T,_T,_Z,_T,2007,48.42
79,A,EG_FEC_RNEW,KI,_T,_T,_T,_T,_T,_T,_Z,_T,2008,49.74
80,A,EG_FEC_RNEW,KI,_T,_T,_T,_T,_T,_T,_Z,_T,2009,50.44
81,A,EG_FEC_RNEW,KI,_T,_T,_T,_T,_T,_T,_Z,_T,2010,50.14
82,A,EG_FEC_RNEW,KI,_T,_T,_T,_T,_T,_T,_Z,_T,2011,50.51
83,A,EG_FEC_RNEW,KI,_T,_T,_T,_T,_T,_T,_Z,_T,2012,48.73
84,A,EG_FEC_RNEW,KI,_T,_T,_T,_T,_T,_T,_Z,_T,2013,46.16
85,A,EG_FEC_RNEW,KI,_T,_T,_T,_T,_T,_T,_Z,_T,2014,47.98
86,A,EG_FEC_RNEW,KI,_T,_T,_T,_T,_T,_T,_Z,_T,2015,47.48
87,A,EG_FEC_RNEW,KI,_T,_T,_T,_T,_T,_T,_Z,_T,2016,48.1
88,A,EG_FEC_RNEW,KI,_T,_T,_T,_T,_T,_T,_Z,_T,2017,42.51
89,A,EG_FEC_RNEW,KI,_T,_T,_T,_T,_T,_T,_Z,_T,2018,42.31
90,A,EG_FEC_RNEW,KI,_T,_T,_T,_T,_T,_T,_Z,_T,2019,42.19
91,A,EG_FEC_RNEW,KI,_T,_T,_T,_T,_T,_T,_Z,_T,2020,42.24
92,A,EG_FEC_RNEW,KI,_T,_T,_T,_T,_T,_T,_Z,_T,2021,42.23
93,A,EG_FEC_RNEW,KI,_T,_T,_T,_T,_T,_T,_Z,_T,2022,41.86
94,A,EG_FEC_RNEW,MH,_T,_T,_T,_T,_T,_T,_Z,_T,2000,19.57
95,A,EG_FEC_RNEW,MH,_T,_T,_T,_T,_T,_T,_Z,_T,2001,19.08
96,A,EG_FEC_RNEW,MH,_T,_T,_T,_T,_T,_T,_Z,_T,2002,18.63
97,A,EG_FEC_RNEW,MH,_T,_T,_T,_T,_T,_T,_Z,_T,2003,18.56
98,A,EG_FEC_RNEW,MH,_T,_T,_T,_T,_T,_T,_Z,_T,2004,18.4
99,A,EG_FEC_RNEW,MH,_T,_T,_T,_T,_T,_T,_Z,_T,2005,18.38
100,A,EG_FEC_RNEW,MH,_T,_T,_T,_T,_T,_T,_Z,_T,2006,16.96
101,A,EG_FEC_RNEW,MH,_T,_T,_T,_T,_T,_T,_Z,_T,2007,15.21
102,A,EG_FEC_RNEW,MH,_T,_T,_T,_T,_T,_T,_Z,_T,2008,14.78
103,A,EG_FEC_RNEW,MH,_T,_T,_T,_T,_T,_T,_Z,_T,2009,13.96
104,A,EG_FEC_RNEW,MH,_T,_T,_T,_T,_T,_T,_Z,_T,2010,13.72
105,A,EG_FEC_RNEW,MH,_T,_T,_T,_T,_T,_T,_Z,_T,2011,12.35
106,A,EG_FEC_RNEW,MH,_T,_T,_T,_T,_T,_T,_Z,_T,2012,12.03
107,A,EG_FEC_RNEW,MH,_T,_T,_T,_T,_T,_T,_Z,_T,2013,12.37
108,A,EG_FEC_RNEW,MH,_T,_T,_T,_T,_T,_T,_Z,_T,2014,11.74
109,A,EG_FEC_RNEW,MH,_T,_T,_T,_T,_T,_T,_Z,_T,2015,11.32
110,A,EG_FEC_RNEW,MH,_T,_T,_T,_T,_T,_T,_Z,_T,2016,11.75
111,A,EG_FEC_RNEW,MH,_T,_T,_T,_T,_T,_T,_Z,_T,2017,11.74
112,A,EG_FEC_RNEW,MH,_T,_T,_T,_T,_T,_T,_Z,_T,2018,11.72
113,A,EG_FEC_RNEW,MH,_T,_T,_T,_T,_T,_T,_Z,_T,2019,11.7
114,A,EG_FEC_RNEW,MH,_T,_T,_T,_T,_T,_T,_Z,_T,2020,11.62
115,A,EG_FEC_RNEW,MH,_T,_T,_T,_T,_T,_T,_Z,_T,2021,11.89
116,A,EG_FEC_RNEW,MH,_T,_T,_T,_T,_T,_T,_Z,_T,2022,11.68
117,A,EG_FEC_RNEW,NC,_T,_T,_T,_T,_T,_T,_Z,_T,2000,7.54
118,A,EG_FEC_RNEW,NC,_T,_T,_T,_T,_T,_T,_Z,_T,2001,6.72
119,A,EG_FEC_RNEW,NC,_T,_T,_T,_T,_T,_T,_Z,_T,2002,5.28
120,A,EG_FEC_RNEW,NC,_T,_T,_T,_T,_T,_T,_Z,_T,2003,4.93
121,A,EG_FEC_RNEW,NC,_T,_T,_T,_T,_T,_T,_Z,_T,2004,5.2
122,A,EG_FEC_RNEW,NC,_T,_T,_T,_T,_T,_T,_Z,_T,2005,5.08
123,A,EG_FEC_RNEW,NC,_T,_T,_T,_T,_T,_T,_Z,_T,2006,4.52
124,A,EG_FEC_RNEW,NC,_T,_T,_T,_T,_T,_T,_Z,_T,2007,5.82
125,A,EG_FEC_RNEW,NC,_T,_T,_T,_T,_T,_T,_Z,_T,2008,7.78
126,A,EG_FEC_RNEW,NC,_T,_T,_T,_T,_T,_T,_Z,_T,2009,6.95
127,A,EG_FEC_RNEW,NC,_T,_T,_T,_T,_T,_T,_Z,_T,2010,4.85
128,A,EG_FEC_RNEW,NC,_T,_T,_T,_T,_T,_T,_Z,_T,2011,5.93
129,A,EG_FEC_RNEW,NC,_T,_T,_T,_T,_T,_T,_Z,_T,2012,6.17
130,A,EG_FEC_RNEW,NC,_T,_T,_T,_T,_T,_T,_Z,_T,2013,6.56
131,A,EG_FEC_RNEW,NC,_T,_T,_T,_T,_T,_T,_Z,_T,2014,4.29
132,A,EG_FEC_RNEW,NC,_T,_T,_T,_T,_T,_T,_Z,_T,2015,5.09
133,A,EG_FEC_RNEW,NC,_T,_T,_T,_T,_T,_T,_Z,_T,2016,3.7
134,A,EG_FEC_RNEW,NC,_T,_T,_T,_T,_T,_T,_Z,_T,2017,5.1
135,A,EG_FEC_RNEW,NC,_T,_T,_T,_T,_T,_T,_Z,_T,2018,4.63
136,A,EG_FEC_RNEW,NC,_T,_T,_T,_T,_T,_T,_Z,_T,2019,5.24
137,A,EG_FEC_RNEW,NC,_T,_T,_T,_T,_T,_T,_Z,_T,2020,6.06
138,A,EG_FEC_RNEW,NC,_T,_T,_T,_T,_T,_T,_Z,_T,2021,8.33
139,A,EG_FEC_RNEW,NC,_T,_T,_T,_T,_T,_T,_Z,_T,2022,9.6
140,A,EG_FEC_RNEW,NR,_T,_T,_T,_T,_T,_T,_Z,_T,2000,0.0
141,A,EG_FEC_RNEW,NR,_T,_T,_T,_T,_T,_T,_Z,_T,2001,0.0
142,A,EG_FEC_RNEW,NR,_T,_T,_T,_T,_T,_T,_Z,_T,2002,0.0
143,A,EG_FEC_RNEW,NR,_T,_T,_T,_T,_T,_T,_Z,_T,2003,0.0
144,A,EG_FEC_RNEW,NR,_T,_T,_T,_T,_T,_T,_Z,_T,2004,0.0
145,A,EG_FEC_RNEW,NR,_T,_T,_T,_T,_T,_T,_Z,_T,2005,0.0
146,A,EG_FEC_RNEW,NR,_T,_T,_T,_T,_T,_T,_Z,_T,2006,0.07
147,A,EG_FEC_RNEW,NR,_T,_T,_T,_T,_T,_T,_Z,_T,2007,0.08
148,A,EG_FEC_RNEW,NR,_T,_T,_T,_T,_T,_T,_Z,_T,2008,0.08
149,A,EG_FEC_RNEW,NR,_T,_T,_T,_T,_T,_T,_Z,_T,2009,0.04
150,A,EG_FEC_RNEW,NR,_T,_T,_T,_T,_T,_T,_Z,_T,2010,0.03
151,A,EG_FEC_RNEW,NR,_T,_T,_T,_T,_T,_T,_Z,_T,2011,0.05
152,A,EG_FEC_RNEW,NR,_T,_T,_T,_T,_T,_T,_Z,_T,2012,0.07
153,A,EG_FEC_RNEW,NR,_T,_T,_T,_T,_T,_T,_Z,_T,2013,0.06
154,A,EG_FEC_RNEW,NR,_T,_T,_T,_T,_T,_T,_Z,_T,2014,0.05
155,A,EG_FEC_RNEW,NR,_T,_T,_T,_T,_T,_T,_Z,_T,2015,0.1
156,A,EG_FEC_RNEW,NR,_T,_T,_T,_T,_T,_T,_Z,_T,2016,0.18
157,A,EG_FEC_RNEW,NR,_T,_T,_T,_T,_T,_T,_Z,_T,2017,0.6
158,A,EG_FEC_RNEW,NR,_T,_T,_T,_T,_T,_T,_Z,_T,2018,0.66
159,A,EG_FEC_RNEW,NR,_T,_T,_T,_T,_T,_T,_Z,_T,2019,0.59
160,A,EG_FEC_RNEW,NR,_T,_T,_T,_T,_T,_T,_Z,_T,2020,1.34
161,A,EG_FEC_RNEW,NR,_T,_T,_T,_T,_T,_T,_Z,_T,2021,1.72
162,A,EG_FEC_RNEW,NR,_T,_T,_T,_T,_T,_T,_Z,_T,2022,1.75
163,A,EG_FEC_RNEW,NU,_T,_T,_T,_T,_T,_T,_Z,_T,2000,0.6
164,A,EG_FEC_RNEW,NU,_T,_T,_T,_T,_T,_T,_Z,_T,2001,0.58
165,A,EG_FEC_RNEW,NU,_T,_T,_T,_T,_T,_T,_Z,_T,2002,0.63
166,A,EG_FEC_RNEW,NU,_T,_T,_T,_T,_T,_T,_Z,_T,2003,0.71
167,A,EG_FEC_RNEW,NU,_T,_T,_T,_T,_T,_T,_Z,_T,2004,0.79
168,A,EG_FEC_RNEW,NU,_T,_T,_T,_T,_T,_T,_Z,_T,2005,0.83
169,A,EG_FEC_RNEW,NU,_T,_T,_T,_T,_T,_T,_Z,_T,2006,0.79
170,A,EG_FEC_RNEW,NU,_T,_T,_T,_T,_T,_T,_Z,_T,2007,0.96
171,A,EG_FEC_RNEW,NU,_T,_T,_T,_T,_T,_T,_Z,_T,2008,0.57
172,A,EG_FEC_RNEW,NU,_T,_T,_T,_T,_T,_T,_Z,_T,2009,0.87
173,A,EG_FEC_RNEW,NU,_T,_T,_T,_T,_T,_T,_Z,_T,2010,1.38
174,A,EG_FEC_RNEW,NU,_T,_T,_T,_T,_T,_T,_Z,_T,2011,1.27
175,A,EG_FEC_RNEW,NU,_T,_T,_T,_T,_T,_T,_Z,_T,2012,1.19
176,A,EG_FEC_RNEW,NU,_T,_T,_T,_T,_T,_T,_Z,_T,2013,1.17
177,A,EG_FEC_RNEW,NU,_T,_T,_T,_T,_T,_T,_Z,_T,2014,1.16
178,A,EG_FEC_RNEW,NU,_T,_T,_T,_T,_T,_T,_Z,_T,2015,1.11
179,A,EG_FEC_RNEW,NU,_T,_T,_T,_T,_T,_T,_Z,_T,2016,1.05
180,A,EG_FEC_RNEW,NU,_T,_T,_T,_T,_T,_T,_Z,_T,2017,1.07
181,A,EG_FEC_RNEW,NU,_T,_T,_T,_T,_T,_T,_Z,_T,2018,3.02
182,A,EG_FEC_RNEW,NU,_T,_T,_T,_T,_T,_T,_Z,_T,2019,3.01
183,A,EG_FEC_RNEW,NU,_T,_T,_T,_T,_T,_T,_Z,_T,2020,3.08
184,A,EG_FEC_RNEW,NU,_T,_T,_T,_T,_T,_T,_Z,_T,2021,3.0
185,A,EG_FEC_RNEW,NU,_T,_T,_T,_T,_T,_T,_Z,_T,2022,2.8
186,A,EG_FEC_RNEW,PF,_T,_T,_T,_T,_T,_T,_Z,_T,2000,8.48
187,A,EG_FEC_RNEW,PF,_T,_T,_T,_T,_T,_T,_Z,_T,2001,6.37
188,A,EG_FEC_RNEW,PF,_T,_T,_T,_T,_T,_T,_Z,_T,2002,5.87
189,A,EG_FEC_RNEW,PF,_T,_T,_T,_T,_T,_T,_Z,_T,2003,6.79
190,A,EG_FEC_RNEW,PF,_T,_T,_T,_T,_T,_T,_Z,_T,2004,7.54
191,A,EG_FEC_RNEW,PF,_T,_T,_T,_T,_T,_T,_Z,_T,2005,7.58
192,A,EG_FEC_RNEW,PF,_T,_T,_T,_T,_T,_T,_Z,_T,2006,9.49
193,A,EG_FEC_RNEW,PF,_T,_T,_T,_T,_T,_T,_Z,_T,2007,9.21
194,A,EG_FEC_RNEW,PF,_T,_T,_T,_T,_T,_T,_Z,_T,2008,8.78
195,A,EG_FEC_RNEW,PF,_T,_T,_T,_T,_T,_T,_Z,_T,2009,8.76
196,A,EG_FEC_RNEW,PF,_T,_T,_T,_T,_T,_T,_Z,_T,2010,7.37
197,A,EG_FEC_RNEW,PF,_T,_T,_T,_T,_T,_T,_Z,_T,2011,6.82
198,A,EG_FEC_RNEW,PF,_T,_T,_T,_T,_T,_T,_Z,_T,2012,6.64
199,A,EG_FEC_RNEW,PF,_T,_T,_T,_T,_T,_T,_Z,_T,2013,6.49
200,A,EG_FEC_RNEW,PF,_T,_T,_T,_T,_T,_T,_Z,_T,2014,7.45
201,A,EG_FEC_RNEW,PF,_T,_T,_T,_T,_T,_T,_Z,_T,2015,7.83
202,A,EG_FEC_RNEW,PF,_T,_T,_T,_T,_T,_T,_Z,_T,2016,8.08
203,A,EG_FEC_RNEW,PF,_T,_T,_T,_T,_T,_T,_Z,_T,2017,8.07
204,A,EG_FEC_RNEW,PF,_T,_T,_T,_T,_T,_T,_Z,_T,2018,7.71
205,A,EG_FEC_RNEW,PF,_T,_T,_T,_T,_T,_T,_Z,_T,2019,7.65
206,A,EG_FEC_RNEW,PF,_T,_T,_T,_T,_T,_T,_Z,_T,2020,8.24
207,A,EG_FEC_RNEW,PF,_T,_T,_T,_T,_T,_T,_Z,_T,2021,7.44
208,A,EG_FEC_RNEW,PF,_T,_T,_T,_T,_T,_T,_Z,_T,2022,8.66
209,A,EG_FEC_RNEW,PF,_T,_T,_T,_T,_T,_T,_Z,_T,2023,8.9
210,A,EG_FEC_RNEW,PG,_T,_T,_T,_T,_T,_T,_Z,_T,2000,66.38
211,A,EG_FEC_RNEW,PG,_T,_T,_T,_T,_T,_T,_Z,_T,2001,63.44
212,A,EG_FEC_RNEW,PG,_T,_T,_T,_T,_T,_T,_Z,_T,2002,62.49
213,A,EG_FEC_RNEW,PG,_T,_T,_T,_T,_T,_T,_Z,_T,2003,60.52
214,A,EG_FEC_RNEW,PG,_T,_T,_T,_T,_T,_T,_Z,_T,2004,57.6
215,A,EG_FEC_RNEW,PG,_T,_T,_T,_T,_T,_T,_Z,_T,2005,58.56
216,A,EG_FEC_RNEW,PG,_T,_T,_T,_T,_T,_T,_Z,_T,2006,58.86
217,A,EG_FEC_RNEW,PG,_T,_T,_T,_T,_T,_T,_Z,_T,2007,56.92
218,A,EG_FEC_RNEW,PG,_T,_T,_T,_T,_T,_T,_Z,_T,2008,56.85
219,A,EG_FEC_RNEW,PG,_T,_T,_T,_T,_T,_T,_Z,_T,2009,55.99
220,A,EG_FEC_RNEW,PG,_T,_T,_T,_T,_T,_T,_Z,_T,2010,55.19
221,A,EG_FEC_RNEW,PG,_T,_T,_T,_T,_T,_T,_Z,_T,2011,54.63
222,A,EG_FEC_RNEW,PG,_T,_T,_T,_T,_T,_T,_Z,_T,2012,55.29
223,A,EG_FEC_RNEW,PG,_T,_T,_T,_T,_T,_T,_Z,_T,2013,56.38
224,A,EG_FEC_RNEW,PG,_T,_T,_T,_T,_T,_T,_Z,_T,2014,54.91
225,A,EG_FEC_RNEW,PG,_T,_T,_T,_T,_T,_T,_Z,_T,2015,53.28
226,A,EG_FEC_RNEW,PG,_T,_T,_T,_T,_T,_T,_Z,_T,2016,52.72
227,A,EG_FEC_RNEW,PG,_T,_T,_T,_T,_T,_T,_Z,_T,2017,52.52
228,A,EG_FEC_RNEW,PG,_T,_T,_T,_T,_T,_T,_Z,_T,2018,51.19
229,A,EG_FEC_RNEW,PG,_T,_T,_T,_T,_T,_T,_Z,_T,2019,51.09
230,A,EG_FEC_RNEW,PG,_T,_T,_T,_T,_T,_T,_Z,_T,2020,51.39
231,A,EG_FEC_RNEW,PG,_T,_T,_T,_T,_T,_T,_Z,_T,2021,51.62
232,A,EG_FEC_RNEW,PG,_T,_T,_T,_T,_T,_T,_Z,_T,2022,50.78
233,A,EG_FEC_RNEW,PW,_T,_T,_T,_T,_T,_T,_Z,_T,2000,0.0
234,A,EG_FEC_RNEW,PW,_T,_T,_T,_T,_T,_T,_Z,_T,2001,0.0
235,A,EG_FEC_RNEW,PW,_T,_T,_T,_T,_T,_T,_Z,_T,2002,0.0
236,A,EG_FEC_RNEW,PW,_T,_T,_T,_T,_T,_T,_Z,_T,2003,0.0
237,A,EG_FEC_RNEW,PW,_T,_T,_T,_T,_T,_T,_Z,_T,2004,0.0
238,A,EG_FEC_RNEW,PW,_T,_T,_T,_T,_T,_T,_Z,_T,2005,0.0
239,A,EG_FEC_RNEW,PW,_T,_T,_T,_T,_T,_T,_Z,_T,2006,0.0
240,A,EG_FEC_RNEW,PW,_T,_T,_T,_T,_T,_T,_Z,_T,2007,0.0
241,A,EG_FEC_RNEW,PW,_T,_T,_T,_T,_T,_T,_Z,_T,2008,0.0
242,A,EG_FEC_RNEW,PW,_T,_T,_T,_T,_T,_T,_Z,_T,2009,0.0
243,A,EG_FEC_RNEW,PW,_T,_T,_T,_T,_T,_T,_Z,_T,2010,0.0
244,A,EG_FEC_RNEW,PW,_T,_T,_T,_T,_T,_T,_Z,_T,2011,0.0
245,A,EG_FEC_RNEW,PW,_T,_T,_T,_T,_T,_T,_Z,_T,2012,0.0
246,A,EG_FEC_RNEW,PW,_T,_T,_T,_T,_T,_T,_Z,_T,2013,0.0
247,A,EG_FEC_RNEW,PW,_T,_T,_T,_T,_T,_T,_Z,_T,2014,0.27
248,A,EG_FEC_RNEW,PW,_T,_T,_T,_T,_T,_T,_Z,_T,2015,0.37
249,A,EG_FEC_RNEW,PW,_T,_T,_T,_T,_T,_T,_Z,_T,2016,0.57
250,A,EG_FEC_RNEW,PW,_T,_T,_T,_T,_T,_T,_Z,_T,2017,0.56
251,A,EG_FEC_RNEW,PW,_T,_T,_T,_T,_T,_T,_Z,_T,2018,0.59
252,A,EG_FEC_RNEW,PW,_T,_T,_T,_T,_T,_T,_Z,_T,2019,0.56
253,A,EG_FEC_RNEW,PW,_T,_T,_T,_T,_T,_T,_Z,_T,2020,0.58
254,A,EG_FEC_RNEW,PW,_T,_T,_T,_T,_T,_T,_Z,_T,2021,0.58
255,A,EG_FEC_RNEW,PW,_T,_T,_T,_T,_T,_T,_Z,_T,2022,0.58
256,A,EG_FEC_RNEW,SB,_T,_T,_T,_T,_T,_T,_Z,_T,2000,55.26
257,A,EG_FEC_RNEW,SB,_T,_T,_T,_T,_T,_T,_Z,_T,2001,54.14
258,A,EG_FEC_RNEW,SB,_T,_T,_T,_T,_T,_T,_Z,_T,2002,52.82
259,A,EG_FEC_RNEW,SB,_T,_T,_T,_T,_T,_T,_Z,_T,2003,51.46
260,A,EG_FEC_RNEW,SB,_T,_T,_T,_T,_T,_T,_Z,_T,2004,49.91
261,A,EG_FEC_RNEW,SB,_T,_T,_T,_T,_T,_T,_Z,_T,2005,49.7
262,A,EG_FEC_RNEW,SB,_T,_T,_T,_T,_T,_T,_Z,_T,2006,48.93
263,A,EG_FEC_RNEW,SB,_T,_T,_T,_T,_T,_T,_Z,_T,2007,47.42
264,A,EG_FEC_RNEW,SB,_T,_T,_T,_T,_T,_T,_Z,_T,2008,46.69
265,A,EG_FEC_RNEW,SB,_T,_T,_T,_T,_T,_T,_Z,_T,2009,45.79
266,A,EG_FEC_RNEW,SB,_T,_T,_T,_T,_T,_T,_Z,_T,2010,45.07
267,A,EG_FEC_RNEW,SB,_T,_T,_T,_T,_T,_T,_Z,_T,2011,43.61
268,A,EG_FEC_RNEW,SB,_T,_T,_T,_T,_T,_T,_Z,_T,2012,43.82
269,A,EG_FEC_RNEW,SB,_T,_T,_T,_T,_T,_T,_Z,_T,2013,41.83
270,A,EG_FEC_RNEW,SB,_T,_T,_T,_T,_T,_T,_Z,_T,2014,45.89
271,A,EG_FEC_RNEW,SB,_T,_T,_T,_T,_T,_T,_Z,_T,2015,48.64
272,A,EG_FEC_RNEW,SB,_T,_T,_T,_T,_T,_T,_Z,_T,2016,48.7
273,A,EG_FEC_RNEW,SB,_T,_T,_T,_T,_T,_T,_Z,_T,2017,48.98
274,A,EG_FEC_RNEW,SB,_T,_T,_T,_T,_T,_T,_Z,_T,2018,48.64
275,A,EG_FEC_RNEW,SB,_T,_T,_T,_T,_T,_T,_Z,_T,2019,48.36
276,A,EG_FEC_RNEW,SB,_T,_T,_T,_T,_T,_T,_Z,_T,2020,49.03
277,A,EG_FEC_RNEW,SB,_T,_T,_T,_T,_T,_T,_Z,_T,2021,49.13
278,A,EG_FEC_RNEW,SB,_T,_T,_T,_T,_T,_T,_Z,_T,2022,50.08
279,A,EG_FEC_RNEW,TO,_T,_T,_T,_T,_T,_T,_Z,_T,2000,2.48
280,A,EG_FEC_RNEW,TO,_T,_T,_T,_T,_T,_T,_Z,_T,2001,2.7
281,A,EG_FEC_RNEW,TO,_T,_T,_T,_T,_T,_T,_Z,_T,2002,2.48
282,A,EG_FEC_RNEW,TO,_T,_T,_T,_T,_T,_T,_Z,_T,2003,2.01
283,A,EG_FEC_RNEW,TO,_T,_T,_T,_T,_T,_T,_Z,_T,2004,2.15
284,A,EG_FEC_RNEW,TO,_T,_T,_T,_T,_T,_T,_Z,_T,2005,2.15
285,A,EG_FEC_RNEW,TO,_T,_T,_T,_T,_T,_T,_Z,_T,2006,1.86
286,A,EG_FEC_RNEW,TO,_T,_T,_T,_T,_T,_T,_Z,_T,2007,2.16
287,A,EG_FEC_RNEW,TO,_T,_T,_T,_T,_T,_T,_Z,_T,2008,2.37
288,A,EG_FEC_RNEW,TO,_T,_T,_T,_T,_T,_T,_Z,_T,2009,2.05
289,A,EG_FEC_RNEW,TO,_T,_T,_T,_T,_T,_T,_Z,_T,2010,0.96
290,A,EG_FEC_RNEW,TO,_T,_T,_T,_T,_T,_T,_Z,_T,2011,1.1
291,A,EG_FEC_RNEW,TO,_T,_T,_T,_T,_T,_T,_Z,_T,2012,1.1
292,A,EG_FEC_RNEW,TO,_T,_T,_T,_T,_T,_T,_Z,_T,2013,1.54
293,A,EG_FEC_RNEW,TO,_T,_T,_T,_T,_T,_T,_Z,_T,2014,1.68
294,A,EG_FEC_RNEW,TO,_T,_T,_T,_T,_T,_T,_Z,_T,2015,2.0
295,A,EG_FEC_RNEW,TO,_T,_T,_T,_T,_T,_T,_Z,_T,2016,1.7
296,A,EG_FEC_RNEW,TO,_T,_T,_T,_T,_T,_T,_Z,_T,2017,1.74
297,A,EG_FEC_RNEW,TO,_T,_T,_T,_T,_T,_T,_Z,_T,2018,1.69
298,A,EG_FEC_RNEW,TO,_T,_T,_T,_T,_T,_T,_Z,_T,2019,1.68
299,A,EG_FEC_RNEW,TO,_T,_T,_T,_T,_T,_T,_Z,_T,2020,2.55
300,A,EG_FEC_RNEW,TO,_T,_T,_T,_T,_T,_T,_Z,_T,2021,2.4
301,A,EG_FEC_RNEW,TO,_T,_T,_T,_T,_T,_T,_Z,_T,2022,2.08
302,A,EG_FEC_RNEW,TV,_T,_T,_T,_T,_T,_T,_Z,_T,2000,0.04
303,A,EG_FEC_RNEW,TV,_T,_T,_T,_T,_T,_T,_Z,_T,2001,0.03
304,A,EG_FEC_RNEW,TV,_T,_T,_T,_T,_T,_T,_Z,_T,2002,0.02
305,A,EG_FEC_RNEW,TV,_T,_T,_T,_T,_T,_T,_Z,_T,2003,0.03
306,A,EG_FEC_RNEW,TV,_T,_T,_T,_T,_T,_T,_Z,_T,2004,0.02
307,A,EG_FEC_RNEW,TV,_T,_T,_T,_T,_T,_T,_Z,_T,2005,0.02
308,A,EG_FEC_RNEW,TV,_T,_T,_T,_T,_T,_T,_Z,_T,2006,0.02
309,A,EG_FEC_RNEW,TV,_T,_T,_T,_T,_T,_T,_Z,_T,2007,0.02
310,A,EG_FEC_RNEW,TV,_T,_T,_T,_T,_T,_T,_Z,_T,2008,0.2
311,A,EG_FEC_RNEW,TV,_T,_T,_T,_T,_T,_T,_Z,_T,2009,0.25
312,A,EG_FEC_RNEW,TV,_T,_T,_T,_T,_T,_T,_Z,_T,2010,0.45
313,A,EG_FEC_RNEW,TV,_T,_T,_T,_T,_T,_T,_Z,_T,2011,0.21
314,A,EG_FEC_RNEW,TV,_T,_T,_T,_T,_T,_T,_Z,_T,2012,0.27
315,A,EG_FEC_RNEW,TV,_T,_T,_T,_T,_T,_T,_Z,_T,2013,0.7
316,A,EG_FEC_RNEW,TV,_T,_T,_T,_T,_T,_T,_Z,_T,2014,0.65
317,A,EG_FEC_RNEW,TV,_T,_T,_T,_T,_T,_T,_Z,_T,2015,2.98
318,A,EG_FEC_RNEW,TV,_T,_T,_T,_T,_T,_T,_Z,_T,2016,7.27
319,A,EG_FEC_RNEW,TV,_T,_T,_T,_T,_T,_T,_Z,_T,2017,6.98
320,A,EG_FEC_RNEW,TV,_T,_T,_T,_T,_T,_T,_Z,_T,2018,6.03
321,A,EG_FEC_RNEW,TV,_T,_T,_T,_T,_T,_T,_Z,_T,2019,6.12
322,A,EG_FEC_RNEW,TV,_T,_T,_T,_T,_T,_T,_Z,_T,2020,6.31
323,A,EG_FEC_RNEW,TV,_T,_T,_T,_T,_T,_T,_Z,_T,2021,5.38
324,A,EG_FEC_RNEW,TV,_T,_T,_T,_T,_T,_T,_Z,_T,2022,5.52
325,A,EG_FEC_RNEW,VU,_T,_T,_T,_T,_T,_T,_Z,_T,2000,49.49
326,A,EG_FEC_RNEW,VU,_T,_T,_T,_T,_T,_T,_Z,_T,2001,51.26
327,A,EG_FEC_RNEW,VU,_T,_T,_T,_T,_T,_T,_Z,_T,2002,53.33
328,A,EG_FEC_RNEW,VU,_T,_T,_T,_T,_T,_T,_Z,_T,2003,52.73
329,A,EG_FEC_RNEW,VU,_T,_T,_T,_T,_T,_T,_Z,_T,2004,55.36
330,A,EG_FEC_RNEW,VU,_T,_T,_T,_T,_T,_T,_Z,_T,2005,54.91
331,A,EG_FEC_RNEW,VU,_T,_T,_T,_T,_T,_T,_Z,_T,2006,55.28
332,A,EG_FEC_RNEW,VU,_T,_T,_T,_T,_T,_T,_Z,_T,2007,51.61
333,A,EG_FEC_RNEW,VU,_T,_T,_T,_T,_T,_T,_Z,_T,2008,52.06
334,A,EG_FEC_RNEW,VU,_T,_T,_T,_T,_T,_T,_Z,_T,2009,38.66
335,A,EG_FEC_RNEW,VU,_T,_T,_T,_T,_T,_T,_Z,_T,2010,38.08
336,A,EG_FEC_RNEW,VU,_T,_T,_T,_T,_T,_T,_Z,_T,2011,35.75
337,A,EG_FEC_RNEW,VU,_T,_T,_T,_T,_T,_T,_Z,_T,2012,38.98
338,A,EG_FEC_RNEW,VU,_T,_T,_T,_T,_T,_T,_Z,_T,2013,40.92
339,A,EG_FEC_RNEW,VU,_T,_T,_T,_T,_T,_T,_Z,_T,2014,31.51
340,A,EG_FEC_RNEW,VU,_T,_T,_T,_T,_T,_T,_Z,_T,2015,35.62
341,A,EG_FEC_RNEW,VU,_T,_T,_T,_T,_T,_T,_Z,_T,2016,33.1
342,A,EG_FEC_RNEW,VU,_T,_T,_T,_T,_T,_T,_Z,_T,2017,35.35
343,A,EG_FEC_RNEW,VU,_T,_T,_T,_T,_T,_T,_Z,_T,2018,29.4
344,A,EG_FEC_RNEW,VU,_T,_T,_T,_T,_T,_T,_Z,_T,2019,31.52
345,A,EG_FEC_RNEW,VU,_T,_T,_T,_T,_T,_T,_Z,_T,2020,25.91
346,A,EG_FEC_RNEW,VU,_T,_T,_T,_T,_T,_T,_Z,_T,2021,24.25
347,A,EG_FEC_RNEW,VU,_T,_T,_T,_T,_T,_T,_Z,_T,2022,27.56
348,A,EG_FEC_RNEW,WS,_T,_T,_T,_T,_T,_T,_Z,_T,2000,59.69
349,A,EG_FEC_RNEW,WS,_T,_T,_T,_T,_T,_T,_Z,_T,2001,52.41
350,A,EG_FEC_RNEW,WS,_T,_T,_T,_T,_T,_T,_Z,_T,2002,49.58
351,A,EG_FEC_RNEW,WS,_T,_T,_T,_T,_T,_T,_Z,_T,2003,52.41
352,A,EG_FEC_RNEW,WS,_T,_T,_T,_T,_T,_T,_Z,_T,2004,48.82
353,A,EG_FEC_RNEW,WS,_T,_T,_T,_T,_T,_T,_Z,_T,2005,48.89
354,A,EG_FEC_RNEW,WS,_T,_T,_T,_T,_T,_T,_Z,_T,2006,45.96
355,A,EG_FEC_RNEW,WS,_T,_T,_T,_T,_T,_T,_Z,_T,2007,43.18
356,A,EG_FEC_RNEW,WS,_T,_T,_T,_T,_T,_T,_Z,_T,2008,45.0
357,A,EG_FEC_RNEW,WS,_T,_T,_T,_T,_T,_T,_Z,_T,2009,43.17
358,A,EG_FEC_RNEW,WS,_T,_T,_T,_T,_T,_T,_Z,_T,2010,41.93
359,A,EG_FEC_RNEW,WS,_T,_T,_T,_T,_T,_T,_Z,_T,2011,40.64
360,A,EG_FEC_RNEW,WS,_T,_T,_T,_T,_T,_T,_Z,_T,2012,40.21
361,A,EG_FEC_RNEW,WS,_T,_T,_T,_T,_T,_T,_Z,_T,2013,42.7
362,A,EG_FEC_RNEW,WS,_T,_T,_T,_T,_T,_T,_Z,_T,2014,41.43
363,A,EG_FEC_RNEW,WS,_T,_T,_T,_T,_T,_T,_Z,_T,2015,37.06
364,A,EG_FEC_RNEW,WS,_T,_T,_T,_T,_T,_T,_Z,_T,2016,36.78
365,A,EG_FEC_RNEW,WS,_T,_T,_T,_T,_T,_T,_Z,_T,2017,35.23
366,A,EG_FEC_RNEW,WS,_T,_T,_T,_T,_T,_T,_Z,_T,2018,35.58
367,A,EG_FEC_RNEW,WS,_T,_T,_T,_T,_T,_T,_Z,_T,2019,33.75
368,A,EG_FEC_RNEW,WS,_T,_T,_T,_T,_T,_T,_Z,_T,2020,33.84
369,A,EG_FEC_RNEW,WS,_T,_T,_T,_T,_T,_T,_Z,_T,2021,30.54
370,A,EG_FEC_RNEW,WS,_T,_T,_T,_T,_T,_T,_Z,_T,2022,31.75
371,A,SG_DSR_LEGREG,CK,_T,_T,_T,_T,_T,_T,_Z,_T,2016,1.0
372,A,SG_DSR_LEGREG,FJ,_T,_T,_T,_T,_T,_T,_Z,_T,2015,1.0
373,A,SG_DSR_LEGREG,FM,_T,_T,_T,_T,_T,_T,_Z,_T,2020,1.0
374,A,SG_DSR_LEGREG,KI,_T,_T,_T,_T,_T,_T,_Z,_T,2020,1.0
375,A,SG_DSR_LEGREG,MH,_T,_T,_T,_T,_T,_T,_Z,_T,2020,1.0
376,A,SG_DSR_LEGREG,NC,_T,_T,_T,_T,_T,_T,_Z,_T,2015,1.0
377,A,SG_DSR_LEGREG,NR,_T,_T,_T,_T,_T,_T,_Z,_T,2013,1.0
378,A,SG_DSR_LEGREG,NU,_T,_T,_T,_T,_T,_T,_Z,_T,2013,1.0
379,A,SG_DSR_LEGREG,PF,_T,_T,_T,_T,_T,_T,_Z,_T,2015,1.0
380,A,SG_DSR_LEGREG,PG,_T,_T,_T,_T,_T,_T,_Z,_T,2013,1.0
381,A,SG_DSR_LEGREG,PW,_T,_T,_T,_T,_T,_T,_Z,_T,2018,1.0
382,A,SG_DSR_LEGREG,SB,_T,_T,_T,_T,_T,_T,_Z,_T,2020,1.0
383,A,SG_DSR_LEGREG,TO,_T,_T,_T,_T,_T,_T,_Z,_T,2015,1.0
384,A,SG_DSR_LEGREG,TV,_T,_T,_T,_T,_T,_T,_Z,_T,2020,1.0
385,A,SG_DSR_LEGREG,VU,_T,_T,_T,_T,_T,_T,_Z,_T,2015,1.0
386,A,SG_DSR_LEGREG,WS,_T,_T,_T,_T,_T,_T,_Z,_T,2015,1.0
387,A,SPC_11_b_2,FJ,_T,_T,_T,_T,_T,_T,_Z,_T,2015,0.0
388,A,SPC_11_b_2,FJ,_T,_T,_T,_T,_T,_T,_Z,_T,2016,0.0
389,A,SPC_11_b_2,FJ,_T,_T,_T,_T,_T,_T,_Z,_T,2017,0.0
390,A,SPC_11_b_2,FJ,_T,_T,_T,_T,_T,_T,_Z,_T,2018,0.0
391,A,SPC_11_b_2,FJ,_T,_T,_T,_T,_T,_T,_Z,_T,2019,0.0
392,A,SPC_11_b_2,FJ,_T,_T,_T,_T,_T,_T,_Z,_T,2020,0.0
393,A,SPC_11_b_2,FJ,_T,_T,_T,_T,_T,_T,_Z,_T,2021,0.0
394,A,SPC_11_b_2,FJ,_T,_T,_T,_T,_T,_T,_Z,_T,2022,0.0
395,A,SPC_11_b_2,FM,_T,_T,_T,_T,_T,_T,_Z,_T,2015,0.0
396,A,SPC_11_b_2,FM,_T,_T,_T,_T,_T,_T,_Z,_T,2016,0.0
397,A,SPC_11_b_2,FM,_T,_T,_T,_T,_T,_T,_Z,_T,2017,0.0
398,A,SPC_11_b_2,FM,_T,_T,_T,_T,_T,_T,_Z,_T,2018,0.0
399,A,SPC_11_b_2,FM,_T,_T,_T,_T,_T,_T,_Z,_T,2019,0.0
400,A,SPC_11_b_2,FM,_T,_T,_T,_T,_T,_T,_Z,_T,2020,5.0
401,A,SPC_11_b_2,FM,_T,_T,_T,_T,_T,_T,_Z,_T,2021,11.7
402,A,SPC_11_b_2,KI,_T,_T,_T,_T,_T,_T,_Z,_T,2014,0.0
403,A,SPC_11_b_2,KI,_T,_T,_T,_T,_T,_T,_Z,_T,2015,4.4
404,A,SPC_11_b_2,KI,_T,_T,_T,_T,_T,_T,_Z,_T,2016,4.4
405,A,SPC_11_b_2,KI,_T,_T,_T,_T,_T,_T,_Z,_T,2017,4.4
406,A,SPC_11_b_2,KI,_T,_T,_T,_T,_T,_T,_Z,_T,2018,13.0
407,A,SPC_11_b_2,KI,_T,_T,_T,_T,_T,_T,_Z,_T,2019,13.0
408,A,SPC_11_b_2,KI,_T,_T,_T,_T,_T,_T,_Z,_T,2020,17.4
409,A,SPC_11_b_2,KI,_T,_T,_T,_T,_T,_T,_Z,_T,2021,26.1
410,A,SPC_11_b_2,MH,_T,_T,_T,_T,_T,_T,_Z,_T,2014,0.0
411,A,SPC_11_b_2,MH,_T,_T,_T,_T,_T,_T,_Z,_T,2015,0.0
412,A,SPC_11_b_2,MH,_T,_T,_T,_T,_T,_T,_Z,_T,2016,0.0
413,A,SPC_11_b_2,MH,_T,_T,_T,_T,_T,_T,_Z,_T,2017,0.0
414,A,SPC_11_b_2,MH,_T,_T,_T,_T,_T,_T,_Z,_T,2018,0.0
415,A,SPC_11_b_2,MH,_T,_T,_T,_T,_T,_T,_Z,_T,2019,0.0
416,A,SPC_11_b_2,MH,_T,_T,_T,_T,_T,_T,_Z,_T,2020,12.5
417,A,SPC_11_b_2,MH,_T,_T,_T,_T,_T,_T,_Z,_T,2021,54.2
418,A,SPC_11_b_2,MH,_T,_T,_T,_T,_T,_T,_Z,_T,2022,75.0
419,A,SPC_11_b_2,NR,_T,_T,_T,_T,_T,_T,_Z,_T,2015,100.0
420,A,SPC_11_b_2,NR,_T,_T,_T,_T,_T,_T,_Z,_T,2016,100.0
421,A,SPC_11_b_2,NR,_T,_T,_T,_T,_T,_T,_Z,_T,2017,100.0
422,A,SPC_11_b_2,NR,_T,_T,_T,_T,_T,_T,_Z,_T,2018,100.0
423,A,SPC_11_b_2,NR,_T,_T,_T,_T,_T,_T,_Z,_T,2019,100.0
424,A,SPC_11_b_2,NR,_T,_T,_T,_T,_T,_T,_Z,_T,2020,100.0
425,A,SPC_11_b_2,NR,_T,_T,_T,_T,_T,_T,_Z,_T,2021,100.0
426,A,SPC_11_b_2,NR,_T,_T,_T,_T,_T,_T,_Z,_T,2022,0.0
427,A,SPC_11_b_2,PG,_T,_T,_T,_T,_T,_T,_Z,_T,2015,0.0
428,A,SPC_11_b_2,PG,_T,_T,_T,_T,_T,_T,_Z,_T,2016,0.0
429,A,SPC_11_b_2,PG,_T,_T,_T,_T,_T,_T,_Z,_T,2017,0.0
430,A,SPC_11_b_2,PG,_T,_T,_T,_T,_T,_T,_Z,_T,2018,0.0
431,A,SPC_11_b_2,PG,_T,_T,_T,_T,_T,_T,_Z,_T,2019,0.0
432,A,SPC_11_b_2,PG,_T,_T,_T,_T,_T,_T,_Z,_T,2020,0.0
433,A,SPC_11_b_2,PW,_T,_T,_T,_T,_T,_T,_Z,_T,2020,62.5
434,A,SPC_11_b_2,PW,_T,_T,_T,_T,_T,_T,_Z,_T,2021,100.0
435,A,SPC_11_b_2,SB,_T,_T,_T,_T,_T,_T,_Z,_T,2018,40.0
436,A,SPC_11_b_2,SB,_T,_T,_T,_T,_T,_T,_Z,_T,2019,0.0
437,A,SPC_11_b_2,SB,_T,_T,_T,_T,_T,_T,_Z,_T,2020,0.0
438,A,SPC_11_b_2,SB,_T,_T,_T,_T,_T,_T,_Z,_T,2021,0.0
439,A,SPC_11_b_2,TO,_T,_T,_T,_T,_T,_T,_Z,_T,2019,66.7
440,A,SPC_11_b_2,TO,_T,_T,_T,_T,_T,_T,_Z,_T,2020,66.7
441,A,SPC_11_b_2,TO,_T,_T,_T,_T,_T,_T,_Z,_T,2021,29.8
442,A,SPC_11_b_2,TO,_T,_T,_T,_T,_T,_T,_Z,_T,2022,33.5
443,A,SPC_11_b_2,TV,_T,_T,_T,_T,_T,_T,_Z,_T,2016,0.0
444,A,SPC_11_b_2,TV,_T,_T,_T,_T,_T,_T,_Z,_T,2017,100.0
445,A,SPC_11_b_2,TV,_T,_T,_T,_T,_T,_T,_Z,_T,2018,100.0
446,A,SPC_11_b_2,TV,_T,_T,_T,_T,_T,_T,_Z,_T,2019,100.0
447,A,SPC_11_b_2,TV,_T,_T,_T,_T,_T,_T,_Z,_T,2020,100.0
448,A,SPC_11_b_2,TV,_T,_T,_T,_T,_T,_T,_Z,_T,2021,100.0
449,A,SPC_11_b_2,TV,_T,_T,_T,_T,_T,_T,_Z,_T,2022,100.0
450,A,SPC_11_b_2,VU,_T,_T,_T,_T,_T,_T,_Z,_T,2015,0.0
451,A,SPC_11_b_2,VU,_T,_T,_T,_T,_T,_T,_Z,_T,2016,100.0
452,A,SPC_11_b_2,VU,_T,_T,_T,_T,_T,_T,_Z,_T,2017,100.0
453,A,SPC_11_b_2,VU,_T,_T,_T,_T,_T,_T,_Z,_T,2018,100.0
454,A,SPC_11_b_2,VU,_T,_T,_T,_T,_T,_T,_Z,_T,2019,100.0
455,A,SPC_11_b_2,VU,_T,_T,_T,_T,_T,_T,_Z,_T,2020,100.0
456,A,SPC_11_b_2,VU,_T,_T,_T,_T,_T,_T,_Z,_T,2021,100.0
457,A,SPC_11_b_2,WS,_T,_T,_T,_T,_T,_T,_Z,_T,2017,0.0
458,A,SPC_11_b_2,WS,_T,_T,_T,_T,_T,_T,_Z,_T,2018,0.0
459,A,SPC_11_b_2,WS,_T,_T,_T,_T,_T,_T,_Z,_T,2019,28.6
460,A,SPC_11_b_2,WS,_T,_T,_T,_T,_T,_T,_Z,_T,2020,50.0
461,A,SPC_11_b_2,WS,_T,_T,_T,_T,_T,_T,_Z,_T,2021,41.6
462,A,SPC_11_b_2,WS,_T,_T,_T,_T,_T,_T,_Z,_T,2022,0.0
463,A,SPC_13_b_1,PG,_T,_T,_T,_T,_T,_T,_Z,_T,2018,100.0
464,A,SPC_7_b_1,CK,_T,_T,_T,_T,_T,_T,TRE_ALL,_T,2000,3.586
465,A,SPC_7_b_1,CK,_T,_T,_T,_T,_T,_T,TRE_ALL,_T,2001,3.727
466,A,SPC_7_b_1,CK,_T,_T,_T,_T,_T,_T,TRE_ALL,_T,2002,3.793
467,A,SPC_7_b_1,CK,_T,_T,_T,_T,_T,_T,TRE_ALL,_T,2003,6.434
468,A,SPC_7_b_1,CK,_T,_T,_T,_T,_T,_T,TRE_ALL,_T,2004,6.418
469,A,SPC_7_b_1,CK,_T,_T,_T,_T,_T,_T,TRE_ALL,_T,2005,6.404
470,A,SPC_7_b_1,CK,_T,_T,_T,_T,_T,_T,TRE_ALL,_T,2006,6.382
471,A,SPC_7_b_1,CK,_T,_T,_T,_T,_T,_T,TRE_ALL,_T,2007,6.255
472,A,SPC_7_b_1,CK,_T,_T,_T,_T,_T,_T,TRE_ALL,_T,2008,3.549
473,A,SPC_7_b_1,CK,_T,_T,_T,_T,_T,_T,TRE_ALL,_T,2009,3.427
474,A,SPC_7_b_1,CK,_T,_T,_T,_T,_T,_T,TRE_ALL,_T,2010,3.312
475,A,SPC_7_b_1,CK,_T,_T,_T,_T,_T,_T,TRE_ALL,_T,2011,3.208
476,A,SPC_7_b_1,CK,_T,_T,_T,_T,_T,_T,TRE_ALL,_T,2012,3.167
477,A,SPC_7_b_1,CK,_T,_T,_T,_T,_T,_T,TRE_ALL,_T,2013,39.685
478,A,SPC_7_b_1,CK,_T,_T,_T,_T,_T,_T,TRE_ALL,_T,2014,93.792
479,A,SPC_7_b_1,CK,_T,_T,_T,_T,_T,_T,TRE_ALL,_T,2015,163.719
480,A,SPC_7_b_1,CK,_T,_T,_T,_T,_T,_T,TRE_ALL,_T,2016,171.606
481,A,SPC_7_b_1,CK,_T,_T,_T,_T,_T,_T,TRE_ALL,_T,2017,173.096
482,A,SPC_7_b_1,CK,_T,_T,_T,_T,_T,_T,TRE_ALL,_T,2018,280.125
483,A,SPC_7_b_1,CK,_T,_T,_T,_T,_T,_T,TRE_ALL,_T,2019,325.541
484,A,SPC_7_b_1,CK,_T,_T,_T,_T,_T,_T,TRE_ALL,_T,2020,327.089
485,A,SPC_7_b_1,CK,_T,_T,_T,_T,_T,_T,TRE_ALL,_T,2021,327.589
486,A,SPC_7_b_1,CK,_T,_T,_T,_T,_T,_T,TRE_ALL,_T,2022,327.435
487,A,SPC_7_b_1,CK,_T,_T,_T,_T,_T,_T,TRE_BIO,_T,2000,0.0
488,A,SPC_7_b_1,CK,_T,_T,_T,_T,_T,_T,TRE_BIO,_T,2001,0.0
489,A,SPC_7_b_1,CK,_T,_T,_T,_T,_T,_T,TRE_BIO,_T,2002,0.0
490,A,SPC_7_b_1,CK,_T,_T,_T,_T,_T,_T,TRE_BIO,_T,2003,0.0
491,A,SPC_7_b_1,CK,_T,_T,_T,_T,_T,_T,TRE_BIO,_T,2004,0.0
492,A,SPC_7_b_1,CK,_T,_T,_T,_T,_T,_T,TRE_BIO,_T,2005,0.0
493,A,SPC_7_b_1,CK,_T,_T,_T,_T,_T,_T,TRE_BIO,_T,2006,0.0
494,A,SPC_7_b_1,CK,_T,_T,_T,_T,_T,_T,TRE_BIO,_T,2007,0.0
495,A,SPC_7_b_1,CK,_T,_T,_T,_T,_T,_T,TRE_BIO,_T,2008,0.0
496,A,SPC_7_b_1,CK,_T,_T,_T,_T,_T,_T,TRE_BIO,_T,2009,0.0
497,A,SPC_7_b_1,CK,_T,_T,_T,_T,_T,_T,TRE_BIO,_T,2010,0.0
498,A,SPC_7_b_1,CK,_T,_T,_T,_T,_T,_T,TRE_BIO,_T,2011,0.0
499,A,SPC_7_b_1,CK,_T,_T,_T,_T,_T,_T,TRE_BIO,_T,2012,0.0
500,A,SPC_7_b_1,CK,_T,_T,_T,_T,_T,_T,TRE_BIO,_T,2013,0.0
501,A,SPC_7_b_1,CK,_T,_T,_T,_T,_T,_T,TRE_BIO,_T,2014,0.0
502,A,SPC_7_b_1,CK,_T,_T,_T,_T,_T,_T,TRE_BIO,_T,2015,0.0
503,A,SPC_7_b_1,CK,_T,_T,_T,_T,_T,_T,TRE_BIO,_T,2016,0.0
504,A,SPC_7_b_1,CK,_T,_T,_T,_T,_T,_T,TRE_BIO,_T,2017,0.0
505,A,SPC_7_b_1,CK,_T,_T,_T,_T,_T,_T,TRE_BIO,_T,2018,0.0
506,A,SPC_7_b_1,CK,_T,_T,_T,_T,_T,_T,TRE_BIO,_T,2019,0.0
507,A,SPC_7_b_1,CK,_T,_T,_T,_T,_T,_T,TRE_BIO,_T,2020,0.0
508,A,SPC_7_b_1,CK,_T,_T,_T,_T,_T,_T,TRE_BIO,_T,2021,0.0
509,A,SPC_7_b_1,CK,_T,_T,_T,_T,_T,_T,TRE_BIO,_T,2022,0.0
510,A,SPC_7_b_1,CK,_T,_T,_T,_T,_T,_T,TRE_GEO,_T,2000,0.0
511,A,SPC_7_b_1,CK,_T,_T,_T,_T,_T,_T,TRE_GEO,_T,2001,0.0
512,A,SPC_7_b_1,CK,_T,_T,_T,_T,_T,_T,TRE_GEO,_T,2002,0.0
513,A,SPC_7_b_1,CK,_T,_T,_T,_T,_T,_T,TRE_GEO,_T,2003,0.0
514,A,SPC_7_b_1,CK,_T,_T,_T,_T,_T,_T,TRE_GEO,_T,2004,0.0
515,A,SPC_7_b_1,CK,_T,_T,_T,_T,_T,_T,TRE_GEO,_T,2005,0.0
516,A,SPC_7_b_1,CK,_T,_T,_T,_T,_T,_T,TRE_GEO,_T,2006,0.0
517,A,SPC_7_b_1,CK,_T,_T,_T,_T,_T,_T,TRE_GEO,_T,2007,0.0
518,A,SPC_7_b_1,CK,_T,_T,_T,_T,_T,_T,TRE_GEO,_T,2008,0.0
519,A,SPC_7_b_1,CK,_T,_T,_T,_T,_T,_T,TRE_GEO,_T,2009,0.0
520,A,SPC_7_b_1,CK,_T,_T,_T,_T,_T,_T,TRE_GEO,_T,2010,0.0
521,A,SPC_7_b_1,CK,_T,_T,_T,_T,_T,_T,TRE_GEO,_T,2011,0.0
522,A,SPC_7_b_1,CK,_T,_T,_T,_T,_T,_T,TRE_GEO,_T,2012,0.0
523,A,SPC_7_b_1,CK,_T,_T,_T,_T,_T,_T,TRE_GEO,_T,2013,0.0
524,A,SPC_7_b_1,CK,_T,_T,_T,_T,_T,_T,TRE_GEO,_T,2014,0.0
525,A,SPC_7_b_1,CK,_T,_T,_T,_T,_T,_T,TRE_GEO,_T,2015,0.0
526,A,SPC_7_b_1,CK,_T,_T,_T,_T,_T,_T,TRE_GEO,_T,2016,0.0
527,A,SPC_7_b_1,CK,_T,_T,_T,_T,_T,_T,TRE_GEO,_T,2017,0.0
528,A,SPC_7_b_1,CK,_T,_T,_T,_T,_T,_T,TRE_GEO,_T,2018,0.0
529,A,SPC_7_b_1,CK,_T,_T,_T,_T,_T,_T,TRE_GEO,_T,2019,0.0
530,A,SPC_7_b_1,CK,_T,_T,_T,_T,_T,_T,TRE_GEO,_T,2020,0.0
531,A,SPC_7_b_1,CK,_T,_T,_T,_T,_T,_T,TRE_GEO,_T,2021,0.0
532,A,SPC_7_b_1,CK,_T,_T,_T,_T,_T,_T,TRE_GEO,_T,2022,0.0
533,A,SPC_7_b_1,CK,_T,_T,_T,_T,_T,_T,TRE_HYDRO,_T,2000,0.0
534,A,SPC_7_b_1,CK,_T,_T,_T,_T,_T,_T,TRE_HYDRO,_T,2001,0.0
535,A,SPC_7_b_1,CK,_T,_T,_T,_T,_T,_T,TRE_HYDRO,_T,2002,0.0
536,A,SPC_7_b_1,CK,_T,_T,_T,_T,_T,_T,TRE_HYDRO,_T,2003,0.0
537,A,SPC_7_b_1,CK,_T,_T,_T,_T,_T,_T,TRE_HYDRO,_T,2004,0.0
538,A,SPC_7_b_1,CK,_T,_T,_T,_T,_T,_T,TRE_HYDRO,_T,2005,0.0
539,A,SPC_7_b_1,CK,_T,_T,_T,_T,_T,_T,TRE_HYDRO,_T,2006,0.0
540,A,SPC_7_b_1,CK,_T,_T,_T,_T,_T,_T,TRE_HYDRO,_T,2007,0.0
541,A,SPC_7_b_1,CK,_T,_T,_T,_T,_T,_T,TRE_HYDRO,_T,2008,0.0
542,A,SPC_7_b_1,CK,_T,_T,_T,_T,_T,_T,TRE_HYDRO,_T,2009,0.0
543,A,SPC_7_b_1,CK,_T,_T,_T,_T,_T,_T,TRE_HYDRO,_T,2010,0.0
544,A,SPC_7_b_1,CK,_T,_T,_T,_T,_T,_T,TRE_HYDRO,_T,2011,0.0
545,A,SPC_7_b_1,CK,_T,_T,_T,_T,_T,_T,TRE_HYDRO,_T,2012,0.0
546,A,SPC_7_b_1,CK,_T,_T,_T,_T,_T,_T,TRE_HYDRO,_T,2013,0.0
547,A,SPC_7_b_1,CK,_T,_T,_T,_T,_T,_T,TRE_HYDRO,_T,2014,0.0
548,A,SPC_7_b_1,CK,_T,_T,_T,_T,_T,_T,TRE_HYDRO,_T,2015,0.0
549,A,SPC_7_b_1,CK,_T,_T,_T,_T,_T,_T,TRE_HYDRO,_T,2016,0.0
550,A,SPC_7_b_1,CK,_T,_T,_T,_T,_T,_T,TRE_HYDRO,_T,2017,0.0
551,A,SPC_7_b_1,CK,_T,_T,_T,_T,_T,_T,TRE_HYDRO,_T,2018,0.0
552,A,SPC_7_b_1,CK,_T,_T,_T,_T,_T,_T,TRE_HYDRO,_T,2019,0.0
553,A,SPC_7_b_1,CK,_T,_T,_T,_T,_T,_T,TRE_HYDRO,_T,2020,0.0
554,A,SPC_7_b_1,CK,_T,_T,_T,_T,_T,_T,TRE_HYDRO,_T,2021,0.0
555,A,SPC_7_b_1,CK,_T,_T,_T,_T,_T,_T,TRE_HYDRO,_T,2022,0.0
556,A,SPC_7_b_1,CK,_T,_T,_T,_T,_T,_T,TRE_SOLAR,_T,2000,3.586
557,A,SPC_7_b_1,CK,_T,_T,_T,_T,_T,_T,TRE_SOLAR,_T,2001,3.727
558,A,SPC_7_b_1,CK,_T,_T,_T,_T,_T,_T,TRE_SOLAR,_T,2002,3.793
559,A,SPC_7_b_1,CK,_T,_T,_T,_T,_T,_T,TRE_SOLAR,_T,2003,3.781
560,A,SPC_7_b_1,CK,_T,_T,_T,_T,_T,_T,TRE_SOLAR,_T,2004,3.772
561,A,SPC_7_b_1,CK,_T,_T,_T,_T,_T,_T,TRE_SOLAR,_T,2005,3.763
562,A,SPC_7_b_1,CK,_T,_T,_T,_T,_T,_T,TRE_SOLAR,_T,2006,3.75
563,A,SPC_7_b_1,CK,_T,_T,_T,_T,_T,_T,TRE_SOLAR,_T,2007,3.676
564,A,SPC_7_b_1,CK,_T,_T,_T,_T,_T,_T,TRE_SOLAR,_T,2008,3.549
565,A,SPC_7_b_1,CK,_T,_T,_T,_T,_T,_T,TRE_SOLAR,_T,2009,3.427
566,A,SPC_7_b_1,CK,_T,_T,_T,_T,_T,_T,TRE_SOLAR,_T,2010,3.312
567,A,SPC_7_b_1,CK,_T,_T,_T,_T,_T,_T,TRE_SOLAR,_T,2011,3.208
568,A,SPC_7_b_1,CK,_T,_T,_T,_T,_T,_T,TRE_SOLAR,_T,2012,3.167
569,A,SPC_7_b_1,CK,_T,_T,_T,_T,_T,_T,TRE_SOLAR,_T,2013,39.685
570,A,SPC_7_b_1,CK,_T,_T,_T,_T,_T,_T,TRE_SOLAR,_T,2014,93.792
571,A,SPC_7_b_1,CK,_T,_T,_T,_T,_T,_T,TRE_SOLAR,_T,2015,163.719
572,A,SPC_7_b_1,CK,_T,_T,_T,_T,_T,_T,TRE_SOLAR,_T,2016,171.606
573,A,SPC_7_b_1,CK,_T,_T,_T,_T,_T,_T,TRE_SOLAR,_T,2017,173.096
574,A,SPC_7_b_1,CK,_T,_T,_T,_T,_T,_T,TRE_SOLAR,_T,2018,280.125
575,A,SPC_7_b_1,CK,_T,_T,_T,_T,_T,_T,TRE_SOLAR,_T,2019,325.541
576,A,SPC_7_b_1,CK,_T,_T,_T,_T,_T,_T,TRE_SOLAR,_T,2020,327.089
577,A,SPC_7_b_1,CK,_T,_T,_T,_T,_T,_T,TRE_SOLAR,_T,2021,327.589
578,A,SPC_7_b_1,CK,_T,_T,_T,_T,_T,_T,TRE_SOLAR,_T,2022,327.435
579,A,SPC_7_b_1,CK,_T,_T,_T,_T,_T,_T,TRE_WIND,_T,2000,0.0
580,A,SPC_7_b_1,CK,_T,_T,_T,_T,_T,_T,TRE_WIND,_T,2001,0.0
581,A,SPC_7_b_1,CK,_T,_T,_T,_T,_T,_T,TRE_WIND,_T,2002,0.0
582,A,SPC_7_b_1,CK,_T,_T,_T,_T,_T,_T,TRE_WIND,_T,2003,2.653
583,A,SPC_7_b_1,CK,_T,_T,_T,_T,_T,_T,TRE_WIND,_T,2004,2.647
584,A,SPC_7_b_1,CK,_T,_T,_T,_T,_T,_T,TRE_WIND,_T,2005,2.641
585,A,SPC_7_b_1,CK,_T,_T,_T,_T,_T,_T,TRE_WIND,_T,2006,2.632
586,A,SPC_7_b_1,CK,_T,_T,_T,_T,_T,_T,TRE_WIND,_T,2007,2.579
587,A,SPC_7_b_1,CK,_T,_T,_T,_T,_T,_T,TRE_WIND,_T,2008,0.0
588,A,SPC_7_b_1,CK,_T,_T,_T,_T,_T,_T,TRE_WIND,_T,2009,0.0
589,A,SPC_7_b_1,CK,_T,_T,_T,_T,_T,_T,TRE_WIND,_T,2010,0.0
590,A,SPC_7_b_1,CK,_T,_T,_T,_T,_T,_T,TRE_WIND,_T,2011,0.0
591,A,SPC_7_b_1,CK,_T,_T,_T,_T,_T,_T,TRE_WIND,_T,2012,0.0
592,A,SPC_7_b_1,CK,_T,_T,_T,_T,_T,_T,TRE_WIND,_T,2013,0.0
593,A,SPC_7_b_1,CK,_T,_T,_T,_T,_T,_T,TRE_WIND,_T,2014,0.0
594,A,SPC_7_b_1,CK,_T,_T,_T,_T,_T,_T,TRE_WIND,_T,2015,0.0
595,A,SPC_7_b_1,CK,_T,_T,_T,_T,_T,_T,TRE_WIND,_T,2016,0.0
596,A,SPC_7_b_1,CK,_T,_T,_T,_T,_T,_T,TRE_WIND,_T,2017,0.0
597,A,SPC_7_b_1,CK,_T,_T,_T,_T,_T,_T,TRE_WIND,_T,2018,0.0
598,A,SPC_7_b_1,CK,_T,_T,_T,_T,_T,_T,TRE_WIND,_T,2019,0.0
599,A,SPC_7_b_1,CK,_T,_T,_T,_T,_T,_T,TRE_WIND,_T,2020,0.0
600,A,SPC_7_b_1,CK,_T,_T,_T,_T,_T,_T,TRE_WIND,_T,2021,0.0
601,A,SPC_7_b_1,CK,_T,_T,_T,_T,_T,_T,TRE_WIND,_T,2022,0.0
602,A,SPC_7_b_1,FJ,_T,_T,_T,_T,_T,_T,TRE_ALL,_T,2000,130.393
603,A,SPC_7_b_1,FJ,_T,_T,_T,_T,_T,_T,TRE_ALL,_T,2001,129.075
604,A,SPC_7_b_1,FJ,_T,_T,_T,_T,_T,_T,TRE_ALL,_T,2002,127.808
605,A,SPC_7_b_1,FJ,_T,_T,_T,_T,_T,_T,TRE_ALL,_T,2003,126.602
606,A,SPC_7_b_1,FJ,_T,_T,_T,_T,_T,_T,TRE_ALL,_T,2004,132.844
607,A,SPC_7_b_1,FJ,_T,_T,_T,_T,_T,_T,TRE_ALL,_T,2005,131.673
608,A,SPC_7_b_1,FJ,_T,_T,_T,_T,_T,_T,TRE_ALL,_T,2006,144.19
609,A,SPC_7_b_1,FJ,_T,_T,_T,_T,_T,_T,TRE_ALL,_T,2007,154.39
610,A,SPC_7_b_1,FJ,_T,_T,_T,_T,_T,_T,TRE_ALL,_T,2008,163.417
611,A,SPC_7_b_1,FJ,_T,_T,_T,_T,_T,_T,TRE_ALL,_T,2009,162.599
612,A,SPC_7_b_1,FJ,_T,_T,_T,_T,_T,_T,TRE_ALL,_T,2010,162.015
613,A,SPC_7_b_1,FJ,_T,_T,_T,_T,_T,_T,TRE_ALL,_T,2011,161.488
614,A,SPC_7_b_1,FJ,_T,_T,_T,_T,_T,_T,TRE_ALL,_T,2012,210.015
615,A,SPC_7_b_1,FJ,_T,_T,_T,_T,_T,_T,TRE_ALL,_T,2013,208.994
616,A,SPC_7_b_1,FJ,_T,_T,_T,_T,_T,_T,TRE_ALL,_T,2014,209.129
617,A,SPC_7_b_1,FJ,_T,_T,_T,_T,_T,_T,TRE_ALL,_T,2015,210.91
618,A,SPC_7_b_1,FJ,_T,_T,_T,_T,_T,_T,TRE_ALL,_T,2016,212.822
619,A,SPC_7_b_1,FJ,_T,_T,_T,_T,_T,_T,TRE_ALL,_T,2017,228.457
620,A,SPC_7_b_1,FJ,_T,_T,_T,_T,_T,_T,TRE_ALL,_T,2018,229.085
621,A,SPC_7_b_1,FJ,_T,_T,_T,_T,_T,_T,TRE_ALL,_T,2019,229.32
622,A,SPC_7_b_1,FJ,_T,_T,_T,_T,_T,_T,TRE_ALL,_T,2020,229.214
623,A,SPC_7_b_1,FJ,_T,_T,_T,_T,_T,_T,TRE_ALL,_T,2021,236.817
624,A,SPC_7_b_1,FJ,_T,_T,_T,_T,_T,_T,TRE_ALL,_T,2022,235.979
625,A,SPC_7_b_1,FJ,_T,_T,_T,_T,_T,_T,TRE_BIO,_T,2000,28.173
626,A,SPC_7_b_1,FJ,_T,_T,_T,_T,_T,_T,TRE_BIO,_T,2001,27.925
627,A,SPC_7_b_1,FJ,_T,_T,_T,_T,_T,_T,TRE_BIO,_T,2002,27.644
628,A,SPC_7_b_1,FJ,_T,_T,_T,_T,_T,_T,TRE_BIO,_T,2003,27.373
629,A,SPC_7_b_1,FJ,_T,_T,_T,_T,_T,_T,TRE_BIO,_T,2004,26.884
630,A,SPC_7_b_1,FJ,_T,_T,_T,_T,_T,_T,TRE_BIO,_T,2005,26.631
631,A,SPC_7_b_1,FJ,_T,_T,_T,_T,_T,_T,TRE_BIO,_T,2006,36.916
632,A,SPC_7_b_1,FJ,_T,_T,_T,_T,_T,_T,TRE_BIO,_T,2007,36.603
633,A,SPC_7_b_1,FJ,_T,_T,_T,_T,_T,_T,TRE_BIO,_T,2008,46.391
634,A,SPC_7_b_1,FJ,_T,_T,_T,_T,_T,_T,TRE_BIO,_T,2009,46.151
635,A,SPC_7_b_1,FJ,_T,_T,_T,_T,_T,_T,TRE_BIO,_T,2010,45.965
636,A,SPC_7_b_1,FJ,_T,_T,_T,_T,_T,_T,TRE_BIO,_T,2011,45.81
637,A,SPC_7_b_1,FJ,_T,_T,_T,_T,_T,_T,TRE_BIO,_T,2012,45.681
638,A,SPC_7_b_1,FJ,_T,_T,_T,_T,_T,_T,TRE_BIO,_T,2013,45.568
639,A,SPC_7_b_1,FJ,_T,_T,_T,_T,_T,_T,TRE_BIO,_T,2014,45.463
640,A,SPC_7_b_1,FJ,_T,_T,_T,_T,_T,_T,TRE_BIO,_T,2015,45.382
641,A,SPC_7_b_1,FJ,_T,_T,_T,_T,_T,_T,TRE_BIO,_T,2016,45.324
642,A,SPC_7_b_1,FJ,_T,_T,_T,_T,_T,_T,TRE_BIO,_T,2017,58.349
643,A,SPC_7_b_1,FJ,_T,_T,_T,_T,_T,_T,TRE_BIO,_T,2018,58.351
644,A,SPC_7_b_1,FJ,_T,_T,_T,_T,_T,_T,TRE_BIO,_T,2019,58.384
645,A,SPC_7_b_1,FJ,_T,_T,_T,_T,_T,_T,TRE_BIO,_T,2020,58.26
646,A,SPC_7_b_1,FJ,_T,_T,_T,_T,_T,_T,TRE_BIO,_T,2021,66.324
647,A,SPC_7_b_1,FJ,_T,_T,_T,_T,_T,_T,TRE_BIO,_T,2022,65.956
648,A,SPC_7_b_1,FJ,_T,_T,_T,_T,_T,_T,TRE_GEO,_T,2000,0.0
649,A,SPC_7_b_1,FJ,_T,_T,_T,_T,_T,_T,TRE_GEO,_T,2001,0.0
650,A,SPC_7_b_1,FJ,_T,_T,_T,_T,_T,_T,TRE_GEO,_T,2002,0.0
651,A,SPC_7_b_1,FJ,_T,_T,_T,_T,_T,_T,TRE_GEO,_T,2003,0.0
652,A,SPC_7_b_1,FJ,_T,_T,_T,_T,_T,_T,TRE_GEO,_T,2004,0.0
653,A,SPC_7_b_1,FJ,_T,_T,_T,_T,_T,_T,TRE_GEO,_T,2005,0.0
654,A,SPC_7_b_1,FJ,_T,_T,_T,_T,_T,_T,TRE_GEO,_T,2006,0.0
655,A,SPC_7_b_1,FJ,_T,_T,_T,_T,_T,_T,TRE_GEO,_T,2007,0.0
656,A,SPC_7_b_1,FJ,_T,_T,_T,_T,_T,_T,TRE_GEO,_T,2008,0.0
657,A,SPC_7_b_1,FJ,_T,_T,_T,_T,_T,_T,TRE_GEO,_T,2009,0.0
658,A,SPC_7_b_1,FJ,_T,_T,_T,_T,_T,_T,TRE_GEO,_T,2010,0.0
659,A,SPC_7_b_1,FJ,_T,_T,_T,_T,_T,_T,TRE_GEO,_T,2011,0.0
660,A,SPC_7_b_1,FJ,_T,_T,_T,_T,_T,_T,TRE_GEO,_T,2012,0.0
661,A,SPC_7_b_1,FJ,_T,_T,_T,_T,_T,_T,TRE_GEO,_T,2013,0.0
662,A,SPC_7_b_1,FJ,_T,_T,_T,_T,_T,_T,TRE_GEO,_T,2014,0.0
663,A,SPC_7_b_1,FJ,_T,_T,_T,_T,_T,_T,TRE_GEO,_T,2015,0.0
664,A,SPC_7_b_1,FJ,_T,_T,_T,_T,_T,_T,TRE_GEO,_T,2016,0.0
665,A,SPC_7_b_1,FJ,_T,_T,_T,_T,_T,_T,TRE_GEO,_T,2017,0.0
666,A,SPC_7_b_1,FJ,_T,_T,_T,_T,_T,_T,TRE_GEO,_T,2018,0.0
667,A,SPC_7_b_1,FJ,_T,_T,_T,_T,_T,_T,TRE_GEO,_T,2019,0.0
668,A,SPC_7_b_1,FJ,_T,_T,_T,_T,_T,_T,TRE_GEO,_T,2020,0.0
669,A,SPC_7_b_1,FJ,_T,_T,_T,_T,_T,_T,TRE_GEO,_T,2021,0.0
670,A,SPC_7_b_1,FJ,_T,_T,_T,_T,_T,_T,TRE_GEO,_T,2022,0.0
671,A,SPC_7_b_1,FJ,_T,_T,_T,_T,_T,_T,TRE_HYDRO,_T,2000,102.059
672,A,SPC_7_b_1,FJ,_T,_T,_T,_T,_T,_T,TRE_HYDRO,_T,2001,100.99
673,A,SPC_7_b_1,FJ,_T,_T,_T,_T,_T,_T,TRE_HYDRO,_T,2002,100.007
674,A,SPC_7_b_1,FJ,_T,_T,_T,_T,_T,_T,TRE_HYDRO,_T,2003,99.026
675,A,SPC_7_b_1,FJ,_T,_T,_T,_T,_T,_T,TRE_HYDRO,_T,2004,105.914
676,A,SPC_7_b_1,FJ,_T,_T,_T,_T,_T,_T,TRE_HYDRO,_T,2005,104.913
677,A,SPC_7_b_1,FJ,_T,_T,_T,_T,_T,_T,TRE_HYDRO,_T,2006,107.115
678,A,SPC_7_b_1,FJ,_T,_T,_T,_T,_T,_T,TRE_HYDRO,_T,2007,106.205
679,A,SPC_7_b_1,FJ,_T,_T,_T,_T,_T,_T,TRE_HYDRO,_T,2008,105.484
680,A,SPC_7_b_1,FJ,_T,_T,_T,_T,_T,_T,TRE_HYDRO,_T,2009,104.94
681,A,SPC_7_b_1,FJ,_T,_T,_T,_T,_T,_T,TRE_HYDRO,_T,2010,104.501
682,A,SPC_7_b_1,FJ,_T,_T,_T,_T,_T,_T,TRE_HYDRO,_T,2011,104.167
683,A,SPC_7_b_1,FJ,_T,_T,_T,_T,_T,_T,TRE_HYDRO,_T,2012,152.154
684,A,SPC_7_b_1,FJ,_T,_T,_T,_T,_T,_T,TRE_HYDRO,_T,2013,150.78
685,A,SPC_7_b_1,FJ,_T,_T,_T,_T,_T,_T,TRE_HYDRO,_T,2014,150.433
686,A,SPC_7_b_1,FJ,_T,_T,_T,_T,_T,_T,TRE_HYDRO,_T,2015,150.164
687,A,SPC_7_b_1,FJ,_T,_T,_T,_T,_T,_T,TRE_HYDRO,_T,2016,149.972
688,A,SPC_7_b_1,FJ,_T,_T,_T,_T,_T,_T,TRE_HYDRO,_T,2017,150.628
689,A,SPC_7_b_1,FJ,_T,_T,_T,_T,_T,_T,TRE_HYDRO,_T,2018,150.632
690,A,SPC_7_b_1,FJ,_T,_T,_T,_T,_T,_T,TRE_HYDRO,_T,2019,150.719
691,A,SPC_7_b_1,FJ,_T,_T,_T,_T,_T,_T,TRE_HYDRO,_T,2020,150.398
692,A,SPC_7_b_1,FJ,_T,_T,_T,_T,_T,_T,TRE_HYDRO,_T,2021,149.717
693,A,SPC_7_b_1,FJ,_T,_T,_T,_T,_T,_T,TRE_HYDRO,_T,2022,148.887
694,A,SPC_7_b_1,FJ,_T,_T,_T,_T,_T,_T,TRE_SOLAR,_T,2000,0.089
695,A,SPC_7_b_1,FJ,_T,_T,_T,_T,_T,_T,TRE_SOLAR,_T,2001,0.088
696,A,SPC_7_b_1,FJ,_T,_T,_T,_T,_T,_T,TRE_SOLAR,_T,2002,0.087
697,A,SPC_7_b_1,FJ,_T,_T,_T,_T,_T,_T,TRE_SOLAR,_T,2003,0.133
698,A,SPC_7_b_1,FJ,_T,_T,_T,_T,_T,_T,TRE_SOLAR,_T,2004,0.046
699,A,SPC_7_b_1,FJ,_T,_T,_T,_T,_T,_T,TRE_SOLAR,_T,2005,0.129
700,A,SPC_7_b_1,FJ,_T,_T,_T,_T,_T,_T,TRE_SOLAR,_T,2006,0.16
701,A,SPC_7_b_1,FJ,_T,_T,_T,_T,_T,_T,TRE_SOLAR,_T,2007,0.158
702,A,SPC_7_b_1,FJ,_T,_T,_T,_T,_T,_T,TRE_SOLAR,_T,2008,0.195
703,A,SPC_7_b_1,FJ,_T,_T,_T,_T,_T,_T,TRE_SOLAR,_T,2009,0.22
704,A,SPC_7_b_1,FJ,_T,_T,_T,_T,_T,_T,TRE_SOLAR,_T,2010,0.308
705,A,SPC_7_b_1,FJ,_T,_T,_T,_T,_T,_T,TRE_SOLAR,_T,2011,0.308
706,A,SPC_7_b_1,FJ,_T,_T,_T,_T,_T,_T,TRE_SOLAR,_T,2012,1.012
707,A,SPC_7_b_1,FJ,_T,_T,_T,_T,_T,_T,TRE_SOLAR,_T,2013,1.507
708,A,SPC_7_b_1,FJ,_T,_T,_T,_T,_T,_T,TRE_SOLAR,_T,2014,2.12
709,A,SPC_7_b_1,FJ,_T,_T,_T,_T,_T,_T,TRE_SOLAR,_T,2015,4.272
710,A,SPC_7_b_1,FJ,_T,_T,_T,_T,_T,_T,TRE_SOLAR,_T,2016,6.447
711,A,SPC_7_b_1,FJ,_T,_T,_T,_T,_T,_T,TRE_SOLAR,_T,2017,8.408
712,A,SPC_7_b_1,FJ,_T,_T,_T,_T,_T,_T,TRE_SOLAR,_T,2018,9.031
713,A,SPC_7_b_1,FJ,_T,_T,_T,_T,_T,_T,TRE_SOLAR,_T,2019,9.138
714,A,SPC_7_b_1,FJ,_T,_T,_T,_T,_T,_T,TRE_SOLAR,_T,2020,9.501
715,A,SPC_7_b_1,FJ,_T,_T,_T,_T,_T,_T,TRE_SOLAR,_T,2021,9.771
716,A,SPC_7_b_1,FJ,_T,_T,_T,_T,_T,_T,TRE_SOLAR,_T,2022,10.192
717,A,SPC_7_b_1,FJ,_T,_T,_T,_T,_T,_T,TRE_WIND,_T,2000,0.072
718,A,SPC_7_b_1,FJ,_T,_T,_T,_T,_T,_T,TRE_WIND,_T,2001,0.071
719,A,SPC_7_b_1,FJ,_T,_T,_T,_T,_T,_T,TRE_WIND,_T,2002,0.071
720,A,SPC_7_b_1,FJ,_T,_T,_T,_T,_T,_T,TRE_WIND,_T,2003,0.07
721,A,SPC_7_b_1,FJ,_T,_T,_T,_T,_T,_T,TRE_WIND,_T,2004,0.0
722,A,SPC_7_b_1,FJ,_T,_T,_T,_T,_T,_T,TRE_WIND,_T,2005,0.0
723,A,SPC_7_b_1,FJ,_T,_T,_T,_T,_T,_T,TRE_WIND,_T,2006,0.0
724,A,SPC_7_b_1,FJ,_T,_T,_T,_T,_T,_T,TRE_WIND,_T,2007,11.424
725,A,SPC_7_b_1,FJ,_T,_T,_T,_T,_T,_T,TRE_WIND,_T,2008,11.347
726,A,SPC_7_b_1,FJ,_T,_T,_T,_T,_T,_T,TRE_WIND,_T,2009,11.288
727,A,SPC_7_b_1,FJ,_T,_T,_T,_T,_T,_T,TRE_WIND,_T,2010,11.241
728,A,SPC_7_b_1,FJ,_T,_T,_T,_T,_T,_T,TRE_WIND,_T,2011,11.202
729,A,SPC_7_b_1,FJ,_T,_T,_T,_T,_T,_T,TRE_WIND,_T,2012,11.168
730,A,SPC_7_b_1,FJ,_T,_T,_T,_T,_T,_T,TRE_WIND,_T,2013,11.139
731,A,SPC_7_b_1,FJ,_T,_T,_T,_T,_T,_T,TRE_WIND,_T,2014,11.113
732,A,SPC_7_b_1,FJ,_T,_T,_T,_T,_T,_T,TRE_WIND,_T,2015,11.094
733,A,SPC_7_b_1,FJ,_T,_T,_T,_T,_T,_T,TRE_WIND,_T,2016,11.079
734,A,SPC_7_b_1,FJ,_T,_T,_T,_T,_T,_T,TRE_WIND,_T,2017,11.072
735,A,SPC_7_b_1,FJ,_T,_T,_T,_T,_T,_T,TRE_WIND,_T,2018,11.072
736,A,SPC_7_b_1,FJ,_T,_T,_T,_T,_T,_T,TRE_WIND,_T,2019,11.078
737,A,SPC_7_b_1,FJ,_T,_T,_T,_T,_T,_T,TRE_WIND,_T,2020,11.055
738,A,SPC_7_b_1,FJ,_T,_T,_T,_T,_T,_T,TRE_WIND,_T,2021,11.005
739,A,SPC_7_b_1,FJ,_T,_T,_T,_T,_T,_T,TRE_WIND,_T,2022,10.944
740,A,SPC_7_b_1,FM,_T,_T,_T,_T,_T,_T,TRE_ALL,_T,2000,19.336
741,A,SPC_7_b_1,FM,_T,_T,_T,_T,_T,_T,TRE_ALL,_T,2001,19.295
742,A,SPC_7_b_1,FM,_T,_T,_T,_T,_T,_T,TRE_ALL,_T,2002,19.287
743,A,SPC_7_b_1,FM,_T,_T,_T,_T,_T,_T,TRE_ALL,_T,2003,0.894
744,A,SPC_7_b_1,FM,_T,_T,_T,_T,_T,_T,TRE_ALL,_T,2004,0.897
745,A,SPC_7_b_1,FM,_T,_T,_T,_T,_T,_T,TRE_ALL,_T,2005,0.901
746,A,SPC_7_b_1,FM,_T,_T,_T,_T,_T,_T,TRE_ALL,_T,2006,0.907
747,A,SPC_7_b_1,FM,_T,_T,_T,_T,_T,_T,TRE_ALL,_T,2007,1.643
748,A,SPC_7_b_1,FM,_T,_T,_T,_T,_T,_T,TRE_ALL,_T,2008,2.162
749,A,SPC_7_b_1,FM,_T,_T,_T,_T,_T,_T,TRE_ALL,_T,2009,4.895
750,A,SPC_7_b_1,FM,_T,_T,_T,_T,_T,_T,TRE_ALL,_T,2010,4.908
751,A,SPC_7_b_1,FM,_T,_T,_T,_T,_T,_T,TRE_ALL,_T,2011,4.894
752,A,SPC_7_b_1,FM,_T,_T,_T,_T,_T,_T,TRE_ALL,_T,2012,4.878
753,A,SPC_7_b_1,FM,_T,_T,_T,_T,_T,_T,TRE_ALL,_T,2013,6.298
754,A,SPC_7_b_1,FM,_T,_T,_T,_T,_T,_T,TRE_ALL,_T,2014,17.042
755,A,SPC_7_b_1,FM,_T,_T,_T,_T,_T,_T,TRE_ALL,_T,2015,16.974
756,A,SPC_7_b_1,FM,_T,_T,_T,_T,_T,_T,TRE_ALL,_T,2016,22.361
757,A,SPC_7_b_1,FM,_T,_T,_T,_T,_T,_T,TRE_ALL,_T,2017,22.258
758,A,SPC_7_b_1,FM,_T,_T,_T,_T,_T,_T,TRE_ALL,_T,2018,36.501
759,A,SPC_7_b_1,FM,_T,_T,_T,_T,_T,_T,TRE_ALL,_T,2019,39.945
760,A,SPC_7_b_1,FM,_T,_T,_T,_T,_T,_T,TRE_ALL,_T,2020,39.686
761,A,SPC_7_b_1,FM,_T,_T,_T,_T,_T,_T,TRE_ALL,_T,2021,39.326
762,A,SPC_7_b_1,FM,_T,_T,_T,_T,_T,_T,TRE_ALL,_T,2022,38.97
763,A,SPC_7_b_1,FM,_T,_T,_T,_T,_T,_T,TRE_BIO,_T,2000,0.0
764,A,SPC_7_b_1,FM,_T,_T,_T,_T,_T,_T,TRE_BIO,_T,2001,0.0
765,A,SPC_7_b_1,FM,_T,_T,_T,_T,_T,_T,TRE_BIO,_T,2002,0.0
766,A,SPC_7_b_1,FM,_T,_T,_T,_T,_T,_T,TRE_BIO,_T,2003,0.0
767,A,SPC_7_b_1,FM,_T,_T,_T,_T,_T,_T,TRE_BIO,_T,2004,0.0
768,A,SPC_7_b_1,FM,_T,_T,_T,_T,_T,_T,TRE_BIO,_T,2005,0.0
769,A,SPC_7_b_1,FM,_T,_T,_T,_T,_T,_T,TRE_BIO,_T,2006,0.0
770,A,SPC_7_b_1,FM,_T,_T,_T,_T,_T,_T,TRE_BIO,_T,2007,0.0
771,A,SPC_7_b_1,FM,_T,_T,_T,_T,_T,_T,TRE_BIO,_T,2008,0.0
772,A,SPC_7_b_1,FM,_T,_T,_T,_T,_T,_T,TRE_BIO,_T,2009,0.0
773,A,SPC_7_b_1,FM,_T,_T,_T,_T,_T,_T,TRE_BIO,_T,2010,0.0
774,A,SPC_7_b_1,FM,_T,_T,_T,_T,_T,_T,TRE_BIO,_T,2011,0.0
775,A,SPC_7_b_1,FM,_T,_T,_T,_T,_T,_T,TRE_BIO,_T,2012,0.0
776,A,SPC_7_b_1,FM,_T,_T,_T,_T,_T,_T,TRE_BIO,_T,2013,0.0
777,A,SPC_7_b_1,FM,_T,_T,_T,_T,_T,_T,TRE_BIO,_T,2014,0.0
778,A,SPC_7_b_1,FM,_T,_T,_T,_T,_T,_T,TRE_BIO,_T,2015,0.0
779,A,SPC_7_b_1,FM,_T,_T,_T,_T,_T,_T,TRE_BIO,_T,2016,0.0
780,A,SPC_7_b_1,FM,_T,_T,_T,_T,_T,_T,TRE_BIO,_T,2017,0.0
781,A,SPC_7_b_1,FM,_T,_T,_T,_T,_T,_T,TRE_BIO,_T,2018,0.0
782,A,SPC_7_b_1,FM,_T,_T,_T,_T,_T,_T,TRE_BIO,_T,2019,0.0
783,A,SPC_7_b_1,FM,_T,_T,_T,_T,_T,_T,TRE_BIO,_T,2020,0.0
784,A,SPC_7_b_1,FM,_T,_T,_T,_T,_T,_T,TRE_BIO,_T,2021,0.0
785,A,SPC_7_b_1,FM,_T,_T,_T,_T,_T,_T,TRE_BIO,_T,2022,0.0
786,A,SPC_7_b_1,FM,_T,_T,_T,_T,_T,_T,TRE_GEO,_T,2000,0.0
787,A,SPC_7_b_1,FM,_T,_T,_T,_T,_T,_T,TRE_GEO,_T,2001,0.0
788,A,SPC_7_b_1,FM,_T,_T,_T,_T,_T,_T,TRE_GEO,_T,2002,0.0
789,A,SPC_7_b_1,FM,_T,_T,_T,_T,_T,_T,TRE_GEO,_T,2003,0.0
790,A,SPC_7_b_1,FM,_T,_T,_T,_T,_T,_T,TRE_GEO,_T,2004,0.0
791,A,SPC_7_b_1,FM,_T,_T,_T,_T,_T,_T,TRE_GEO,_T,2005,0.0
792,A,SPC_7_b_1,FM,_T,_T,_T,_T,_T,_T,TRE_GEO,_T,2006,0.0
793,A,SPC_7_b_1,FM,_T,_T,_T,_T,_T,_T,TRE_GEO,_T,2007,0.0
794,A,SPC_7_b_1,FM,_T,_T,_T,_T,_T,_T,TRE_GEO,_T,2008,0.0
795,A,SPC_7_b_1,FM,_T,_T,_T,_T,_T,_T,TRE_GEO,_T,2009,0.0
796,A,SPC_7_b_1,FM,_T,_T,_T,_T,_T,_T,TRE_GEO,_T,2010,0.0
797,A,SPC_7_b_1,FM,_T,_T,_T,_T,_T,_T,TRE_GEO,_T,2011,0.0
798,A,SPC_7_b_1,FM,_T,_T,_T,_T,_T,_T,TRE_GEO,_T,2012,0.0
799,A,SPC_7_b_1,FM,_T,_T,_T,_T,_T,_T,TRE_GEO,_T,2013,0.0
800,A,SPC_7_b_1,FM,_T,_T,_T,_T,_T,_T,TRE_GEO,_T,2014,0.0
801,A,SPC_7_b_1,FM,_T,_T,_T,_T,_T,_T,TRE_GEO,_T,2015,0.0
802,A,SPC_7_b_1,FM,_T,_T,_T,_T,_T,_T,TRE_GEO,_T,2016,0.0
803,A,SPC_7_b_1,FM,_T,_T,_T,_T,_T,_T,TRE_GEO,_T,2017,0.0
804,A,SPC_7_b_1,FM,_T,_T,_T,_T,_T,_T,TRE_GEO,_T,2018,0.0
805,A,SPC_7_b_1,FM,_T,_T,_T,_T,_T,_T,TRE_GEO,_T,2019,0.0
806,A,SPC_7_b_1,FM,_T,_T,_T,_T,_T,_T,TRE_GEO,_T,2020,0.0
807,A,SPC_7_b_1,FM,_T,_T,_T,_T,_T,_T,TRE_GEO,_T,2021,0.0
808,A,SPC_7_b_1,FM,_T,_T,_T,_T,_T,_T,TRE_GEO,_T,2022,0.0
809,A,SPC_7_b_1,FM,_T,_T,_T,_T,_T,_T,TRE_HYDRO,_T,2000,18.441
810,A,SPC_7_b_1,FM,_T,_T,_T,_T,_T,_T,TRE_HYDRO,_T,2001,18.401
811,A,SPC_7_b_1,FM,_T,_T,_T,_T,_T,_T,TRE_HYDRO,_T,2002,18.394
812,A,SPC_7_b_1,FM,_T,_T,_T,_T,_T,_T,TRE_HYDRO,_T,2003,0.0
813,A,SPC_7_b_1,FM,_T,_T,_T,_T,_T,_T,TRE_HYDRO,_T,2004,0.0
814,A,SPC_7_b_1,FM,_T,_T,_T,_T,_T,_T,TRE_HYDRO,_T,2005,0.0
815,A,SPC_7_b_1,FM,_T,_T,_T,_T,_T,_T,TRE_HYDRO,_T,2006,0.0
816,A,SPC_7_b_1,FM,_T,_T,_T,_T,_T,_T,TRE_HYDRO,_T,2007,0.0
817,A,SPC_7_b_1,FM,_T,_T,_T,_T,_T,_T,TRE_HYDRO,_T,2008,0.0
818,A,SPC_7_b_1,FM,_T,_T,_T,_T,_T,_T,TRE_HYDRO,_T,2009,0.0
819,A,SPC_7_b_1,FM,_T,_T,_T,_T,_T,_T,TRE_HYDRO,_T,2010,0.0
820,A,SPC_7_b_1,FM,_T,_T,_T,_T,_T,_T,TRE_HYDRO,_T,2011,0.0
821,A,SPC_7_b_1,FM,_T,_T,_T,_T,_T,_T,TRE_HYDRO,_T,2012,0.0
822,A,SPC_7_b_1,FM,_T,_T,_T,_T,_T,_T,TRE_HYDRO,_T,2013,0.0
823,A,SPC_7_b_1,FM,_T,_T,_T,_T,_T,_T,TRE_HYDRO,_T,2014,6.65
824,A,SPC_7_b_1,FM,_T,_T,_T,_T,_T,_T,TRE_HYDRO,_T,2015,6.623
825,A,SPC_7_b_1,FM,_T,_T,_T,_T,_T,_T,TRE_HYDRO,_T,2016,6.595
826,A,SPC_7_b_1,FM,_T,_T,_T,_T,_T,_T,TRE_HYDRO,_T,2017,6.565
827,A,SPC_7_b_1,FM,_T,_T,_T,_T,_T,_T,TRE_HYDRO,_T,2018,6.536
828,A,SPC_7_b_1,FM,_T,_T,_T,_T,_T,_T,TRE_HYDRO,_T,2019,6.509
829,A,SPC_7_b_1,FM,_T,_T,_T,_T,_T,_T,TRE_HYDRO,_T,2020,6.467
830,A,SPC_7_b_1,FM,_T,_T,_T,_T,_T,_T,TRE_HYDRO,_T,2021,6.409
831,A,SPC_7_b_1,FM,_T,_T,_T,_T,_T,_T,TRE_HYDRO,_T,2022,6.351
832,A,SPC_7_b_1,FM,_T,_T,_T,_T,_T,_T,TRE_SOLAR,_T,2000,0.895
833,A,SPC_7_b_1,FM,_T,_T,_T,_T,_T,_T,TRE_SOLAR,_T,2001,0.893
834,A,SPC_7_b_1,FM,_T,_T,_T,_T,_T,_T,TRE_SOLAR,_T,2002,0.893
835,A,SPC_7_b_1,FM,_T,_T,_T,_T,_T,_T,TRE_SOLAR,_T,2003,0.894
836,A,SPC_7_b_1,FM,_T,_T,_T,_T,_T,_T,TRE_SOLAR,_T,2004,0.897
837,A,SPC_7_b_1,FM,_T,_T,_T,_T,_T,_T,TRE_SOLAR,_T,2005,0.901
838,A,SPC_7_b_1,FM,_T,_T,_T,_T,_T,_T,TRE_SOLAR,_T,2006,0.907
839,A,SPC_7_b_1,FM,_T,_T,_T,_T,_T,_T,TRE_SOLAR,_T,2007,1.643
840,A,SPC_7_b_1,FM,_T,_T,_T,_T,_T,_T,TRE_SOLAR,_T,2008,2.162
841,A,SPC_7_b_1,FM,_T,_T,_T,_T,_T,_T,TRE_SOLAR,_T,2009,4.895
842,A,SPC_7_b_1,FM,_T,_T,_T,_T,_T,_T,TRE_SOLAR,_T,2010,4.908
843,A,SPC_7_b_1,FM,_T,_T,_T,_T,_T,_T,TRE_SOLAR,_T,2011,4.894
844,A,SPC_7_b_1,FM,_T,_T,_T,_T,_T,_T,TRE_SOLAR,_T,2012,4.878
845,A,SPC_7_b_1,FM,_T,_T,_T,_T,_T,_T,TRE_SOLAR,_T,2013,6.298
846,A,SPC_7_b_1,FM,_T,_T,_T,_T,_T,_T,TRE_SOLAR,_T,2014,10.392
847,A,SPC_7_b_1,FM,_T,_T,_T,_T,_T,_T,TRE_SOLAR,_T,2015,10.351
848,A,SPC_7_b_1,FM,_T,_T,_T,_T,_T,_T,TRE_SOLAR,_T,2016,15.765
849,A,SPC_7_b_1,FM,_T,_T,_T,_T,_T,_T,TRE_SOLAR,_T,2017,15.693
850,A,SPC_7_b_1,FM,_T,_T,_T,_T,_T,_T,TRE_SOLAR,_T,2018,22.528
851,A,SPC_7_b_1,FM,_T,_T,_T,_T,_T,_T,TRE_SOLAR,_T,2019,26.028
852,A,SPC_7_b_1,FM,_T,_T,_T,_T,_T,_T,TRE_SOLAR,_T,2020,25.859
853,A,SPC_7_b_1,FM,_T,_T,_T,_T,_T,_T,TRE_SOLAR,_T,2021,25.625
854,A,SPC_7_b_1,FM,_T,_T,_T,_T,_T,_T,TRE_SOLAR,_T,2022,25.393
855,A,SPC_7_b_1,FM,_T,_T,_T,_T,_T,_T,TRE_WIND,_T,2000,0.0
856,A,SPC_7_b_1,FM,_T,_T,_T,_T,_T,_T,TRE_WIND,_T,2001,0.0
857,A,SPC_7_b_1,FM,_T,_T,_T,_T,_T,_T,TRE_WIND,_T,2002,0.0
858,A,SPC_7_b_1,FM,_T,_T,_T,_T,_T,_T,TRE_WIND,_T,2003,0.0
859,A,SPC_7_b_1,FM,_T,_T,_T,_T,_T,_T,TRE_WIND,_T,2004,0.0
860,A,SPC_7_b_1,FM,_T,_T,_T,_T,_T,_T,TRE_WIND,_T,2005,0.0
861,A,SPC_7_b_1,FM,_T,_T,_T,_T,_T,_T,TRE_WIND,_T,2006,0.0
862,A,SPC_7_b_1,FM,_T,_T,_T,_T,_T,_T,TRE_WIND,_T,2007,0.0
863,A,SPC_7_b_1,FM,_T,_T,_T,_T,_T,_T,TRE_WIND,_T,2008,0.0
864,A,SPC_7_b_1,FM,_T,_T,_T,_T,_T,_T,TRE_WIND,_T,2009,0.0
865,A,SPC_7_b_1,FM,_T,_T,_T,_T,_T,_T,TRE_WIND,_T,2010,0.0
866,A,SPC_7_b_1,FM,_T,_T,_T,_T,_T,_T,TRE_WIND,_T,2011,0.0
867,A,SPC_7_b_1,FM,_T,_T,_T,_T,_T,_T,TRE_WIND,_T,2012,0.0
868,A,SPC_7_b_1,FM,_T,_T,_T,_T,_T,_T,TRE_WIND,_T,2013,0.0
869,A,SPC_7_b_1,FM,_T,_T,_T,_T,_T,_T,TRE_WIND,_T,2014,0.0
870,A,SPC_7_b_1,FM,_T,_T,_T,_T,_T,_T,TRE_WIND,_T,2015,0.0
871,A,SPC_7_b_1,FM,_T,_T,_T,_T,_T,_T,TRE_WIND,_T,2016,0.0
872,A,SPC_7_b_1,FM,_T,_T,_T,_T,_T,_T,TRE_WIND,_T,2017,0.0
873,A,SPC_7_b_1,FM,_T,_T,_T,_T,_T,_T,TRE_WIND,_T,2018,7.437
874,A,SPC_7_b_1,FM,_T,_T,_T,_T,_T,_T,TRE_WIND,_T,2019,7.407
875,A,SPC_7_b_1,FM,_T,_T,_T,_T,_T,_T,TRE_WIND,_T,2020,7.359
876,A,SPC_7_b_1,FM,_T,_T,_T,_T,_T,_T,TRE_WIND,_T,2021,7.292
877,A,SPC_7_b_1,FM,_T,_T,_T,_T,_T,_T,TRE_WIND,_T,2022,7.226
878,A,SPC_7_b_1,KI,_T,_T,_T,_T,_T,_T,TRE_ALL,_T,2000,0.698
879,A,SPC_7_b_1,KI,_T,_T,_T,_T,_T,_T,TRE_ALL,_T,2001,0.685
880,A,SPC_7_b_1,KI,_T,_T,_T,_T,_T,_T,TRE_ALL,_T,2002,0.671
881,A,SPC_7_b_1,KI,_T,_T,_T,_T,_T,_T,TRE_ALL,_T,2003,0.657
882,A,SPC_7_b_1,KI,_T,_T,_T,_T,_T,_T,TRE_ALL,_T,2004,2.11
883,A,SPC_7_b_1,KI,_T,_T,_T,_T,_T,_T,TRE_ALL,_T,2005,2.435
884,A,SPC_7_b_1,KI,_T,_T,_T,_T,_T,_T,TRE_ALL,_T,2006,2.488
885,A,SPC_7_b_1,KI,_T,_T,_T,_T,_T,_T,TRE_ALL,_T,2007,2.569
886,A,SPC_7_b_1,KI,_T,_T,_T,_T,_T,_T,TRE_ALL,_T,2008,2.78
887,A,SPC_7_b_1,KI,_T,_T,_T,_T,_T,_T,TRE_ALL,_T,2009,2.679
888,A,SPC_7_b_1,KI,_T,_T,_T,_T,_T,_T,TRE_ALL,_T,2010,3.796
889,A,SPC_7_b_1,KI,_T,_T,_T,_T,_T,_T,TRE_ALL,_T,2011,4.041
890,A,SPC_7_b_1,KI,_T,_T,_T,_T,_T,_T,TRE_ALL,_T,2012,4.336
891,A,SPC_7_b_1,KI,_T,_T,_T,_T,_T,_T,TRE_ALL,_T,2013,4.589
892,A,SPC_7_b_1,KI,_T,_T,_T,_T,_T,_T,TRE_ALL,_T,2014,6.705
893,A,SPC_7_b_1,KI,_T,_T,_T,_T,_T,_T,TRE_ALL,_T,2015,19.939
894,A,SPC_7_b_1,KI,_T,_T,_T,_T,_T,_T,TRE_ALL,_T,2016,24.326
895,A,SPC_7_b_1,KI,_T,_T,_T,_T,_T,_T,TRE_ALL,_T,2017,23.953
896,A,SPC_7_b_1,KI,_T,_T,_T,_T,_T,_T,TRE_ALL,_T,2018,26.28
897,A,SPC_7_b_1,KI,_T,_T,_T,_T,_T,_T,TRE_ALL,_T,2019,25.861
898,A,SPC_7_b_1,KI,_T,_T,_T,_T,_T,_T,TRE_ALL,_T,2020,25.407
899,A,SPC_7_b_1,KI,_T,_T,_T,_T,_T,_T,TRE_ALL,_T,2021,24.931
900,A,SPC_7_b_1,KI,_T,_T,_T,_T,_T,_T,TRE_ALL,_T,2022,24.483
901,A,SPC_7_b_1,KI,_T,_T,_T,_T,_T,_T,TRE_BIO,_T,2000,0.0
902,A,SPC_7_b_1,KI,_T,_T,_T,_T,_T,_T,TRE_BIO,_T,2001,0.0
903,A,SPC_7_b_1,KI,_T,_T,_T,_T,_T,_T,TRE_BIO,_T,2002,0.0
904,A,SPC_7_b_1,KI,_T,_T,_T,_T,_T,_T,TRE_BIO,_T,2003,0.0
905,A,SPC_7_b_1,KI,_T,_T,_T,_T,_T,_T,TRE_BIO,_T,2004,0.0
906,A,SPC_7_b_1,KI,_T,_T,_T,_T,_T,_T,TRE_BIO,_T,2005,0.0
907,A,SPC_7_b_1,KI,_T,_T,_T,_T,_T,_T,TRE_BIO,_T,2006,0.0
908,A,SPC_7_b_1,KI,_T,_T,_T,_T,_T,_T,TRE_BIO,_T,2007,0.0
909,A,SPC_7_b_1,KI,_T,_T,_T,_T,_T,_T,TRE_BIO,_T,2008,0.0
910,A,SPC_7_b_1,KI,_T,_T,_T,_T,_T,_T,TRE_BIO,_T,2009,0.0
911,A,SPC_7_b_1,KI,_T,_T,_T,_T,_T,_T,TRE_BIO,_T,2010,0.0
912,A,SPC_7_b_1,KI,_T,_T,_T,_T,_T,_T,TRE_BIO,_T,2011,0.0
913,A,SPC_7_b_1,KI,_T,_T,_T,_T,_T,_T,TRE_BIO,_T,2012,0.0
914,A,SPC_7_b_1,KI,_T,_T,_T,_T,_T,_T,TRE_BIO,_T,2013,0.0
915,A,SPC_7_b_1,KI,_T,_T,_T,_T,_T,_T,TRE_BIO,_T,2014,0.0
916,A,SPC_7_b_1,KI,_T,_T,_T,_T,_T,_T,TRE_BIO,_T,2015,0.0
917,A,SPC_7_b_1,KI,_T,_T,_T,_T,_T,_T,TRE_BIO,_T,2016,0.0
918,A,SPC_7_b_1,KI,_T,_T,_T,_T,_T,_T,TRE_BIO,_T,2017,0.0
919,A,SPC_7_b_1,KI,_T,_T,_T,_T,_T,_T,TRE_BIO,_T,2018,0.0
920,A,SPC_7_b_1,KI,_T,_T,_T,_T,_T,_T,TRE_BIO,_T,2019,0.0
921,A,SPC_7_b_1,KI,_T,_T,_T,_T,_T,_T,TRE_BIO,_T,2020,0.0
922,A,SPC_7_b_1,KI,_T,_T,_T,_T,_T,_T,TRE_BIO,_T,2021,0.0
923,A,SPC_7_b_1,KI,_T,_T,_T,_T,_T,_T,TRE_BIO,_T,2022,0.0
924,A,SPC_7_b_1,KI,_T,_T,_T,_T,_T,_T,TRE_GEO,_T,2000,0.0
925,A,SPC_7_b_1,KI,_T,_T,_T,_T,_T,_T,TRE_GEO,_T,2001,0.0
926,A,SPC_7_b_1,KI,_T,_T,_T,_T,_T,_T,TRE_GEO,_T,2002,0.0
927,A,SPC_7_b_1,KI,_T,_T,_T,_T,_T,_T,TRE_GEO,_T,2003,0.0
928,A,SPC_7_b_1,KI,_T,_T,_T,_T,_T,_T,TRE_GEO,_T,2004,0.0
929,A,SPC_7_b_1,KI,_T,_T,_T,_T,_T,_T,TRE_GEO,_T,2005,0.0
930,A,SPC_7_b_1,KI,_T,_T,_T,_T,_T,_T,TRE_GEO,_T,2006,0.0
931,A,SPC_7_b_1,KI,_T,_T,_T,_T,_T,_T,TRE_GEO,_T,2007,0.0
932,A,SPC_7_b_1,KI,_T,_T,_T,_T,_T,_T,TRE_GEO,_T,2008,0.0
933,A,SPC_7_b_1,KI,_T,_T,_T,_T,_T,_T,TRE_GEO,_T,2009,0.0
934,A,SPC_7_b_1,KI,_T,_T,_T,_T,_T,_T,TRE_GEO,_T,2010,0.0
935,A,SPC_7_b_1,KI,_T,_T,_T,_T,_T,_T,TRE_GEO,_T,2011,0.0
936,A,SPC_7_b_1,KI,_T,_T,_T,_T,_T,_T,TRE_GEO,_T,2012,0.0
937,A,SPC_7_b_1,KI,_T,_T,_T,_T,_T,_T,TRE_GEO,_T,2013,0.0
938,A,SPC_7_b_1,KI,_T,_T,_T,_T,_T,_T,TRE_GEO,_T,2014,0.0
939,A,SPC_7_b_1,KI,_T,_T,_T,_T,_T,_T,TRE_GEO,_T,2015,0.0
940,A,SPC_7_b_1,KI,_T,_T,_T,_T,_T,_T,TRE_GEO,_T,2016,0.0
941,A,SPC_7_b_1,KI,_T,_T,_T,_T,_T,_T,TRE_GEO,_T,2017,0.0
942,A,SPC_7_b_1,KI,_T,_T,_T,_T,_T,_T,TRE_GEO,_T,2018,0.0
943,A,SPC_7_b_1,KI,_T,_T,_T,_T,_T,_T,TRE_GEO,_T,2019,0.0
944,A,SPC_7_b_1,KI,_T,_T,_T,_T,_T,_T,TRE_GEO,_T,2020,0.0
945,A,SPC_7_b_1,KI,_T,_T,_T,_T,_T,_T,TRE_GEO,_T,2021,0.0
946,A,SPC_7_b_1,KI,_T,_T,_T,_T,_T,_T,TRE_GEO,_T,2022,0.0
947,A,SPC_7_b_1,KI,_T,_T,_T,_T,_T,_T,TRE_HYDRO,_T,2000,0.0
948,A,SPC_7_b_1,KI,_T,_T,_T,_T,_T,_T,TRE_HYDRO,_T,2001,0.0
949,A,SPC_7_b_1,KI,_T,_T,_T,_T,_T,_T,TRE_HYDRO,_T,2002,0.0
950,A,SPC_7_b_1,KI,_T,_T,_T,_T,_T,_T,TRE_HYDRO,_T,2003,0.0
951,A,SPC_7_b_1,KI,_T,_T,_T,_T,_T,_T,TRE_HYDRO,_T,2004,0.0
952,A,SPC_7_b_1,KI,_T,_T,_T,_T,_T,_T,TRE_HYDRO,_T,2005,0.0
953,A,SPC_7_b_1,KI,_T,_T,_T,_T,_T,_T,TRE_HYDRO,_T,2006,0.0
954,A,SPC_7_b_1,KI,_T,_T,_T,_T,_T,_T,TRE_HYDRO,_T,2007,0.0
955,A,SPC_7_b_1,KI,_T,_T,_T,_T,_T,_T,TRE_HYDRO,_T,2008,0.0
956,A,SPC_7_b_1,KI,_T,_T,_T,_T,_T,_T,TRE_HYDRO,_T,2009,0.0
957,A,SPC_7_b_1,KI,_T,_T,_T,_T,_T,_T,TRE_HYDRO,_T,2010,0.0
958,A,SPC_7_b_1,KI,_T,_T,_T,_T,_T,_T,TRE_HYDRO,_T,2011,0.0
959,A,SPC_7_b_1,KI,_T,_T,_T,_T,_T,_T,TRE_HYDRO,_T,2012,0.0
960,A,SPC_7_b_1,KI,_T,_T,_T,_T,_T,_T,TRE_HYDRO,_T,2013,0.0
961,A,SPC_7_b_1,KI,_T,_T,_T,_T,_T,_T,TRE_HYDRO,_T,2014,0.0
962,A,SPC_7_b_1,KI,_T,_T,_T,_T,_T,_T,TRE_HYDRO,_T,2015,0.0
963,A,SPC_7_b_1,KI,_T,_T,_T,_T,_T,_T,TRE_HYDRO,_T,2016,0.0
964,A,SPC_7_b_1,KI,_T,_T,_T,_T,_T,_T,TRE_HYDRO,_T,2017,0.0
965,A,SPC_7_b_1,KI,_T,_T,_T,_T,_T,_T,TRE_HYDRO,_T,2018,0.0
966,A,SPC_7_b_1,KI,_T,_T,_T,_T,_T,_T,TRE_HYDRO,_T,2019,0.0
967,A,SPC_7_b_1,KI,_T,_T,_T,_T,_T,_T,TRE_HYDRO,_T,2020,0.0
968,A,SPC_7_b_1,KI,_T,_T,_T,_T,_T,_T,TRE_HYDRO,_T,2021,0.0
969,A,SPC_7_b_1,KI,_T,_T,_T,_T,_T,_T,TRE_HYDRO,_T,2022,0.0
970,A,SPC_7_b_1,KI,_T,_T,_T,_T,_T,_T,TRE_SOLAR,_T,2000,0.698
971,A,SPC_7_b_1,KI,_T,_T,_T,_T,_T,_T,TRE_SOLAR,_T,2001,0.685
972,A,SPC_7_b_1,KI,_T,_T,_T,_T,_T,_T,TRE_SOLAR,_T,2002,0.671
973,A,SPC_7_b_1,KI,_T,_T,_T,_T,_T,_T,TRE_SOLAR,_T,2003,0.657
974,A,SPC_7_b_1,KI,_T,_T,_T,_T,_T,_T,TRE_SOLAR,_T,2004,2.11
975,A,SPC_7_b_1,KI,_T,_T,_T,_T,_T,_T,TRE_SOLAR,_T,2005,2.435
976,A,SPC_7_b_1,KI,_T,_T,_T,_T,_T,_T,TRE_SOLAR,_T,2006,2.488
977,A,SPC_7_b_1,KI,_T,_T,_T,_T,_T,_T,TRE_SOLAR,_T,2007,2.569
978,A,SPC_7_b_1,KI,_T,_T,_T,_T,_T,_T,TRE_SOLAR,_T,2008,2.78
979,A,SPC_7_b_1,KI,_T,_T,_T,_T,_T,_T,TRE_SOLAR,_T,2009,2.679
980,A,SPC_7_b_1,KI,_T,_T,_T,_T,_T,_T,TRE_SOLAR,_T,2010,3.796
981,A,SPC_7_b_1,KI,_T,_T,_T,_T,_T,_T,TRE_SOLAR,_T,2011,4.041
982,A,SPC_7_b_1,KI,_T,_T,_T,_T,_T,_T,TRE_SOLAR,_T,2012,4.336
983,A,SPC_7_b_1,KI,_T,_T,_T,_T,_T,_T,TRE_SOLAR,_T,2013,4.589
984,A,SPC_7_b_1,KI,_T,_T,_T,_T,_T,_T,TRE_SOLAR,_T,2014,6.705
985,A,SPC_7_b_1,KI,_T,_T,_T,_T,_T,_T,TRE_SOLAR,_T,2015,19.939
986,A,SPC_7_b_1,KI,_T,_T,_T,_T,_T,_T,TRE_SOLAR,_T,2016,24.326
987,A,SPC_7_b_1,KI,_T,_T,_T,_T,_T,_T,TRE_SOLAR,_T,2017,23.953
988,A,SPC_7_b_1,KI,_T,_T,_T,_T,_T,_T,TRE_SOLAR,_T,2018,26.28
989,A,SPC_7_b_1,KI,_T,_T,_T,_T,_T,_T,TRE_SOLAR,_T,2019,25.861
990,A,SPC_7_b_1,KI,_T,_T,_T,_T,_T,_T,TRE_SOLAR,_T,2020,25.407
991,A,SPC_7_b_1,KI,_T,_T,_T,_T,_T,_T,TRE_SOLAR,_T,2021,24.931
992,A,SPC_7_b_1,KI,_T,_T,_T,_T,_T,_T,TRE_SOLAR,_T,2022,24.483
993,A,SPC_7_b_1,KI,_T,_T,_T,_T,_T,_T,TRE_WIND,_T,2000,0.0
994,A,SPC_7_b_1,KI,_T,_T,_T,_T,_T,_T,TRE_WIND,_T,2001,0.0
995,A,SPC_7_b_1,KI,_T,_T,_T,_T,_T,_T,TRE_WIND,_T,2002,0.0
996,A,SPC_7_b_1,KI,_T,_T,_T,_T,_T,_T,TRE_WIND,_T,2003,0.0
997,A,SPC_7_b_1,KI,_T,_T,_T,_T,_T,_T,TRE_WIND,_T,2004,0.0
998,A,SPC_7_b_1,KI,_T,_T,_T,_T,_T,_T,TRE_WIND,_T,2005,0.0
999,A,SPC_7_b_1,KI,_T,_T,_T,_T,_T,_T,TRE_WIND,_T,2006,0.0
1000,A,SPC_7_b_1,KI,_T,_T,_T,_T,_T,_T,TRE_WIND,_T,2007,0.0
1001,A,SPC_7_b_1,KI,_T,_T,_T,_T,_T,_T,TRE_WIND,_T,2008,0.0
1002,A,SPC_7_b_1,KI,_T,_T,_T,_T,_T,_T,TRE_WIND,_T,2009,0.0
1003,A,SPC_7_b_1,KI,_T,_T,_T,_T,_T,_T,TRE_WIND,_T,2010,0.0
1004,A,SPC_7_b_1,KI,_T,_T,_T,_T,_T,_T,TRE_WIND,_T,2011,0.0
1005,A,SPC_7_b_1,KI,_T,_T,_T,_T,_T,_T,TRE_WIND,_T,2012,0.0
1006,A,SPC_7_b_1,KI,_T,_T,_T,_T,_T,_T,TRE_WIND,_T,2013,0.0
1007,A,SPC_7_b_1,KI,_T,_T,_T,_T,_T,_T,TRE_WIND,_T,2014,0.0
1008,A,SPC_7_b_1,KI,_T,_T,_T,_T,_T,_T,TRE_WIND,_T,2015,0.0
1009,A,SPC_7_b_1,KI,_T,_T,_T,_T,_T,_T,TRE_WIND,_T,2016,0.0
1010,A,SPC_7_b_1,KI,_T,_T,_T,_T,_T,_T,TRE_WIND,_T,2017,0.0
1011,A,SPC_7_b_1,KI,_T,_T,_T,_T,_T,_T,TRE_WIND,_T,2018,0.0
1012,A,SPC_7_b_1,KI,_T,_T,_T,_T,_T,_T,TRE_WIND,_T,2019,0.0
1013,A,SPC_7_b_1,KI,_T,_T,_T,_T,_T,_T,TRE_WIND,_T,2020,0.0
1014,A,SPC_7_b_1,KI,_T,_T,_T,_T,_T,_T,TRE_WIND,_T,2021,0.0
1015,A,SPC_7_b_1,KI,_T,_T,_T,_T,_T,_T,TRE_WIND,_T,2022,0.0
1016,A,SPC_7_b_1,MH,_T,_T,_T,_T,_T,_T,TRE_ALL,_T,2000,0.738
1017,A,SPC_7_b_1,MH,_T,_T,_T,_T,_T,_T,TRE_ALL,_T,2001,0.735
1018,A,SPC_7_b_1,MH,_T,_T,_T,_T,_T,_T,TRE_ALL,_T,2002,0.734
1019,A,SPC_7_b_1,MH,_T,_T,_T,_T,_T,_T,TRE_ALL,_T,2003,0.734
1020,A,SPC_7_b_1,MH,_T,_T,_T,_T,_T,_T,TRE_ALL,_T,2004,1.286
1021,A,SPC_7_b_1,MH,_T,_T,_T,_T,_T,_T,TRE_ALL,_T,2005,1.288
1022,A,SPC_7_b_1,MH,_T,_T,_T,_T,_T,_T,TRE_ALL,_T,2006,1.291
1023,A,SPC_7_b_1,MH,_T,_T,_T,_T,_T,_T,TRE_ALL,_T,2007,1.295
1024,A,SPC_7_b_1,MH,_T,_T,_T,_T,_T,_T,TRE_ALL,_T,2008,2.787
1025,A,SPC_7_b_1,MH,_T,_T,_T,_T,_T,_T,TRE_ALL,_T,2009,4.945
1026,A,SPC_7_b_1,MH,_T,_T,_T,_T,_T,_T,TRE_ALL,_T,2010,5.897
1027,A,SPC_7_b_1,MH,_T,_T,_T,_T,_T,_T,TRE_ALL,_T,2011,6.135
1028,A,SPC_7_b_1,MH,_T,_T,_T,_T,_T,_T,TRE_ALL,_T,2012,8.084
1029,A,SPC_7_b_1,MH,_T,_T,_T,_T,_T,_T,TRE_ALL,_T,2013,11.723
1030,A,SPC_7_b_1,MH,_T,_T,_T,_T,_T,_T,TRE_ALL,_T,2014,20.528
1031,A,SPC_7_b_1,MH,_T,_T,_T,_T,_T,_T,TRE_ALL,_T,2015,20.947
1032,A,SPC_7_b_1,MH,_T,_T,_T,_T,_T,_T,TRE_ALL,_T,2016,33.831
1033,A,SPC_7_b_1,MH,_T,_T,_T,_T,_T,_T,TRE_ALL,_T,2017,35.921
1034,A,SPC_7_b_1,MH,_T,_T,_T,_T,_T,_T,TRE_ALL,_T,2018,37.226
1035,A,SPC_7_b_1,MH,_T,_T,_T,_T,_T,_T,TRE_ALL,_T,2019,38.276
1036,A,SPC_7_b_1,MH,_T,_T,_T,_T,_T,_T,TRE_ALL,_T,2020,39.435
1037,A,SPC_7_b_1,MH,_T,_T,_T,_T,_T,_T,TRE_ALL,_T,2021,40.713
1038,A,SPC_7_b_1,MH,_T,_T,_T,_T,_T,_T,TRE_ALL,_T,2022,42.82
1039,A,SPC_7_b_1,MH,_T,_T,_T,_T,_T,_T,TRE_BIO,_T,2000,0.0
1040,A,SPC_7_b_1,MH,_T,_T,_T,_T,_T,_T,TRE_BIO,_T,2001,0.0
1041,A,SPC_7_b_1,MH,_T,_T,_T,_T,_T,_T,TRE_BIO,_T,2002,0.0
1042,A,SPC_7_b_1,MH,_T,_T,_T,_T,_T,_T,TRE_BIO,_T,2003,0.0
1043,A,SPC_7_b_1,MH,_T,_T,_T,_T,_T,_T,TRE_BIO,_T,2004,0.0
1044,A,SPC_7_b_1,MH,_T,_T,_T,_T,_T,_T,TRE_BIO,_T,2005,0.0
1045,A,SPC_7_b_1,MH,_T,_T,_T,_T,_T,_T,TRE_BIO,_T,2006,0.0
1046,A,SPC_7_b_1,MH,_T,_T,_T,_T,_T,_T,TRE_BIO,_T,2007,0.0
1047,A,SPC_7_b_1,MH,_T,_T,_T,_T,_T,_T,TRE_BIO,_T,2008,0.0
1048,A,SPC_7_b_1,MH,_T,_T,_T,_T,_T,_T,TRE_BIO,_T,2009,0.0
1049,A,SPC_7_b_1,MH,_T,_T,_T,_T,_T,_T,TRE_BIO,_T,2010,0.0
1050,A,SPC_7_b_1,MH,_T,_T,_T,_T,_T,_T,TRE_BIO,_T,2011,0.0
1051,A,SPC_7_b_1,MH,_T,_T,_T,_T,_T,_T,TRE_BIO,_T,2012,0.0
1052,A,SPC_7_b_1,MH,_T,_T,_T,_T,_T,_T,TRE_BIO,_T,2013,0.0
1053,A,SPC_7_b_1,MH,_T,_T,_T,_T,_T,_T,TRE_BIO,_T,2014,0.0
1054,A,SPC_7_b_1,MH,_T,_T,_T,_T,_T,_T,TRE_BIO,_T,2015,0.0
1055,A,SPC_7_b_1,MH,_T,_T,_T,_T,_T,_T,TRE_BIO,_T,2016,0.0
1056,A,SPC_7_b_1,MH,_T,_T,_T,_T,_T,_T,TRE_BIO,_T,2017,0.0
1057,A,SPC_7_b_1,MH,_T,_T,_T,_T,_T,_T,TRE_BIO,_T,2018,0.0
1058,A,SPC_7_b_1,MH,_T,_T,_T,_T,_T,_T,TRE_BIO,_T,2019,0.0
1059,A,SPC_7_b_1,MH,_T,_T,_T,_T,_T,_T,TRE_BIO,_T,2020,0.0
1060,A,SPC_7_b_1,MH,_T,_T,_T,_T,_T,_T,TRE_BIO,_T,2021,0.0
1061,A,SPC_7_b_1,MH,_T,_T,_T,_T,_T,_T,TRE_BIO,_T,2022,0.0
1062,A,SPC_7_b_1,MH,_T,_T,_T,_T,_T,_T,TRE_GEO,_T,2000,0.0
1063,A,SPC_7_b_1,MH,_T,_T,_T,_T,_T,_T,TRE_GEO,_T,2001,0.0
1064,A,SPC_7_b_1,MH,_T,_T,_T,_T,_T,_T,TRE_GEO,_T,2002,0.0
1065,A,SPC_7_b_1,MH,_T,_T,_T,_T,_T,_T,TRE_GEO,_T,2003,0.0
1066,A,SPC_7_b_1,MH,_T,_T,_T,_T,_T,_T,TRE_GEO,_T,2004,0.0
1067,A,SPC_7_b_1,MH,_T,_T,_T,_T,_T,_T,TRE_GEO,_T,2005,0.0
1068,A,SPC_7_b_1,MH,_T,_T,_T,_T,_T,_T,TRE_GEO,_T,2006,0.0
1069,A,SPC_7_b_1,MH,_T,_T,_T,_T,_T,_T,TRE_GEO,_T,2007,0.0
1070,A,SPC_7_b_1,MH,_T,_T,_T,_T,_T,_T,TRE_GEO,_T,2008,0.0
1071,A,SPC_7_b_1,MH,_T,_T,_T,_T,_T,_T,TRE_GEO,_T,2009,0.0
1072,A,SPC_7_b_1,MH,_T,_T,_T,_T,_T,_T,TRE_GEO,_T,2010,0.0
1073,A,SPC_7_b_1,MH,_T,_T,_T,_T,_T,_T,TRE_GEO,_T,2011,0.0
1074,A,SPC_7_b_1,MH,_T,_T,_T,_T,_T,_T,TRE_GEO,_T,2012,0.0
1075,A,SPC_7_b_1,MH,_T,_T,_T,_T,_T,_T,TRE_GEO,_T,2013,0.0
1076,A,SPC_7_b_1,MH,_T,_T,_T,_T,_T,_T,TRE_GEO,_T,2014,0.0
1077,A,SPC_7_b_1,MH,_T,_T,_T,_T,_T,_T,TRE_GEO,_T,2015,0.0
1078,A,SPC_7_b_1,MH,_T,_T,_T,_T,_T,_T,TRE_GEO,_T,2016,0.0
1079,A,SPC_7_b_1,MH,_T,_T,_T,_T,_T,_T,TRE_GEO,_T,2017,0.0
1080,A,SPC_7_b_1,MH,_T,_T,_T,_T,_T,_T,TRE_GEO,_T,2018,0.0
1081,A,SPC_7_b_1,MH,_T,_T,_T,_T,_T,_T,TRE_GEO,_T,2019,0.0
1082,A,SPC_7_b_1,MH,_T,_T,_T,_T,_T,_T,TRE_GEO,_T,2020,0.0
1083,A,SPC_7_b_1,MH,_T,_T,_T,_T,_T,_T,TRE_GEO,_T,2021,0.0
1084,A,SPC_7_b_1,MH,_T,_T,_T,_T,_T,_T,TRE_GEO,_T,2022,0.0
1085,A,SPC_7_b_1,MH,_T,_T,_T,_T,_T,_T,TRE_HYDRO,_T,2000,0.0
1086,A,SPC_7_b_1,MH,_T,_T,_T,_T,_T,_T,TRE_HYDRO,_T,2001,0.0
1087,A,SPC_7_b_1,MH,_T,_T,_T,_T,_T,_T,TRE_HYDRO,_T,2002,0.0
1088,A,SPC_7_b_1,MH,_T,_T,_T,_T,_T,_T,TRE_HYDRO,_T,2003,0.0
1089,A,SPC_7_b_1,MH,_T,_T,_T,_T,_T,_T,TRE_HYDRO,_T,2004,0.0
1090,A,SPC_7_b_1,MH,_T,_T,_T,_T,_T,_T,TRE_HYDRO,_T,2005,0.0
1091,A,SPC_7_b_1,MH,_T,_T,_T,_T,_T,_T,TRE_HYDRO,_T,2006,0.0
1092,A,SPC_7_b_1,MH,_T,_T,_T,_T,_T,_T,TRE_HYDRO,_T,2007,0.0
1093,A,SPC_7_b_1,MH,_T,_T,_T,_T,_T,_T,TRE_HYDRO,_T,2008,0.0
1094,A,SPC_7_b_1,MH,_T,_T,_T,_T,_T,_T,TRE_HYDRO,_T,2009,0.0
1095,A,SPC_7_b_1,MH,_T,_T,_T,_T,_T,_T,TRE_HYDRO,_T,2010,0.0
1096,A,SPC_7_b_1,MH,_T,_T,_T,_T,_T,_T,TRE_HYDRO,_T,2011,0.0
1097,A,SPC_7_b_1,MH,_T,_T,_T,_T,_T,_T,TRE_HYDRO,_T,2012,0.0
1098,A,SPC_7_b_1,MH,_T,_T,_T,_T,_T,_T,TRE_HYDRO,_T,2013,0.0
1099,A,SPC_7_b_1,MH,_T,_T,_T,_T,_T,_T,TRE_HYDRO,_T,2014,0.0
1100,A,SPC_7_b_1,MH,_T,_T,_T,_T,_T,_T,TRE_HYDRO,_T,2015,0.0
1101,A,SPC_7_b_1,MH,_T,_T,_T,_T,_T,_T,TRE_HYDRO,_T,2016,0.0
1102,A,SPC_7_b_1,MH,_T,_T,_T,_T,_T,_T,TRE_HYDRO,_T,2017,0.0
1103,A,SPC_7_b_1,MH,_T,_T,_T,_T,_T,_T,TRE_HYDRO,_T,2018,0.0
1104,A,SPC_7_b_1,MH,_T,_T,_T,_T,_T,_T,TRE_HYDRO,_T,2019,0.0
1105,A,SPC_7_b_1,MH,_T,_T,_T,_T,_T,_T,TRE_HYDRO,_T,2020,0.0
1106,A,SPC_7_b_1,MH,_T,_T,_T,_T,_T,_T,TRE_HYDRO,_T,2021,0.0
1107,A,SPC_7_b_1,MH,_T,_T,_T,_T,_T,_T,TRE_HYDRO,_T,2022,0.0
1108,A,SPC_7_b_1,MH,_T,_T,_T,_T,_T,_T,TRE_SOLAR,_T,2000,0.738
1109,A,SPC_7_b_1,MH,_T,_T,_T,_T,_T,_T,TRE_SOLAR,_T,2001,0.735
1110,A,SPC_7_b_1,MH,_T,_T,_T,_T,_T,_T,TRE_SOLAR,_T,2002,0.734
1111,A,SPC_7_b_1,MH,_T,_T,_T,_T,_T,_T,TRE_SOLAR,_T,2003,0.734
1112,A,SPC_7_b_1,MH,_T,_T,_T,_T,_T,_T,TRE_SOLAR,_T,2004,1.286
1113,A,SPC_7_b_1,MH,_T,_T,_T,_T,_T,_T,TRE_SOLAR,_T,2005,1.288
1114,A,SPC_7_b_1,MH,_T,_T,_T,_T,_T,_T,TRE_SOLAR,_T,2006,1.291
1115,A,SPC_7_b_1,MH,_T,_T,_T,_T,_T,_T,TRE_SOLAR,_T,2007,1.295
1116,A,SPC_7_b_1,MH,_T,_T,_T,_T,_T,_T,TRE_SOLAR,_T,2008,2.787
1117,A,SPC_7_b_1,MH,_T,_T,_T,_T,_T,_T,TRE_SOLAR,_T,2009,4.945
1118,A,SPC_7_b_1,MH,_T,_T,_T,_T,_T,_T,TRE_SOLAR,_T,2010,5.897
1119,A,SPC_7_b_1,MH,_T,_T,_T,_T,_T,_T,TRE_SOLAR,_T,2011,5.947
1120,A,SPC_7_b_1,MH,_T,_T,_T,_T,_T,_T,TRE_SOLAR,_T,2012,7.892
1121,A,SPC_7_b_1,MH,_T,_T,_T,_T,_T,_T,TRE_SOLAR,_T,2013,11.528
1122,A,SPC_7_b_1,MH,_T,_T,_T,_T,_T,_T,TRE_SOLAR,_T,2014,20.33
1123,A,SPC_7_b_1,MH,_T,_T,_T,_T,_T,_T,TRE_SOLAR,_T,2015,20.745
1124,A,SPC_7_b_1,MH,_T,_T,_T,_T,_T,_T,TRE_SOLAR,_T,2016,33.624
1125,A,SPC_7_b_1,MH,_T,_T,_T,_T,_T,_T,TRE_SOLAR,_T,2017,35.709
1126,A,SPC_7_b_1,MH,_T,_T,_T,_T,_T,_T,TRE_SOLAR,_T,2018,36.987
1127,A,SPC_7_b_1,MH,_T,_T,_T,_T,_T,_T,TRE_SOLAR,_T,2019,38.03
1128,A,SPC_7_b_1,MH,_T,_T,_T,_T,_T,_T,TRE_SOLAR,_T,2020,39.182
1129,A,SPC_7_b_1,MH,_T,_T,_T,_T,_T,_T,TRE_SOLAR,_T,2021,40.452
1130,A,SPC_7_b_1,MH,_T,_T,_T,_T,_T,_T,TRE_SOLAR,_T,2022,42.556
1131,A,SPC_7_b_1,MH,_T,_T,_T,_T,_T,_T,TRE_WIND,_T,2000,0.0
1132,A,SPC_7_b_1,MH,_T,_T,_T,_T,_T,_T,TRE_WIND,_T,2001,0.0
1133,A,SPC_7_b_1,MH,_T,_T,_T,_T,_T,_T,TRE_WIND,_T,2002,0.0
1134,A,SPC_7_b_1,MH,_T,_T,_T,_T,_T,_T,TRE_WIND,_T,2003,0.0
1135,A,SPC_7_b_1,MH,_T,_T,_T,_T,_T,_T,TRE_WIND,_T,2004,0.0
1136,A,SPC_7_b_1,MH,_T,_T,_T,_T,_T,_T,TRE_WIND,_T,2005,0.0
1137,A,SPC_7_b_1,MH,_T,_T,_T,_T,_T,_T,TRE_WIND,_T,2006,0.0
1138,A,SPC_7_b_1,MH,_T,_T,_T,_T,_T,_T,TRE_WIND,_T,2007,0.0
1139,A,SPC_7_b_1,MH,_T,_T,_T,_T,_T,_T,TRE_WIND,_T,2008,0.0
1140,A,SPC_7_b_1,MH,_T,_T,_T,_T,_T,_T,TRE_WIND,_T,2009,0.0
1141,A,SPC_7_b_1,MH,_T,_T,_T,_T,_T,_T,TRE_WIND,_T,2010,0.0
1142,A,SPC_7_b_1,MH,_T,_T,_T,_T,_T,_T,TRE_WIND,_T,2011,0.189
1143,A,SPC_7_b_1,MH,_T,_T,_T,_T,_T,_T,TRE_WIND,_T,2012,0.192
1144,A,SPC_7_b_1,MH,_T,_T,_T,_T,_T,_T,TRE_WIND,_T,2013,0.195
1145,A,SPC_7_b_1,MH,_T,_T,_T,_T,_T,_T,TRE_WIND,_T,2014,0.198
1146,A,SPC_7_b_1,MH,_T,_T,_T,_T,_T,_T,TRE_WIND,_T,2015,0.202
1147,A,SPC_7_b_1,MH,_T,_T,_T,_T,_T,_T,TRE_WIND,_T,2016,0.207
1148,A,SPC_7_b_1,MH,_T,_T,_T,_T,_T,_T,TRE_WIND,_T,2017,0.212
1149,A,SPC_7_b_1,MH,_T,_T,_T,_T,_T,_T,TRE_WIND,_T,2018,0.239
1150,A,SPC_7_b_1,MH,_T,_T,_T,_T,_T,_T,TRE_WIND,_T,2019,0.246
1151,A,SPC_7_b_1,MH,_T,_T,_T,_T,_T,_T,TRE_WIND,_T,2020,0.253
1152,A,SPC_7_b_1,MH,_T,_T,_T,_T,_T,_T,TRE_WIND,_T,2021,0.262
1153,A,SPC_7_b_1,MH,_T,_T,_T,_T,_T,_T,TRE_WIND,_T,2022,0.265
1154,A,SPC_7_b_1,NC,_T,_T,_T,_T,_T,_T,TRE_ALL,_T,2000,360.888
1155,A,SPC_7_b_1,NC,_T,_T,_T,_T,_T,_T,TRE_ALL,_T,2001,365.995
1156,A,SPC_7_b_1,NC,_T,_T,_T,_T,_T,_T,TRE_ALL,_T,2002,368.665
1157,A,SPC_7_b_1,NC,_T,_T,_T,_T,_T,_T,TRE_ALL,_T,2003,381.661
1158,A,SPC_7_b_1,NC,_T,_T,_T,_T,_T,_T,TRE_ALL,_T,2004,424.976
1159,A,SPC_7_b_1,NC,_T,_T,_T,_T,_T,_T,TRE_ALL,_T,2005,419.119
1160,A,SPC_7_b_1,NC,_T,_T,_T,_T,_T,_T,TRE_ALL,_T,2006,435.589
1161,A,SPC_7_b_1,NC,_T,_T,_T,_T,_T,_T,TRE_ALL,_T,2007,446.394
1162,A,SPC_7_b_1,NC,_T,_T,_T,_T,_T,_T,TRE_ALL,_T,2008,439.85
1163,A,SPC_7_b_1,NC,_T,_T,_T,_T,_T,_T,TRE_ALL,_T,2009,452.867
1164,A,SPC_7_b_1,NC,_T,_T,_T,_T,_T,_T,TRE_ALL,_T,2010,453.191
1165,A,SPC_7_b_1,NC,_T,_T,_T,_T,_T,_T,TRE_ALL,_T,2011,447.922
1166,A,SPC_7_b_1,NC,_T,_T,_T,_T,_T,_T,TRE_ALL,_T,2012,439.667
1167,A,SPC_7_b_1,NC,_T,_T,_T,_T,_T,_T,TRE_ALL,_T,2013,431.569
1168,A,SPC_7_b_1,NC,_T,_T,_T,_T,_T,_T,TRE_ALL,_T,2014,425.683
1169,A,SPC_7_b_1,NC,_T,_T,_T,_T,_T,_T,TRE_ALL,_T,2015,434.184
1170,A,SPC_7_b_1,NC,_T,_T,_T,_T,_T,_T,TRE_ALL,_T,2016,444.704
1171,A,SPC_7_b_1,NC,_T,_T,_T,_T,_T,_T,TRE_ALL,_T,2017,504.324
1172,A,SPC_7_b_1,NC,_T,_T,_T,_T,_T,_T,TRE_ALL,_T,2018,545.97
1173,A,SPC_7_b_1,NC,_T,_T,_T,_T,_T,_T,TRE_ALL,_T,2019,669.245
1174,A,SPC_7_b_1,NC,_T,_T,_T,_T,_T,_T,TRE_ALL,_T,2020,749.657
1175,A,SPC_7_b_1,NC,_T,_T,_T,_T,_T,_T,TRE_ALL,_T,2021,851.664
1176,A,SPC_7_b_1,NC,_T,_T,_T,_T,_T,_T,TRE_ALL,_T,2022,878.986
1177,A,SPC_7_b_1,NC,_T,_T,_T,_T,_T,_T,TRE_BIO,_T,2000,0.0
1178,A,SPC_7_b_1,NC,_T,_T,_T,_T,_T,_T,TRE_BIO,_T,2001,0.0
1179,A,SPC_7_b_1,NC,_T,_T,_T,_T,_T,_T,TRE_BIO,_T,2002,0.0
1180,A,SPC_7_b_1,NC,_T,_T,_T,_T,_T,_T,TRE_BIO,_T,2003,0.0
1181,A,SPC_7_b_1,NC,_T,_T,_T,_T,_T,_T,TRE_BIO,_T,2004,1.257
1182,A,SPC_7_b_1,NC,_T,_T,_T,_T,_T,_T,TRE_BIO,_T,2005,1.239
1183,A,SPC_7_b_1,NC,_T,_T,_T,_T,_T,_T,TRE_BIO,_T,2006,1.221
1184,A,SPC_7_b_1,NC,_T,_T,_T,_T,_T,_T,TRE_BIO,_T,2007,1.203
1185,A,SPC_7_b_1,NC,_T,_T,_T,_T,_T,_T,TRE_BIO,_T,2008,1.185
1186,A,SPC_7_b_1,NC,_T,_T,_T,_T,_T,_T,TRE_BIO,_T,2009,1.459
1187,A,SPC_7_b_1,NC,_T,_T,_T,_T,_T,_T,TRE_BIO,_T,2010,1.434
1188,A,SPC_7_b_1,NC,_T,_T,_T,_T,_T,_T,TRE_BIO,_T,2011,1.408
1189,A,SPC_7_b_1,NC,_T,_T,_T,_T,_T,_T,TRE_BIO,_T,2012,1.382
1190,A,SPC_7_b_1,NC,_T,_T,_T,_T,_T,_T,TRE_BIO,_T,2013,1.357
1191,A,SPC_7_b_1,NC,_T,_T,_T,_T,_T,_T,TRE_BIO,_T,2014,1.335
1192,A,SPC_7_b_1,NC,_T,_T,_T,_T,_T,_T,TRE_BIO,_T,2015,1.325
1193,A,SPC_7_b_1,NC,_T,_T,_T,_T,_T,_T,TRE_BIO,_T,2016,1.322
1194,A,SPC_7_b_1,NC,_T,_T,_T,_T,_T,_T,TRE_BIO,_T,2017,1.319
1195,A,SPC_7_b_1,NC,_T,_T,_T,_T,_T,_T,TRE_BIO,_T,2018,1.316
1196,A,SPC_7_b_1,NC,_T,_T,_T,_T,_T,_T,TRE_BIO,_T,2019,1.314
1197,A,SPC_7_b_1,NC,_T,_T,_T,_T,_T,_T,TRE_BIO,_T,2020,1.309
1198,A,SPC_7_b_1,NC,_T,_T,_T,_T,_T,_T,TRE_BIO,_T,2021,1.303
1199,A,SPC_7_b_1,NC,_T,_T,_T,_T,_T,_T,TRE_BIO,_T,2022,1.293
1200,A,SPC_7_b_1,NC,_T,_T,_T,_T,_T,_T,TRE_GEO,_T,2000,0.0
1201,A,SPC_7_b_1,NC,_T,_T,_T,_T,_T,_T,TRE_GEO,_T,2001,0.0
1202,A,SPC_7_b_1,NC,_T,_T,_T,_T,_T,_T,TRE_GEO,_T,2002,0.0
1203,A,SPC_7_b_1,NC,_T,_T,_T,_T,_T,_T,TRE_GEO,_T,2003,0.0
1204,A,SPC_7_b_1,NC,_T,_T,_T,_T,_T,_T,TRE_GEO,_T,2004,0.0
1205,A,SPC_7_b_1,NC,_T,_T,_T,_T,_T,_T,TRE_GEO,_T,2005,0.0
1206,A,SPC_7_b_1,NC,_T,_T,_T,_T,_T,_T,TRE_GEO,_T,2006,0.0
1207,A,SPC_7_b_1,NC,_T,_T,_T,_T,_T,_T,TRE_GEO,_T,2007,0.0
1208,A,SPC_7_b_1,NC,_T,_T,_T,_T,_T,_T,TRE_GEO,_T,2008,0.0
1209,A,SPC_7_b_1,NC,_T,_T,_T,_T,_T,_T,TRE_GEO,_T,2009,0.0
1210,A,SPC_7_b_1,NC,_T,_T,_T,_T,_T,_T,TRE_GEO,_T,2010,0.0
1211,A,SPC_7_b_1,NC,_T,_T,_T,_T,_T,_T,TRE_GEO,_T,2011,0.0
1212,A,SPC_7_b_1,NC,_T,_T,_T,_T,_T,_T,TRE_GEO,_T,2012,0.0
1213,A,SPC_7_b_1,NC,_T,_T,_T,_T,_T,_T,TRE_GEO,_T,2013,0.0
1214,A,SPC_7_b_1,NC,_T,_T,_T,_T,_T,_T,TRE_GEO,_T,2014,0.0
1215,A,SPC_7_b_1,NC,_T,_T,_T,_T,_T,_T,TRE_GEO,_T,2015,0.0
1216,A,SPC_7_b_1,NC,_T,_T,_T,_T,_T,_T,TRE_GEO,_T,2016,0.0
1217,A,SPC_7_b_1,NC,_T,_T,_T,_T,_T,_T,TRE_GEO,_T,2017,0.0
1218,A,SPC_7_b_1,NC,_T,_T,_T,_T,_T,_T,TRE_GEO,_T,2018,0.0
1219,A,SPC_7_b_1,NC,_T,_T,_T,_T,_T,_T,TRE_GEO,_T,2019,0.0
1220,A,SPC_7_b_1,NC,_T,_T,_T,_T,_T,_T,TRE_GEO,_T,2020,0.0
1221,A,SPC_7_b_1,NC,_T,_T,_T,_T,_T,_T,TRE_GEO,_T,2021,0.0
1222,A,SPC_7_b_1,NC,_T,_T,_T,_T,_T,_T,TRE_GEO,_T,2022,0.0
1223,A,SPC_7_b_1,NC,_T,_T,_T,_T,_T,_T,TRE_HYDRO,_T,2000,342.764
1224,A,SPC_7_b_1,NC,_T,_T,_T,_T,_T,_T,TRE_HYDRO,_T,2001,345.75
1225,A,SPC_7_b_1,NC,_T,_T,_T,_T,_T,_T,TRE_HYDRO,_T,2002,339.129
1226,A,SPC_7_b_1,NC,_T,_T,_T,_T,_T,_T,TRE_HYDRO,_T,2003,332.936
1227,A,SPC_7_b_1,NC,_T,_T,_T,_T,_T,_T,TRE_HYDRO,_T,2004,327.406
1228,A,SPC_7_b_1,NC,_T,_T,_T,_T,_T,_T,TRE_HYDRO,_T,2005,322.684
1229,A,SPC_7_b_1,NC,_T,_T,_T,_T,_T,_T,TRE_HYDRO,_T,2006,318.094
1230,A,SPC_7_b_1,NC,_T,_T,_T,_T,_T,_T,TRE_HYDRO,_T,2007,313.333
1231,A,SPC_7_b_1,NC,_T,_T,_T,_T,_T,_T,TRE_HYDRO,_T,2008,308.74
1232,A,SPC_7_b_1,NC,_T,_T,_T,_T,_T,_T,TRE_HYDRO,_T,2009,304.056
1233,A,SPC_7_b_1,NC,_T,_T,_T,_T,_T,_T,TRE_HYDRO,_T,2010,298.88
1234,A,SPC_7_b_1,NC,_T,_T,_T,_T,_T,_T,TRE_HYDRO,_T,2011,293.406
1235,A,SPC_7_b_1,NC,_T,_T,_T,_T,_T,_T,TRE_HYDRO,_T,2012,287.999
1236,A,SPC_7_b_1,NC,_T,_T,_T,_T,_T,_T,TRE_HYDRO,_T,2013,282.694
1237,A,SPC_7_b_1,NC,_T,_T,_T,_T,_T,_T,TRE_HYDRO,_T,2014,278.261
1238,A,SPC_7_b_1,NC,_T,_T,_T,_T,_T,_T,TRE_HYDRO,_T,2015,276.064
1239,A,SPC_7_b_1,NC,_T,_T,_T,_T,_T,_T,TRE_HYDRO,_T,2016,275.368
1240,A,SPC_7_b_1,NC,_T,_T,_T,_T,_T,_T,TRE_HYDRO,_T,2017,274.786
1241,A,SPC_7_b_1,NC,_T,_T,_T,_T,_T,_T,TRE_HYDRO,_T,2018,274.273
1242,A,SPC_7_b_1,NC,_T,_T,_T,_T,_T,_T,TRE_HYDRO,_T,2019,273.799
1243,A,SPC_7_b_1,NC,_T,_T,_T,_T,_T,_T,TRE_HYDRO,_T,2020,283.29
1244,A,SPC_7_b_1,NC,_T,_T,_T,_T,_T,_T,TRE_HYDRO,_T,2021,281.915
1245,A,SPC_7_b_1,NC,_T,_T,_T,_T,_T,_T,TRE_HYDRO,_T,2022,279.824
1246,A,SPC_7_b_1,NC,_T,_T,_T,_T,_T,_T,TRE_SOLAR,_T,2000,0.858
1247,A,SPC_7_b_1,NC,_T,_T,_T,_T,_T,_T,TRE_SOLAR,_T,2001,0.929
1248,A,SPC_7_b_1,NC,_T,_T,_T,_T,_T,_T,TRE_SOLAR,_T,2002,1.042
1249,A,SPC_7_b_1,NC,_T,_T,_T,_T,_T,_T,TRE_SOLAR,_T,2003,1.065
1250,A,SPC_7_b_1,NC,_T,_T,_T,_T,_T,_T,TRE_SOLAR,_T,2004,1.048
1251,A,SPC_7_b_1,NC,_T,_T,_T,_T,_T,_T,TRE_SOLAR,_T,2005,1.305
1252,A,SPC_7_b_1,NC,_T,_T,_T,_T,_T,_T,TRE_SOLAR,_T,2006,1.327
1253,A,SPC_7_b_1,NC,_T,_T,_T,_T,_T,_T,TRE_SOLAR,_T,2007,2.089
1254,A,SPC_7_b_1,NC,_T,_T,_T,_T,_T,_T,TRE_SOLAR,_T,2008,2.059
1255,A,SPC_7_b_1,NC,_T,_T,_T,_T,_T,_T,TRE_SOLAR,_T,2009,2.164
1256,A,SPC_7_b_1,NC,_T,_T,_T,_T,_T,_T,TRE_SOLAR,_T,2010,10.16
1257,A,SPC_7_b_1,NC,_T,_T,_T,_T,_T,_T,TRE_SOLAR,_T,2011,11.971
1258,A,SPC_7_b_1,NC,_T,_T,_T,_T,_T,_T,TRE_SOLAR,_T,2012,11.751
1259,A,SPC_7_b_1,NC,_T,_T,_T,_T,_T,_T,TRE_SOLAR,_T,2013,11.534
1260,A,SPC_7_b_1,NC,_T,_T,_T,_T,_T,_T,TRE_SOLAR,_T,2014,12.237
1261,A,SPC_7_b_1,NC,_T,_T,_T,_T,_T,_T,TRE_SOLAR,_T,2015,24.001
1262,A,SPC_7_b_1,NC,_T,_T,_T,_T,_T,_T,TRE_SOLAR,_T,2016,35.556
1263,A,SPC_7_b_1,NC,_T,_T,_T,_T,_T,_T,TRE_SOLAR,_T,2017,96.04
1264,A,SPC_7_b_1,NC,_T,_T,_T,_T,_T,_T,TRE_SOLAR,_T,2018,138.448
1265,A,SPC_7_b_1,NC,_T,_T,_T,_T,_T,_T,TRE_SOLAR,_T,2019,262.428
1266,A,SPC_7_b_1,NC,_T,_T,_T,_T,_T,_T,TRE_SOLAR,_T,2020,333.827
1267,A,SPC_7_b_1,NC,_T,_T,_T,_T,_T,_T,TRE_SOLAR,_T,2021,437.853
1268,A,SPC_7_b_1,NC,_T,_T,_T,_T,_T,_T,TRE_SOLAR,_T,2022,468.243
1269,A,SPC_7_b_1,NC,_T,_T,_T,_T,_T,_T,TRE_WIND,_T,2000,17.266
1270,A,SPC_7_b_1,NC,_T,_T,_T,_T,_T,_T,TRE_WIND,_T,2001,19.315
1271,A,SPC_7_b_1,NC,_T,_T,_T,_T,_T,_T,TRE_WIND,_T,2002,28.494
1272,A,SPC_7_b_1,NC,_T,_T,_T,_T,_T,_T,TRE_WIND,_T,2003,47.66
1273,A,SPC_7_b_1,NC,_T,_T,_T,_T,_T,_T,TRE_WIND,_T,2004,95.265
1274,A,SPC_7_b_1,NC,_T,_T,_T,_T,_T,_T,TRE_WIND,_T,2005,93.892
1275,A,SPC_7_b_1,NC,_T,_T,_T,_T,_T,_T,TRE_WIND,_T,2006,114.947
1276,A,SPC_7_b_1,NC,_T,_T,_T,_T,_T,_T,TRE_WIND,_T,2007,129.769
1277,A,SPC_7_b_1,NC,_T,_T,_T,_T,_T,_T,TRE_WIND,_T,2008,127.866
1278,A,SPC_7_b_1,NC,_T,_T,_T,_T,_T,_T,TRE_WIND,_T,2009,145.189
1279,A,SPC_7_b_1,NC,_T,_T,_T,_T,_T,_T,TRE_WIND,_T,2010,142.717
1280,A,SPC_7_b_1,NC,_T,_T,_T,_T,_T,_T,TRE_WIND,_T,2011,141.136
1281,A,SPC_7_b_1,NC,_T,_T,_T,_T,_T,_T,TRE_WIND,_T,2012,138.535
1282,A,SPC_7_b_1,NC,_T,_T,_T,_T,_T,_T,TRE_WIND,_T,2013,135.983
1283,A,SPC_7_b_1,NC,_T,_T,_T,_T,_T,_T,TRE_WIND,_T,2014,133.851
1284,A,SPC_7_b_1,NC,_T,_T,_T,_T,_T,_T,TRE_WIND,_T,2015,132.794
1285,A,SPC_7_b_1,NC,_T,_T,_T,_T,_T,_T,TRE_WIND,_T,2016,132.459
1286,A,SPC_7_b_1,NC,_T,_T,_T,_T,_T,_T,TRE_WIND,_T,2017,132.179
1287,A,SPC_7_b_1,NC,_T,_T,_T,_T,_T,_T,TRE_WIND,_T,2018,131.933
1288,A,SPC_7_b_1,NC,_T,_T,_T,_T,_T,_T,TRE_WIND,_T,2019,131.704
1289,A,SPC_7_b_1,NC,_T,_T,_T,_T,_T,_T,TRE_WIND,_T,2020,131.231
1290,A,SPC_7_b_1,NC,_T,_T,_T,_T,_T,_T,TRE_WIND,_T,2021,130.594
1291,A,SPC_7_b_1,NC,_T,_T,_T,_T,_T,_T,TRE_WIND,_T,2022,129.626
1292,A,SPC_7_b_1,NR,_T,_T,_T,_T,_T,_T,TRE_ALL,_T,2000,0.0
1293,A,SPC_7_b_1,NR,_T,_T,_T,_T,_T,_T,TRE_ALL,_T,2001,0.0
1294,A,SPC_7_b_1,NR,_T,_T,_T,_T,_T,_T,TRE_ALL,_T,2002,0.0
1295,A,SPC_7_b_1,NR,_T,_T,_T,_T,_T,_T,TRE_ALL,_T,2003,0.0
1296,A,SPC_7_b_1,NR,_T,_T,_T,_T,_T,_T,TRE_ALL,_T,2004,0.0
1297,A,SPC_7_b_1,NR,_T,_T,_T,_T,_T,_T,TRE_ALL,_T,2005,0.0
1298,A,SPC_7_b_1,NR,_T,_T,_T,_T,_T,_T,TRE_ALL,_T,2006,3.886
1299,A,SPC_7_b_1,NR,_T,_T,_T,_T,_T,_T,TRE_ALL,_T,2007,3.896
1300,A,SPC_7_b_1,NR,_T,_T,_T,_T,_T,_T,TRE_ALL,_T,2008,3.905
1301,A,SPC_7_b_1,NR,_T,_T,_T,_T,_T,_T,TRE_ALL,_T,2009,3.909
1302,A,SPC_7_b_1,NR,_T,_T,_T,_T,_T,_T,TRE_ALL,_T,2010,3.906
1303,A,SPC_7_b_1,NR,_T,_T,_T,_T,_T,_T,TRE_ALL,_T,2011,3.89
1304,A,SPC_7_b_1,NR,_T,_T,_T,_T,_T,_T,TRE_ALL,_T,2012,6.702
1305,A,SPC_7_b_1,NR,_T,_T,_T,_T,_T,_T,TRE_ALL,_T,2013,19.637
1306,A,SPC_7_b_1,NR,_T,_T,_T,_T,_T,_T,TRE_ALL,_T,2014,19.196
1307,A,SPC_7_b_1,NR,_T,_T,_T,_T,_T,_T,TRE_ALL,_T,2015,18.775
1308,A,SPC_7_b_1,NR,_T,_T,_T,_T,_T,_T,TRE_ALL,_T,2016,62.079
1309,A,SPC_7_b_1,NR,_T,_T,_T,_T,_T,_T,TRE_ALL,_T,2017,60.863
1310,A,SPC_7_b_1,NR,_T,_T,_T,_T,_T,_T,TRE_ALL,_T,2018,69.02
1311,A,SPC_7_b_1,NR,_T,_T,_T,_T,_T,_T,TRE_ALL,_T,2019,204.088
1312,A,SPC_7_b_1,NR,_T,_T,_T,_T,_T,_T,TRE_ALL,_T,2020,201.462
1313,A,SPC_7_b_1,NR,_T,_T,_T,_T,_T,_T,TRE_ALL,_T,2021,232.036
1314,A,SPC_7_b_1,NR,_T,_T,_T,_T,_T,_T,TRE_ALL,_T,2022,249.684
1315,A,SPC_7_b_1,NR,_T,_T,_T,_T,_T,_T,TRE_BIO,_T,2000,0.0
1316,A,SPC_7_b_1,NR,_T,_T,_T,_T,_T,_T,TRE_BIO,_T,2001,0.0
1317,A,SPC_7_b_1,NR,_T,_T,_T,_T,_T,_T,TRE_BIO,_T,2002,0.0
1318,A,SPC_7_b_1,NR,_T,_T,_T,_T,_T,_T,TRE_BIO,_T,2003,0.0
1319,A,SPC_7_b_1,NR,_T,_T,_T,_T,_T,_T,TRE_BIO,_T,2004,0.0
1320,A,SPC_7_b_1,NR,_T,_T,_T,_T,_T,_T,TRE_BIO,_T,2005,0.0
1321,A,SPC_7_b_1,NR,_T,_T,_T,_T,_T,_T,TRE_BIO,_T,2006,0.0
1322,A,SPC_7_b_1,NR,_T,_T,_T,_T,_T,_T,TRE_BIO,_T,2007,0.0
1323,A,SPC_7_b_1,NR,_T,_T,_T,_T,_T,_T,TRE_BIO,_T,2008,0.0
1324,A,SPC_7_b_1,NR,_T,_T,_T,_T,_T,_T,TRE_BIO,_T,2009,0.0
1325,A,SPC_7_b_1,NR,_T,_T,_T,_T,_T,_T,TRE_BIO,_T,2010,0.0
1326,A,SPC_7_b_1,NR,_T,_T,_T,_T,_T,_T,TRE_BIO,_T,2011,0.0
1327,A,SPC_7_b_1,NR,_T,_T,_T,_T,_T,_T,TRE_BIO,_T,2012,0.0
1328,A,SPC_7_b_1,NR,_T,_T,_T,_T,_T,_T,TRE_BIO,_T,2013,0.0
1329,A,SPC_7_b_1,NR,_T,_T,_T,_T,_T,_T,TRE_BIO,_T,2014,0.0
1330,A,SPC_7_b_1,NR,_T,_T,_T,_T,_T,_T,TRE_BIO,_T,2015,0.0
1331,A,SPC_7_b_1,NR,_T,_T,_T,_T,_T,_T,TRE_BIO,_T,2016,0.0
1332,A,SPC_7_b_1,NR,_T,_T,_T,_T,_T,_T,TRE_BIO,_T,2017,0.0
1333,A,SPC_7_b_1,NR,_T,_T,_T,_T,_T,_T,TRE_BIO,_T,2018,0.0
1334,A,SPC_7_b_1,NR,_T,_T,_T,_T,_T,_T,TRE_BIO,_T,2019,0.0
1335,A,SPC_7_b_1,NR,_T,_T,_T,_T,_T,_T,TRE_BIO,_T,2020,0.0
1336,A,SPC_7_b_1,NR,_T,_T,_T,_T,_T,_T,TRE_BIO,_T,2021,0.0
1337,A,SPC_7_b_1,NR,_T,_T,_T,_T,_T,_T,TRE_BIO,_T,2022,0.0
1338,A,SPC_7_b_1,NR,_T,_T,_T,_T,_T,_T,TRE_GEO,_T,2000,0.0
1339,A,SPC_7_b_1,NR,_T,_T,_T,_T,_T,_T,TRE_GEO,_T,2001,0.0
1340,A,SPC_7_b_1,NR,_T,_T,_T,_T,_T,_T,TRE_GEO,_T,2002,0.0
1341,A,SPC_7_b_1,NR,_T,_T,_T,_T,_T,_T,TRE_GEO,_T,2003,0.0
1342,A,SPC_7_b_1,NR,_T,_T,_T,_T,_T,_T,TRE_GEO,_T,2004,0.0
1343,A,SPC_7_b_1,NR,_T,_T,_T,_T,_T,_T,TRE_GEO,_T,2005,0.0
1344,A,SPC_7_b_1,NR,_T,_T,_T,_T,_T,_T,TRE_GEO,_T,2006,0.0
1345,A,SPC_7_b_1,NR,_T,_T,_T,_T,_T,_T,TRE_GEO,_T,2007,0.0
1346,A,SPC_7_b_1,NR,_T,_T,_T,_T,_T,_T,TRE_GEO,_T,2008,0.0
1347,A,SPC_7_b_1,NR,_T,_T,_T,_T,_T,_T,TRE_GEO,_T,2009,0.0
1348,A,SPC_7_b_1,NR,_T,_T,_T,_T,_T,_T,TRE_GEO,_T,2010,0.0
1349,A,SPC_7_b_1,NR,_T,_T,_T,_T,_T,_T,TRE_GEO,_T,2011,0.0
1350,A,SPC_7_b_1,NR,_T,_T,_T,_T,_T,_T,TRE_GEO,_T,2012,0.0
1351,A,SPC_7_b_1,NR,_T,_T,_T,_T,_T,_T,TRE_GEO,_T,2013,0.0
1352,A,SPC_7_b_1,NR,_T,_T,_T,_T,_T,_T,TRE_GEO,_T,2014,0.0
1353,A,SPC_7_b_1,NR,_T,_T,_T,_T,_T,_T,TRE_GEO,_T,2015,0.0
1354,A,SPC_7_b_1,NR,_T,_T,_T,_T,_T,_T,TRE_GEO,_T,2016,0.0
1355,A,SPC_7_b_1,NR,_T,_T,_T,_T,_T,_T,TRE_GEO,_T,2017,0.0
1356,A,SPC_7_b_1,NR,_T,_T,_T,_T,_T,_T,TRE_GEO,_T,2018,0.0
1357,A,SPC_7_b_1,NR,_T,_T,_T,_T,_T,_T,TRE_GEO,_T,2019,0.0
1358,A,SPC_7_b_1,NR,_T,_T,_T,_T,_T,_T,TRE_GEO,_T,2020,0.0
1359,A,SPC_7_b_1,NR,_T,_T,_T,_T,_T,_T,TRE_GEO,_T,2021,0.0
1360,A,SPC_7_b_1,NR,_T,_T,_T,_T,_T,_T,TRE_GEO,_T,2022,0.0
1361,A,SPC_7_b_1,NR,_T,_T,_T,_T,_T,_T,TRE_HYDRO,_T,2000,0.0
1362,A,SPC_7_b_1,NR,_T,_T,_T,_T,_T,_T,TRE_HYDRO,_T,2001,0.0
1363,A,SPC_7_b_1,NR,_T,_T,_T,_T,_T,_T,TRE_HYDRO,_T,2002,0.0
1364,A,SPC_7_b_1,NR,_T,_T,_T,_T,_T,_T,TRE_HYDRO,_T,2003,0.0
1365,A,SPC_7_b_1,NR,_T,_T,_T,_T,_T,_T,TRE_HYDRO,_T,2004,0.0
1366,A,SPC_7_b_1,NR,_T,_T,_T,_T,_T,_T,TRE_HYDRO,_T,2005,0.0
1367,A,SPC_7_b_1,NR,_T,_T,_T,_T,_T,_T,TRE_HYDRO,_T,2006,0.0
1368,A,SPC_7_b_1,NR,_T,_T,_T,_T,_T,_T,TRE_HYDRO,_T,2007,0.0
1369,A,SPC_7_b_1,NR,_T,_T,_T,_T,_T,_T,TRE_HYDRO,_T,2008,0.0
1370,A,SPC_7_b_1,NR,_T,_T,_T,_T,_T,_T,TRE_HYDRO,_T,2009,0.0
1371,A,SPC_7_b_1,NR,_T,_T,_T,_T,_T,_T,TRE_HYDRO,_T,2010,0.0
1372,A,SPC_7_b_1,NR,_T,_T,_T,_T,_T,_T,TRE_HYDRO,_T,2011,0.0
1373,A,SPC_7_b_1,NR,_T,_T,_T,_T,_T,_T,TRE_HYDRO,_T,2012,0.0
1374,A,SPC_7_b_1,NR,_T,_T,_T,_T,_T,_T,TRE_HYDRO,_T,2013,0.0
1375,A,SPC_7_b_1,NR,_T,_T,_T,_T,_T,_T,TRE_HYDRO,_T,2014,0.0
1376,A,SPC_7_b_1,NR,_T,_T,_T,_T,_T,_T,TRE_HYDRO,_T,2015,0.0
1377,A,SPC_7_b_1,NR,_T,_T,_T,_T,_T,_T,TRE_HYDRO,_T,2016,0.0
1378,A,SPC_7_b_1,NR,_T,_T,_T,_T,_T,_T,TRE_HYDRO,_T,2017,0.0
1379,A,SPC_7_b_1,NR,_T,_T,_T,_T,_T,_T,TRE_HYDRO,_T,2018,0.0
1380,A,SPC_7_b_1,NR,_T,_T,_T,_T,_T,_T,TRE_HYDRO,_T,2019,0.0
1381,A,SPC_7_b_1,NR,_T,_T,_T,_T,_T,_T,TRE_HYDRO,_T,2020,0.0
1382,A,SPC_7_b_1,NR,_T,_T,_T,_T,_T,_T,TRE_HYDRO,_T,2021,0.0
1383,A,SPC_7_b_1,NR,_T,_T,_T,_T,_T,_T,TRE_HYDRO,_T,2022,0.0
1384,A,SPC_7_b_1,NR,_T,_T,_T,_T,_T,_T,TRE_SOLAR,_T,2000,0.0
1385,A,SPC_7_b_1,NR,_T,_T,_T,_T,_T,_T,TRE_SOLAR,_T,2001,0.0
1386,A,SPC_7_b_1,NR,_T,_T,_T,_T,_T,_T,TRE_SOLAR,_T,2002,0.0
1387,A,SPC_7_b_1,NR,_T,_T,_T,_T,_T,_T,TRE_SOLAR,_T,2003,0.0
1388,A,SPC_7_b_1,NR,_T,_T,_T,_T,_T,_T,TRE_SOLAR,_T,2004,0.0
1389,A,SPC_7_b_1,NR,_T,_T,_T,_T,_T,_T,TRE_SOLAR,_T,2005,0.0
1390,A,SPC_7_b_1,NR,_T,_T,_T,_T,_T,_T,TRE_SOLAR,_T,2006,3.886
1391,A,SPC_7_b_1,NR,_T,_T,_T,_T,_T,_T,TRE_SOLAR,_T,2007,3.896
1392,A,SPC_7_b_1,NR,_T,_T,_T,_T,_T,_T,TRE_SOLAR,_T,2008,3.905
1393,A,SPC_7_b_1,NR,_T,_T,_T,_T,_T,_T,TRE_SOLAR,_T,2009,3.909
1394,A,SPC_7_b_1,NR,_T,_T,_T,_T,_T,_T,TRE_SOLAR,_T,2010,3.906
1395,A,SPC_7_b_1,NR,_T,_T,_T,_T,_T,_T,TRE_SOLAR,_T,2011,3.89
1396,A,SPC_7_b_1,NR,_T,_T,_T,_T,_T,_T,TRE_SOLAR,_T,2012,6.702
1397,A,SPC_7_b_1,NR,_T,_T,_T,_T,_T,_T,TRE_SOLAR,_T,2013,19.637
1398,A,SPC_7_b_1,NR,_T,_T,_T,_T,_T,_T,TRE_SOLAR,_T,2014,19.196
1399,A,SPC_7_b_1,NR,_T,_T,_T,_T,_T,_T,TRE_SOLAR,_T,2015,18.775
1400,A,SPC_7_b_1,NR,_T,_T,_T,_T,_T,_T,TRE_SOLAR,_T,2016,62.079
1401,A,SPC_7_b_1,NR,_T,_T,_T,_T,_T,_T,TRE_SOLAR,_T,2017,60.863
1402,A,SPC_7_b_1,NR,_T,_T,_T,_T,_T,_T,TRE_SOLAR,_T,2018,69.02
1403,A,SPC_7_b_1,NR,_T,_T,_T,_T,_T,_T,TRE_SOLAR,_T,2019,204.088
1404,A,SPC_7_b_1,NR,_T,_T,_T,_T,_T,_T,TRE_SOLAR,_T,2020,201.462
1405,A,SPC_7_b_1,NR,_T,_T,_T,_T,_T,_T,TRE_SOLAR,_T,2021,232.036
1406,A,SPC_7_b_1,NR,_T,_T,_T,_T,_T,_T,TRE_SOLAR,_T,2022,249.684
1407,A,SPC_7_b_1,NR,_T,_T,_T,_T,_T,_T,TRE_WIND,_T,2000,0.0
1408,A,SPC_7_b_1,NR,_T,_T,_T,_T,_T,_T,TRE_WIND,_T,2001,0.0
1409,A,SPC_7_b_1,NR,_T,_T,_T,_T,_T,_T,TRE_WIND,_T,2002,0.0
1410,A,SPC_7_b_1,NR,_T,_T,_T,_T,_T,_T,TRE_WIND,_T,2003,0.0
1411,A,SPC_7_b_1,NR,_T,_T,_T,_T,_T,_T,TRE_WIND,_T,2004,0.0
1412,A,SPC_7_b_1,NR,_T,_T,_T,_T,_T,_T,TRE_WIND,_T,2005,0.0
1413,A,SPC_7_b_1,NR,_T,_T,_T,_T,_T,_T,TRE_WIND,_T,2006,0.0
1414,A,SPC_7_b_1,NR,_T,_T,_T,_T,_T,_T,TRE_WIND,_T,2007,0.0
1415,A,SPC_7_b_1,NR,_T,_T,_T,_T,_T,_T,TRE_WIND,_T,2008,0.0
1416,A,SPC_7_b_1,NR,_T,_T,_T,_T,_T,_T,TRE_WIND,_T,2009,0.0
1417,A,SPC_7_b_1,NR,_T,_T,_T,_T,_T,_T,TRE_WIND,_T,2010,0.0
1418,A,SPC_7_b_1,NR,_T,_T,_T,_T,_T,_T,TRE_WIND,_T,2011,0.0
1419,A,SPC_7_b_1,NR,_T,_T,_T,_T,_T,_T,TRE_WIND,_T,2012,0.0
1420,A,SPC_7_b_1,NR,_T,_T,_T,_T,_T,_T,TRE_WIND,_T,2013,0.0
1421,A,SPC_7_b_1,NR,_T,_T,_T,_T,_T,_T,TRE_WIND,_T,2014,0.0
1422,A,SPC_7_b_1,NR,_T,_T,_T,_T,_T,_T,TRE_WIND,_T,2015,0.0
1423,A,SPC_7_b_1,NR,_T,_T,_T,_T,_T,_T,TRE_WIND,_T,2016,0.0
1424,A,SPC_7_b_1,NR,_T,_T,_T,_T,_T,_T,TRE_WIND,_T,2017,0.0
1425,A,SPC_7_b_1,NR,_T,_T,_T,_T,_T,_T,TRE_WIND,_T,2018,0.0
1426,A,SPC_7_b_1,NR,_T,_T,_T,_T,_T,_T,TRE_WIND,_T,2019,0.0
1427,A,SPC_7_b_1,NR,_T,_T,_T,_T,_T,_T,TRE_WIND,_T,2020,0.0
1428,A,SPC_7_b_1,NR,_T,_T,_T,_T,_T,_T,TRE_WIND,_T,2021,0.0
1429,A,SPC_7_b_1,NR,_T,_T,_T,_T,_T,_T,TRE_WIND,_T,2022,0.0
1430,A,SPC_7_b_1,NU,_T,_T,_T,_T,_T,_T,TRE_ALL,_T,2000,0.0
1431,A,SPC_7_b_1,NU,_T,_T,_T,_T,_T,_T,TRE_ALL,_T,2001,0.0
1432,A,SPC_7_b_1,NU,_T,_T,_T,_T,_T,_T,TRE_ALL,_T,2002,0.0
1433,A,SPC_7_b_1,NU,_T,_T,_T,_T,_T,_T,TRE_ALL,_T,2003,0.0
1434,A,SPC_7_b_1,NU,_T,_T,_T,_T,_T,_T,TRE_ALL,_T,2004,0.0
1435,A,SPC_7_b_1,NU,_T,_T,_T,_T,_T,_T,TRE_ALL,_T,2005,0.0
1436,A,SPC_7_b_1,NU,_T,_T,_T,_T,_T,_T,TRE_ALL,_T,2006,0.0
1437,A,SPC_7_b_1,NU,_T,_T,_T,_T,_T,_T,TRE_ALL,_T,2007,0.0
1438,A,SPC_7_b_1,NU,_T,_T,_T,_T,_T,_T,TRE_ALL,_T,2008,0.0
1439,A,SPC_7_b_1,NU,_T,_T,_T,_T,_T,_T,TRE_ALL,_T,2009,30.303
1440,A,SPC_7_b_1,NU,_T,_T,_T,_T,_T,_T,TRE_ALL,_T,2010,30.353
1441,A,SPC_7_b_1,NU,_T,_T,_T,_T,_T,_T,TRE_ALL,_T,2011,30.37
1442,A,SPC_7_b_1,NU,_T,_T,_T,_T,_T,_T,TRE_ALL,_T,2012,30.336
1443,A,SPC_7_b_1,NU,_T,_T,_T,_T,_T,_T,TRE_ALL,_T,2013,30.137
1444,A,SPC_7_b_1,NU,_T,_T,_T,_T,_T,_T,TRE_ALL,_T,2014,186.034
1445,A,SPC_7_b_1,NU,_T,_T,_T,_T,_T,_T,TRE_ALL,_T,2015,184.624
1446,A,SPC_7_b_1,NU,_T,_T,_T,_T,_T,_T,TRE_ALL,_T,2016,183.235
1447,A,SPC_7_b_1,NU,_T,_T,_T,_T,_T,_T,TRE_ALL,_T,2017,182.451
1448,A,SPC_7_b_1,NU,_T,_T,_T,_T,_T,_T,TRE_ALL,_T,2018,180.71
1449,A,SPC_7_b_1,NU,_T,_T,_T,_T,_T,_T,TRE_ALL,_T,2019,489.849
1450,A,SPC_7_b_1,NU,_T,_T,_T,_T,_T,_T,TRE_ALL,_T,2020,484.552
1451,A,SPC_7_b_1,NU,_T,_T,_T,_T,_T,_T,TRE_ALL,_T,2021,485.803
1452,A,SPC_7_b_1,NU,_T,_T,_T,_T,_T,_T,TRE_ALL,_T,2022,486.556
1453,A,SPC_7_b_1,NU,_T,_T,_T,_T,_T,_T,TRE_BIO,_T,2000,0.0
1454,A,SPC_7_b_1,NU,_T,_T,_T,_T,_T,_T,TRE_BIO,_T,2001,0.0
1455,A,SPC_7_b_1,NU,_T,_T,_T,_T,_T,_T,TRE_BIO,_T,2002,0.0
1456,A,SPC_7_b_1,NU,_T,_T,_T,_T,_T,_T,TRE_BIO,_T,2003,0.0
1457,A,SPC_7_b_1,NU,_T,_T,_T,_T,_T,_T,TRE_BIO,_T,2004,0.0
1458,A,SPC_7_b_1,NU,_T,_T,_T,_T,_T,_T,TRE_BIO,_T,2005,0.0
1459,A,SPC_7_b_1,NU,_T,_T,_T,_T,_T,_T,TRE_BIO,_T,2006,0.0
1460,A,SPC_7_b_1,NU,_T,_T,_T,_T,_T,_T,TRE_BIO,_T,2007,0.0
1461,A,SPC_7_b_1,NU,_T,_T,_T,_T,_T,_T,TRE_BIO,_T,2008,0.0
1462,A,SPC_7_b_1,NU,_T,_T,_T,_T,_T,_T,TRE_BIO,_T,2009,0.0
1463,A,SPC_7_b_1,NU,_T,_T,_T,_T,_T,_T,TRE_BIO,_T,2010,0.0
1464,A,SPC_7_b_1,NU,_T,_T,_T,_T,_T,_T,TRE_BIO,_T,2011,0.0
1465,A,SPC_7_b_1,NU,_T,_T,_T,_T,_T,_T,TRE_BIO,_T,2012,0.0
1466,A,SPC_7_b_1,NU,_T,_T,_T,_T,_T,_T,TRE_BIO,_T,2013,0.0
1467,A,SPC_7_b_1,NU,_T,_T,_T,_T,_T,_T,TRE_BIO,_T,2014,0.0
1468,A,SPC_7_b_1,NU,_T,_T,_T,_T,_T,_T,TRE_BIO,_T,2015,0.0
1469,A,SPC_7_b_1,NU,_T,_T,_T,_T,_T,_T,TRE_BIO,_T,2016,0.0
1470,A,SPC_7_b_1,NU,_T,_T,_T,_T,_T,_T,TRE_BIO,_T,2017,0.0
1471,A,SPC_7_b_1,NU,_T,_T,_T,_T,_T,_T,TRE_BIO,_T,2018,0.0
1472,A,SPC_7_b_1,NU,_T,_T,_T,_T,_T,_T,TRE_BIO,_T,2019,0.0
1473,A,SPC_7_b_1,NU,_T,_T,_T,_T,_T,_T,TRE_BIO,_T,2020,0.0
1474,A,SPC_7_b_1,NU,_T,_T,_T,_T,_T,_T,TRE_BIO,_T,2021,0.0
1475,A,SPC_7_b_1,NU,_T,_T,_T,_T,_T,_T,TRE_BIO,_T,2022,0.0
1476,A,SPC_7_b_1,NU,_T,_T,_T,_T,_T,_T,TRE_GEO,_T,2000,0.0
1477,A,SPC_7_b_1,NU,_T,_T,_T,_T,_T,_T,TRE_GEO,_T,2001,0.0
1478,A,SPC_7_b_1,NU,_T,_T,_T,_T,_T,_T,TRE_GEO,_T,2002,0.0
1479,A,SPC_7_b_1,NU,_T,_T,_T,_T,_T,_T,TRE_GEO,_T,2003,0.0
1480,A,SPC_7_b_1,NU,_T,_T,_T,_T,_T,_T,TRE_GEO,_T,2004,0.0
1481,A,SPC_7_b_1,NU,_T,_T,_T,_T,_T,_T,TRE_GEO,_T,2005,0.0
1482,A,SPC_7_b_1,NU,_T,_T,_T,_T,_T,_T,TRE_GEO,_T,2006,0.0
1483,A,SPC_7_b_1,NU,_T,_T,_T,_T,_T,_T,TRE_GEO,_T,2007,0.0
1484,A,SPC_7_b_1,NU,_T,_T,_T,_T,_T,_T,TRE_GEO,_T,2008,0.0
1485,A,SPC_7_b_1,NU,_T,_T,_T,_T,_T,_T,TRE_GEO,_T,2009,0.0
1486,A,SPC_7_b_1,NU,_T,_T,_T,_T,_T,_T,TRE_GEO,_T,2010,0.0
1487,A,SPC_7_b_1,NU,_T,_T,_T,_T,_T,_T,TRE_GEO,_T,2011,0.0
1488,A,SPC_7_b_1,NU,_T,_T,_T,_T,_T,_T,TRE_GEO,_T,2012,0.0
1489,A,SPC_7_b_1,NU,_T,_T,_T,_T,_T,_T,TRE_GEO,_T,2013,0.0
1490,A,SPC_7_b_1,NU,_T,_T,_T,_T,_T,_T,TRE_GEO,_T,2014,0.0
1491,A,SPC_7_b_1,NU,_T,_T,_T,_T,_T,_T,TRE_GEO,_T,2015,0.0
1492,A,SPC_7_b_1,NU,_T,_T,_T,_T,_T,_T,TRE_GEO,_T,2016,0.0
1493,A,SPC_7_b_1,NU,_T,_T,_T,_T,_T,_T,TRE_GEO,_T,2017,0.0
1494,A,SPC_7_b_1,NU,_T,_T,_T,_T,_T,_T,TRE_GEO,_T,2018,0.0
1495,A,SPC_7_b_1,NU,_T,_T,_T,_T,_T,_T,TRE_GEO,_T,2019,0.0
1496,A,SPC_7_b_1,NU,_T,_T,_T,_T,_T,_T,TRE_GEO,_T,2020,0.0
1497,A,SPC_7_b_1,NU,_T,_T,_T,_T,_T,_T,TRE_GEO,_T,2021,0.0
1498,A,SPC_7_b_1,NU,_T,_T,_T,_T,_T,_T,TRE_GEO,_T,2022,0.0
1499,A,SPC_7_b_1,NU,_T,_T,_T,_T,_T,_T,TRE_HYDRO,_T,2000,0.0
1500,A,SPC_7_b_1,NU,_T,_T,_T,_T,_T,_T,TRE_HYDRO,_T,2001,0.0
1501,A,SPC_7_b_1,NU,_T,_T,_T,_T,_T,_T,TRE_HYDRO,_T,2002,0.0
1502,A,SPC_7_b_1,NU,_T,_T,_T,_T,_T,_T,TRE_HYDRO,_T,2003,0.0
1503,A,SPC_7_b_1,NU,_T,_T,_T,_T,_T,_T,TRE_HYDRO,_T,2004,0.0
1504,A,SPC_7_b_1,NU,_T,_T,_T,_T,_T,_T,TRE_HYDRO,_T,2005,0.0
1505,A,SPC_7_b_1,NU,_T,_T,_T,_T,_T,_T,TRE_HYDRO,_T,2006,0.0
1506,A,SPC_7_b_1,NU,_T,_T,_T,_T,_T,_T,TRE_HYDRO,_T,2007,0.0
1507,A,SPC_7_b_1,NU,_T,_T,_T,_T,_T,_T,TRE_HYDRO,_T,2008,0.0
1508,A,SPC_7_b_1,NU,_T,_T,_T,_T,_T,_T,TRE_HYDRO,_T,2009,0.0
1509,A,SPC_7_b_1,NU,_T,_T,_T,_T,_T,_T,TRE_HYDRO,_T,2010,0.0
1510,A,SPC_7_b_1,NU,_T,_T,_T,_T,_T,_T,TRE_HYDRO,_T,2011,0.0
1511,A,SPC_7_b_1,NU,_T,_T,_T,_T,_T,_T,TRE_HYDRO,_T,2012,0.0
1512,A,SPC_7_b_1,NU,_T,_T,_T,_T,_T,_T,TRE_HYDRO,_T,2013,0.0
1513,A,SPC_7_b_1,NU,_T,_T,_T,_T,_T,_T,TRE_HYDRO,_T,2014,0.0
1514,A,SPC_7_b_1,NU,_T,_T,_T,_T,_T,_T,TRE_HYDRO,_T,2015,0.0
1515,A,SPC_7_b_1,NU,_T,_T,_T,_T,_T,_T,TRE_HYDRO,_T,2016,0.0
1516,A,SPC_7_b_1,NU,_T,_T,_T,_T,_T,_T,TRE_HYDRO,_T,2017,0.0
1517,A,SPC_7_b_1,NU,_T,_T,_T,_T,_T,_T,TRE_HYDRO,_T,2018,0.0
1518,A,SPC_7_b_1,NU,_T,_T,_T,_T,_T,_T,TRE_HYDRO,_T,2019,0.0
1519,A,SPC_7_b_1,NU,_T,_T,_T,_T,_T,_T,TRE_HYDRO,_T,2020,0.0
1520,A,SPC_7_b_1,NU,_T,_T,_T,_T,_T,_T,TRE_HYDRO,_T,2021,0.0
1521,A,SPC_7_b_1,NU,_T,_T,_T,_T,_T,_T,TRE_HYDRO,_T,2022,0.0
1522,A,SPC_7_b_1,NU,_T,_T,_T,_T,_T,_T,TRE_SOLAR,_T,2000,0.0
1523,A,SPC_7_b_1,NU,_T,_T,_T,_T,_T,_T,TRE_SOLAR,_T,2001,0.0
1524,A,SPC_7_b_1,NU,_T,_T,_T,_T,_T,_T,TRE_SOLAR,_T,2002,0.0
1525,A,SPC_7_b_1,NU,_T,_T,_T,_T,_T,_T,TRE_SOLAR,_T,2003,0.0
1526,A,SPC_7_b_1,NU,_T,_T,_T,_T,_T,_T,TRE_SOLAR,_T,2004,0.0
1527,A,SPC_7_b_1,NU,_T,_T,_T,_T,_T,_T,TRE_SOLAR,_T,2005,0.0
1528,A,SPC_7_b_1,NU,_T,_T,_T,_T,_T,_T,TRE_SOLAR,_T,2006,0.0
1529,A,SPC_7_b_1,NU,_T,_T,_T,_T,_T,_T,TRE_SOLAR,_T,2007,0.0
1530,A,SPC_7_b_1,NU,_T,_T,_T,_T,_T,_T,TRE_SOLAR,_T,2008,0.0
1531,A,SPC_7_b_1,NU,_T,_T,_T,_T,_T,_T,TRE_SOLAR,_T,2009,30.303
1532,A,SPC_7_b_1,NU,_T,_T,_T,_T,_T,_T,TRE_SOLAR,_T,2010,30.353
1533,A,SPC_7_b_1,NU,_T,_T,_T,_T,_T,_T,TRE_SOLAR,_T,2011,30.37
1534,A,SPC_7_b_1,NU,_T,_T,_T,_T,_T,_T,TRE_SOLAR,_T,2012,30.336
1535,A,SPC_7_b_1,NU,_T,_T,_T,_T,_T,_T,TRE_SOLAR,_T,2013,30.137
1536,A,SPC_7_b_1,NU,_T,_T,_T,_T,_T,_T,TRE_SOLAR,_T,2014,186.034
1537,A,SPC_7_b_1,NU,_T,_T,_T,_T,_T,_T,TRE_SOLAR,_T,2015,184.624
1538,A,SPC_7_b_1,NU,_T,_T,_T,_T,_T,_T,TRE_SOLAR,_T,2016,183.235
1539,A,SPC_7_b_1,NU,_T,_T,_T,_T,_T,_T,TRE_SOLAR,_T,2017,182.451
1540,A,SPC_7_b_1,NU,_T,_T,_T,_T,_T,_T,TRE_SOLAR,_T,2018,180.71
1541,A,SPC_7_b_1,NU,_T,_T,_T,_T,_T,_T,TRE_SOLAR,_T,2019,489.849
1542,A,SPC_7_b_1,NU,_T,_T,_T,_T,_T,_T,TRE_SOLAR,_T,2020,484.552
1543,A,SPC_7_b_1,NU,_T,_T,_T,_T,_T,_T,TRE_SOLAR,_T,2021,485.803
1544,A,SPC_7_b_1,NU,_T,_T,_T,_T,_T,_T,TRE_SOLAR,_T,2022,486.556
1545,A,SPC_7_b_1,NU,_T,_T,_T,_T,_T,_T,TRE_WIND,_T,2000,0.0
1546,A,SPC_7_b_1,NU,_T,_T,_T,_T,_T,_T,TRE_WIND,_T,2001,0.0
1547,A,SPC_7_b_1,NU,_T,_T,_T,_T,_T,_T,TRE_WIND,_T,2002,0.0
1548,A,SPC_7_b_1,NU,_T,_T,_T,_T,_T,_T,TRE_WIND,_T,2003,0.0
1549,A,SPC_7_b_1,NU,_T,_T,_T,_T,_T,_T,TRE_WIND,_T,2004,0.0
1550,A,SPC_7_b_1,NU,_T,_T,_T,_T,_T,_T,TRE_WIND,_T,2005,0.0
1551,A,SPC_7_b_1,NU,_T,_T,_T,_T,_T,_T,TRE_WIND,_T,2006,0.0
1552,A,SPC_7_b_1,NU,_T,_T,_T,_T,_T,_T,TRE_WIND,_T,2007,0.0
1553,A,SPC_7_b_1,NU,_T,_T,_T,_T,_T,_T,TRE_WIND,_T,2008,0.0
1554,A,SPC_7_b_1,NU,_T,_T,_T,_T,_T,_T,TRE_WIND,_T,2009,0.0
1555,A,SPC_7_b_1,NU,_T,_T,_T,_T,_T,_T,TRE_WIND,_T,2010,0.0
1556,A,SPC_7_b_1,NU,_T,_T,_T,_T,_T,_T,TRE_WIND,_T,2011,0.0
1557,A,SPC_7_b_1,NU,_T,_T,_T,_T,_T,_T,TRE_WIND,_T,2012,0.0
1558,A,SPC_7_b_1,NU,_T,_T,_T,_T,_T,_T,TRE_WIND,_T,2013,0.0
1559,A,SPC_7_b_1,NU,_T,_T,_T,_T,_T,_T,TRE_WIND,_T,2014,0.0
1560,A,SPC_7_b_1,NU,_T,_T,_T,_T,_T,_T,TRE_WIND,_T,2015,0.0
1561,A,SPC_7_b_1,NU,_T,_T,_T,_T,_T,_T,TRE_WIND,_T,2016,0.0
1562,A,SPC_7_b_1,NU,_T,_T,_T,_T,_T,_T,TRE_WIND,_T,2017,0.0
1563,A,SPC_7_b_1,NU,_T,_T,_T,_T,_T,_T,TRE_WIND,_T,2018,0.0
1564,A,SPC_7_b_1,NU,_T,_T,_T,_T,_T,_T,TRE_WIND,_T,2019,0.0
1565,A,SPC_7_b_1,NU,_T,_T,_T,_T,_T,_T,TRE_WIND,_T,2020,0.0
1566,A,SPC_7_b_1,NU,_T,_T,_T,_T,_T,_T,TRE_WIND,_T,2021,0.0
1567,A,SPC_7_b_1,NU,_T,_T,_T,_T,_T,_T,TRE_WIND,_T,2022,0.0
1568,A,SPC_7_b_1,PF,_T,_T,_T,_T,_T,_T,TRE_ALL,_T,2000,191.602
1569,A,SPC_7_b_1,PF,_T,_T,_T,_T,_T,_T,TRE_ALL,_T,2001,189.093
1570,A,SPC_7_b_1,PF,_T,_T,_T,_T,_T,_T,TRE_ALL,_T,2002,186.612
1571,A,SPC_7_b_1,PF,_T,_T,_T,_T,_T,_T,TRE_ALL,_T,2003,184.487
1572,A,SPC_7_b_1,PF,_T,_T,_T,_T,_T,_T,TRE_ALL,_T,2004,182.659
1573,A,SPC_7_b_1,PF,_T,_T,_T,_T,_T,_T,TRE_ALL,_T,2005,181.052
1574,A,SPC_7_b_1,PF,_T,_T,_T,_T,_T,_T,TRE_ALL,_T,2006,179.41
1575,A,SPC_7_b_1,PF,_T,_T,_T,_T,_T,_T,TRE_ALL,_T,2007,177.918
1576,A,SPC_7_b_1,PF,_T,_T,_T,_T,_T,_T,TRE_ALL,_T,2008,177.942
1577,A,SPC_7_b_1,PF,_T,_T,_T,_T,_T,_T,TRE_ALL,_T,2009,177.662
1578,A,SPC_7_b_1,PF,_T,_T,_T,_T,_T,_T,TRE_ALL,_T,2010,178.154
1579,A,SPC_7_b_1,PF,_T,_T,_T,_T,_T,_T,TRE_ALL,_T,2011,205.626
1580,A,SPC_7_b_1,PF,_T,_T,_T,_T,_T,_T,TRE_ALL,_T,2012,213.403
1581,A,SPC_7_b_1,PF,_T,_T,_T,_T,_T,_T,TRE_ALL,_T,2013,224.135
1582,A,SPC_7_b_1,PF,_T,_T,_T,_T,_T,_T,TRE_ALL,_T,2014,249.275
1583,A,SPC_7_b_1,PF,_T,_T,_T,_T,_T,_T,TRE_ALL,_T,2015,258.949
1584,A,SPC_7_b_1,PF,_T,_T,_T,_T,_T,_T,TRE_ALL,_T,2016,270.007
1585,A,SPC_7_b_1,PF,_T,_T,_T,_T,_T,_T,TRE_ALL,_T,2017,281.191
1586,A,SPC_7_b_1,PF,_T,_T,_T,_T,_T,_T,TRE_ALL,_T,2018,286.547
1587,A,SPC_7_b_1,PF,_T,_T,_T,_T,_T,_T,TRE_ALL,_T,2019,296.54
1588,A,SPC_7_b_1,PF,_T,_T,_T,_T,_T,_T,TRE_ALL,_T,2020,306.346
1589,A,SPC_7_b_1,PF,_T,_T,_T,_T,_T,_T,TRE_ALL,_T,2021,307.708
1590,A,SPC_7_b_1,PF,_T,_T,_T,_T,_T,_T,TRE_ALL,_T,2022,305.45
1591,A,SPC_7_b_1,PF,_T,_T,_T,_T,_T,_T,TRE_BIO,_T,2000,0.0
1592,A,SPC_7_b_1,PF,_T,_T,_T,_T,_T,_T,TRE_BIO,_T,2001,0.0
1593,A,SPC_7_b_1,PF,_T,_T,_T,_T,_T,_T,TRE_BIO,_T,2002,0.0
1594,A,SPC_7_b_1,PF,_T,_T,_T,_T,_T,_T,TRE_BIO,_T,2003,0.0
1595,A,SPC_7_b_1,PF,_T,_T,_T,_T,_T,_T,TRE_BIO,_T,2004,0.0
1596,A,SPC_7_b_1,PF,_T,_T,_T,_T,_T,_T,TRE_BIO,_T,2005,0.0
1597,A,SPC_7_b_1,PF,_T,_T,_T,_T,_T,_T,TRE_BIO,_T,2006,0.0
1598,A,SPC_7_b_1,PF,_T,_T,_T,_T,_T,_T,TRE_BIO,_T,2007,0.0
1599,A,SPC_7_b_1,PF,_T,_T,_T,_T,_T,_T,TRE_BIO,_T,2008,0.0
1600,A,SPC_7_b_1,PF,_T,_T,_T,_T,_T,_T,TRE_BIO,_T,2009,0.0
1601,A,SPC_7_b_1,PF,_T,_T,_T,_T,_T,_T,TRE_BIO,_T,2010,0.0
1602,A,SPC_7_b_1,PF,_T,_T,_T,_T,_T,_T,TRE_BIO,_T,2011,0.0
1603,A,SPC_7_b_1,PF,_T,_T,_T,_T,_T,_T,TRE_BIO,_T,2012,0.0
1604,A,SPC_7_b_1,PF,_T,_T,_T,_T,_T,_T,TRE_BIO,_T,2013,0.0
1605,A,SPC_7_b_1,PF,_T,_T,_T,_T,_T,_T,TRE_BIO,_T,2014,0.0
1606,A,SPC_7_b_1,PF,_T,_T,_T,_T,_T,_T,TRE_BIO,_T,2015,0.0
1607,A,SPC_7_b_1,PF,_T,_T,_T,_T,_T,_T,TRE_BIO,_T,2016,0.0
1608,A,SPC_7_b_1,PF,_T,_T,_T,_T,_T,_T,TRE_BIO,_T,2017,0.0
1609,A,SPC_7_b_1,PF,_T,_T,_T,_T,_T,_T,TRE_BIO,_T,2018,0.0
1610,A,SPC_7_b_1,PF,_T,_T,_T,_T,_T,_T,TRE_BIO,_T,2019,0.0
1611,A,SPC_7_b_1,PF,_T,_T,_T,_T,_T,_T,TRE_BIO,_T,2020,0.0
1612,A,SPC_7_b_1,PF,_T,_T,_T,_T,_T,_T,TRE_BIO,_T,2021,0.0
1613,A,SPC_7_b_1,PF,_T,_T,_T,_T,_T,_T,TRE_BIO,_T,2022,0.0
1614,A,SPC_7_b_1,PF,_T,_T,_T,_T,_T,_T,TRE_GEO,_T,2000,0.0
1615,A,SPC_7_b_1,PF,_T,_T,_T,_T,_T,_T,TRE_GEO,_T,2001,0.0
1616,A,SPC_7_b_1,PF,_T,_T,_T,_T,_T,_T,TRE_GEO,_T,2002,0.0
1617,A,SPC_7_b_1,PF,_T,_T,_T,_T,_T,_T,TRE_GEO,_T,2003,0.0
1618,A,SPC_7_b_1,PF,_T,_T,_T,_T,_T,_T,TRE_GEO,_T,2004,0.0
1619,A,SPC_7_b_1,PF,_T,_T,_T,_T,_T,_T,TRE_GEO,_T,2005,0.0
1620,A,SPC_7_b_1,PF,_T,_T,_T,_T,_T,_T,TRE_GEO,_T,2006,0.0
1621,A,SPC_7_b_1,PF,_T,_T,_T,_T,_T,_T,TRE_GEO,_T,2007,0.0
1622,A,SPC_7_b_1,PF,_T,_T,_T,_T,_T,_T,TRE_GEO,_T,2008,0.0
1623,A,SPC_7_b_1,PF,_T,_T,_T,_T,_T,_T,TRE_GEO,_T,2009,0.0
1624,A,SPC_7_b_1,PF,_T,_T,_T,_T,_T,_T,TRE_GEO,_T,2010,0.0
1625,A,SPC_7_b_1,PF,_T,_T,_T,_T,_T,_T,TRE_GEO,_T,2011,0.0
1626,A,SPC_7_b_1,PF,_T,_T,_T,_T,_T,_T,TRE_GEO,_T,2012,0.0
1627,A,SPC_7_b_1,PF,_T,_T,_T,_T,_T,_T,TRE_GEO,_T,2013,0.0
1628,A,SPC_7_b_1,PF,_T,_T,_T,_T,_T,_T,TRE_GEO,_T,2014,0.0
1629,A,SPC_7_b_1,PF,_T,_T,_T,_T,_T,_T,TRE_GEO,_T,2015,0.0
1630,A,SPC_7_b_1,PF,_T,_T,_T,_T,_T,_T,TRE_GEO,_T,2016,0.0
1631,A,SPC_7_b_1,PF,_T,_T,_T,_T,_T,_T,TRE_GEO,_T,2017,0.0
1632,A,SPC_7_b_1,PF,_T,_T,_T,_T,_T,_T,TRE_GEO,_T,2018,0.0
1633,A,SPC_7_b_1,PF,_T,_T,_T,_T,_T,_T,TRE_GEO,_T,2019,0.0
1634,A,SPC_7_b_1,PF,_T,_T,_T,_T,_T,_T,TRE_GEO,_T,2020,0.0
1635,A,SPC_7_b_1,PF,_T,_T,_T,_T,_T,_T,TRE_GEO,_T,2021,0.0
1636,A,SPC_7_b_1,PF,_T,_T,_T,_T,_T,_T,TRE_GEO,_T,2022,0.0
1637,A,SPC_7_b_1,PF,_T,_T,_T,_T,_T,_T,TRE_HYDRO,_T,2000,188.939
1638,A,SPC_7_b_1,PF,_T,_T,_T,_T,_T,_T,TRE_HYDRO,_T,2001,185.886
1639,A,SPC_7_b_1,PF,_T,_T,_T,_T,_T,_T,TRE_HYDRO,_T,2002,182.953
1640,A,SPC_7_b_1,PF,_T,_T,_T,_T,_T,_T,TRE_HYDRO,_T,2003,180.148
1641,A,SPC_7_b_1,PF,_T,_T,_T,_T,_T,_T,TRE_HYDRO,_T,2004,177.478
1642,A,SPC_7_b_1,PF,_T,_T,_T,_T,_T,_T,TRE_HYDRO,_T,2005,174.906
1643,A,SPC_7_b_1,PF,_T,_T,_T,_T,_T,_T,TRE_HYDRO,_T,2006,172.462
1644,A,SPC_7_b_1,PF,_T,_T,_T,_T,_T,_T,TRE_HYDRO,_T,2007,170.43
1645,A,SPC_7_b_1,PF,_T,_T,_T,_T,_T,_T,TRE_HYDRO,_T,2008,168.985
1646,A,SPC_7_b_1,PF,_T,_T,_T,_T,_T,_T,TRE_HYDRO,_T,2009,167.952
1647,A,SPC_7_b_1,PF,_T,_T,_T,_T,_T,_T,TRE_HYDRO,_T,2010,167.061
1648,A,SPC_7_b_1,PF,_T,_T,_T,_T,_T,_T,TRE_HYDRO,_T,2011,166.196
1649,A,SPC_7_b_1,PF,_T,_T,_T,_T,_T,_T,TRE_HYDRO,_T,2012,165.431
1650,A,SPC_7_b_1,PF,_T,_T,_T,_T,_T,_T,TRE_HYDRO,_T,2013,164.6
1651,A,SPC_7_b_1,PF,_T,_T,_T,_T,_T,_T,TRE_HYDRO,_T,2014,163.554
1652,A,SPC_7_b_1,PF,_T,_T,_T,_T,_T,_T,TRE_HYDRO,_T,2015,162.482
1653,A,SPC_7_b_1,PF,_T,_T,_T,_T,_T,_T,TRE_HYDRO,_T,2016,161.511
1654,A,SPC_7_b_1,PF,_T,_T,_T,_T,_T,_T,TRE_HYDRO,_T,2017,161.212
1655,A,SPC_7_b_1,PF,_T,_T,_T,_T,_T,_T,TRE_HYDRO,_T,2018,160.044
1656,A,SPC_7_b_1,PF,_T,_T,_T,_T,_T,_T,TRE_HYDRO,_T,2019,158.917
1657,A,SPC_7_b_1,PF,_T,_T,_T,_T,_T,_T,TRE_HYDRO,_T,2020,157.757
1658,A,SPC_7_b_1,PF,_T,_T,_T,_T,_T,_T,TRE_HYDRO,_T,2021,156.661
1659,A,SPC_7_b_1,PF,_T,_T,_T,_T,_T,_T,TRE_HYDRO,_T,2022,155.512
1660,A,SPC_7_b_1,PF,_T,_T,_T,_T,_T,_T,TRE_SOLAR,_T,2000,2.184
1661,A,SPC_7_b_1,PF,_T,_T,_T,_T,_T,_T,TRE_SOLAR,_T,2001,2.737
1662,A,SPC_7_b_1,PF,_T,_T,_T,_T,_T,_T,TRE_SOLAR,_T,2002,3.195
1663,A,SPC_7_b_1,PF,_T,_T,_T,_T,_T,_T,TRE_SOLAR,_T,2003,3.883
1664,A,SPC_7_b_1,PF,_T,_T,_T,_T,_T,_T,TRE_SOLAR,_T,2004,4.676
1665,A,SPC_7_b_1,PF,_T,_T,_T,_T,_T,_T,TRE_SOLAR,_T,2005,5.648
1666,A,SPC_7_b_1,PF,_T,_T,_T,_T,_T,_T,TRE_SOLAR,_T,2006,6.457
1667,A,SPC_7_b_1,PF,_T,_T,_T,_T,_T,_T,TRE_SOLAR,_T,2007,6.92
1668,A,SPC_7_b_1,PF,_T,_T,_T,_T,_T,_T,TRE_SOLAR,_T,2008,7.645
1669,A,SPC_7_b_1,PF,_T,_T,_T,_T,_T,_T,TRE_SOLAR,_T,2009,8.406
1670,A,SPC_7_b_1,PF,_T,_T,_T,_T,_T,_T,TRE_SOLAR,_T,2010,10.219
1671,A,SPC_7_b_1,PF,_T,_T,_T,_T,_T,_T,TRE_SOLAR,_T,2011,38.561
1672,A,SPC_7_b_1,PF,_T,_T,_T,_T,_T,_T,TRE_SOLAR,_T,2012,47.107
1673,A,SPC_7_b_1,PF,_T,_T,_T,_T,_T,_T,TRE_SOLAR,_T,2013,58.674
1674,A,SPC_7_b_1,PF,_T,_T,_T,_T,_T,_T,TRE_SOLAR,_T,2014,84.865
1675,A,SPC_7_b_1,PF,_T,_T,_T,_T,_T,_T,TRE_SOLAR,_T,2015,95.618
1676,A,SPC_7_b_1,PF,_T,_T,_T,_T,_T,_T,TRE_SOLAR,_T,2016,107.651
1677,A,SPC_7_b_1,PF,_T,_T,_T,_T,_T,_T,TRE_SOLAR,_T,2017,119.14
1678,A,SPC_7_b_1,PF,_T,_T,_T,_T,_T,_T,TRE_SOLAR,_T,2018,125.67
1679,A,SPC_7_b_1,PF,_T,_T,_T,_T,_T,_T,TRE_SOLAR,_T,2019,136.796
1680,A,SPC_7_b_1,PF,_T,_T,_T,_T,_T,_T,TRE_SOLAR,_T,2020,147.768
1681,A,SPC_7_b_1,PF,_T,_T,_T,_T,_T,_T,TRE_SOLAR,_T,2021,150.231
1682,A,SPC_7_b_1,PF,_T,_T,_T,_T,_T,_T,TRE_SOLAR,_T,2022,149.129
1683,A,SPC_7_b_1,PF,_T,_T,_T,_T,_T,_T,TRE_WIND,_T,2000,0.478
1684,A,SPC_7_b_1,PF,_T,_T,_T,_T,_T,_T,TRE_WIND,_T,2001,0.471
1685,A,SPC_7_b_1,PF,_T,_T,_T,_T,_T,_T,TRE_WIND,_T,2002,0.463
1686,A,SPC_7_b_1,PF,_T,_T,_T,_T,_T,_T,TRE_WIND,_T,2003,0.456
1687,A,SPC_7_b_1,PF,_T,_T,_T,_T,_T,_T,TRE_WIND,_T,2004,0.505
1688,A,SPC_7_b_1,PF,_T,_T,_T,_T,_T,_T,TRE_WIND,_T,2005,0.498
1689,A,SPC_7_b_1,PF,_T,_T,_T,_T,_T,_T,TRE_WIND,_T,2006,0.491
1690,A,SPC_7_b_1,PF,_T,_T,_T,_T,_T,_T,TRE_WIND,_T,2007,0.568
1691,A,SPC_7_b_1,PF,_T,_T,_T,_T,_T,_T,TRE_WIND,_T,2008,1.312
1692,A,SPC_7_b_1,PF,_T,_T,_T,_T,_T,_T,TRE_WIND,_T,2009,1.304
1693,A,SPC_7_b_1,PF,_T,_T,_T,_T,_T,_T,TRE_WIND,_T,2010,0.874
1694,A,SPC_7_b_1,PF,_T,_T,_T,_T,_T,_T,TRE_WIND,_T,2011,0.869
1695,A,SPC_7_b_1,PF,_T,_T,_T,_T,_T,_T,TRE_WIND,_T,2012,0.865
1696,A,SPC_7_b_1,PF,_T,_T,_T,_T,_T,_T,TRE_WIND,_T,2013,0.861
1697,A,SPC_7_b_1,PF,_T,_T,_T,_T,_T,_T,TRE_WIND,_T,2014,0.856
1698,A,SPC_7_b_1,PF,_T,_T,_T,_T,_T,_T,TRE_WIND,_T,2015,0.85
1699,A,SPC_7_b_1,PF,_T,_T,_T,_T,_T,_T,TRE_WIND,_T,2016,0.845
1700,A,SPC_7_b_1,PF,_T,_T,_T,_T,_T,_T,TRE_WIND,_T,2017,0.839
1701,A,SPC_7_b_1,PF,_T,_T,_T,_T,_T,_T,TRE_WIND,_T,2018,0.833
1702,A,SPC_7_b_1,PF,_T,_T,_T,_T,_T,_T,TRE_WIND,_T,2019,0.827
1703,A,SPC_7_b_1,PF,_T,_T,_T,_T,_T,_T,TRE_WIND,_T,2020,0.821
1704,A,SPC_7_b_1,PF,_T,_T,_T,_T,_T,_T,TRE_WIND,_T,2021,0.816
1705,A,SPC_7_b_1,PF,_T,_T,_T,_T,_T,_T,TRE_WIND,_T,2022,0.81
1706,A,SPC_7_b_1,PG,_T,_T,_T,_T,_T,_T,TRE_ALL,_T,2000,38.606
1707,A,SPC_7_b_1,PG,_T,_T,_T,_T,_T,_T,TRE_ALL,_T,2001,37.373
1708,A,SPC_7_b_1,PG,_T,_T,_T,_T,_T,_T,TRE_ALL,_T,2002,36.142
1709,A,SPC_7_b_1,PG,_T,_T,_T,_T,_T,_T,TRE_ALL,_T,2003,35.99
1710,A,SPC_7_b_1,PG,_T,_T,_T,_T,_T,_T,TRE_ALL,_T,2004,34.837
1711,A,SPC_7_b_1,PG,_T,_T,_T,_T,_T,_T,TRE_ALL,_T,2005,38.351
1712,A,SPC_7_b_1,PG,_T,_T,_T,_T,_T,_T,TRE_ALL,_T,2006,37.154
1713,A,SPC_7_b_1,PG,_T,_T,_T,_T,_T,_T,TRE_ALL,_T,2007,40.057
1714,A,SPC_7_b_1,PG,_T,_T,_T,_T,_T,_T,TRE_ALL,_T,2008,39.96
1715,A,SPC_7_b_1,PG,_T,_T,_T,_T,_T,_T,TRE_ALL,_T,2009,39.032
1716,A,SPC_7_b_1,PG,_T,_T,_T,_T,_T,_T,TRE_ALL,_T,2010,38.932
1717,A,SPC_7_b_1,PG,_T,_T,_T,_T,_T,_T,TRE_ALL,_T,2011,37.818
1718,A,SPC_7_b_1,PG,_T,_T,_T,_T,_T,_T,TRE_ALL,_T,2012,38.191
1719,A,SPC_7_b_1,PG,_T,_T,_T,_T,_T,_T,TRE_ALL,_T,2013,37.407
1720,A,SPC_7_b_1,PG,_T,_T,_T,_T,_T,_T,TRE_ALL,_T,2014,36.471
1721,A,SPC_7_b_1,PG,_T,_T,_T,_T,_T,_T,TRE_ALL,_T,2015,37.69
1722,A,SPC_7_b_1,PG,_T,_T,_T,_T,_T,_T,TRE_ALL,_T,2016,36.811
1723,A,SPC_7_b_1,PG,_T,_T,_T,_T,_T,_T,TRE_ALL,_T,2017,35.936
1724,A,SPC_7_b_1,PG,_T,_T,_T,_T,_T,_T,TRE_ALL,_T,2018,35.117
1725,A,SPC_7_b_1,PG,_T,_T,_T,_T,_T,_T,TRE_ALL,_T,2019,34.514
1726,A,SPC_7_b_1,PG,_T,_T,_T,_T,_T,_T,TRE_ALL,_T,2020,33.793
1727,A,SPC_7_b_1,PG,_T,_T,_T,_T,_T,_T,TRE_ALL,_T,2021,33.168
1728,A,SPC_7_b_1,PG,_T,_T,_T,_T,_T,_T,TRE_ALL,_T,2022,32.856
1729,A,SPC_7_b_1,PG,_T,_T,_T,_T,_T,_T,TRE_BIO,_T,2000,2.632
1730,A,SPC_7_b_1,PG,_T,_T,_T,_T,_T,_T,TRE_BIO,_T,2001,2.545
1731,A,SPC_7_b_1,PG,_T,_T,_T,_T,_T,_T,TRE_BIO,_T,2002,2.461
1732,A,SPC_7_b_1,PG,_T,_T,_T,_T,_T,_T,TRE_BIO,_T,2003,2.381
1733,A,SPC_7_b_1,PG,_T,_T,_T,_T,_T,_T,TRE_BIO,_T,2004,2.304
1734,A,SPC_7_b_1,PG,_T,_T,_T,_T,_T,_T,TRE_BIO,_T,2005,2.231
1735,A,SPC_7_b_1,PG,_T,_T,_T,_T,_T,_T,TRE_BIO,_T,2006,2.162
1736,A,SPC_7_b_1,PG,_T,_T,_T,_T,_T,_T,TRE_BIO,_T,2007,2.095
1737,A,SPC_7_b_1,PG,_T,_T,_T,_T,_T,_T,TRE_BIO,_T,2008,2.031
1738,A,SPC_7_b_1,PG,_T,_T,_T,_T,_T,_T,TRE_BIO,_T,2009,1.97
1739,A,SPC_7_b_1,PG,_T,_T,_T,_T,_T,_T,TRE_BIO,_T,2010,1.912
1740,A,SPC_7_b_1,PG,_T,_T,_T,_T,_T,_T,TRE_BIO,_T,2011,1.857
1741,A,SPC_7_b_1,PG,_T,_T,_T,_T,_T,_T,TRE_BIO,_T,2012,2.044
1742,A,SPC_7_b_1,PG,_T,_T,_T,_T,_T,_T,TRE_BIO,_T,2013,2.221
1743,A,SPC_7_b_1,PG,_T,_T,_T,_T,_T,_T,TRE_BIO,_T,2014,2.163
1744,A,SPC_7_b_1,PG,_T,_T,_T,_T,_T,_T,TRE_BIO,_T,2015,2.109
1745,A,SPC_7_b_1,PG,_T,_T,_T,_T,_T,_T,TRE_BIO,_T,2016,2.058
1746,A,SPC_7_b_1,PG,_T,_T,_T,_T,_T,_T,TRE_BIO,_T,2017,2.009
1747,A,SPC_7_b_1,PG,_T,_T,_T,_T,_T,_T,TRE_BIO,_T,2018,1.963
1748,A,SPC_7_b_1,PG,_T,_T,_T,_T,_T,_T,TRE_BIO,_T,2019,1.919
1749,A,SPC_7_b_1,PG,_T,_T,_T,_T,_T,_T,TRE_BIO,_T,2020,1.878
1750,A,SPC_7_b_1,PG,_T,_T,_T,_T,_T,_T,TRE_BIO,_T,2021,1.841
1751,A,SPC_7_b_1,PG,_T,_T,_T,_T,_T,_T,TRE_BIO,_T,2022,1.805
1752,A,SPC_7_b_1,PG,_T,_T,_T,_T,_T,_T,TRE_GEO,_T,2000,0.0
1753,A,SPC_7_b_1,PG,_T,_T,_T,_T,_T,_T,TRE_GEO,_T,2001,0.0
1754,A,SPC_7_b_1,PG,_T,_T,_T,_T,_T,_T,TRE_GEO,_T,2002,0.0
1755,A,SPC_7_b_1,PG,_T,_T,_T,_T,_T,_T,TRE_GEO,_T,2003,0.985
1756,A,SPC_7_b_1,PG,_T,_T,_T,_T,_T,_T,TRE_GEO,_T,2004,0.953
1757,A,SPC_7_b_1,PG,_T,_T,_T,_T,_T,_T,TRE_GEO,_T,2005,5.539
1758,A,SPC_7_b_1,PG,_T,_T,_T,_T,_T,_T,TRE_GEO,_T,2006,5.367
1759,A,SPC_7_b_1,PG,_T,_T,_T,_T,_T,_T,TRE_GEO,_T,2007,8.091
1760,A,SPC_7_b_1,PG,_T,_T,_T,_T,_T,_T,TRE_GEO,_T,2008,7.845
1761,A,SPC_7_b_1,PG,_T,_T,_T,_T,_T,_T,TRE_GEO,_T,2009,6.795
1762,A,SPC_7_b_1,PG,_T,_T,_T,_T,_T,_T,TRE_GEO,_T,2010,6.593
1763,A,SPC_7_b_1,PG,_T,_T,_T,_T,_T,_T,TRE_GEO,_T,2011,6.405
1764,A,SPC_7_b_1,PG,_T,_T,_T,_T,_T,_T,TRE_GEO,_T,2012,6.229
1765,A,SPC_7_b_1,PG,_T,_T,_T,_T,_T,_T,TRE_GEO,_T,2013,6.064
1766,A,SPC_7_b_1,PG,_T,_T,_T,_T,_T,_T,TRE_GEO,_T,2014,5.907
1767,A,SPC_7_b_1,PG,_T,_T,_T,_T,_T,_T,TRE_GEO,_T,2015,5.759
1768,A,SPC_7_b_1,PG,_T,_T,_T,_T,_T,_T,TRE_GEO,_T,2016,5.619
1769,A,SPC_7_b_1,PG,_T,_T,_T,_T,_T,_T,TRE_GEO,_T,2017,5.486
1770,A,SPC_7_b_1,PG,_T,_T,_T,_T,_T,_T,TRE_GEO,_T,2018,5.36
1771,A,SPC_7_b_1,PG,_T,_T,_T,_T,_T,_T,TRE_GEO,_T,2019,5.24
1772,A,SPC_7_b_1,PG,_T,_T,_T,_T,_T,_T,TRE_GEO,_T,2020,5.128
1773,A,SPC_7_b_1,PG,_T,_T,_T,_T,_T,_T,TRE_GEO,_T,2021,5.025
1774,A,SPC_7_b_1,PG,_T,_T,_T,_T,_T,_T,TRE_GEO,_T,2022,4.93
1775,A,SPC_7_b_1,PG,_T,_T,_T,_T,_T,_T,TRE_HYDRO,_T,2000,35.974
1776,A,SPC_7_b_1,PG,_T,_T,_T,_T,_T,_T,TRE_HYDRO,_T,2001,34.773
1777,A,SPC_7_b_1,PG,_T,_T,_T,_T,_T,_T,TRE_HYDRO,_T,2002,33.628
1778,A,SPC_7_b_1,PG,_T,_T,_T,_T,_T,_T,TRE_HYDRO,_T,2003,32.572
1779,A,SPC_7_b_1,PG,_T,_T,_T,_T,_T,_T,TRE_HYDRO,_T,2004,31.525
1780,A,SPC_7_b_1,PG,_T,_T,_T,_T,_T,_T,TRE_HYDRO,_T,2005,30.528
1781,A,SPC_7_b_1,PG,_T,_T,_T,_T,_T,_T,TRE_HYDRO,_T,2006,29.575
1782,A,SPC_7_b_1,PG,_T,_T,_T,_T,_T,_T,TRE_HYDRO,_T,2007,29.821
1783,A,SPC_7_b_1,PG,_T,_T,_T,_T,_T,_T,TRE_HYDRO,_T,2008,30.036
1784,A,SPC_7_b_1,PG,_T,_T,_T,_T,_T,_T,TRE_HYDRO,_T,2009,30.221
1785,A,SPC_7_b_1,PG,_T,_T,_T,_T,_T,_T,TRE_HYDRO,_T,2010,30.382
1786,A,SPC_7_b_1,PG,_T,_T,_T,_T,_T,_T,TRE_HYDRO,_T,2011,29.513
1787,A,SPC_7_b_1,PG,_T,_T,_T,_T,_T,_T,TRE_HYDRO,_T,2012,29.875
1788,A,SPC_7_b_1,PG,_T,_T,_T,_T,_T,_T,TRE_HYDRO,_T,2013,29.081
1789,A,SPC_7_b_1,PG,_T,_T,_T,_T,_T,_T,TRE_HYDRO,_T,2014,28.36
1790,A,SPC_7_b_1,PG,_T,_T,_T,_T,_T,_T,TRE_HYDRO,_T,2015,29.721
1791,A,SPC_7_b_1,PG,_T,_T,_T,_T,_T,_T,TRE_HYDRO,_T,2016,28.997
1792,A,SPC_7_b_1,PG,_T,_T,_T,_T,_T,_T,TRE_HYDRO,_T,2017,28.311
1793,A,SPC_7_b_1,PG,_T,_T,_T,_T,_T,_T,TRE_HYDRO,_T,2018,27.66
1794,A,SPC_7_b_1,PG,_T,_T,_T,_T,_T,_T,TRE_HYDRO,_T,2019,27.042
1795,A,SPC_7_b_1,PG,_T,_T,_T,_T,_T,_T,TRE_HYDRO,_T,2020,26.467
1796,A,SPC_7_b_1,PG,_T,_T,_T,_T,_T,_T,TRE_HYDRO,_T,2021,25.936
1797,A,SPC_7_b_1,PG,_T,_T,_T,_T,_T,_T,TRE_HYDRO,_T,2022,25.737
1798,A,SPC_7_b_1,PG,_T,_T,_T,_T,_T,_T,TRE_SOLAR,_T,2000,0.0
1799,A,SPC_7_b_1,PG,_T,_T,_T,_T,_T,_T,TRE_SOLAR,_T,2001,0.056
1800,A,SPC_7_b_1,PG,_T,_T,_T,_T,_T,_T,TRE_SOLAR,_T,2002,0.054
1801,A,SPC_7_b_1,PG,_T,_T,_T,_T,_T,_T,TRE_SOLAR,_T,2003,0.052
1802,A,SPC_7_b_1,PG,_T,_T,_T,_T,_T,_T,TRE_SOLAR,_T,2004,0.054
1803,A,SPC_7_b_1,PG,_T,_T,_T,_T,_T,_T,TRE_SOLAR,_T,2005,0.052
1804,A,SPC_7_b_1,PG,_T,_T,_T,_T,_T,_T,TRE_SOLAR,_T,2006,0.051
1805,A,SPC_7_b_1,PG,_T,_T,_T,_T,_T,_T,TRE_SOLAR,_T,2007,0.049
1806,A,SPC_7_b_1,PG,_T,_T,_T,_T,_T,_T,TRE_SOLAR,_T,2008,0.047
1807,A,SPC_7_b_1,PG,_T,_T,_T,_T,_T,_T,TRE_SOLAR,_T,2009,0.046
1808,A,SPC_7_b_1,PG,_T,_T,_T,_T,_T,_T,TRE_SOLAR,_T,2010,0.045
1809,A,SPC_7_b_1,PG,_T,_T,_T,_T,_T,_T,TRE_SOLAR,_T,2011,0.043
1810,A,SPC_7_b_1,PG,_T,_T,_T,_T,_T,_T,TRE_SOLAR,_T,2012,0.042
1811,A,SPC_7_b_1,PG,_T,_T,_T,_T,_T,_T,TRE_SOLAR,_T,2013,0.041
1812,A,SPC_7_b_1,PG,_T,_T,_T,_T,_T,_T,TRE_SOLAR,_T,2014,0.04
1813,A,SPC_7_b_1,PG,_T,_T,_T,_T,_T,_T,TRE_SOLAR,_T,2015,0.101
1814,A,SPC_7_b_1,PG,_T,_T,_T,_T,_T,_T,TRE_SOLAR,_T,2016,0.138
1815,A,SPC_7_b_1,PG,_T,_T,_T,_T,_T,_T,TRE_SOLAR,_T,2017,0.131
1816,A,SPC_7_b_1,PG,_T,_T,_T,_T,_T,_T,TRE_SOLAR,_T,2018,0.135
1817,A,SPC_7_b_1,PG,_T,_T,_T,_T,_T,_T,TRE_SOLAR,_T,2019,0.314
1818,A,SPC_7_b_1,PG,_T,_T,_T,_T,_T,_T,TRE_SOLAR,_T,2020,0.319
1819,A,SPC_7_b_1,PG,_T,_T,_T,_T,_T,_T,TRE_SOLAR,_T,2021,0.366
1820,A,SPC_7_b_1,PG,_T,_T,_T,_T,_T,_T,TRE_SOLAR,_T,2022,0.383
1821,A,SPC_7_b_1,PG,_T,_T,_T,_T,_T,_T,TRE_WIND,_T,2000,0.0
1822,A,SPC_7_b_1,PG,_T,_T,_T,_T,_T,_T,TRE_WIND,_T,2001,0.0
1823,A,SPC_7_b_1,PG,_T,_T,_T,_T,_T,_T,TRE_WIND,_T,2002,0.0
1824,A,SPC_7_b_1,PG,_T,_T,_T,_T,_T,_T,TRE_WIND,_T,2003,0.0
1825,A,SPC_7_b_1,PG,_T,_T,_T,_T,_T,_T,TRE_WIND,_T,2004,0.0
1826,A,SPC_7_b_1,PG,_T,_T,_T,_T,_T,_T,TRE_WIND,_T,2005,0.0
1827,A,SPC_7_b_1,PG,_T,_T,_T,_T,_T,_T,TRE_WIND,_T,2006,0.0
1828,A,SPC_7_b_1,PG,_T,_T,_T,_T,_T,_T,TRE_WIND,_T,2007,0.0
1829,A,SPC_7_b_1,PG,_T,_T,_T,_T,_T,_T,TRE_WIND,_T,2008,0.0
1830,A,SPC_7_b_1,PG,_T,_T,_T,_T,_T,_T,TRE_WIND,_T,2009,0.0
1831,A,SPC_7_b_1,PG,_T,_T,_T,_T,_T,_T,TRE_WIND,_T,2010,0.0
1832,A,SPC_7_b_1,PG,_T,_T,_T,_T,_T,_T,TRE_WIND,_T,2011,0.0
1833,A,SPC_7_b_1,PG,_T,_T,_T,_T,_T,_T,TRE_WIND,_T,2012,0.0
1834,A,SPC_7_b_1,PG,_T,_T,_T,_T,_T,_T,TRE_WIND,_T,2013,0.0
1835,A,SPC_7_b_1,PG,_T,_T,_T,_T,_T,_T,TRE_WIND,_T,2014,0.0
1836,A,SPC_7_b_1,PG,_T,_T,_T,_T,_T,_T,TRE_WIND,_T,2015,0.0
1837,A,SPC_7_b_1,PG,_T,_T,_T,_T,_T,_T,TRE_WIND,_T,2016,0.0
1838,A,SPC_7_b_1,PG,_T,_T,_T,_T,_T,_T,TRE_WIND,_T,2017,0.0
1839,A,SPC_7_b_1,PG,_T,_T,_T,_T,_T,_T,TRE_WIND,_T,2018,0.0
1840,A,SPC_7_b_1,PG,_T,_T,_T,_T,_T,_T,TRE_WIND,_T,2019,0.0
1841,A,SPC_7_b_1,PG,_T,_T,_T,_T,_T,_T,TRE_WIND,_T,2020,0.0
1842,A,SPC_7_b_1,PG,_T,_T,_T,_T,_T,_T,TRE_WIND,_T,2021,0.0
1843,A,SPC_7_b_1,PG,_T,_T,_T,_T,_T,_T,TRE_WIND,_T,2022,0.0
1844,A,SPC_7_b_1,PW,_T,_T,_T,_T,_T,_T,TRE_ALL,_T,2000,0.203
1845,A,SPC_7_b_1,PW,_T,_T,_T,_T,_T,_T,TRE_ALL,_T,2001,0.202
1846,A,SPC_7_b_1,PW,_T,_T,_T,_T,_T,_T,TRE_ALL,_T,2002,0.202
1847,A,SPC_7_b_1,PW,_T,_T,_T,_T,_T,_T,TRE_ALL,_T,2003,0.201
1848,A,SPC_7_b_1,PW,_T,_T,_T,_T,_T,_T,TRE_ALL,_T,2004,0.201
1849,A,SPC_7_b_1,PW,_T,_T,_T,_T,_T,_T,TRE_ALL,_T,2005,1.614
1850,A,SPC_7_b_1,PW,_T,_T,_T,_T,_T,_T,TRE_ALL,_T,2006,1.631
1851,A,SPC_7_b_1,PW,_T,_T,_T,_T,_T,_T,TRE_ALL,_T,2007,1.652
1852,A,SPC_7_b_1,PW,_T,_T,_T,_T,_T,_T,TRE_ALL,_T,2008,14.763
1853,A,SPC_7_b_1,PW,_T,_T,_T,_T,_T,_T,TRE_ALL,_T,2009,14.979
1854,A,SPC_7_b_1,PW,_T,_T,_T,_T,_T,_T,TRE_ALL,_T,2010,15.75
1855,A,SPC_7_b_1,PW,_T,_T,_T,_T,_T,_T,TRE_ALL,_T,2011,31.634
1856,A,SPC_7_b_1,PW,_T,_T,_T,_T,_T,_T,TRE_ALL,_T,2012,37.167
1857,A,SPC_7_b_1,PW,_T,_T,_T,_T,_T,_T,TRE_ALL,_T,2013,41.842
1858,A,SPC_7_b_1,PW,_T,_T,_T,_T,_T,_T,TRE_ALL,_T,2014,63.554
1859,A,SPC_7_b_1,PW,_T,_T,_T,_T,_T,_T,TRE_ALL,_T,2015,63.561
1860,A,SPC_7_b_1,PW,_T,_T,_T,_T,_T,_T,TRE_ALL,_T,2016,117.872
1861,A,SPC_7_b_1,PW,_T,_T,_T,_T,_T,_T,TRE_ALL,_T,2017,117.733
1862,A,SPC_7_b_1,PW,_T,_T,_T,_T,_T,_T,TRE_ALL,_T,2018,139.946
1863,A,SPC_7_b_1,PW,_T,_T,_T,_T,_T,_T,TRE_ALL,_T,2019,146.126
1864,A,SPC_7_b_1,PW,_T,_T,_T,_T,_T,_T,TRE_ALL,_T,2020,162.531
1865,A,SPC_7_b_1,PW,_T,_T,_T,_T,_T,_T,TRE_ALL,_T,2021,240.679
1866,A,SPC_7_b_1,PW,_T,_T,_T,_T,_T,_T,TRE_ALL,_T,2022,240.266
1867,A,SPC_7_b_1,PW,_T,_T,_T,_T,_T,_T,TRE_BIO,_T,2000,0.0
1868,A,SPC_7_b_1,PW,_T,_T,_T,_T,_T,_T,TRE_BIO,_T,2001,0.0
1869,A,SPC_7_b_1,PW,_T,_T,_T,_T,_T,_T,TRE_BIO,_T,2002,0.0
1870,A,SPC_7_b_1,PW,_T,_T,_T,_T,_T,_T,TRE_BIO,_T,2003,0.0
1871,A,SPC_7_b_1,PW,_T,_T,_T,_T,_T,_T,TRE_BIO,_T,2004,0.0
1872,A,SPC_7_b_1,PW,_T,_T,_T,_T,_T,_T,TRE_BIO,_T,2005,0.0
1873,A,SPC_7_b_1,PW,_T,_T,_T,_T,_T,_T,TRE_BIO,_T,2006,0.0
1874,A,SPC_7_b_1,PW,_T,_T,_T,_T,_T,_T,TRE_BIO,_T,2007,0.0
1875,A,SPC_7_b_1,PW,_T,_T,_T,_T,_T,_T,TRE_BIO,_T,2008,0.0
1876,A,SPC_7_b_1,PW,_T,_T,_T,_T,_T,_T,TRE_BIO,_T,2009,0.0
1877,A,SPC_7_b_1,PW,_T,_T,_T,_T,_T,_T,TRE_BIO,_T,2010,0.0
1878,A,SPC_7_b_1,PW,_T,_T,_T,_T,_T,_T,TRE_BIO,_T,2011,0.0
1879,A,SPC_7_b_1,PW,_T,_T,_T,_T,_T,_T,TRE_BIO,_T,2012,0.0
1880,A,SPC_7_b_1,PW,_T,_T,_T,_T,_T,_T,TRE_BIO,_T,2013,0.0
1881,A,SPC_7_b_1,PW,_T,_T,_T,_T,_T,_T,TRE_BIO,_T,2014,0.0
1882,A,SPC_7_b_1,PW,_T,_T,_T,_T,_T,_T,TRE_BIO,_T,2015,0.0
1883,A,SPC_7_b_1,PW,_T,_T,_T,_T,_T,_T,TRE_BIO,_T,2016,0.0
1884,A,SPC_7_b_1,PW,_T,_T,_T,_T,_T,_T,TRE_BIO,_T,2017,0.0
1885,A,SPC_7_b_1,PW,_T,_T,_T,_T,_T,_T,TRE_BIO,_T,2018,0.0
1886,A,SPC_7_b_1,PW,_T,_T,_T,_T,_T,_T,TRE_BIO,_T,2019,0.0
1887,A,SPC_7_b_1,PW,_T,_T,_T,_T,_T,_T,TRE_BIO,_T,2020,0.0
1888,A,SPC_7_b_1,PW,_T,_T,_T,_T,_T,_T,TRE_BIO,_T,2021,0.0
1889,A,SPC_7_b_1,PW,_T,_T,_T,_T,_T,_T,TRE_BIO,_T,2022,0.0
1890,A,SPC_7_b_1,PW,_T,_T,_T,_T,_T,_T,TRE_GEO,_T,2000,0.0
1891,A,SPC_7_b_1,PW,_T,_T,_T,_T,_T,_T,TRE_GEO,_T,2001,0.0
1892,A,SPC_7_b_1,PW,_T,_T,_T,_T,_T,_T,TRE_GEO,_T,2002,0.0
1893,A,SPC_7_b_1,PW,_T,_T,_T,_T,_T,_T,TRE_GEO,_T,2003,0.0
1894,A,SPC_7_b_1,PW,_T,_T,_T,_T,_T,_T,TRE_GEO,_T,2004,0.0
1895,A,SPC_7_b_1,PW,_T,_T,_T,_T,_T,_T,TRE_GEO,_T,2005,0.0
1896,A,SPC_7_b_1,PW,_T,_T,_T,_T,_T,_T,TRE_GEO,_T,2006,0.0
1897,A,SPC_7_b_1,PW,_T,_T,_T,_T,_T,_T,TRE_GEO,_T,2007,0.0
1898,A,SPC_7_b_1,PW,_T,_T,_T,_T,_T,_T,TRE_GEO,_T,2008,0.0
1899,A,SPC_7_b_1,PW,_T,_T,_T,_T,_T,_T,TRE_GEO,_T,2009,0.0
1900,A,SPC_7_b_1,PW,_T,_T,_T,_T,_T,_T,TRE_GEO,_T,2010,0.0
1901,A,SPC_7_b_1,PW,_T,_T,_T,_T,_T,_T,TRE_GEO,_T,2011,0.0
1902,A,SPC_7_b_1,PW,_T,_T,_T,_T,_T,_T,TRE_GEO,_T,2012,0.0
1903,A,SPC_7_b_1,PW,_T,_T,_T,_T,_T,_T,TRE_GEO,_T,2013,0.0
1904,A,SPC_7_b_1,PW,_T,_T,_T,_T,_T,_T,TRE_GEO,_T,2014,0.0
1905,A,SPC_7_b_1,PW,_T,_T,_T,_T,_T,_T,TRE_GEO,_T,2015,0.0
1906,A,SPC_7_b_1,PW,_T,_T,_T,_T,_T,_T,TRE_GEO,_T,2016,0.0
1907,A,SPC_7_b_1,PW,_T,_T,_T,_T,_T,_T,TRE_GEO,_T,2017,0.0
1908,A,SPC_7_b_1,PW,_T,_T,_T,_T,_T,_T,TRE_GEO,_T,2018,0.0
1909,A,SPC_7_b_1,PW,_T,_T,_T,_T,_T,_T,TRE_GEO,_T,2019,0.0
1910,A,SPC_7_b_1,PW,_T,_T,_T,_T,_T,_T,TRE_GEO,_T,2020,0.0
1911,A,SPC_7_b_1,PW,_T,_T,_T,_T,_T,_T,TRE_GEO,_T,2021,0.0
1912,A,SPC_7_b_1,PW,_T,_T,_T,_T,_T,_T,TRE_GEO,_T,2022,0.0
1913,A,SPC_7_b_1,PW,_T,_T,_T,_T,_T,_T,TRE_HYDRO,_T,2000,0.0
1914,A,SPC_7_b_1,PW,_T,_T,_T,_T,_T,_T,TRE_HYDRO,_T,2001,0.0
1915,A,SPC_7_b_1,PW,_T,_T,_T,_T,_T,_T,TRE_HYDRO,_T,2002,0.0
1916,A,SPC_7_b_1,PW,_T,_T,_T,_T,_T,_T,TRE_HYDRO,_T,2003,0.0
1917,A,SPC_7_b_1,PW,_T,_T,_T,_T,_T,_T,TRE_HYDRO,_T,2004,0.0
1918,A,SPC_7_b_1,PW,_T,_T,_T,_T,_T,_T,TRE_HYDRO,_T,2005,0.0
1919,A,SPC_7_b_1,PW,_T,_T,_T,_T,_T,_T,TRE_HYDRO,_T,2006,0.0
1920,A,SPC_7_b_1,PW,_T,_T,_T,_T,_T,_T,TRE_HYDRO,_T,2007,0.0
1921,A,SPC_7_b_1,PW,_T,_T,_T,_T,_T,_T,TRE_HYDRO,_T,2008,0.0
1922,A,SPC_7_b_1,PW,_T,_T,_T,_T,_T,_T,TRE_HYDRO,_T,2009,0.0
1923,A,SPC_7_b_1,PW,_T,_T,_T,_T,_T,_T,TRE_HYDRO,_T,2010,0.0
1924,A,SPC_7_b_1,PW,_T,_T,_T,_T,_T,_T,TRE_HYDRO,_T,2011,0.0
1925,A,SPC_7_b_1,PW,_T,_T,_T,_T,_T,_T,TRE_HYDRO,_T,2012,0.0
1926,A,SPC_7_b_1,PW,_T,_T,_T,_T,_T,_T,TRE_HYDRO,_T,2013,0.0
1927,A,SPC_7_b_1,PW,_T,_T,_T,_T,_T,_T,TRE_HYDRO,_T,2014,0.0
1928,A,SPC_7_b_1,PW,_T,_T,_T,_T,_T,_T,TRE_HYDRO,_T,2015,0.0
1929,A,SPC_7_b_1,PW,_T,_T,_T,_T,_T,_T,TRE_HYDRO,_T,2016,0.0
1930,A,SPC_7_b_1,PW,_T,_T,_T,_T,_T,_T,TRE_HYDRO,_T,2017,0.0
1931,A,SPC_7_b_1,PW,_T,_T,_T,_T,_T,_T,TRE_HYDRO,_T,2018,0.0
1932,A,SPC_7_b_1,PW,_T,_T,_T,_T,_T,_T,TRE_HYDRO,_T,2019,0.0
1933,A,SPC_7_b_1,PW,_T,_T,_T,_T,_T,_T,TRE_HYDRO,_T,2020,0.0
1934,A,SPC_7_b_1,PW,_T,_T,_T,_T,_T,_T,TRE_HYDRO,_T,2021,0.0
1935,A,SPC_7_b_1,PW,_T,_T,_T,_T,_T,_T,TRE_HYDRO,_T,2022,0.0
1936,A,SPC_7_b_1,PW,_T,_T,_T,_T,_T,_T,TRE_SOLAR,_T,2000,0.203
1937,A,SPC_7_b_1,PW,_T,_T,_T,_T,_T,_T,TRE_SOLAR,_T,2001,0.202
1938,A,SPC_7_b_1,PW,_T,_T,_T,_T,_T,_T,TRE_SOLAR,_T,2002,0.202
1939,A,SPC_7_b_1,PW,_T,_T,_T,_T,_T,_T,TRE_SOLAR,_T,2003,0.201
1940,A,SPC_7_b_1,PW,_T,_T,_T,_T,_T,_T,TRE_SOLAR,_T,2004,0.201
1941,A,SPC_7_b_1,PW,_T,_T,_T,_T,_T,_T,TRE_SOLAR,_T,2005,1.614
1942,A,SPC_7_b_1,PW,_T,_T,_T,_T,_T,_T,TRE_SOLAR,_T,2006,1.631
1943,A,SPC_7_b_1,PW,_T,_T,_T,_T,_T,_T,TRE_SOLAR,_T,2007,1.652
1944,A,SPC_7_b_1,PW,_T,_T,_T,_T,_T,_T,TRE_SOLAR,_T,2008,14.763
1945,A,SPC_7_b_1,PW,_T,_T,_T,_T,_T,_T,TRE_SOLAR,_T,2009,14.979
1946,A,SPC_7_b_1,PW,_T,_T,_T,_T,_T,_T,TRE_SOLAR,_T,2010,15.75
1947,A,SPC_7_b_1,PW,_T,_T,_T,_T,_T,_T,TRE_SOLAR,_T,2011,31.634
1948,A,SPC_7_b_1,PW,_T,_T,_T,_T,_T,_T,TRE_SOLAR,_T,2012,37.167
1949,A,SPC_7_b_1,PW,_T,_T,_T,_T,_T,_T,TRE_SOLAR,_T,2013,41.842
1950,A,SPC_7_b_1,PW,_T,_T,_T,_T,_T,_T,TRE_SOLAR,_T,2014,63.554
1951,A,SPC_7_b_1,PW,_T,_T,_T,_T,_T,_T,TRE_SOLAR,_T,2015,63.561
1952,A,SPC_7_b_1,PW,_T,_T,_T,_T,_T,_T,TRE_SOLAR,_T,2016,117.872
1953,A,SPC_7_b_1,PW,_T,_T,_T,_T,_T,_T,TRE_SOLAR,_T,2017,117.733
1954,A,SPC_7_b_1,PW,_T,_T,_T,_T,_T,_T,TRE_SOLAR,_T,2018,139.946
1955,A,SPC_7_b_1,PW,_T,_T,_T,_T,_T,_T,TRE_SOLAR,_T,2019,146.126
1956,A,SPC_7_b_1,PW,_T,_T,_T,_T,_T,_T,TRE_SOLAR,_T,2020,162.531
1957,A,SPC_7_b_1,PW,_T,_T,_T,_T,_T,_T,TRE_SOLAR,_T,2021,240.679
1958,A,SPC_7_b_1,PW,_T,_T,_T,_T,_T,_T,TRE_SOLAR,_T,2022,240.266
1959,A,SPC_7_b_1,PW,_T,_T,_T,_T,_T,_T,TRE_WIND,_T,2000,0.0
1960,A,SPC_7_b_1,PW,_T,_T,_T,_T,_T,_T,TRE_WIND,_T,2001,0.0
1961,A,SPC_7_b_1,PW,_T,_T,_T,_T,_T,_T,TRE_WIND,_T,2002,0.0
1962,A,SPC_7_b_1,PW,_T,_T,_T,_T,_T,_T,TRE_WIND,_T,2003,0.0
1963,A,SPC_7_b_1,PW,_T,_T,_T,_T,_T,_T,TRE_WIND,_T,2004,0.0
1964,A,SPC_7_b_1,PW,_T,_T,_T,_T,_T,_T,TRE_WIND,_T,2005,0.0
1965,A,SPC_7_b_1,PW,_T,_T,_T,_T,_T,_T,TRE_WIND,_T,2006,0.0
1966,A,SPC_7_b_1,PW,_T,_T,_T,_T,_T,_T,TRE_WIND,_T,2007,0.0
1967,A,SPC_7_b_1,PW,_T,_T,_T,_T,_T,_T,TRE_WIND,_T,2008,0.0
1968,A,SPC_7_b_1,PW,_T,_T,_T,_T,_T,_T,TRE_WIND,_T,2009,0.0
1969,A,SPC_7_b_1,PW,_T,_T,_T,_T,_T,_T,TRE_WIND,_T,2010,0.0
1970,A,SPC_7_b_1,PW,_T,_T,_T,_T,_T,_T,TRE_WIND,_T,2011,0.0
1971,A,SPC_7_b_1,PW,_T,_T,_T,_T,_T,_T,TRE_WIND,_T,2012,0.0
1972,A,SPC_7_b_1,PW,_T,_T,_T,_T,_T,_T,TRE_WIND,_T,2013,0.0
1973,A,SPC_7_b_1,PW,_T,_T,_T,_T,_T,_T,TRE_WIND,_T,2014,0.0
1974,A,SPC_7_b_1,PW,_T,_T,_T,_T,_T,_T,TRE_WIND,_T,2015,0.0
1975,A,SPC_7_b_1,PW,_T,_T,_T,_T,_T,_T,TRE_WIND,_T,2016,0.0
1976,A,SPC_7_b_1,PW,_T,_T,_T,_T,_T,_T,TRE_WIND,_T,2017,0.0
1977,A,SPC_7_b_1,PW,_T,_T,_T,_T,_T,_T,TRE_WIND,_T,2018,0.0
1978,A,SPC_7_b_1,PW,_T,_T,_T,_T,_T,_T,TRE_WIND,_T,2019,0.0
1979,A,SPC_7_b_1,PW,_T,_T,_T,_T,_T,_T,TRE_WIND,_T,2020,0.0
1980,A,SPC_7_b_1,PW,_T,_T,_T,_T,_T,_T,TRE_WIND,_T,2021,0.0
1981,A,SPC_7_b_1,PW,_T,_T,_T,_T,_T,_T,TRE_WIND,_T,2022,0.0
1982,A,SPC_7_b_1,SB,_T,_T,_T,_T,_T,_T,TRE_ALL,_T,2000,0.723
1983,A,SPC_7_b_1,SB,_T,_T,_T,_T,_T,_T,TRE_ALL,_T,2001,0.706
1984,A,SPC_7_b_1,SB,_T,_T,_T,_T,_T,_T,TRE_ALL,_T,2002,0.754
1985,A,SPC_7_b_1,SB,_T,_T,_T,_T,_T,_T,TRE_ALL,_T,2003,0.737
1986,A,SPC_7_b_1,SB,_T,_T,_T,_T,_T,_T,TRE_ALL,_T,2004,0.782
1987,A,SPC_7_b_1,SB,_T,_T,_T,_T,_T,_T,TRE_ALL,_T,2005,0.765
1988,A,SPC_7_b_1,SB,_T,_T,_T,_T,_T,_T,TRE_ALL,_T,2006,1.761
1989,A,SPC_7_b_1,SB,_T,_T,_T,_T,_T,_T,TRE_ALL,_T,2007,1.722
1990,A,SPC_7_b_1,SB,_T,_T,_T,_T,_T,_T,TRE_ALL,_T,2008,1.684
1991,A,SPC_7_b_1,SB,_T,_T,_T,_T,_T,_T,TRE_ALL,_T,2009,1.652
1992,A,SPC_7_b_1,SB,_T,_T,_T,_T,_T,_T,TRE_ALL,_T,2010,1.281
1993,A,SPC_7_b_1,SB,_T,_T,_T,_T,_T,_T,TRE_ALL,_T,2011,2.695
1994,A,SPC_7_b_1,SB,_T,_T,_T,_T,_T,_T,TRE_ALL,_T,2012,2.623
1995,A,SPC_7_b_1,SB,_T,_T,_T,_T,_T,_T,TRE_ALL,_T,2013,2.557
1996,A,SPC_7_b_1,SB,_T,_T,_T,_T,_T,_T,TRE_ALL,_T,2014,3.467
1997,A,SPC_7_b_1,SB,_T,_T,_T,_T,_T,_T,TRE_ALL,_T,2015,3.38
1998,A,SPC_7_b_1,SB,_T,_T,_T,_T,_T,_T,TRE_ALL,_T,2016,5.178
1999,A,SPC_7_b_1,SB,_T,_T,_T,_T,_T,_T,TRE_ALL,_T,2017,5.635
2000,A,SPC_7_b_1,SB,_T,_T,_T,_T,_T,_T,TRE_ALL,_T,2018,5.502
2001,A,SPC_7_b_1,SB,_T,_T,_T,_T,_T,_T,TRE_ALL,_T,2019,5.206
2002,A,SPC_7_b_1,SB,_T,_T,_T,_T,_T,_T,TRE_ALL,_T,2020,5.084
2003,A,SPC_7_b_1,SB,_T,_T,_T,_T,_T,_T,TRE_ALL,_T,2021,4.964
2004,A,SPC_7_b_1,SB,_T,_T,_T,_T,_T,_T,TRE_ALL,_T,2022,7.213
2005,A,SPC_7_b_1,SB,_T,_T,_T,_T,_T,_T,TRE_BIO,_T,2000,0.0
2006,A,SPC_7_b_1,SB,_T,_T,_T,_T,_T,_T,TRE_BIO,_T,2001,0.0
2007,A,SPC_7_b_1,SB,_T,_T,_T,_T,_T,_T,TRE_BIO,_T,2002,0.0
2008,A,SPC_7_b_1,SB,_T,_T,_T,_T,_T,_T,TRE_BIO,_T,2003,0.0
2009,A,SPC_7_b_1,SB,_T,_T,_T,_T,_T,_T,TRE_BIO,_T,2004,0.0
2010,A,SPC_7_b_1,SB,_T,_T,_T,_T,_T,_T,TRE_BIO,_T,2005,0.0
2011,A,SPC_7_b_1,SB,_T,_T,_T,_T,_T,_T,TRE_BIO,_T,2006,1.013
2012,A,SPC_7_b_1,SB,_T,_T,_T,_T,_T,_T,TRE_BIO,_T,2007,0.991
2013,A,SPC_7_b_1,SB,_T,_T,_T,_T,_T,_T,TRE_BIO,_T,2008,0.969
2014,A,SPC_7_b_1,SB,_T,_T,_T,_T,_T,_T,TRE_BIO,_T,2009,0.947
2015,A,SPC_7_b_1,SB,_T,_T,_T,_T,_T,_T,TRE_BIO,_T,2010,0.925
2016,A,SPC_7_b_1,SB,_T,_T,_T,_T,_T,_T,TRE_BIO,_T,2011,0.903
2017,A,SPC_7_b_1,SB,_T,_T,_T,_T,_T,_T,TRE_BIO,_T,2012,0.881
2018,A,SPC_7_b_1,SB,_T,_T,_T,_T,_T,_T,TRE_BIO,_T,2013,0.859
2019,A,SPC_7_b_1,SB,_T,_T,_T,_T,_T,_T,TRE_BIO,_T,2014,1.266
2020,A,SPC_7_b_1,SB,_T,_T,_T,_T,_T,_T,TRE_BIO,_T,2015,1.234
2021,A,SPC_7_b_1,SB,_T,_T,_T,_T,_T,_T,TRE_BIO,_T,2016,1.204
2022,A,SPC_7_b_1,SB,_T,_T,_T,_T,_T,_T,TRE_BIO,_T,2017,1.175
2023,A,SPC_7_b_1,SB,_T,_T,_T,_T,_T,_T,TRE_BIO,_T,2018,1.147
2024,A,SPC_7_b_1,SB,_T,_T,_T,_T,_T,_T,TRE_BIO,_T,2019,1.12
2025,A,SPC_7_b_1,SB,_T,_T,_T,_T,_T,_T,TRE_BIO,_T,2020,1.094
2026,A,SPC_7_b_1,SB,_T,_T,_T,_T,_T,_T,TRE_BIO,_T,2021,1.068
2027,A,SPC_7_b_1,SB,_T,_T,_T,_T,_T,_T,TRE_BIO,_T,2022,1.044
2028,A,SPC_7_b_1,SB,_T,_T,_T,_T,_T,_T,TRE_GEO,_T,2000,0.0
2029,A,SPC_7_b_1,SB,_T,_T,_T,_T,_T,_T,TRE_GEO,_T,2001,0.0
2030,A,SPC_7_b_1,SB,_T,_T,_T,_T,_T,_T,TRE_GEO,_T,2002,0.0
2031,A,SPC_7_b_1,SB,_T,_T,_T,_T,_T,_T,TRE_GEO,_T,2003,0.0
2032,A,SPC_7_b_1,SB,_T,_T,_T,_T,_T,_T,TRE_GEO,_T,2004,0.0
2033,A,SPC_7_b_1,SB,_T,_T,_T,_T,_T,_T,TRE_GEO,_T,2005,0.0
2034,A,SPC_7_b_1,SB,_T,_T,_T,_T,_T,_T,TRE_GEO,_T,2006,0.0
2035,A,SPC_7_b_1,SB,_T,_T,_T,_T,_T,_T,TRE_GEO,_T,2007,0.0
2036,A,SPC_7_b_1,SB,_T,_T,_T,_T,_T,_T,TRE_GEO,_T,2008,0.0
2037,A,SPC_7_b_1,SB,_T,_T,_T,_T,_T,_T,TRE_GEO,_T,2009,0.0
2038,A,SPC_7_b_1,SB,_T,_T,_T,_T,_T,_T,TRE_GEO,_T,2010,0.0
2039,A,SPC_7_b_1,SB,_T,_T,_T,_T,_T,_T,TRE_GEO,_T,2011,0.0
2040,A,SPC_7_b_1,SB,_T,_T,_T,_T,_T,_T,TRE_GEO,_T,2012,0.0
2041,A,SPC_7_b_1,SB,_T,_T,_T,_T,_T,_T,TRE_GEO,_T,2013,0.0
2042,A,SPC_7_b_1,SB,_T,_T,_T,_T,_T,_T,TRE_GEO,_T,2014,0.0
2043,A,SPC_7_b_1,SB,_T,_T,_T,_T,_T,_T,TRE_GEO,_T,2015,0.0
2044,A,SPC_7_b_1,SB,_T,_T,_T,_T,_T,_T,TRE_GEO,_T,2016,0.0
2045,A,SPC_7_b_1,SB,_T,_T,_T,_T,_T,_T,TRE_GEO,_T,2017,0.0
2046,A,SPC_7_b_1,SB,_T,_T,_T,_T,_T,_T,TRE_GEO,_T,2018,0.0
2047,A,SPC_7_b_1,SB,_T,_T,_T,_T,_T,_T,TRE_GEO,_T,2019,0.0
2048,A,SPC_7_b_1,SB,_T,_T,_T,_T,_T,_T,TRE_GEO,_T,2020,0.0
2049,A,SPC_7_b_1,SB,_T,_T,_T,_T,_T,_T,TRE_GEO,_T,2021,0.0
2050,A,SPC_7_b_1,SB,_T,_T,_T,_T,_T,_T,TRE_GEO,_T,2022,0.0
2051,A,SPC_7_b_1,SB,_T,_T,_T,_T,_T,_T,TRE_HYDRO,_T,2000,0.723
2052,A,SPC_7_b_1,SB,_T,_T,_T,_T,_T,_T,TRE_HYDRO,_T,2001,0.706
2053,A,SPC_7_b_1,SB,_T,_T,_T,_T,_T,_T,TRE_HYDRO,_T,2002,0.754
2054,A,SPC_7_b_1,SB,_T,_T,_T,_T,_T,_T,TRE_HYDRO,_T,2003,0.737
2055,A,SPC_7_b_1,SB,_T,_T,_T,_T,_T,_T,TRE_HYDRO,_T,2004,0.782
2056,A,SPC_7_b_1,SB,_T,_T,_T,_T,_T,_T,TRE_HYDRO,_T,2005,0.765
2057,A,SPC_7_b_1,SB,_T,_T,_T,_T,_T,_T,TRE_HYDRO,_T,2006,0.748
2058,A,SPC_7_b_1,SB,_T,_T,_T,_T,_T,_T,TRE_HYDRO,_T,2007,0.731
2059,A,SPC_7_b_1,SB,_T,_T,_T,_T,_T,_T,TRE_HYDRO,_T,2008,0.715
2060,A,SPC_7_b_1,SB,_T,_T,_T,_T,_T,_T,TRE_HYDRO,_T,2009,0.699
2061,A,SPC_7_b_1,SB,_T,_T,_T,_T,_T,_T,TRE_HYDRO,_T,2010,0.35
2062,A,SPC_7_b_1,SB,_T,_T,_T,_T,_T,_T,TRE_HYDRO,_T,2011,0.341
2063,A,SPC_7_b_1,SB,_T,_T,_T,_T,_T,_T,TRE_HYDRO,_T,2012,0.333
2064,A,SPC_7_b_1,SB,_T,_T,_T,_T,_T,_T,TRE_HYDRO,_T,2013,0.325
2065,A,SPC_7_b_1,SB,_T,_T,_T,_T,_T,_T,TRE_HYDRO,_T,2014,0.316
2066,A,SPC_7_b_1,SB,_T,_T,_T,_T,_T,_T,TRE_HYDRO,_T,2015,0.308
2067,A,SPC_7_b_1,SB,_T,_T,_T,_T,_T,_T,TRE_HYDRO,_T,2016,0.54
2068,A,SPC_7_b_1,SB,_T,_T,_T,_T,_T,_T,TRE_HYDRO,_T,2017,0.527
2069,A,SPC_7_b_1,SB,_T,_T,_T,_T,_T,_T,TRE_HYDRO,_T,2018,0.514
2070,A,SPC_7_b_1,SB,_T,_T,_T,_T,_T,_T,TRE_HYDRO,_T,2019,0.502
2071,A,SPC_7_b_1,SB,_T,_T,_T,_T,_T,_T,TRE_HYDRO,_T,2020,0.49
2072,A,SPC_7_b_1,SB,_T,_T,_T,_T,_T,_T,TRE_HYDRO,_T,2021,0.479
2073,A,SPC_7_b_1,SB,_T,_T,_T,_T,_T,_T,TRE_HYDRO,_T,2022,0.468
2074,A,SPC_7_b_1,SB,_T,_T,_T,_T,_T,_T,TRE_SOLAR,_T,2000,0.0
2075,A,SPC_7_b_1,SB,_T,_T,_T,_T,_T,_T,TRE_SOLAR,_T,2001,0.0
2076,A,SPC_7_b_1,SB,_T,_T,_T,_T,_T,_T,TRE_SOLAR,_T,2002,0.0
2077,A,SPC_7_b_1,SB,_T,_T,_T,_T,_T,_T,TRE_SOLAR,_T,2003,0.0
2078,A,SPC_7_b_1,SB,_T,_T,_T,_T,_T,_T,TRE_SOLAR,_T,2004,0.0
2079,A,SPC_7_b_1,SB,_T,_T,_T,_T,_T,_T,TRE_SOLAR,_T,2005,0.0
2080,A,SPC_7_b_1,SB,_T,_T,_T,_T,_T,_T,TRE_SOLAR,_T,2006,0.0
2081,A,SPC_7_b_1,SB,_T,_T,_T,_T,_T,_T,TRE_SOLAR,_T,2007,0.0
2082,A,SPC_7_b_1,SB,_T,_T,_T,_T,_T,_T,TRE_SOLAR,_T,2008,0.0
2083,A,SPC_7_b_1,SB,_T,_T,_T,_T,_T,_T,TRE_SOLAR,_T,2009,0.006
2084,A,SPC_7_b_1,SB,_T,_T,_T,_T,_T,_T,TRE_SOLAR,_T,2010,0.006
2085,A,SPC_7_b_1,SB,_T,_T,_T,_T,_T,_T,TRE_SOLAR,_T,2011,1.45
2086,A,SPC_7_b_1,SB,_T,_T,_T,_T,_T,_T,TRE_SOLAR,_T,2012,1.409
2087,A,SPC_7_b_1,SB,_T,_T,_T,_T,_T,_T,TRE_SOLAR,_T,2013,1.374
2088,A,SPC_7_b_1,SB,_T,_T,_T,_T,_T,_T,TRE_SOLAR,_T,2014,1.885
2089,A,SPC_7_b_1,SB,_T,_T,_T,_T,_T,_T,TRE_SOLAR,_T,2015,1.838
2090,A,SPC_7_b_1,SB,_T,_T,_T,_T,_T,_T,TRE_SOLAR,_T,2016,3.434
2091,A,SPC_7_b_1,SB,_T,_T,_T,_T,_T,_T,TRE_SOLAR,_T,2017,3.934
2092,A,SPC_7_b_1,SB,_T,_T,_T,_T,_T,_T,TRE_SOLAR,_T,2018,3.841
2093,A,SPC_7_b_1,SB,_T,_T,_T,_T,_T,_T,TRE_SOLAR,_T,2019,3.584
2094,A,SPC_7_b_1,SB,_T,_T,_T,_T,_T,_T,TRE_SOLAR,_T,2020,3.5
2095,A,SPC_7_b_1,SB,_T,_T,_T,_T,_T,_T,TRE_SOLAR,_T,2021,3.417
2096,A,SPC_7_b_1,SB,_T,_T,_T,_T,_T,_T,TRE_SOLAR,_T,2022,5.701
2097,A,SPC_7_b_1,SB,_T,_T,_T,_T,_T,_T,TRE_WIND,_T,2000,0.0
2098,A,SPC_7_b_1,SB,_T,_T,_T,_T,_T,_T,TRE_WIND,_T,2001,0.0
2099,A,SPC_7_b_1,SB,_T,_T,_T,_T,_T,_T,TRE_WIND,_T,2002,0.0
2100,A,SPC_7_b_1,SB,_T,_T,_T,_T,_T,_T,TRE_WIND,_T,2003,0.0
2101,A,SPC_7_b_1,SB,_T,_T,_T,_T,_T,_T,TRE_WIND,_T,2004,0.0
2102,A,SPC_7_b_1,SB,_T,_T,_T,_T,_T,_T,TRE_WIND,_T,2005,0.0
2103,A,SPC_7_b_1,SB,_T,_T,_T,_T,_T,_T,TRE_WIND,_T,2006,0.0
2104,A,SPC_7_b_1,SB,_T,_T,_T,_T,_T,_T,TRE_WIND,_T,2007,0.0
2105,A,SPC_7_b_1,SB,_T,_T,_T,_T,_T,_T,TRE_WIND,_T,2008,0.0
2106,A,SPC_7_b_1,SB,_T,_T,_T,_T,_T,_T,TRE_WIND,_T,2009,0.0
2107,A,SPC_7_b_1,SB,_T,_T,_T,_T,_T,_T,TRE_WIND,_T,2010,0.0
2108,A,SPC_7_b_1,SB,_T,_T,_T,_T,_T,_T,TRE_WIND,_T,2011,0.0
2109,A,SPC_7_b_1,SB,_T,_T,_T,_T,_T,_T,TRE_WIND,_T,2012,0.0
2110,A,SPC_7_b_1,SB,_T,_T,_T,_T,_T,_T,TRE_WIND,_T,2013,0.0
2111,A,SPC_7_b_1,SB,_T,_T,_T,_T,_T,_T,TRE_WIND,_T,2014,0.0
2112,A,SPC_7_b_1,SB,_T,_T,_T,_T,_T,_T,TRE_WIND,_T,2015,0.0
2113,A,SPC_7_b_1,SB,_T,_T,_T,_T,_T,_T,TRE_WIND,_T,2016,0.0
2114,A,SPC_7_b_1,SB,_T,_T,_T,_T,_T,_T,TRE_WIND,_T,2017,0.0
2115,A,SPC_7_b_1,SB,_T,_T,_T,_T,_T,_T,TRE_WIND,_T,2018,0.0
2116,A,SPC_7_b_1,SB,_T,_T,_T,_T,_T,_T,TRE_WIND,_T,2019,0.0
2117,A,SPC_7_b_1,SB,_T,_T,_T,_T,_T,_T,TRE_WIND,_T,2020,0.0
2118,A,SPC_7_b_1,SB,_T,_T,_T,_T,_T,_T,TRE_WIND,_T,2021,0.0
2119,A,SPC_7_b_1,SB,_T,_T,_T,_T,_T,_T,TRE_WIND,_T,2022,0.0
2120,A,SPC_7_b_1,TO,_T,_T,_T,_T,_T,_T,TRE_ALL,_T,2000,0.556
2121,A,SPC_7_b_1,TO,_T,_T,_T,_T,_T,_T,TRE_ALL,_T,2001,0.552
2122,A,SPC_7_b_1,TO,_T,_T,_T,_T,_T,_T,TRE_ALL,_T,2002,0.809
2123,A,SPC_7_b_1,TO,_T,_T,_T,_T,_T,_T,TRE_ALL,_T,2003,0.805
2124,A,SPC_7_b_1,TO,_T,_T,_T,_T,_T,_T,TRE_ALL,_T,2004,0.8
2125,A,SPC_7_b_1,TO,_T,_T,_T,_T,_T,_T,TRE_ALL,_T,2005,0.795
2126,A,SPC_7_b_1,TO,_T,_T,_T,_T,_T,_T,TRE_ALL,_T,2006,1.045
2127,A,SPC_7_b_1,TO,_T,_T,_T,_T,_T,_T,TRE_ALL,_T,2007,1.041
2128,A,SPC_7_b_1,TO,_T,_T,_T,_T,_T,_T,TRE_ALL,_T,2008,1.038
2129,A,SPC_7_b_1,TO,_T,_T,_T,_T,_T,_T,TRE_ALL,_T,2009,1.12
2130,A,SPC_7_b_1,TO,_T,_T,_T,_T,_T,_T,TRE_ALL,_T,2010,1.118
2131,A,SPC_7_b_1,TO,_T,_T,_T,_T,_T,_T,TRE_ALL,_T,2011,2.788
2132,A,SPC_7_b_1,TO,_T,_T,_T,_T,_T,_T,TRE_ALL,_T,2012,18.418
2133,A,SPC_7_b_1,TO,_T,_T,_T,_T,_T,_T,TRE_ALL,_T,2013,24.335
2134,A,SPC_7_b_1,TO,_T,_T,_T,_T,_T,_T,TRE_ALL,_T,2014,24.487
2135,A,SPC_7_b_1,TO,_T,_T,_T,_T,_T,_T,TRE_ALL,_T,2015,34.47
2136,A,SPC_7_b_1,TO,_T,_T,_T,_T,_T,_T,TRE_ALL,_T,2016,42.287
2137,A,SPC_7_b_1,TO,_T,_T,_T,_T,_T,_T,TRE_ALL,_T,2017,62.961
2138,A,SPC_7_b_1,TO,_T,_T,_T,_T,_T,_T,TRE_ALL,_T,2018,65.782
2139,A,SPC_7_b_1,TO,_T,_T,_T,_T,_T,_T,TRE_ALL,_T,2019,78.294
2140,A,SPC_7_b_1,TO,_T,_T,_T,_T,_T,_T,TRE_ALL,_T,2020,78.068
2141,A,SPC_7_b_1,TO,_T,_T,_T,_T,_T,_T,TRE_ALL,_T,2021,77.506
2142,A,SPC_7_b_1,TO,_T,_T,_T,_T,_T,_T,TRE_ALL,_T,2022,141.468
2143,A,SPC_7_b_1,TO,_T,_T,_T,_T,_T,_T,TRE_BIO,_T,2000,0.0
2144,A,SPC_7_b_1,TO,_T,_T,_T,_T,_T,_T,TRE_BIO,_T,2001,0.0
2145,A,SPC_7_b_1,TO,_T,_T,_T,_T,_T,_T,TRE_BIO,_T,2002,0.0
2146,A,SPC_7_b_1,TO,_T,_T,_T,_T,_T,_T,TRE_BIO,_T,2003,0.0
2147,A,SPC_7_b_1,TO,_T,_T,_T,_T,_T,_T,TRE_BIO,_T,2004,0.0
2148,A,SPC_7_b_1,TO,_T,_T,_T,_T,_T,_T,TRE_BIO,_T,2005,0.0
2149,A,SPC_7_b_1,TO,_T,_T,_T,_T,_T,_T,TRE_BIO,_T,2006,0.0
2150,A,SPC_7_b_1,TO,_T,_T,_T,_T,_T,_T,TRE_BIO,_T,2007,0.0
2151,A,SPC_7_b_1,TO,_T,_T,_T,_T,_T,_T,TRE_BIO,_T,2008,0.0
2152,A,SPC_7_b_1,TO,_T,_T,_T,_T,_T,_T,TRE_BIO,_T,2009,0.0
2153,A,SPC_7_b_1,TO,_T,_T,_T,_T,_T,_T,TRE_BIO,_T,2010,0.0
2154,A,SPC_7_b_1,TO,_T,_T,_T,_T,_T,_T,TRE_BIO,_T,2011,0.0
2155,A,SPC_7_b_1,TO,_T,_T,_T,_T,_T,_T,TRE_BIO,_T,2012,0.0
2156,A,SPC_7_b_1,TO,_T,_T,_T,_T,_T,_T,TRE_BIO,_T,2013,0.0
2157,A,SPC_7_b_1,TO,_T,_T,_T,_T,_T,_T,TRE_BIO,_T,2014,0.0
2158,A,SPC_7_b_1,TO,_T,_T,_T,_T,_T,_T,TRE_BIO,_T,2015,0.0
2159,A,SPC_7_b_1,TO,_T,_T,_T,_T,_T,_T,TRE_BIO,_T,2016,0.0
2160,A,SPC_7_b_1,TO,_T,_T,_T,_T,_T,_T,TRE_BIO,_T,2017,0.0
2161,A,SPC_7_b_1,TO,_T,_T,_T,_T,_T,_T,TRE_BIO,_T,2018,0.0
2162,A,SPC_7_b_1,TO,_T,_T,_T,_T,_T,_T,TRE_BIO,_T,2019,0.0
2163,A,SPC_7_b_1,TO,_T,_T,_T,_T,_T,_T,TRE_BIO,_T,2020,0.0
2164,A,SPC_7_b_1,TO,_T,_T,_T,_T,_T,_T,TRE_BIO,_T,2021,0.0
2165,A,SPC_7_b_1,TO,_T,_T,_T,_T,_T,_T,TRE_BIO,_T,2022,0.0
2166,A,SPC_7_b_1,TO,_T,_T,_T,_T,_T,_T,TRE_GEO,_T,2000,0.0
2167,A,SPC_7_b_1,TO,_T,_T,_T,_T,_T,_T,TRE_GEO,_T,2001,0.0
2168,A,SPC_7_b_1,TO,_T,_T,_T,_T,_T,_T,TRE_GEO,_T,2002,0.0
2169,A,SPC_7_b_1,TO,_T,_T,_T,_T,_T,_T,TRE_GEO,_T,2003,0.0
2170,A,SPC_7_b_1,TO,_T,_T,_T,_T,_T,_T,TRE_GEO,_T,2004,0.0
2171,A,SPC_7_b_1,TO,_T,_T,_T,_T,_T,_T,TRE_GEO,_T,2005,0.0
2172,A,SPC_7_b_1,TO,_T,_T,_T,_T,_T,_T,TRE_GEO,_T,2006,0.0
2173,A,SPC_7_b_1,TO,_T,_T,_T,_T,_T,_T,TRE_GEO,_T,2007,0.0
2174,A,SPC_7_b_1,TO,_T,_T,_T,_T,_T,_T,TRE_GEO,_T,2008,0.0
2175,A,SPC_7_b_1,TO,_T,_T,_T,_T,_T,_T,TRE_GEO,_T,2009,0.0
2176,A,SPC_7_b_1,TO,_T,_T,_T,_T,_T,_T,TRE_GEO,_T,2010,0.0
2177,A,SPC_7_b_1,TO,_T,_T,_T,_T,_T,_T,TRE_GEO,_T,2011,0.0
2178,A,SPC_7_b_1,TO,_T,_T,_T,_T,_T,_T,TRE_GEO,_T,2012,0.0
2179,A,SPC_7_b_1,TO,_T,_T,_T,_T,_T,_T,TRE_GEO,_T,2013,0.0
2180,A,SPC_7_b_1,TO,_T,_T,_T,_T,_T,_T,TRE_GEO,_T,2014,0.0
2181,A,SPC_7_b_1,TO,_T,_T,_T,_T,_T,_T,TRE_GEO,_T,2015,0.0
2182,A,SPC_7_b_1,TO,_T,_T,_T,_T,_T,_T,TRE_GEO,_T,2016,0.0
2183,A,SPC_7_b_1,TO,_T,_T,_T,_T,_T,_T,TRE_GEO,_T,2017,0.0
2184,A,SPC_7_b_1,TO,_T,_T,_T,_T,_T,_T,TRE_GEO,_T,2018,0.0
2185,A,SPC_7_b_1,TO,_T,_T,_T,_T,_T,_T,TRE_GEO,_T,2019,0.0
2186,A,SPC_7_b_1,TO,_T,_T,_T,_T,_T,_T,TRE_GEO,_T,2020,0.0
2187,A,SPC_7_b_1,TO,_T,_T,_T,_T,_T,_T,TRE_GEO,_T,2021,0.0
2188,A,SPC_7_b_1,TO,_T,_T,_T,_T,_T,_T,TRE_GEO,_T,2022,0.0
2189,A,SPC_7_b_1,TO,_T,_T,_T,_T,_T,_T,TRE_HYDRO,_T,2000,0.0
2190,A,SPC_7_b_1,TO,_T,_T,_T,_T,_T,_T,TRE_HYDRO,_T,2001,0.0
2191,A,SPC_7_b_1,TO,_T,_T,_T,_T,_T,_T,TRE_HYDRO,_T,2002,0.0
2192,A,SPC_7_b_1,TO,_T,_T,_T,_T,_T,_T,TRE_HYDRO,_T,2003,0.0
2193,A,SPC_7_b_1,TO,_T,_T,_T,_T,_T,_T,TRE_HYDRO,_T,2004,0.0
2194,A,SPC_7_b_1,TO,_T,_T,_T,_T,_T,_T,TRE_HYDRO,_T,2005,0.0
2195,A,SPC_7_b_1,TO,_T,_T,_T,_T,_T,_T,TRE_HYDRO,_T,2006,0.0
2196,A,SPC_7_b_1,TO,_T,_T,_T,_T,_T,_T,TRE_HYDRO,_T,2007,0.0
2197,A,SPC_7_b_1,TO,_T,_T,_T,_T,_T,_T,TRE_HYDRO,_T,2008,0.0
2198,A,SPC_7_b_1,TO,_T,_T,_T,_T,_T,_T,TRE_HYDRO,_T,2009,0.0
2199,A,SPC_7_b_1,TO,_T,_T,_T,_T,_T,_T,TRE_HYDRO,_T,2010,0.0
2200,A,SPC_7_b_1,TO,_T,_T,_T,_T,_T,_T,TRE_HYDRO,_T,2011,0.0
2201,A,SPC_7_b_1,TO,_T,_T,_T,_T,_T,_T,TRE_HYDRO,_T,2012,0.0
2202,A,SPC_7_b_1,TO,_T,_T,_T,_T,_T,_T,TRE_HYDRO,_T,2013,0.0
2203,A,SPC_7_b_1,TO,_T,_T,_T,_T,_T,_T,TRE_HYDRO,_T,2014,0.0
2204,A,SPC_7_b_1,TO,_T,_T,_T,_T,_T,_T,TRE_HYDRO,_T,2015,0.0
2205,A,SPC_7_b_1,TO,_T,_T,_T,_T,_T,_T,TRE_HYDRO,_T,2016,0.0
2206,A,SPC_7_b_1,TO,_T,_T,_T,_T,_T,_T,TRE_HYDRO,_T,2017,0.0
2207,A,SPC_7_b_1,TO,_T,_T,_T,_T,_T,_T,TRE_HYDRO,_T,2018,0.0
2208,A,SPC_7_b_1,TO,_T,_T,_T,_T,_T,_T,TRE_HYDRO,_T,2019,0.0
2209,A,SPC_7_b_1,TO,_T,_T,_T,_T,_T,_T,TRE_HYDRO,_T,2020,0.0
2210,A,SPC_7_b_1,TO,_T,_T,_T,_T,_T,_T,TRE_HYDRO,_T,2021,0.0
2211,A,SPC_7_b_1,TO,_T,_T,_T,_T,_T,_T,TRE_HYDRO,_T,2022,0.0
2212,A,SPC_7_b_1,TO,_T,_T,_T,_T,_T,_T,TRE_SOLAR,_T,2000,0.556
2213,A,SPC_7_b_1,TO,_T,_T,_T,_T,_T,_T,TRE_SOLAR,_T,2001,0.552
2214,A,SPC_7_b_1,TO,_T,_T,_T,_T,_T,_T,TRE_SOLAR,_T,2002,0.809
2215,A,SPC_7_b_1,TO,_T,_T,_T,_T,_T,_T,TRE_SOLAR,_T,2003,0.805
2216,A,SPC_7_b_1,TO,_T,_T,_T,_T,_T,_T,TRE_SOLAR,_T,2004,0.8
2217,A,SPC_7_b_1,TO,_T,_T,_T,_T,_T,_T,TRE_SOLAR,_T,2005,0.795
2218,A,SPC_7_b_1,TO,_T,_T,_T,_T,_T,_T,TRE_SOLAR,_T,2006,1.045
2219,A,SPC_7_b_1,TO,_T,_T,_T,_T,_T,_T,TRE_SOLAR,_T,2007,1.041
2220,A,SPC_7_b_1,TO,_T,_T,_T,_T,_T,_T,TRE_SOLAR,_T,2008,1.038
2221,A,SPC_7_b_1,TO,_T,_T,_T,_T,_T,_T,TRE_SOLAR,_T,2009,1.12
2222,A,SPC_7_b_1,TO,_T,_T,_T,_T,_T,_T,TRE_SOLAR,_T,2010,1.118
2223,A,SPC_7_b_1,TO,_T,_T,_T,_T,_T,_T,TRE_SOLAR,_T,2011,2.788
2224,A,SPC_7_b_1,TO,_T,_T,_T,_T,_T,_T,TRE_SOLAR,_T,2012,18.418
2225,A,SPC_7_b_1,TO,_T,_T,_T,_T,_T,_T,TRE_SOLAR,_T,2013,24.232
2226,A,SPC_7_b_1,TO,_T,_T,_T,_T,_T,_T,TRE_SOLAR,_T,2014,24.384
2227,A,SPC_7_b_1,TO,_T,_T,_T,_T,_T,_T,TRE_SOLAR,_T,2015,34.262
2228,A,SPC_7_b_1,TO,_T,_T,_T,_T,_T,_T,TRE_SOLAR,_T,2016,42.079
2229,A,SPC_7_b_1,TO,_T,_T,_T,_T,_T,_T,TRE_SOLAR,_T,2017,62.752
2230,A,SPC_7_b_1,TO,_T,_T,_T,_T,_T,_T,TRE_SOLAR,_T,2018,65.573
2231,A,SPC_7_b_1,TO,_T,_T,_T,_T,_T,_T,TRE_SOLAR,_T,2019,65.697
2232,A,SPC_7_b_1,TO,_T,_T,_T,_T,_T,_T,TRE_SOLAR,_T,2020,65.508
2233,A,SPC_7_b_1,TO,_T,_T,_T,_T,_T,_T,TRE_SOLAR,_T,2021,65.037
2234,A,SPC_7_b_1,TO,_T,_T,_T,_T,_T,_T,TRE_SOLAR,_T,2022,129.097
2235,A,SPC_7_b_1,TO,_T,_T,_T,_T,_T,_T,TRE_WIND,_T,2000,0.0
2236,A,SPC_7_b_1,TO,_T,_T,_T,_T,_T,_T,TRE_WIND,_T,2001,0.0
2237,A,SPC_7_b_1,TO,_T,_T,_T,_T,_T,_T,TRE_WIND,_T,2002,0.0
2238,A,SPC_7_b_1,TO,_T,_T,_T,_T,_T,_T,TRE_WIND,_T,2003,0.0
2239,A,SPC_7_b_1,TO,_T,_T,_T,_T,_T,_T,TRE_WIND,_T,2004,0.0
2240,A,SPC_7_b_1,TO,_T,_T,_T,_T,_T,_T,TRE_WIND,_T,2005,0.0
2241,A,SPC_7_b_1,TO,_T,_T,_T,_T,_T,_T,TRE_WIND,_T,2006,0.0
2242,A,SPC_7_b_1,TO,_T,_T,_T,_T,_T,_T,TRE_WIND,_T,2007,0.0
2243,A,SPC_7_b_1,TO,_T,_T,_T,_T,_T,_T,TRE_WIND,_T,2008,0.0
2244,A,SPC_7_b_1,TO,_T,_T,_T,_T,_T,_T,TRE_WIND,_T,2009,0.0
2245,A,SPC_7_b_1,TO,_T,_T,_T,_T,_T,_T,TRE_WIND,_T,2010,0.0
2246,A,SPC_7_b_1,TO,_T,_T,_T,_T,_T,_T,TRE_WIND,_T,2011,0.0
2247,A,SPC_7_b_1,TO,_T,_T,_T,_T,_T,_T,TRE_WIND,_T,2012,0.0
2248,A,SPC_7_b_1,TO,_T,_T,_T,_T,_T,_T,TRE_WIND,_T,2013,0.103
2249,A,SPC_7_b_1,TO,_T,_T,_T,_T,_T,_T,TRE_WIND,_T,2014,0.103
2250,A,SPC_7_b_1,TO,_T,_T,_T,_T,_T,_T,TRE_WIND,_T,2015,0.207
2251,A,SPC_7_b_1,TO,_T,_T,_T,_T,_T,_T,TRE_WIND,_T,2016,0.208
2252,A,SPC_7_b_1,TO,_T,_T,_T,_T,_T,_T,TRE_WIND,_T,2017,0.209
2253,A,SPC_7_b_1,TO,_T,_T,_T,_T,_T,_T,TRE_WIND,_T,2018,0.209
2254,A,SPC_7_b_1,TO,_T,_T,_T,_T,_T,_T,TRE_WIND,_T,2019,12.596
2255,A,SPC_7_b_1,TO,_T,_T,_T,_T,_T,_T,TRE_WIND,_T,2020,12.56
2256,A,SPC_7_b_1,TO,_T,_T,_T,_T,_T,_T,TRE_WIND,_T,2021,12.47
2257,A,SPC_7_b_1,TO,_T,_T,_T,_T,_T,_T,TRE_WIND,_T,2022,12.372
2258,A,SPC_7_b_1,TV,_T,_T,_T,_T,_T,_T,TRE_ALL,_T,2000,0.623
2259,A,SPC_7_b_1,TV,_T,_T,_T,_T,_T,_T,TRE_ALL,_T,2001,0.624
2260,A,SPC_7_b_1,TV,_T,_T,_T,_T,_T,_T,TRE_ALL,_T,2002,0.624
2261,A,SPC_7_b_1,TV,_T,_T,_T,_T,_T,_T,TRE_ALL,_T,2003,0.621
2262,A,SPC_7_b_1,TV,_T,_T,_T,_T,_T,_T,TRE_ALL,_T,2004,0.613
2263,A,SPC_7_b_1,TV,_T,_T,_T,_T,_T,_T,TRE_ALL,_T,2005,0.605
2264,A,SPC_7_b_1,TV,_T,_T,_T,_T,_T,_T,TRE_ALL,_T,2006,0.598
2265,A,SPC_7_b_1,TV,_T,_T,_T,_T,_T,_T,TRE_ALL,_T,2007,0.591
2266,A,SPC_7_b_1,TV,_T,_T,_T,_T,_T,_T,TRE_ALL,_T,2008,2.531
2267,A,SPC_7_b_1,TV,_T,_T,_T,_T,_T,_T,TRE_ALL,_T,2009,20.081
2268,A,SPC_7_b_1,TV,_T,_T,_T,_T,_T,_T,TRE_ALL,_T,2010,19.81
2269,A,SPC_7_b_1,TV,_T,_T,_T,_T,_T,_T,TRE_ALL,_T,2011,19.813
2270,A,SPC_7_b_1,TV,_T,_T,_T,_T,_T,_T,TRE_ALL,_T,2012,19.532
2271,A,SPC_7_b_1,TV,_T,_T,_T,_T,_T,_T,TRE_ALL,_T,2013,19.417
2272,A,SPC_7_b_1,TV,_T,_T,_T,_T,_T,_T,TRE_ALL,_T,2014,25.507
2273,A,SPC_7_b_1,TV,_T,_T,_T,_T,_T,_T,TRE_ALL,_T,2015,189.758
2274,A,SPC_7_b_1,TV,_T,_T,_T,_T,_T,_T,TRE_ALL,_T,2016,204.755
2275,A,SPC_7_b_1,TV,_T,_T,_T,_T,_T,_T,TRE_ALL,_T,2017,205.67
2276,A,SPC_7_b_1,TV,_T,_T,_T,_T,_T,_T,TRE_ALL,_T,2018,205.983
2277,A,SPC_7_b_1,TV,_T,_T,_T,_T,_T,_T,TRE_ALL,_T,2019,204.272
2278,A,SPC_7_b_1,TV,_T,_T,_T,_T,_T,_T,TRE_ALL,_T,2020,208.872
2279,A,SPC_7_b_1,TV,_T,_T,_T,_T,_T,_T,TRE_ALL,_T,2021,206.355
2280,A,SPC_7_b_1,TV,_T,_T,_T,_T,_T,_T,TRE_ALL,_T,2022,204.385
2281,A,SPC_7_b_1,TV,_T,_T,_T,_T,_T,_T,TRE_BIO,_T,2000,0.0
2282,A,SPC_7_b_1,TV,_T,_T,_T,_T,_T,_T,TRE_BIO,_T,2001,0.0
2283,A,SPC_7_b_1,TV,_T,_T,_T,_T,_T,_T,TRE_BIO,_T,2002,0.0
2284,A,SPC_7_b_1,TV,_T,_T,_T,_T,_T,_T,TRE_BIO,_T,2003,0.0
2285,A,SPC_7_b_1,TV,_T,_T,_T,_T,_T,_T,TRE_BIO,_T,2004,0.0
2286,A,SPC_7_b_1,TV,_T,_T,_T,_T,_T,_T,TRE_BIO,_T,2005,0.0
2287,A,SPC_7_b_1,TV,_T,_T,_T,_T,_T,_T,TRE_BIO,_T,2006,0.0
2288,A,SPC_7_b_1,TV,_T,_T,_T,_T,_T,_T,TRE_BIO,_T,2007,0.0
2289,A,SPC_7_b_1,TV,_T,_T,_T,_T,_T,_T,TRE_BIO,_T,2008,0.0
2290,A,SPC_7_b_1,TV,_T,_T,_T,_T,_T,_T,TRE_BIO,_T,2009,0.0
2291,A,SPC_7_b_1,TV,_T,_T,_T,_T,_T,_T,TRE_BIO,_T,2010,0.0
2292,A,SPC_7_b_1,TV,_T,_T,_T,_T,_T,_T,TRE_BIO,_T,2011,0.0
2293,A,SPC_7_b_1,TV,_T,_T,_T,_T,_T,_T,TRE_BIO,_T,2012,0.0
2294,A,SPC_7_b_1,TV,_T,_T,_T,_T,_T,_T,TRE_BIO,_T,2013,0.0
2295,A,SPC_7_b_1,TV,_T,_T,_T,_T,_T,_T,TRE_BIO,_T,2014,0.0
2296,A,SPC_7_b_1,TV,_T,_T,_T,_T,_T,_T,TRE_BIO,_T,2015,0.0
2297,A,SPC_7_b_1,TV,_T,_T,_T,_T,_T,_T,TRE_BIO,_T,2016,0.0
2298,A,SPC_7_b_1,TV,_T,_T,_T,_T,_T,_T,TRE_BIO,_T,2017,0.0
2299,A,SPC_7_b_1,TV,_T,_T,_T,_T,_T,_T,TRE_BIO,_T,2018,0.0
2300,A,SPC_7_b_1,TV,_T,_T,_T,_T,_T,_T,TRE_BIO,_T,2019,0.0
2301,A,SPC_7_b_1,TV,_T,_T,_T,_T,_T,_T,TRE_BIO,_T,2020,0.0
2302,A,SPC_7_b_1,TV,_T,_T,_T,_T,_T,_T,TRE_BIO,_T,2021,0.0
2303,A,SPC_7_b_1,TV,_T,_T,_T,_T,_T,_T,TRE_BIO,_T,2022,0.0
2304,A,SPC_7_b_1,TV,_T,_T,_T,_T,_T,_T,TRE_GEO,_T,2000,0.0
2305,A,SPC_7_b_1,TV,_T,_T,_T,_T,_T,_T,TRE_GEO,_T,2001,0.0
2306,A,SPC_7_b_1,TV,_T,_T,_T,_T,_T,_T,TRE_GEO,_T,2002,0.0
2307,A,SPC_7_b_1,TV,_T,_T,_T,_T,_T,_T,TRE_GEO,_T,2003,0.0
2308,A,SPC_7_b_1,TV,_T,_T,_T,_T,_T,_T,TRE_GEO,_T,2004,0.0
2309,A,SPC_7_b_1,TV,_T,_T,_T,_T,_T,_T,TRE_GEO,_T,2005,0.0
2310,A,SPC_7_b_1,TV,_T,_T,_T,_T,_T,_T,TRE_GEO,_T,2006,0.0
2311,A,SPC_7_b_1,TV,_T,_T,_T,_T,_T,_T,TRE_GEO,_T,2007,0.0
2312,A,SPC_7_b_1,TV,_T,_T,_T,_T,_T,_T,TRE_GEO,_T,2008,0.0
2313,A,SPC_7_b_1,TV,_T,_T,_T,_T,_T,_T,TRE_GEO,_T,2009,0.0
2314,A,SPC_7_b_1,TV,_T,_T,_T,_T,_T,_T,TRE_GEO,_T,2010,0.0
2315,A,SPC_7_b_1,TV,_T,_T,_T,_T,_T,_T,TRE_GEO,_T,2011,0.0
2316,A,SPC_7_b_1,TV,_T,_T,_T,_T,_T,_T,TRE_GEO,_T,2012,0.0
2317,A,SPC_7_b_1,TV,_T,_T,_T,_T,_T,_T,TRE_GEO,_T,2013,0.0
2318,A,SPC_7_b_1,TV,_T,_T,_T,_T,_T,_T,TRE_GEO,_T,2014,0.0
2319,A,SPC_7_b_1,TV,_T,_T,_T,_T,_T,_T,TRE_GEO,_T,2015,0.0
2320,A,SPC_7_b_1,TV,_T,_T,_T,_T,_T,_T,TRE_GEO,_T,2016,0.0
2321,A,SPC_7_b_1,TV,_T,_T,_T,_T,_T,_T,TRE_GEO,_T,2017,0.0
2322,A,SPC_7_b_1,TV,_T,_T,_T,_T,_T,_T,TRE_GEO,_T,2018,0.0
2323,A,SPC_7_b_1,TV,_T,_T,_T,_T,_T,_T,TRE_GEO,_T,2019,0.0
2324,A,SPC_7_b_1,TV,_T,_T,_T,_T,_T,_T,TRE_GEO,_T,2020,0.0
2325,A,SPC_7_b_1,TV,_T,_T,_T,_T,_T,_T,TRE_GEO,_T,2021,0.0
2326,A,SPC_7_b_1,TV,_T,_T,_T,_T,_T,_T,TRE_GEO,_T,2022,0.0
2327,A,SPC_7_b_1,TV,_T,_T,_T,_T,_T,_T,TRE_HYDRO,_T,2000,0.0
2328,A,SPC_7_b_1,TV,_T,_T,_T,_T,_T,_T,TRE_HYDRO,_T,2001,0.0
2329,A,SPC_7_b_1,TV,_T,_T,_T,_T,_T,_T,TRE_HYDRO,_T,2002,0.0
2330,A,SPC_7_b_1,TV,_T,_T,_T,_T,_T,_T,TRE_HYDRO,_T,2003,0.0
2331,A,SPC_7_b_1,TV,_T,_T,_T,_T,_T,_T,TRE_HYDRO,_T,2004,0.0
2332,A,SPC_7_b_1,TV,_T,_T,_T,_T,_T,_T,TRE_HYDRO,_T,2005,0.0
2333,A,SPC_7_b_1,TV,_T,_T,_T,_T,_T,_T,TRE_HYDRO,_T,2006,0.0
2334,A,SPC_7_b_1,TV,_T,_T,_T,_T,_T,_T,TRE_HYDRO,_T,2007,0.0
2335,A,SPC_7_b_1,TV,_T,_T,_T,_T,_T,_T,TRE_HYDRO,_T,2008,0.0
2336,A,SPC_7_b_1,TV,_T,_T,_T,_T,_T,_T,TRE_HYDRO,_T,2009,0.0
2337,A,SPC_7_b_1,TV,_T,_T,_T,_T,_T,_T,TRE_HYDRO,_T,2010,0.0
2338,A,SPC_7_b_1,TV,_T,_T,_T,_T,_T,_T,TRE_HYDRO,_T,2011,0.0
2339,A,SPC_7_b_1,TV,_T,_T,_T,_T,_T,_T,TRE_HYDRO,_T,2012,0.0
2340,A,SPC_7_b_1,TV,_T,_T,_T,_T,_T,_T,TRE_HYDRO,_T,2013,0.0
2341,A,SPC_7_b_1,TV,_T,_T,_T,_T,_T,_T,TRE_HYDRO,_T,2014,0.0
2342,A,SPC_7_b_1,TV,_T,_T,_T,_T,_T,_T,TRE_HYDRO,_T,2015,0.0
2343,A,SPC_7_b_1,TV,_T,_T,_T,_T,_T,_T,TRE_HYDRO,_T,2016,0.0
2344,A,SPC_7_b_1,TV,_T,_T,_T,_T,_T,_T,TRE_HYDRO,_T,2017,0.0
2345,A,SPC_7_b_1,TV,_T,_T,_T,_T,_T,_T,TRE_HYDRO,_T,2018,0.0
2346,A,SPC_7_b_1,TV,_T,_T,_T,_T,_T,_T,TRE_HYDRO,_T,2019,0.0
2347,A,SPC_7_b_1,TV,_T,_T,_T,_T,_T,_T,TRE_HYDRO,_T,2020,0.0
2348,A,SPC_7_b_1,TV,_T,_T,_T,_T,_T,_T,TRE_HYDRO,_T,2021,0.0
2349,A,SPC_7_b_1,TV,_T,_T,_T,_T,_T,_T,TRE_HYDRO,_T,2022,0.0
2350,A,SPC_7_b_1,TV,_T,_T,_T,_T,_T,_T,TRE_SOLAR,_T,2000,0.623
2351,A,SPC_7_b_1,TV,_T,_T,_T,_T,_T,_T,TRE_SOLAR,_T,2001,0.624
2352,A,SPC_7_b_1,TV,_T,_T,_T,_T,_T,_T,TRE_SOLAR,_T,2002,0.624
2353,A,SPC_7_b_1,TV,_T,_T,_T,_T,_T,_T,TRE_SOLAR,_T,2003,0.621
2354,A,SPC_7_b_1,TV,_T,_T,_T,_T,_T,_T,TRE_SOLAR,_T,2004,0.613
2355,A,SPC_7_b_1,TV,_T,_T,_T,_T,_T,_T,TRE_SOLAR,_T,2005,0.605
2356,A,SPC_7_b_1,TV,_T,_T,_T,_T,_T,_T,TRE_SOLAR,_T,2006,0.598
2357,A,SPC_7_b_1,TV,_T,_T,_T,_T,_T,_T,TRE_SOLAR,_T,2007,0.591
2358,A,SPC_7_b_1,TV,_T,_T,_T,_T,_T,_T,TRE_SOLAR,_T,2008,2.531
2359,A,SPC_7_b_1,TV,_T,_T,_T,_T,_T,_T,TRE_SOLAR,_T,2009,20.081
2360,A,SPC_7_b_1,TV,_T,_T,_T,_T,_T,_T,TRE_SOLAR,_T,2010,19.81
2361,A,SPC_7_b_1,TV,_T,_T,_T,_T,_T,_T,TRE_SOLAR,_T,2011,19.813
2362,A,SPC_7_b_1,TV,_T,_T,_T,_T,_T,_T,TRE_SOLAR,_T,2012,19.532
2363,A,SPC_7_b_1,TV,_T,_T,_T,_T,_T,_T,TRE_SOLAR,_T,2013,19.417
2364,A,SPC_7_b_1,TV,_T,_T,_T,_T,_T,_T,TRE_SOLAR,_T,2014,25.507
2365,A,SPC_7_b_1,TV,_T,_T,_T,_T,_T,_T,TRE_SOLAR,_T,2015,189.758
2366,A,SPC_7_b_1,TV,_T,_T,_T,_T,_T,_T,TRE_SOLAR,_T,2016,204.755
2367,A,SPC_7_b_1,TV,_T,_T,_T,_T,_T,_T,TRE_SOLAR,_T,2017,205.67
2368,A,SPC_7_b_1,TV,_T,_T,_T,_T,_T,_T,TRE_SOLAR,_T,2018,205.983
2369,A,SPC_7_b_1,TV,_T,_T,_T,_T,_T,_T,TRE_SOLAR,_T,2019,204.272
2370,A,SPC_7_b_1,TV,_T,_T,_T,_T,_T,_T,TRE_SOLAR,_T,2020,208.872
2371,A,SPC_7_b_1,TV,_T,_T,_T,_T,_T,_T,TRE_SOLAR,_T,2021,206.355
2372,A,SPC_7_b_1,TV,_T,_T,_T,_T,_T,_T,TRE_SOLAR,_T,2022,204.385
2373,A,SPC_7_b_1,TV,_T,_T,_T,_T,_T,_T,TRE_WIND,_T,2000,0.0
2374,A,SPC_7_b_1,TV,_T,_T,_T,_T,_T,_T,TRE_WIND,_T,2001,0.0
2375,A,SPC_7_b_1,TV,_T,_T,_T,_T,_T,_T,TRE_WIND,_T,2002,0.0
2376,A,SPC_7_b_1,TV,_T,_T,_T,_T,_T,_T,TRE_WIND,_T,2003,0.0
2377,A,SPC_7_b_1,TV,_T,_T,_T,_T,_T,_T,TRE_WIND,_T,2004,0.0
2378,A,SPC_7_b_1,TV,_T,_T,_T,_T,_T,_T,TRE_WIND,_T,2005,0.0
2379,A,SPC_7_b_1,TV,_T,_T,_T,_T,_T,_T,TRE_WIND,_T,2006,0.0
2380,A,SPC_7_b_1,TV,_T,_T,_T,_T,_T,_T,TRE_WIND,_T,2007,0.0
2381,A,SPC_7_b_1,TV,_T,_T,_T,_T,_T,_T,TRE_WIND,_T,2008,0.0
2382,A,SPC_7_b_1,TV,_T,_T,_T,_T,_T,_T,TRE_WIND,_T,2009,0.0
2383,A,SPC_7_b_1,TV,_T,_T,_T,_T,_T,_T,TRE_WIND,_T,2010,0.0
2384,A,SPC_7_b_1,TV,_T,_T,_T,_T,_T,_T,TRE_WIND,_T,2011,0.0
2385,A,SPC_7_b_1,TV,_T,_T,_T,_T,_T,_T,TRE_WIND,_T,2012,0.0
2386,A,SPC_7_b_1,TV,_T,_T,_T,_T,_T,_T,TRE_WIND,_T,2013,0.0
2387,A,SPC_7_b_1,TV,_T,_T,_T,_T,_T,_T,TRE_WIND,_T,2014,0.0
2388,A,SPC_7_b_1,TV,_T,_T,_T,_T,_T,_T,TRE_WIND,_T,2015,0.0
2389,A,SPC_7_b_1,TV,_T,_T,_T,_T,_T,_T,TRE_WIND,_T,2016,0.0
2390,A,SPC_7_b_1,TV,_T,_T,_T,_T,_T,_T,TRE_WIND,_T,2017,0.0
2391,A,SPC_7_b_1,TV,_T,_T,_T,_T,_T,_T,TRE_WIND,_T,2018,0.0
2392,A,SPC_7_b_1,TV,_T,_T,_T,_T,_T,_T,TRE_WIND,_T,2019,0.0
2393,A,SPC_7_b_1,TV,_T,_T,_T,_T,_T,_T,TRE_WIND,_T,2020,0.0
2394,A,SPC_7_b_1,TV,_T,_T,_T,_T,_T,_T,TRE_WIND,_T,2021,0.0
2395,A,SPC_7_b_1,TV,_T,_T,_T,_T,_T,_T,TRE_WIND,_T,2022,0.0
2396,A,SPC_7_b_1,VU,_T,_T,_T,_T,_T,_T,TRE_ALL,_T,2000,3.124
2397,A,SPC_7_b_1,VU,_T,_T,_T,_T,_T,_T,TRE_ALL,_T,2001,3.045
2398,A,SPC_7_b_1,VU,_T,_T,_T,_T,_T,_T,TRE_ALL,_T,2002,2.968
2399,A,SPC_7_b_1,VU,_T,_T,_T,_T,_T,_T,TRE_ALL,_T,2003,2.895
2400,A,SPC_7_b_1,VU,_T,_T,_T,_T,_T,_T,TRE_ALL,_T,2004,2.825
2401,A,SPC_7_b_1,VU,_T,_T,_T,_T,_T,_T,TRE_ALL,_T,2005,2.757
2402,A,SPC_7_b_1,VU,_T,_T,_T,_T,_T,_T,TRE_ALL,_T,2006,2.692
2403,A,SPC_7_b_1,VU,_T,_T,_T,_T,_T,_T,TRE_ALL,_T,2007,2.628
2404,A,SPC_7_b_1,VU,_T,_T,_T,_T,_T,_T,TRE_ALL,_T,2008,15.666
2405,A,SPC_7_b_1,VU,_T,_T,_T,_T,_T,_T,TRE_ALL,_T,2009,17.961
2406,A,SPC_7_b_1,VU,_T,_T,_T,_T,_T,_T,TRE_ALL,_T,2010,17.539
2407,A,SPC_7_b_1,VU,_T,_T,_T,_T,_T,_T,TRE_ALL,_T,2011,28.222
2408,A,SPC_7_b_1,VU,_T,_T,_T,_T,_T,_T,TRE_ALL,_T,2012,27.717
2409,A,SPC_7_b_1,VU,_T,_T,_T,_T,_T,_T,TRE_ALL,_T,2013,27.124
2410,A,SPC_7_b_1,VU,_T,_T,_T,_T,_T,_T,TRE_ALL,_T,2014,29.13
2411,A,SPC_7_b_1,VU,_T,_T,_T,_T,_T,_T,TRE_ALL,_T,2015,28.882
2412,A,SPC_7_b_1,VU,_T,_T,_T,_T,_T,_T,TRE_ALL,_T,2016,32.851
2413,A,SPC_7_b_1,VU,_T,_T,_T,_T,_T,_T,TRE_ALL,_T,2017,34.213
2414,A,SPC_7_b_1,VU,_T,_T,_T,_T,_T,_T,TRE_ALL,_T,2018,38.517
2415,A,SPC_7_b_1,VU,_T,_T,_T,_T,_T,_T,TRE_ALL,_T,2019,39.313
2416,A,SPC_7_b_1,VU,_T,_T,_T,_T,_T,_T,TRE_ALL,_T,2020,38.847
2417,A,SPC_7_b_1,VU,_T,_T,_T,_T,_T,_T,TRE_ALL,_T,2021,37.883
2418,A,SPC_7_b_1,VU,_T,_T,_T,_T,_T,_T,TRE_ALL,_T,2022,37.13
2419,A,SPC_7_b_1,VU,_T,_T,_T,_T,_T,_T,TRE_BIO,_T,2000,0.0
2420,A,SPC_7_b_1,VU,_T,_T,_T,_T,_T,_T,TRE_BIO,_T,2001,0.0
2421,A,SPC_7_b_1,VU,_T,_T,_T,_T,_T,_T,TRE_BIO,_T,2002,0.0
2422,A,SPC_7_b_1,VU,_T,_T,_T,_T,_T,_T,TRE_BIO,_T,2003,0.0
2423,A,SPC_7_b_1,VU,_T,_T,_T,_T,_T,_T,TRE_BIO,_T,2004,0.0
2424,A,SPC_7_b_1,VU,_T,_T,_T,_T,_T,_T,TRE_BIO,_T,2005,0.0
2425,A,SPC_7_b_1,VU,_T,_T,_T,_T,_T,_T,TRE_BIO,_T,2006,0.0
2426,A,SPC_7_b_1,VU,_T,_T,_T,_T,_T,_T,TRE_BIO,_T,2007,0.0
2427,A,SPC_7_b_1,VU,_T,_T,_T,_T,_T,_T,TRE_BIO,_T,2008,0.171
2428,A,SPC_7_b_1,VU,_T,_T,_T,_T,_T,_T,TRE_BIO,_T,2009,0.167
2429,A,SPC_7_b_1,VU,_T,_T,_T,_T,_T,_T,TRE_BIO,_T,2010,0.163
2430,A,SPC_7_b_1,VU,_T,_T,_T,_T,_T,_T,TRE_BIO,_T,2011,10.904
2431,A,SPC_7_b_1,VU,_T,_T,_T,_T,_T,_T,TRE_BIO,_T,2012,10.649
2432,A,SPC_7_b_1,VU,_T,_T,_T,_T,_T,_T,TRE_BIO,_T,2013,10.397
2433,A,SPC_7_b_1,VU,_T,_T,_T,_T,_T,_T,TRE_BIO,_T,2014,10.151
2434,A,SPC_7_b_1,VU,_T,_T,_T,_T,_T,_T,TRE_BIO,_T,2015,9.767
2435,A,SPC_7_b_1,VU,_T,_T,_T,_T,_T,_T,TRE_BIO,_T,2016,9.533
2436,A,SPC_7_b_1,VU,_T,_T,_T,_T,_T,_T,TRE_BIO,_T,2017,9.303
2437,A,SPC_7_b_1,VU,_T,_T,_T,_T,_T,_T,TRE_BIO,_T,2018,9.082
2438,A,SPC_7_b_1,VU,_T,_T,_T,_T,_T,_T,TRE_BIO,_T,2019,8.87
2439,A,SPC_7_b_1,VU,_T,_T,_T,_T,_T,_T,TRE_BIO,_T,2020,8.663
2440,A,SPC_7_b_1,VU,_T,_T,_T,_T,_T,_T,TRE_BIO,_T,2021,8.46
2441,A,SPC_7_b_1,VU,_T,_T,_T,_T,_T,_T,TRE_BIO,_T,2022,8.263
2442,A,SPC_7_b_1,VU,_T,_T,_T,_T,_T,_T,TRE_GEO,_T,2000,0.0
2443,A,SPC_7_b_1,VU,_T,_T,_T,_T,_T,_T,TRE_GEO,_T,2001,0.0
2444,A,SPC_7_b_1,VU,_T,_T,_T,_T,_T,_T,TRE_GEO,_T,2002,0.0
2445,A,SPC_7_b_1,VU,_T,_T,_T,_T,_T,_T,TRE_GEO,_T,2003,0.0
2446,A,SPC_7_b_1,VU,_T,_T,_T,_T,_T,_T,TRE_GEO,_T,2004,0.0
2447,A,SPC_7_b_1,VU,_T,_T,_T,_T,_T,_T,TRE_GEO,_T,2005,0.0
2448,A,SPC_7_b_1,VU,_T,_T,_T,_T,_T,_T,TRE_GEO,_T,2006,0.0
2449,A,SPC_7_b_1,VU,_T,_T,_T,_T,_T,_T,TRE_GEO,_T,2007,0.0
2450,A,SPC_7_b_1,VU,_T,_T,_T,_T,_T,_T,TRE_GEO,_T,2008,0.0
2451,A,SPC_7_b_1,VU,_T,_T,_T,_T,_T,_T,TRE_GEO,_T,2009,0.0
2452,A,SPC_7_b_1,VU,_T,_T,_T,_T,_T,_T,TRE_GEO,_T,2010,0.0
2453,A,SPC_7_b_1,VU,_T,_T,_T,_T,_T,_T,TRE_GEO,_T,2011,0.0
2454,A,SPC_7_b_1,VU,_T,_T,_T,_T,_T,_T,TRE_GEO,_T,2012,0.0
2455,A,SPC_7_b_1,VU,_T,_T,_T,_T,_T,_T,TRE_GEO,_T,2013,0.0
2456,A,SPC_7_b_1,VU,_T,_T,_T,_T,_T,_T,TRE_GEO,_T,2014,0.0
2457,A,SPC_7_b_1,VU,_T,_T,_T,_T,_T,_T,TRE_GEO,_T,2015,0.0
2458,A,SPC_7_b_1,VU,_T,_T,_T,_T,_T,_T,TRE_GEO,_T,2016,0.0
2459,A,SPC_7_b_1,VU,_T,_T,_T,_T,_T,_T,TRE_GEO,_T,2017,0.0
2460,A,SPC_7_b_1,VU,_T,_T,_T,_T,_T,_T,TRE_GEO,_T,2018,0.0
2461,A,SPC_7_b_1,VU,_T,_T,_T,_T,_T,_T,TRE_GEO,_T,2019,0.0
2462,A,SPC_7_b_1,VU,_T,_T,_T,_T,_T,_T,TRE_GEO,_T,2020,0.0
2463,A,SPC_7_b_1,VU,_T,_T,_T,_T,_T,_T,TRE_GEO,_T,2021,0.0
2464,A,SPC_7_b_1,VU,_T,_T,_T,_T,_T,_T,TRE_GEO,_T,2022,0.0
2465,A,SPC_7_b_1,VU,_T,_T,_T,_T,_T,_T,TRE_HYDRO,_T,2000,3.124
2466,A,SPC_7_b_1,VU,_T,_T,_T,_T,_T,_T,TRE_HYDRO,_T,2001,3.045
2467,A,SPC_7_b_1,VU,_T,_T,_T,_T,_T,_T,TRE_HYDRO,_T,2002,2.968
2468,A,SPC_7_b_1,VU,_T,_T,_T,_T,_T,_T,TRE_HYDRO,_T,2003,2.895
2469,A,SPC_7_b_1,VU,_T,_T,_T,_T,_T,_T,TRE_HYDRO,_T,2004,2.825
2470,A,SPC_7_b_1,VU,_T,_T,_T,_T,_T,_T,TRE_HYDRO,_T,2005,2.757
2471,A,SPC_7_b_1,VU,_T,_T,_T,_T,_T,_T,TRE_HYDRO,_T,2006,2.692
2472,A,SPC_7_b_1,VU,_T,_T,_T,_T,_T,_T,TRE_HYDRO,_T,2007,2.628
2473,A,SPC_7_b_1,VU,_T,_T,_T,_T,_T,_T,TRE_HYDRO,_T,2008,2.565
2474,A,SPC_7_b_1,VU,_T,_T,_T,_T,_T,_T,TRE_HYDRO,_T,2009,5.006
2475,A,SPC_7_b_1,VU,_T,_T,_T,_T,_T,_T,TRE_HYDRO,_T,2010,4.889
2476,A,SPC_7_b_1,VU,_T,_T,_T,_T,_T,_T,TRE_HYDRO,_T,2011,4.775
2477,A,SPC_7_b_1,VU,_T,_T,_T,_T,_T,_T,TRE_HYDRO,_T,2012,4.664
2478,A,SPC_7_b_1,VU,_T,_T,_T,_T,_T,_T,TRE_HYDRO,_T,2013,4.553
2479,A,SPC_7_b_1,VU,_T,_T,_T,_T,_T,_T,TRE_HYDRO,_T,2014,4.724
2480,A,SPC_7_b_1,VU,_T,_T,_T,_T,_T,_T,TRE_HYDRO,_T,2015,4.612
2481,A,SPC_7_b_1,VU,_T,_T,_T,_T,_T,_T,TRE_HYDRO,_T,2016,4.512
2482,A,SPC_7_b_1,VU,_T,_T,_T,_T,_T,_T,TRE_HYDRO,_T,2017,4.403
2483,A,SPC_7_b_1,VU,_T,_T,_T,_T,_T,_T,TRE_HYDRO,_T,2018,4.299
2484,A,SPC_7_b_1,VU,_T,_T,_T,_T,_T,_T,TRE_HYDRO,_T,2019,4.198
2485,A,SPC_7_b_1,VU,_T,_T,_T,_T,_T,_T,TRE_HYDRO,_T,2020,4.1
2486,A,SPC_7_b_1,VU,_T,_T,_T,_T,_T,_T,TRE_HYDRO,_T,2021,4.005
2487,A,SPC_7_b_1,VU,_T,_T,_T,_T,_T,_T,TRE_HYDRO,_T,2022,3.911
2488,A,SPC_7_b_1,VU,_T,_T,_T,_T,_T,_T,TRE_SOLAR,_T,2000,0.0
2489,A,SPC_7_b_1,VU,_T,_T,_T,_T,_T,_T,TRE_SOLAR,_T,2001,0.0
2490,A,SPC_7_b_1,VU,_T,_T,_T,_T,_T,_T,TRE_SOLAR,_T,2002,0.0
2491,A,SPC_7_b_1,VU,_T,_T,_T,_T,_T,_T,TRE_SOLAR,_T,2003,0.0
2492,A,SPC_7_b_1,VU,_T,_T,_T,_T,_T,_T,TRE_SOLAR,_T,2004,0.0
2493,A,SPC_7_b_1,VU,_T,_T,_T,_T,_T,_T,TRE_SOLAR,_T,2005,0.0
2494,A,SPC_7_b_1,VU,_T,_T,_T,_T,_T,_T,TRE_SOLAR,_T,2006,0.0
2495,A,SPC_7_b_1,VU,_T,_T,_T,_T,_T,_T,TRE_SOLAR,_T,2007,0.0
2496,A,SPC_7_b_1,VU,_T,_T,_T,_T,_T,_T,TRE_SOLAR,_T,2008,0.0
2497,A,SPC_7_b_1,VU,_T,_T,_T,_T,_T,_T,TRE_SOLAR,_T,2009,0.167
2498,A,SPC_7_b_1,VU,_T,_T,_T,_T,_T,_T,TRE_SOLAR,_T,2010,0.163
2499,A,SPC_7_b_1,VU,_T,_T,_T,_T,_T,_T,TRE_SOLAR,_T,2011,0.505
2500,A,SPC_7_b_1,VU,_T,_T,_T,_T,_T,_T,TRE_SOLAR,_T,2012,0.649
2501,A,SPC_7_b_1,VU,_T,_T,_T,_T,_T,_T,TRE_SOLAR,_T,2013,0.694
2502,A,SPC_7_b_1,VU,_T,_T,_T,_T,_T,_T,TRE_SOLAR,_T,2014,1.011
2503,A,SPC_7_b_1,VU,_T,_T,_T,_T,_T,_T,TRE_SOLAR,_T,2015,1.57
2504,A,SPC_7_b_1,VU,_T,_T,_T,_T,_T,_T,TRE_SOLAR,_T,2016,6.183
2505,A,SPC_7_b_1,VU,_T,_T,_T,_T,_T,_T,TRE_SOLAR,_T,2017,9.137
2506,A,SPC_7_b_1,VU,_T,_T,_T,_T,_T,_T,TRE_SOLAR,_T,2018,13.7
2507,A,SPC_7_b_1,VU,_T,_T,_T,_T,_T,_T,TRE_SOLAR,_T,2019,15.075
2508,A,SPC_7_b_1,VU,_T,_T,_T,_T,_T,_T,TRE_SOLAR,_T,2020,15.176
2509,A,SPC_7_b_1,VU,_T,_T,_T,_T,_T,_T,TRE_SOLAR,_T,2021,14.765
2510,A,SPC_7_b_1,VU,_T,_T,_T,_T,_T,_T,TRE_SOLAR,_T,2022,14.55
2511,A,SPC_7_b_1,VU,_T,_T,_T,_T,_T,_T,TRE_WIND,_T,2000,0.0
2512,A,SPC_7_b_1,VU,_T,_T,_T,_T,_T,_T,TRE_WIND,_T,2001,0.0
2513,A,SPC_7_b_1,VU,_T,_T,_T,_T,_T,_T,TRE_WIND,_T,2002,0.0
2514,A,SPC_7_b_1,VU,_T,_T,_T,_T,_T,_T,TRE_WIND,_T,2003,0.0
2515,A,SPC_7_b_1,VU,_T,_T,_T,_T,_T,_T,TRE_WIND,_T,2004,0.0
2516,A,SPC_7_b_1,VU,_T,_T,_T,_T,_T,_T,TRE_WIND,_T,2005,0.0
2517,A,SPC_7_b_1,VU,_T,_T,_T,_T,_T,_T,TRE_WIND,_T,2006,0.0
2518,A,SPC_7_b_1,VU,_T,_T,_T,_T,_T,_T,TRE_WIND,_T,2007,0.0
2519,A,SPC_7_b_1,VU,_T,_T,_T,_T,_T,_T,TRE_WIND,_T,2008,12.93
2520,A,SPC_7_b_1,VU,_T,_T,_T,_T,_T,_T,TRE_WIND,_T,2009,12.621
2521,A,SPC_7_b_1,VU,_T,_T,_T,_T,_T,_T,TRE_WIND,_T,2010,12.324
2522,A,SPC_7_b_1,VU,_T,_T,_T,_T,_T,_T,TRE_WIND,_T,2011,12.038
2523,A,SPC_7_b_1,VU,_T,_T,_T,_T,_T,_T,TRE_WIND,_T,2012,11.756
2524,A,SPC_7_b_1,VU,_T,_T,_T,_T,_T,_T,TRE_WIND,_T,2013,11.479
2525,A,SPC_7_b_1,VU,_T,_T,_T,_T,_T,_T,TRE_WIND,_T,2014,13.244
2526,A,SPC_7_b_1,VU,_T,_T,_T,_T,_T,_T,TRE_WIND,_T,2015,12.932
2527,A,SPC_7_b_1,VU,_T,_T,_T,_T,_T,_T,TRE_WIND,_T,2016,12.623
2528,A,SPC_7_b_1,VU,_T,_T,_T,_T,_T,_T,TRE_WIND,_T,2017,11.37
2529,A,SPC_7_b_1,VU,_T,_T,_T,_T,_T,_T,TRE_WIND,_T,2018,11.436
2530,A,SPC_7_b_1,VU,_T,_T,_T,_T,_T,_T,TRE_WIND,_T,2019,11.169
2531,A,SPC_7_b_1,VU,_T,_T,_T,_T,_T,_T,TRE_WIND,_T,2020,10.908
2532,A,SPC_7_b_1,VU,_T,_T,_T,_T,_T,_T,TRE_WIND,_T,2021,10.654
2533,A,SPC_7_b_1,VU,_T,_T,_T,_T,_T,_T,TRE_WIND,_T,2022,10.406
2534,A,SPC_7_b_1,WS,_T,_T,_T,_T,_T,_T,TRE_ALL,_T,2000,81.573
2535,A,SPC_7_b_1,WS,_T,_T,_T,_T,_T,_T,TRE_ALL,_T,2001,80.903
2536,A,SPC_7_b_1,WS,_T,_T,_T,_T,_T,_T,TRE_ALL,_T,2002,80.427
2537,A,SPC_7_b_1,WS,_T,_T,_T,_T,_T,_T,TRE_ALL,_T,2003,80.079
2538,A,SPC_7_b_1,WS,_T,_T,_T,_T,_T,_T,TRE_ALL,_T,2004,79.809
2539,A,SPC_7_b_1,WS,_T,_T,_T,_T,_T,_T,TRE_ALL,_T,2005,79.65
2540,A,SPC_7_b_1,WS,_T,_T,_T,_T,_T,_T,TRE_ALL,_T,2006,66.132
2541,A,SPC_7_b_1,WS,_T,_T,_T,_T,_T,_T,TRE_ALL,_T,2007,65.75
2542,A,SPC_7_b_1,WS,_T,_T,_T,_T,_T,_T,TRE_ALL,_T,2008,65.302
2543,A,SPC_7_b_1,WS,_T,_T,_T,_T,_T,_T,TRE_ALL,_T,2009,64.832
2544,A,SPC_7_b_1,WS,_T,_T,_T,_T,_T,_T,TRE_ALL,_T,2010,64.334
2545,A,SPC_7_b_1,WS,_T,_T,_T,_T,_T,_T,TRE_ALL,_T,2011,63.784
2546,A,SPC_7_b_1,WS,_T,_T,_T,_T,_T,_T,TRE_ALL,_T,2012,44.841
2547,A,SPC_7_b_1,WS,_T,_T,_T,_T,_T,_T,TRE_ALL,_T,2013,45.184
2548,A,SPC_7_b_1,WS,_T,_T,_T,_T,_T,_T,TRE_ALL,_T,2014,62.025
2549,A,SPC_7_b_1,WS,_T,_T,_T,_T,_T,_T,TRE_ALL,_T,2015,69.774
2550,A,SPC_7_b_1,WS,_T,_T,_T,_T,_T,_T,TRE_ALL,_T,2016,81.024
2551,A,SPC_7_b_1,WS,_T,_T,_T,_T,_T,_T,TRE_ALL,_T,2017,127.867
2552,A,SPC_7_b_1,WS,_T,_T,_T,_T,_T,_T,TRE_ALL,_T,2018,127.367
2553,A,SPC_7_b_1,WS,_T,_T,_T,_T,_T,_T,TRE_ALL,_T,2019,133.631
2554,A,SPC_7_b_1,WS,_T,_T,_T,_T,_T,_T,TRE_ALL,_T,2020,135.542
2555,A,SPC_7_b_1,WS,_T,_T,_T,_T,_T,_T,TRE_ALL,_T,2021,133.166
2556,A,SPC_7_b_1,WS,_T,_T,_T,_T,_T,_T,TRE_ALL,_T,2022,131.0
2557,A,SPC_7_b_1,WS,_T,_T,_T,_T,_T,_T,TRE_BIO,_T,2000,13.586
2558,A,SPC_7_b_1,WS,_T,_T,_T,_T,_T,_T,TRE_BIO,_T,2001,13.475
2559,A,SPC_7_b_1,WS,_T,_T,_T,_T,_T,_T,TRE_BIO,_T,2002,13.395
2560,A,SPC_7_b_1,WS,_T,_T,_T,_T,_T,_T,TRE_BIO,_T,2003,13.338
2561,A,SPC_7_b_1,WS,_T,_T,_T,_T,_T,_T,TRE_BIO,_T,2004,13.293
2562,A,SPC_7_b_1,WS,_T,_T,_T,_T,_T,_T,TRE_BIO,_T,2005,13.254
2563,A,SPC_7_b_1,WS,_T,_T,_T,_T,_T,_T,TRE_BIO,_T,2006,0.0
2564,A,SPC_7_b_1,WS,_T,_T,_T,_T,_T,_T,TRE_BIO,_T,2007,0.0
2565,A,SPC_7_b_1,WS,_T,_T,_T,_T,_T,_T,TRE_BIO,_T,2008,0.0
2566,A,SPC_7_b_1,WS,_T,_T,_T,_T,_T,_T,TRE_BIO,_T,2009,0.0
2567,A,SPC_7_b_1,WS,_T,_T,_T,_T,_T,_T,TRE_BIO,_T,2010,0.0
2568,A,SPC_7_b_1,WS,_T,_T,_T,_T,_T,_T,TRE_BIO,_T,2011,0.0
2569,A,SPC_7_b_1,WS,_T,_T,_T,_T,_T,_T,TRE_BIO,_T,2012,0.0
2570,A,SPC_7_b_1,WS,_T,_T,_T,_T,_T,_T,TRE_BIO,_T,2013,0.0
2571,A,SPC_7_b_1,WS,_T,_T,_T,_T,_T,_T,TRE_BIO,_T,2014,0.0
2572,A,SPC_7_b_1,WS,_T,_T,_T,_T,_T,_T,TRE_BIO,_T,2015,0.0
2573,A,SPC_7_b_1,WS,_T,_T,_T,_T,_T,_T,TRE_BIO,_T,2016,0.0
2574,A,SPC_7_b_1,WS,_T,_T,_T,_T,_T,_T,TRE_BIO,_T,2017,0.0
2575,A,SPC_7_b_1,WS,_T,_T,_T,_T,_T,_T,TRE_BIO,_T,2018,0.0
2576,A,SPC_7_b_1,WS,_T,_T,_T,_T,_T,_T,TRE_BIO,_T,2019,0.0
2577,A,SPC_7_b_1,WS,_T,_T,_T,_T,_T,_T,TRE_BIO,_T,2020,3.49
2578,A,SPC_7_b_1,WS,_T,_T,_T,_T,_T,_T,TRE_BIO,_T,2021,3.428
2579,A,SPC_7_b_1,WS,_T,_T,_T,_T,_T,_T,TRE_BIO,_T,2022,3.373
2580,A,SPC_7_b_1,WS,_T,_T,_T,_T,_T,_T,TRE_GEO,_T,2000,0.0
2581,A,SPC_7_b_1,WS,_T,_T,_T,_T,_T,_T,TRE_GEO,_T,2001,0.0
2582,A,SPC_7_b_1,WS,_T,_T,_T,_T,_T,_T,TRE_GEO,_T,2002,0.0
2583,A,SPC_7_b_1,WS,_T,_T,_T,_T,_T,_T,TRE_GEO,_T,2003,0.0
2584,A,SPC_7_b_1,WS,_T,_T,_T,_T,_T,_T,TRE_GEO,_T,2004,0.0
2585,A,SPC_7_b_1,WS,_T,_T,_T,_T,_T,_T,TRE_GEO,_T,2005,0.0
2586,A,SPC_7_b_1,WS,_T,_T,_T,_T,_T,_T,TRE_GEO,_T,2006,0.0
2587,A,SPC_7_b_1,WS,_T,_T,_T,_T,_T,_T,TRE_GEO,_T,2007,0.0
2588,A,SPC_7_b_1,WS,_T,_T,_T,_T,_T,_T,TRE_GEO,_T,2008,0.0
2589,A,SPC_7_b_1,WS,_T,_T,_T,_T,_T,_T,TRE_GEO,_T,2009,0.0
2590,A,SPC_7_b_1,WS,_T,_T,_T,_T,_T,_T,TRE_GEO,_T,2010,0.0
2591,A,SPC_7_b_1,WS,_T,_T,_T,_T,_T,_T,TRE_GEO,_T,2011,0.0
2592,A,SPC_7_b_1,WS,_T,_T,_T,_T,_T,_T,TRE_GEO,_T,2012,0.0
2593,A,SPC_7_b_1,WS,_T,_T,_T,_T,_T,_T,TRE_GEO,_T,2013,0.0
2594,A,SPC_7_b_1,WS,_T,_T,_T,_T,_T,_T,TRE_GEO,_T,2014,0.0
2595,A,SPC_7_b_1,WS,_T,_T,_T,_T,_T,_T,TRE_GEO,_T,2015,0.0
2596,A,SPC_7_b_1,WS,_T,_T,_T,_T,_T,_T,TRE_GEO,_T,2016,0.0
2597,A,SPC_7_b_1,WS,_T,_T,_T,_T,_T,_T,TRE_GEO,_T,2017,0.0
2598,A,SPC_7_b_1,WS,_T,_T,_T,_T,_T,_T,TRE_GEO,_T,2018,0.0
2599,A,SPC_7_b_1,WS,_T,_T,_T,_T,_T,_T,TRE_GEO,_T,2019,0.0
2600,A,SPC_7_b_1,WS,_T,_T,_T,_T,_T,_T,TRE_GEO,_T,2020,0.0
2601,A,SPC_7_b_1,WS,_T,_T,_T,_T,_T,_T,TRE_GEO,_T,2021,0.0
2602,A,SPC_7_b_1,WS,_T,_T,_T,_T,_T,_T,TRE_GEO,_T,2022,0.0
2603,A,SPC_7_b_1,WS,_T,_T,_T,_T,_T,_T,TRE_HYDRO,_T,2000,67.986
2604,A,SPC_7_b_1,WS,_T,_T,_T,_T,_T,_T,TRE_HYDRO,_T,2001,67.428
2605,A,SPC_7_b_1,WS,_T,_T,_T,_T,_T,_T,TRE_HYDRO,_T,2002,67.031
2606,A,SPC_7_b_1,WS,_T,_T,_T,_T,_T,_T,TRE_HYDRO,_T,2003,66.741
2607,A,SPC_7_b_1,WS,_T,_T,_T,_T,_T,_T,TRE_HYDRO,_T,2004,66.517
2608,A,SPC_7_b_1,WS,_T,_T,_T,_T,_T,_T,TRE_HYDRO,_T,2005,66.322
2609,A,SPC_7_b_1,WS,_T,_T,_T,_T,_T,_T,TRE_HYDRO,_T,2006,66.058
2610,A,SPC_7_b_1,WS,_T,_T,_T,_T,_T,_T,TRE_HYDRO,_T,2007,65.677
2611,A,SPC_7_b_1,WS,_T,_T,_T,_T,_T,_T,TRE_HYDRO,_T,2008,65.229
2612,A,SPC_7_b_1,WS,_T,_T,_T,_T,_T,_T,TRE_HYDRO,_T,2009,64.76
2613,A,SPC_7_b_1,WS,_T,_T,_T,_T,_T,_T,TRE_HYDRO,_T,2010,64.262
2614,A,SPC_7_b_1,WS,_T,_T,_T,_T,_T,_T,TRE_HYDRO,_T,2011,63.712
2615,A,SPC_7_b_1,WS,_T,_T,_T,_T,_T,_T,TRE_HYDRO,_T,2012,44.77
2616,A,SPC_7_b_1,WS,_T,_T,_T,_T,_T,_T,TRE_HYDRO,_T,2013,44.364
2617,A,SPC_7_b_1,WS,_T,_T,_T,_T,_T,_T,TRE_HYDRO,_T,2014,43.964
2618,A,SPC_7_b_1,WS,_T,_T,_T,_T,_T,_T,TRE_HYDRO,_T,2015,43.572
2619,A,SPC_7_b_1,WS,_T,_T,_T,_T,_T,_T,TRE_HYDRO,_T,2016,43.154
2620,A,SPC_7_b_1,WS,_T,_T,_T,_T,_T,_T,TRE_HYDRO,_T,2017,59.962
2621,A,SPC_7_b_1,WS,_T,_T,_T,_T,_T,_T,TRE_HYDRO,_T,2018,60.133
2622,A,SPC_7_b_1,WS,_T,_T,_T,_T,_T,_T,TRE_HYDRO,_T,2019,66.35
2623,A,SPC_7_b_1,WS,_T,_T,_T,_T,_T,_T,TRE_HYDRO,_T,2020,65.417
2624,A,SPC_7_b_1,WS,_T,_T,_T,_T,_T,_T,TRE_HYDRO,_T,2021,64.27
2625,A,SPC_7_b_1,WS,_T,_T,_T,_T,_T,_T,TRE_HYDRO,_T,2022,63.225
2626,A,SPC_7_b_1,WS,_T,_T,_T,_T,_T,_T,TRE_SOLAR,_T,2000,0.0
2627,A,SPC_7_b_1,WS,_T,_T,_T,_T,_T,_T,TRE_SOLAR,_T,2001,0.0
2628,A,SPC_7_b_1,WS,_T,_T,_T,_T,_T,_T,TRE_SOLAR,_T,2002,0.0
2629,A,SPC_7_b_1,WS,_T,_T,_T,_T,_T,_T,TRE_SOLAR,_T,2003,0.0
2630,A,SPC_7_b_1,WS,_T,_T,_T,_T,_T,_T,TRE_SOLAR,_T,2004,0.0
2631,A,SPC_7_b_1,WS,_T,_T,_T,_T,_T,_T,TRE_SOLAR,_T,2005,0.074
2632,A,SPC_7_b_1,WS,_T,_T,_T,_T,_T,_T,TRE_SOLAR,_T,2006,0.074
2633,A,SPC_7_b_1,WS,_T,_T,_T,_T,_T,_T,TRE_SOLAR,_T,2007,0.074
2634,A,SPC_7_b_1,WS,_T,_T,_T,_T,_T,_T,TRE_SOLAR,_T,2008,0.073
2635,A,SPC_7_b_1,WS,_T,_T,_T,_T,_T,_T,TRE_SOLAR,_T,2009,0.072
2636,A,SPC_7_b_1,WS,_T,_T,_T,_T,_T,_T,TRE_SOLAR,_T,2010,0.072
2637,A,SPC_7_b_1,WS,_T,_T,_T,_T,_T,_T,TRE_SOLAR,_T,2011,0.071
2638,A,SPC_7_b_1,WS,_T,_T,_T,_T,_T,_T,TRE_SOLAR,_T,2012,0.071
2639,A,SPC_7_b_1,WS,_T,_T,_T,_T,_T,_T,TRE_SOLAR,_T,2013,0.82
2640,A,SPC_7_b_1,WS,_T,_T,_T,_T,_T,_T,TRE_SOLAR,_T,2014,15.335
2641,A,SPC_7_b_1,WS,_T,_T,_T,_T,_T,_T,TRE_SOLAR,_T,2015,23.5
2642,A,SPC_7_b_1,WS,_T,_T,_T,_T,_T,_T,TRE_SOLAR,_T,2016,35.194
2643,A,SPC_7_b_1,WS,_T,_T,_T,_T,_T,_T,TRE_SOLAR,_T,2017,65.256
2644,A,SPC_7_b_1,WS,_T,_T,_T,_T,_T,_T,TRE_SOLAR,_T,2018,64.611
2645,A,SPC_7_b_1,WS,_T,_T,_T,_T,_T,_T,TRE_SOLAR,_T,2019,64.685
2646,A,SPC_7_b_1,WS,_T,_T,_T,_T,_T,_T,TRE_SOLAR,_T,2020,64.077
2647,A,SPC_7_b_1,WS,_T,_T,_T,_T,_T,_T,TRE_SOLAR,_T,2021,62.954
2648,A,SPC_7_b_1,WS,_T,_T,_T,_T,_T,_T,TRE_SOLAR,_T,2022,61.929
2649,A,SPC_7_b_1,WS,_T,_T,_T,_T,_T,_T,TRE_WIND,_T,2000,0.0
2650,A,SPC_7_b_1,WS,_T,_T,_T,_T,_T,_T,TRE_WIND,_T,2001,0.0
2651,A,SPC_7_b_1,WS,_T,_T,_T,_T,_T,_T,TRE_WIND,_T,2002,0.0
2652,A,SPC_7_b_1,WS,_T,_T,_T,_T,_T,_T,TRE_WIND,_T,2003,0.0
2653,A,SPC_7_b_1,WS,_T,_T,_T,_T,_T,_T,TRE_WIND,_T,2004,0.0
2654,A,SPC_7_b_1,WS,_T,_T,_T,_T,_T,_T,TRE_WIND,_T,2005,0.0
2655,A,SPC_7_b_1,WS,_T,_T,_T,_T,_T,_T,TRE_WIND,_T,2006,0.0
2656,A,SPC_7_b_1,WS,_T,_T,_T,_T,_T,_T,TRE_WIND,_T,2007,0.0
2657,A,SPC_7_b_1,WS,_T,_T,_T,_T,_T,_T,TRE_WIND,_T,2008,0.0
2658,A,SPC_7_b_1,WS,_T,_T,_T,_T,_T,_T,TRE_WIND,_T,2009,0.0
2659,A,SPC_7_b_1,WS,_T,_T,_T,_T,_T,_T,TRE_WIND,_T,2010,0.0
2660,A,SPC_7_b_1,WS,_T,_T,_T,_T,_T,_T,TRE_WIND,_T,2011,0.0
2661,A,SPC_7_b_1,WS,_T,_T,_T,_T,_T,_T,TRE_WIND,_T,2012,0.0
2662,A,SPC_7_b_1,WS,_T,_T,_T,_T,_T,_T,TRE_WIND,_T,2013,0.0
2663,A,SPC_7_b_1,WS,_T,_T,_T,_T,_T,_T,TRE_WIND,_T,2014,2.726
2664,A,SPC_7_b_1,WS,_T,_T,_T,_T,_T,_T,TRE_WIND,_T,2015,2.702
2665,A,SPC_7_b_1,WS,_T,_T,_T,_T,_T,_T,TRE_WIND,_T,2016,2.676
2666,A,SPC_7_b_1,WS,_T,_T,_T,_T,_T,_T,TRE_WIND,_T,2017,2.649
2667,A,SPC_7_b_1,WS,_T,_T,_T,_T,_T,_T,TRE_WIND,_T,2018,2.623
2668,A,SPC_7_b_1,WS,_T,_T,_T,_T,_T,_T,TRE_WIND,_T,2019,2.596
2669,A,SPC_7_b_1,WS,_T,_T,_T,_T,_T,_T,TRE_WIND,_T,2020,2.559
2670,A,SPC_7_b_1,WS,_T,_T,_T,_T,_T,_T,TRE_WIND,_T,2021,2.514
2671,A,SPC_7_b_1,WS,_T,_T,_T,_T,_T,_T,TRE_WIND,_T,2022,2.473
2672,A,VC_DSR_AFFCT,CK,_T,_T,_T,_T,_T,_T,_Z,_T,2005,1121.0
2673,A,VC_DSR_AFFCT,CK,_T,_T,_T,_T,_T,_T,_Z,_T,2007,0.0
2674,A,VC_DSR_AFFCT,CK,_T,_T,_T,_T,_T,_T,_Z,_T,2009,0.0
2675,A,VC_DSR_AFFCT,CK,_T,_T,_T,_T,_T,_T,_Z,_T,2010,4443.0
2676,A,VC_DSR_AFFCT,CK,_T,_T,_T,_T,_T,_T,_Z,_T,2020,0.0
2677,A,VC_DSR_AFFCT,FJ,_T,_T,_T,_T,_T,_T,_Z,_T,2005,0.0
2678,A,VC_DSR_AFFCT,FJ,_T,_T,_T,_T,_T,_T,_Z,_T,2006,60.0
2679,A,VC_DSR_AFFCT,FJ,_T,_T,_T,_T,_T,_T,_Z,_T,2007,12.0
2680,A,VC_DSR_AFFCT,FJ,_T,_T,_T,_T,_T,_T,_Z,_T,2008,804.0
2681,A,VC_DSR_AFFCT,FJ,_T,_T,_T,_T,_T,_T,_Z,_T,2009,12692.0
2682,A,VC_DSR_AFFCT,FJ,_T,_T,_T,_T,_T,_T,_Z,_T,2010,6644.0
2683,A,VC_DSR_AFFCT,FJ,_T,_T,_T,_T,_T,_T,_Z,_T,2011,344.0
2684,A,VC_DSR_AFFCT,FJ,_T,_T,_T,_T,_T,_T,_Z,_T,2012,37085.0
2685,A,VC_DSR_AFFCT,FJ,_T,_T,_T,_T,_T,_T,_Z,_T,2013,0.0
2686,A,VC_DSR_AFFCT,FJ,_T,_T,_T,_T,_T,_T,_Z,_T,2014,0.0
2687,A,VC_DSR_AFFCT,FJ,_T,_T,_T,_T,_T,_T,_Z,_T,2015,0.0
2688,A,VC_DSR_AFFCT,FJ,_T,_T,_T,_T,_T,_T,_Z,_T,2016,633584.0
2689,A,VC_DSR_AFFCT,FJ,_T,_T,_T,_T,_T,_T,_Z,_T,2017,0.0
2690,A,VC_DSR_AFFCT,FJ,_T,_T,_T,_T,_T,_T,_Z,_T,2018,155726.0
2691,A,VC_DSR_AFFCT,FJ,_T,_T,_T,_T,_T,_T,_Z,_T,2019,78045.0
2692,A,VC_DSR_AFFCT,FJ,_T,_T,_T,_T,_T,_T,_Z,_T,2020,235921.0
2693,A,VC_DSR_AFFCT,FJ,_T,_T,_T,_T,_T,_T,_Z,_T,2021,78030.0
2694,A,VC_DSR_AFFCT,FJ,_T,_T,_T,_T,_T,_T,_Z,_T,2022,1787.0
2695,A,VC_DSR_AFFCT,FM,_T,_T,_T,_T,_T,_T,_Z,_T,2006,0.0
2696,A,VC_DSR_AFFCT,FM,_T,_T,_T,_T,_T,_T,_Z,_T,2008,0.0
2697,A,VC_DSR_AFFCT,FM,_T,_T,_T,_T,_T,_T,_Z,_T,2009,0.0
2698,A,VC_DSR_AFFCT,FM,_T,_T,_T,_T,_T,_T,_Z,_T,2011,0.0
2699,A,VC_DSR_AFFCT,FM,_T,_T,_T,_T,_T,_T,_Z,_T,2015,7600.0
2700,A,VC_DSR_AFFCT,FM,_T,_T,_T,_T,_T,_T,_Z,_T,2016,0.0
2701,A,VC_DSR_AFFCT,FM,_T,_T,_T,_T,_T,_T,_Z,_T,2017,0.0
2702,A,VC_DSR_AFFCT,FM,_T,_T,_T,_T,_T,_T,_Z,_T,2018,1266.0
2703,A,VC_DSR_AFFCT,FM,_T,_T,_T,_T,_T,_T,_Z,_T,2019,20732.0
2704,A,VC_DSR_AFFCT,FM,_T,_T,_T,_T,_T,_T,_Z,_T,2020,0.0
2705,A,VC_DSR_AFFCT,FM,_T,_T,_T,_T,_T,_T,_Z,_T,2021,15010.0
2706,A,VC_DSR_AFFCT,KI,_T,_T,_T,_T,_T,_T,_Z,_T,2008,85.0
2707,A,VC_DSR_AFFCT,KI,_T,_T,_T,_T,_T,_T,_Z,_T,2014,44.0
2708,A,VC_DSR_AFFCT,KI,_T,_T,_T,_T,_T,_T,_Z,_T,2015,2507.0
2709,A,VC_DSR_AFFCT,KI,_T,_T,_T,_T,_T,_T,_Z,_T,2016,0.0
2710,A,VC_DSR_AFFCT,KI,_T,_T,_T,_T,_T,_T,_Z,_T,2018,0.0
2711,A,VC_DSR_AFFCT,KI,_T,_T,_T,_T,_T,_T,_Z,_T,2019,3.0
2712,A,VC_DSR_AFFCT,KI,_T,_T,_T,_T,_T,_T,_Z,_T,2020,15.0
2713,A,VC_DSR_AFFCT,KI,_T,_T,_T,_T,_T,_T,_Z,_T,2021,333.0
2714,A,VC_DSR_AFFCT,MH,_T,_T,_T,_T,_T,_T,_Z,_T,2006,0.0
2715,A,VC_DSR_AFFCT,MH,_T,_T,_T,_T,_T,_T,_Z,_T,2008,96.0
2716,A,VC_DSR_AFFCT,MH,_T,_T,_T,_T,_T,_T,_Z,_T,2011,0.0
2717,A,VC_DSR_AFFCT,MH,_T,_T,_T,_T,_T,_T,_Z,_T,2013,0.0
2718,A,VC_DSR_AFFCT,MH,_T,_T,_T,_T,_T,_T,_Z,_T,2014,280.0
2719,A,VC_DSR_AFFCT,MH,_T,_T,_T,_T,_T,_T,_Z,_T,2015,0.0
2720,A,VC_DSR_AFFCT,MH,_T,_T,_T,_T,_T,_T,_Z,_T,2016,27452.0
2721,A,VC_DSR_AFFCT,MH,_T,_T,_T,_T,_T,_T,_Z,_T,2017,7029.0
2722,A,VC_DSR_AFFCT,MH,_T,_T,_T,_T,_T,_T,_Z,_T,2018,0.0
2723,A,VC_DSR_AFFCT,MH,_T,_T,_T,_T,_T,_T,_Z,_T,2019,35844.0
2724,A,VC_DSR_AFFCT,MH,_T,_T,_T,_T,_T,_T,_Z,_T,2020,56718.0
2725,A,VC_DSR_AFFCT,MH,_T,_T,_T,_T,_T,_T,_Z,_T,2021,0.0
2726,A,VC_DSR_AFFCT,MH,_T,_T,_T,_T,_T,_T,_Z,_T,2022,52914.0
2727,A,VC_DSR_AFFCT,NC,_T,_T,_T,_T,_T,_T,_Z,_T,2009,0.0
2728,A,VC_DSR_AFFCT,NC,_T,_T,_T,_T,_T,_T,_Z,_T,2011,0.0
2729,A,VC_DSR_AFFCT,NC,_T,_T,_T,_T,_T,_T,_Z,_T,2017,4.0
2730,A,VC_DSR_AFFCT,NC,_T,_T,_T,_T,_T,_T,_Z,_T,2018,0.0
2731,A,VC_DSR_AFFCT,NC,_T,_T,_T,_T,_T,_T,_Z,_T,2019,1.0
2732,A,VC_DSR_AFFCT,NC,_T,_T,_T,_T,_T,_T,_Z,_T,2020,2.0
2733,A,VC_DSR_AFFCT,NR,_T,_T,_T,_T,_T,_T,_Z,_T,2019,63.0
2734,A,VC_DSR_AFFCT,NR,_T,_T,_T,_T,_T,_T,_Z,_T,2020,1133.0
2735,A,VC_DSR_AFFCT,NR,_T,_T,_T,_T,_T,_T,_Z,_T,2021,4.0
2736,A,VC_DSR_AFFCT,NR,_T,_T,_T,_T,_T,_T,_Z,_T,2022,5393.0
2737,A,VC_DSR_AFFCT,NU,_T,_T,_T,_T,_T,_T,_Z,_T,2012,0.0
2738,A,VC_DSR_AFFCT,NU,_T,_T,_T,_T,_T,_T,_Z,_T,2020,0.0
2739,A,VC_DSR_AFFCT,PF,_T,_T,_T,_T,_T,_T,_Z,_T,2007,0.0
2740,A,VC_DSR_AFFCT,PG,_T,_T,_T,_T,_T,_T,_Z,_T,2005,2.0
2741,A,VC_DSR_AFFCT,PG,_T,_T,_T,_T,_T,_T,_Z,_T,2006,216.0
2742,A,VC_DSR_AFFCT,PG,_T,_T,_T,_T,_T,_T,_Z,_T,2007,56284.0
2743,A,VC_DSR_AFFCT,PG,_T,_T,_T,_T,_T,_T,_Z,_T,2008,36393.0
2744,A,VC_DSR_AFFCT,PG,_T,_T,_T,_T,_T,_T,_Z,_T,2009,580.0
2745,A,VC_DSR_AFFCT,PG,_T,_T,_T,_T,_T,_T,_Z,_T,2010,0.0
2746,A,VC_DSR_AFFCT,PG,_T,_T,_T,_T,_T,_T,_Z,_T,2011,0.0
2747,A,VC_DSR_AFFCT,PG,_T,_T,_T,_T,_T,_T,_Z,_T,2012,172.0
2748,A,VC_DSR_AFFCT,PG,_T,_T,_T,_T,_T,_T,_Z,_T,2013,264.0
2749,A,VC_DSR_AFFCT,PG,_T,_T,_T,_T,_T,_T,_Z,_T,2014,0.0
2750,A,VC_DSR_AFFCT,PG,_T,_T,_T,_T,_T,_T,_Z,_T,2015,0.0
2751,A,VC_DSR_AFFCT,PG,_T,_T,_T,_T,_T,_T,_Z,_T,2019,2100.0
2752,A,VC_DSR_AFFCT,PG,_T,_T,_T,_T,_T,_T,_Z,_T,2020,3297.0
2753,A,VC_DSR_AFFCT,PW,_T,_T,_T,_T,_T,_T,_Z,_T,2009,0.0
2754,A,VC_DSR_AFFCT,PW,_T,_T,_T,_T,_T,_T,_Z,_T,2011,0.0
2755,A,VC_DSR_AFFCT,PW,_T,_T,_T,_T,_T,_T,_Z,_T,2012,1528.0
2756,A,VC_DSR_AFFCT,PW,_T,_T,_T,_T,_T,_T,_Z,_T,2015,0.0
2757,A,VC_DSR_AFFCT,PW,_T,_T,_T,_T,_T,_T,_Z,_T,2016,11009.0
2758,A,VC_DSR_AFFCT,PW,_T,_T,_T,_T,_T,_T,_Z,_T,2021,24220.0
2759,A,VC_DSR_AFFCT,PW,_T,_T,_T,_T,_T,_T,_Z,_T,2022,780.0
2760,A,VC_DSR_AFFCT,SB,_T,_T,_T,_T,_T,_T,_Z,_T,2006,0.0
2761,A,VC_DSR_AFFCT,SB,_T,_T,_T,_T,_T,_T,_Z,_T,2007,21343.0
2762,A,VC_DSR_AFFCT,SB,_T,_T,_T,_T,_T,_T,_Z,_T,2008,0.0
2763,A,VC_DSR_AFFCT,SB,_T,_T,_T,_T,_T,_T,_Z,_T,2009,68.0
2764,A,VC_DSR_AFFCT,SB,_T,_T,_T,_T,_T,_T,_Z,_T,2010,1456.0
2765,A,VC_DSR_AFFCT,SB,_T,_T,_T,_T,_T,_T,_Z,_T,2011,36.0
2766,A,VC_DSR_AFFCT,SB,_T,_T,_T,_T,_T,_T,_Z,_T,2012,216.0
2767,A,VC_DSR_AFFCT,SB,_T,_T,_T,_T,_T,_T,_Z,_T,2013,7577.0
2768,A,VC_DSR_AFFCT,SB,_T,_T,_T,_T,_T,_T,_Z,_T,2014,14831.0
2769,A,VC_DSR_AFFCT,SB,_T,_T,_T,_T,_T,_T,_Z,_T,2015,185886.0
2770,A,VC_DSR_AFFCT,SB,_T,_T,_T,_T,_T,_T,_Z,_T,2016,60858.0
2771,A,VC_DSR_AFFCT,SB,_T,_T,_T,_T,_T,_T,_Z,_T,2017,51465.0
2772,A,VC_DSR_AFFCT,SB,_T,_T,_T,_T,_T,_T,_Z,_T,2018,194155.0
2773,A,VC_DSR_AFFCT,SB,_T,_T,_T,_T,_T,_T,_Z,_T,2019,1834.0
2774,A,VC_DSR_AFFCT,SB,_T,_T,_T,_T,_T,_T,_Z,_T,2020,2339.0
2775,A,VC_DSR_AFFCT,SB,_T,_T,_T,_T,_T,_T,_Z,_T,2021,240.0
2776,A,VC_DSR_AFFCT,SB,_T,_T,_T,_T,_T,_T,_Z,_T,2022,20080.0
2777,A,VC_DSR_AFFCT,TO,_T,_T,_T,_T,_T,_T,_Z,_T,2005,0.0
2778,A,VC_DSR_AFFCT,TO,_T,_T,_T,_T,_T,_T,_Z,_T,2006,0.0
2779,A,VC_DSR_AFFCT,TO,_T,_T,_T,_T,_T,_T,_Z,_T,2007,0.0
2780,A,VC_DSR_AFFCT,TO,_T,_T,_T,_T,_T,_T,_Z,_T,2008,0.0
2781,A,VC_DSR_AFFCT,TO,_T,_T,_T,_T,_T,_T,_Z,_T,2009,7.0
2782,A,VC_DSR_AFFCT,TO,_T,_T,_T,_T,_T,_T,_Z,_T,2010,0.0
2783,A,VC_DSR_AFFCT,TO,_T,_T,_T,_T,_T,_T,_Z,_T,2011,345.0
2784,A,VC_DSR_AFFCT,TO,_T,_T,_T,_T,_T,_T,_Z,_T,2012,0.0
2785,A,VC_DSR_AFFCT,TO,_T,_T,_T,_T,_T,_T,_Z,_T,2013,0.0
2786,A,VC_DSR_AFFCT,TO,_T,_T,_T,_T,_T,_T,_Z,_T,2014,4520.0
2787,A,VC_DSR_AFFCT,TO,_T,_T,_T,_T,_T,_T,_Z,_T,2015,0.0
2788,A,VC_DSR_AFFCT,TO,_T,_T,_T,_T,_T,_T,_Z,_T,2016,0.0
2789,A,VC_DSR_AFFCT,TO,_T,_T,_T,_T,_T,_T,_Z,_T,2017,0.0
2790,A,VC_DSR_AFFCT,TO,_T,_T,_T,_T,_T,_T,_Z,_T,2018,84311.0
2791,A,VC_DSR_AFFCT,TO,_T,_T,_T,_T,_T,_T,_Z,_T,2019,640.0
2792,A,VC_DSR_AFFCT,TO,_T,_T,_T,_T,_T,_T,_Z,_T,2020,68.0
2793,A,VC_DSR_AFFCT,TV,_T,_T,_T,_T,_T,_T,_Z,_T,2011,0.0
2794,A,VC_DSR_AFFCT,TV,_T,_T,_T,_T,_T,_T,_Z,_T,2015,0.0
2795,A,VC_DSR_AFFCT,TV,_T,_T,_T,_T,_T,_T,_Z,_T,2016,1003.0
2796,A,VC_DSR_AFFCT,TV,_T,_T,_T,_T,_T,_T,_Z,_T,2017,0.0
2797,A,VC_DSR_AFFCT,TV,_T,_T,_T,_T,_T,_T,_Z,_T,2018,0.0
2798,A,VC_DSR_AFFCT,TV,_T,_T,_T,_T,_T,_T,_Z,_T,2019,0.0
2799,A,VC_DSR_AFFCT,TV,_T,_T,_T,_T,_T,_T,_Z,_T,2020,2266.0
2800,A,VC_DSR_AFFCT,TV,_T,_T,_T,_T,_T,_T,_Z,_T,2021,6.0
2801,A,VC_DSR_AFFCT,TV,_T,_T,_T,_T,_T,_T,_Z,_T,2022,7748.0
2802,A,VC_DSR_AFFCT,VU,_T,_T,_T,_T,_T,_T,_Z,_T,2005,0.0
2803,A,VC_DSR_AFFCT,VU,_T,_T,_T,_T,_T,_T,_Z,_T,2006,0.0
2804,A,VC_DSR_AFFCT,VU,_T,_T,_T,_T,_T,_T,_Z,_T,2007,4.0
2805,A,VC_DSR_AFFCT,VU,_T,_T,_T,_T,_T,_T,_Z,_T,2008,60.0
2806,A,VC_DSR_AFFCT,VU,_T,_T,_T,_T,_T,_T,_Z,_T,2009,422.0
2807,A,VC_DSR_AFFCT,VU,_T,_T,_T,_T,_T,_T,_Z,_T,2010,500.0
2808,A,VC_DSR_AFFCT,VU,_T,_T,_T,_T,_T,_T,_Z,_T,2011,248.0
2809,A,VC_DSR_AFFCT,VU,_T,_T,_T,_T,_T,_T,_Z,_T,2012,28.0
2810,A,VC_DSR_AFFCT,VU,_T,_T,_T,_T,_T,_T,_Z,_T,2013,0.0
2811,A,VC_DSR_AFFCT,VU,_T,_T,_T,_T,_T,_T,_Z,_T,2014,152.0
2812,A,VC_DSR_AFFCT,VU,_T,_T,_T,_T,_T,_T,_Z,_T,2015,0.0
2813,A,VC_DSR_AFFCT,VU,_T,_T,_T,_T,_T,_T,_Z,_T,2017,920.0
2814,A,VC_DSR_AFFCT,VU,_T,_T,_T,_T,_T,_T,_Z,_T,2018,23286.0
2815,A,VC_DSR_AFFCT,VU,_T,_T,_T,_T,_T,_T,_Z,_T,2019,18.0
2816,A,VC_DSR_AFFCT,VU,_T,_T,_T,_T,_T,_T,_Z,_T,2020,246802.0
2817,A,VC_DSR_AFFCT,VU,_T,_T,_T,_T,_T,_T,_Z,_T,2021,1400.0
2818,A,VC_DSR_AFFCT,WS,_T,_T,_T,_T,_T,_T,_Z,_T,2005,0.0
2819,A,VC_DSR_AFFCT,WS,_T,_T,_T,_T,_T,_T,_Z,_T,2006,0.0
2820,A,VC_DSR_AFFCT,WS,_T,_T,_T,_T,_T,_T,_Z,_T,2008,0.0
2821,A,VC_DSR_AFFCT,WS,_T,_T,_T,_T,_T,_T,_Z,_T,2009,6332.0
2822,A,VC_DSR_AFFCT,WS,_T,_T,_T,_T,_T,_T,_Z,_T,2012,0.0
2823,A,VC_DSR_AFFCT,WS,_T,_T,_T,_T,_T,_T,_Z,_T,2013,0.0
2824,A,VC_DSR_AFFCT,WS,_T,_T,_T,_T,_T,_T,_Z,_T,2014,0.0
2825,A,VC_DSR_AFFCT,WS,_T,_T,_T,_T,_T,_T,_Z,_T,2015,0.0
2826,A,VC_DSR_AFFCT,WS,_T,_T,_T,_T,_T,_T,_Z,_T,2016,0.0
2827,A,VC_DSR_AFFCT,WS,_T,_T,_T,_T,_T,_T,_Z,_T,2018,383.0
2828,A,VC_DSR_AFFCT,WS,_T,_T,_T,_T,_T,_T,_Z,_T,2019,5700.0
2829,A,VC_DSR_AFFCT,WS,_T,_T,_T,_T,_T,_T,_Z,_T,2020,195.0
2830,A,VC_DSR_AFFCT,WS,_T,_T,_T,_T,_T,_T,_Z,_T,2021,15.0
2831,A,VC_DSR_AFFCT,WS,_T,_T,_T,_T,_T,_T,_Z,_T,2022,16607.0
2832,A,VC_DSR_AFFCT,WS,_T,_T,_T,_T,_T,_T,_Z,_T,2023,138.0
2833,A,VC_DSR_LSGP,FJ,_T,_T,_T,_T,_T,_T,_Z,_T,2005,0.0
2834,A,VC_DSR_LSGP,FJ,_T,_T,_T,_T,_T,_T,_Z,_T,2006,0.0
2835,A,VC_DSR_LSGP,FJ,_T,_T,_T,_T,_T,_T,_Z,_T,2007,0.0
2836,A,VC_DSR_LSGP,FJ,_T,_T,_T,_T,_T,_T,_Z,_T,2008,0.0
2837,A,VC_DSR_LSGP,FJ,_T,_T,_T,_T,_T,_T,_Z,_T,2009,0.01
2838,A,VC_DSR_LSGP,FJ,_T,_T,_T,_T,_T,_T,_Z,_T,2010,0.01
2839,A,VC_DSR_LSGP,FJ,_T,_T,_T,_T,_T,_T,_Z,_T,2011,0.0
2840,A,VC_DSR_LSGP,FJ,_T,_T,_T,_T,_T,_T,_Z,_T,2013,0.0
2841,A,VC_DSR_LSGP,FJ,_T,_T,_T,_T,_T,_T,_Z,_T,2015,0.0
2842,A,VC_DSR_LSGP,FJ,_T,_T,_T,_T,_T,_T,_Z,_T,2016,0.18
2843,A,VC_DSR_LSGP,FJ,_T,_T,_T,_T,_T,_T,_Z,_T,2017,0.0
2844,A,VC_DSR_LSGP,FJ,_T,_T,_T,_T,_T,_T,_Z,_T,2018,0.01
2845,A,VC_DSR_LSGP,FJ,_T,_T,_T,_T,_T,_T,_Z,_T,2019,0.0
2846,A,VC_DSR_LSGP,FJ,_T,_T,_T,_T,_T,_T,_Z,_T,2020,0.05
2847,A,VC_DSR_LSGP,FJ,_T,_T,_T,_T,_T,_T,_Z,_T,2021,0.02
2848,A,VC_DSR_LSGP,FJ,_T,_T,_T,_T,_T,_T,_Z,_T,2022,0.0
2849,A,VC_DSR_LSGP,FM,_T,_T,_T,_T,_T,_T,_Z,_T,2006,0.0
2850,A,VC_DSR_LSGP,FM,_T,_T,_T,_T,_T,_T,_Z,_T,2008,0.0
2851,A,VC_DSR_LSGP,FM,_T,_T,_T,_T,_T,_T,_Z,_T,2009,0.0
2852,A,VC_DSR_LSGP,FM,_T,_T,_T,_T,_T,_T,_Z,_T,2015,0.13
2853,A,VC_DSR_LSGP,FM,_T,_T,_T,_T,_T,_T,_Z,_T,2018,0.0
2854,A,VC_DSR_LSGP,FM,_T,_T,_T,_T,_T,_T,_Z,_T,2019,0.02
2855,A,VC_DSR_LSGP,FM,_T,_T,_T,_T,_T,_T,_Z,_T,2021,0.0
2856,A,VC_DSR_LSGP,KI,_T,_T,_T,_T,_T,_T,_Z,_T,2014,0.0
2857,A,VC_DSR_LSGP,KI,_T,_T,_T,_T,_T,_T,_Z,_T,2020,0.0
2858,A,VC_DSR_LSGP,KI,_T,_T,_T,_T,_T,_T,_Z,_T,2021,0.11
2859,A,VC_DSR_LSGP,MH,_T,_T,_T,_T,_T,_T,_Z,_T,2006,0.0
2860,A,VC_DSR_LSGP,MH,_T,_T,_T,_T,_T,_T,_Z,_T,2008,0.0
2861,A,VC_DSR_LSGP,MH,_T,_T,_T,_T,_T,_T,_Z,_T,2011,0.0
2862,A,VC_DSR_LSGP,MH,_T,_T,_T,_T,_T,_T,_Z,_T,2013,0.0
2863,A,VC_DSR_LSGP,MH,_T,_T,_T,_T,_T,_T,_Z,_T,2014,0.0
2864,A,VC_DSR_LSGP,MH,_T,_T,_T,_T,_T,_T,_Z,_T,2015,0.0
2865,A,VC_DSR_LSGP,MH,_T,_T,_T,_T,_T,_T,_Z,_T,2016,0.01
2866,A,VC_DSR_LSGP,MH,_T,_T,_T,_T,_T,_T,_Z,_T,2017,0.0
2867,A,VC_DSR_LSGP,MH,_T,_T,_T,_T,_T,_T,_Z,_T,2018,0.0
2868,A,VC_DSR_LSGP,MH,_T,_T,_T,_T,_T,_T,_Z,_T,2019,0.0
2869,A,VC_DSR_LSGP,MH,_T,_T,_T,_T,_T,_T,_Z,_T,2020,0.0
2870,A,VC_DSR_LSGP,MH,_T,_T,_T,_T,_T,_T,_Z,_T,2021,0.0
2871,A,VC_DSR_LSGP,MH,_T,_T,_T,_T,_T,_T,_Z,_T,2022,0.03
2872,A,VC_DSR_LSGP,NR,_T,_T,_T,_T,_T,_T,_Z,_T,2019,0.0
2873,A,VC_DSR_LSGP,NR,_T,_T,_T,_T,_T,_T,_Z,_T,2021,0.0
2874,A,VC_DSR_LSGP,NR,_T,_T,_T,_T,_T,_T,_Z,_T,2022,0.0
2875,A,VC_DSR_LSGP,PG,_T,_T,_T,_T,_T,_T,_Z,_T,2005,0.0
2876,A,VC_DSR_LSGP,PG,_T,_T,_T,_T,_T,_T,_Z,_T,2006,0.0
2877,A,VC_DSR_LSGP,PG,_T,_T,_T,_T,_T,_T,_Z,_T,2007,0.01
2878,A,VC_DSR_LSGP,PG,_T,_T,_T,_T,_T,_T,_Z,_T,2008,0.01
2879,A,VC_DSR_LSGP,PG,_T,_T,_T,_T,_T,_T,_Z,_T,2009,0.0
2880,A,VC_DSR_LSGP,PG,_T,_T,_T,_T,_T,_T,_Z,_T,2010,0.0
2881,A,VC_DSR_LSGP,PG,_T,_T,_T,_T,_T,_T,_Z,_T,2011,0.0
2882,A,VC_DSR_LSGP,PG,_T,_T,_T,_T,_T,_T,_Z,_T,2012,0.0
2883,A,VC_DSR_LSGP,PG,_T,_T,_T,_T,_T,_T,_Z,_T,2013,0.0
2884,A,VC_DSR_LSGP,PG,_T,_T,_T,_T,_T,_T,_Z,_T,2014,0.0
2885,A,VC_DSR_LSGP,PG,_T,_T,_T,_T,_T,_T,_Z,_T,2015,0.0
2886,A,VC_DSR_LSGP,PG,_T,_T,_T,_T,_T,_T,_Z,_T,2019,0.0
2887,A,VC_DSR_LSGP,PG,_T,_T,_T,_T,_T,_T,_Z,_T,2020,0.0
2888,A,VC_DSR_LSGP,PW,_T,_T,_T,_T,_T,_T,_Z,_T,2009,0.0
2889,A,VC_DSR_LSGP,PW,_T,_T,_T,_T,_T,_T,_Z,_T,2011,0.0
2890,A,VC_DSR_LSGP,PW,_T,_T,_T,_T,_T,_T,_Z,_T,2012,0.03
2891,A,VC_DSR_LSGP,PW,_T,_T,_T,_T,_T,_T,_Z,_T,2021,0.07
2892,A,VC_DSR_LSGP,PW,_T,_T,_T,_T,_T,_T,_Z,_T,2022,0.01
2893,A,VC_DSR_LSGP,SB,_T,_T,_T,_T,_T,_T,_Z,_T,2006,0.0
2894,A,VC_DSR_LSGP,SB,_T,_T,_T,_T,_T,_T,_Z,_T,2007,0.11
2895,A,VC_DSR_LSGP,SB,_T,_T,_T,_T,_T,_T,_Z,_T,2008,0.0
2896,A,VC_DSR_LSGP,SB,_T,_T,_T,_T,_T,_T,_Z,_T,2009,0.0
2897,A,VC_DSR_LSGP,SB,_T,_T,_T,_T,_T,_T,_Z,_T,2010,0.01
2898,A,VC_DSR_LSGP,SB,_T,_T,_T,_T,_T,_T,_Z,_T,2011,0.0
2899,A,VC_DSR_LSGP,SB,_T,_T,_T,_T,_T,_T,_Z,_T,2012,0.0
2900,A,VC_DSR_LSGP,SB,_T,_T,_T,_T,_T,_T,_Z,_T,2013,0.01
2901,A,VC_DSR_LSGP,SB,_T,_T,_T,_T,_T,_T,_Z,_T,2014,0.0
2902,A,VC_DSR_LSGP,SB,_T,_T,_T,_T,_T,_T,_Z,_T,2015,0.03
2903,A,VC_DSR_LSGP,SB,_T,_T,_T,_T,_T,_T,_Z,_T,2016,0.02
2904,A,VC_DSR_LSGP,SB,_T,_T,_T,_T,_T,_T,_Z,_T,2017,0.03
2905,A,VC_DSR_LSGP,SB,_T,_T,_T,_T,_T,_T,_Z,_T,2018,0.05
2906,A,VC_DSR_LSGP,SB,_T,_T,_T,_T,_T,_T,_Z,_T,2019,0.01
2907,A,VC_DSR_LSGP,SB,_T,_T,_T,_T,_T,_T,_Z,_T,2020,0.0
2908,A,VC_DSR_LSGP,SB,_T,_T,_T,_T,_T,_T,_Z,_T,2021,0.0
2909,A,VC_DSR_LSGP,SB,_T,_T,_T,_T,_T,_T,_Z,_T,2022,0.0
2910,A,VC_DSR_LSGP,TO,_T,_T,_T,_T,_T,_T,_Z,_T,2005,0.0
2911,A,VC_DSR_LSGP,TO,_T,_T,_T,_T,_T,_T,_Z,_T,2011,0.0
2912,A,VC_DSR_LSGP,TO,_T,_T,_T,_T,_T,_T,_Z,_T,2013,0.0
2913,A,VC_DSR_LSGP,TO,_T,_T,_T,_T,_T,_T,_Z,_T,2014,0.04
2914,A,VC_DSR_LSGP,TO,_T,_T,_T,_T,_T,_T,_Z,_T,2015,0.0
2915,A,VC_DSR_LSGP,TO,_T,_T,_T,_T,_T,_T,_Z,_T,2016,0.0
2916,A,VC_DSR_LSGP,TO,_T,_T,_T,_T,_T,_T,_Z,_T,2017,0.0
2917,A,VC_DSR_LSGP,TO,_T,_T,_T,_T,_T,_T,_Z,_T,2018,0.02
2918,A,VC_DSR_LSGP,TO,_T,_T,_T,_T,_T,_T,_Z,_T,2019,0.0
2919,A,VC_DSR_LSGP,TO,_T,_T,_T,_T,_T,_T,_Z,_T,2020,0.0
2920,A,VC_DSR_LSGP,TV,_T,_T,_T,_T,_T,_T,_Z,_T,2011,0.0
2921,A,VC_DSR_LSGP,TV,_T,_T,_T,_T,_T,_T,_Z,_T,2016,0.08
2922,A,VC_DSR_LSGP,TV,_T,_T,_T,_T,_T,_T,_Z,_T,2020,0.25
2923,A,VC_DSR_LSGP,TV,_T,_T,_T,_T,_T,_T,_Z,_T,2022,0.0
2924,A,VC_DSR_LSGP,VU,_T,_T,_T,_T,_T,_T,_Z,_T,2005,0.0
2925,A,VC_DSR_LSGP,VU,_T,_T,_T,_T,_T,_T,_Z,_T,2006,0.0
2926,A,VC_DSR_LSGP,VU,_T,_T,_T,_T,_T,_T,_Z,_T,2007,0.0
2927,A,VC_DSR_LSGP,VU,_T,_T,_T,_T,_T,_T,_Z,_T,2008,0.0
2928,A,VC_DSR_LSGP,VU,_T,_T,_T,_T,_T,_T,_Z,_T,2009,0.0
2929,A,VC_DSR_LSGP,VU,_T,_T,_T,_T,_T,_T,_Z,_T,2010,0.0
2930,A,VC_DSR_LSGP,VU,_T,_T,_T,_T,_T,_T,_Z,_T,2011,0.0
2931,A,VC_DSR_LSGP,VU,_T,_T,_T,_T,_T,_T,_Z,_T,2012,0.0
2932,A,VC_DSR_LSGP,VU,_T,_T,_T,_T,_T,_T,_Z,_T,2013,0.0
2933,A,VC_DSR_LSGP,VU,_T,_T,_T,_T,_T,_T,_Z,_T,2014,0.0
2934,A,VC_DSR_LSGP,VU,_T,_T,_T,_T,_T,_T,_Z,_T,2015,0.0
2935,A,VC_DSR_LSGP,VU,_T,_T,_T,_T,_T,_T,_Z,_T,2017,0.0
2936,A,VC_DSR_LSGP,VU,_T,_T,_T,_T,_T,_T,_Z,_T,2018,0.07
2937,A,VC_DSR_LSGP,VU,_T,_T,_T,_T,_T,_T,_Z,_T,2020,0.13
2938,A,VC_DSR_LSGP,VU,_T,_T,_T,_T,_T,_T,_Z,_T,2021,0.0
2939,A,VC_DSR_LSGP,WS,_T,_T,_T,_T,_T,_T,_Z,_T,2005,0.0
2940,A,VC_DSR_LSGP,WS,_T,_T,_T,_T,_T,_T,_Z,_T,2006,0.0
2941,A,VC_DSR_LSGP,WS,_T,_T,_T,_T,_T,_T,_Z,_T,2008,0.0
2942,A,VC_DSR_LSGP,WS,_T,_T,_T,_T,_T,_T,_Z,_T,2009,0.04
2943,A,VC_DSR_LSGP,WS,_T,_T,_T,_T,_T,_T,_Z,_T,2012,0.0
2944,A,VC_DSR_LSGP,WS,_T,_T,_T,_T,_T,_T,_Z,_T,2013,0.0
2945,A,VC_DSR_LSGP,WS,_T,_T,_T,_T,_T,_T,_Z,_T,2014,0.0
2946,A,VC_DSR_LSGP,WS,_T,_T,_T,_T,_T,_T,_Z,_T,2015,0.0
2947,A,VC_DSR_LSGP,WS,_T,_T,_T,_T,_T,_T,_Z,_T,2016,0.0
2948,A,VC_DSR_LSGP,WS,_T,_T,_T,_T,_T,_T,_Z,_T,2022,0.0
