STRUCTURE,STRUCTURE_ID,STRUCTURE_NAME,ACTION,FREQ,Frequency,INDICATOR,Indicator,GEO_PICT,Pacific Island Countries and territories,SEX,Sex,AGE,Age,URBANIZATION,Urbanization,INCOME,Income,EDUCATION,Education level,OCCUPATION,Occupation,COMPOSITE_BREAKDOWN,Composite breakdown,DISABILITY,Disability,TIME_PERIOD,Time,OBS_VALUE,Observation value,UNIT_MEASURE,Unit of measure,REPORTING_TYPE,Reporting type,NATURE,Nature,DATA_SOURCE,Data source,OBS_STATUS,Observation Status,OBS_COMMENT,Comment
DATAFLOW,SPC:DF_BP50_6(1.0),Blue Pacific 2050: Ocean And Environment (Thematic Area 6),I,A,Annual,ER_MRN_MARINKBA,Protected area coverage for marine (Key Biodiversity Area),CK,Cook Islands,_T,Total,_T,All ages,_T,National,_T,Total,_T,All education levels,_T,All occupations,_Z,Not applicable,_T,No breakdown by disability,2000,,0,,PERCENT,percent,G,Global,C,Country Data,"BirdLife International, IUCN and UNEP-WCMC (2019). Based on spatial overlap between polygons for Key Biodiversity Areas from the World Database of Key Biodiveristy Areas (www.keybiodiversityareas.org) and polygons for protected areas from the World Database on Protected Areas (www.protectedplanet.net)",,,,,
DATAFLOW,SPC:DF_BP50_6(1.0),Blue Pacific 2050: Ocean And Environment (Thematic Area 6),I,A,Annual,ER_MRN_MARINKBA,Protected area coverage for marine (Key Biodiversity Area),CK,Cook Islands,_T,Total,_T,All ages,_T,National,_T,Total,_T,All education levels,_T,All occupations,_Z,Not applicable,_T,No breakdown by disability,2001,,0,,PERCENT,percent,G,Global,C,Country Data,"BirdLife International, IUCN and UNEP-WCMC (2019). Based on spatial overlap between polygons for Key Biodiversity Areas from the World Database of Key Biodiveristy Areas (www.keybiodiversityareas.org) and polygons for protected areas from the World Database on Protected Areas (www.protectedplanet.net)",,,,,
DATAFLOW,SPC:DF_BP50_6(1.0),Blue Pacific 2050: Ocean And Environment (Thematic Area 6),I,A,Annual,ER_MRN_MARINKBA,Protected area coverage for marine (Key Biodiversity Area),CK,Cook Islands,_T,Total,_T,All ages,_T,National,_T,Total,_T,All education levels,_T,All occupations,_Z,Not applicable,_T,No breakdown by disability,2002,,0,,PERCENT,percent,G,Global,C,Country Data,"BirdLife International, IUCN and UNEP-WCMC (2019). Based on spatial overlap between polygons for Key Biodiversity Areas from the World Database of Key Biodiveristy Areas (www.keybiodiversityareas.org) and polygons for protected areas from the World Database on Protected Areas (www.protectedplanet.net)",,,,,
DATAFLOW,SPC:DF_BP50_6(1.0),Blue Pacific 2050: Ocean And Environment (Thematic Area 6),I,A,Annual,ER_MRN_MARINKBA,Protected area coverage for marine (Key Biodiversity Area),CK,Cook Islands,_T,Total,_T,All ages,_T,National,_T,Total,_T,All education levels,_T,All occupations,_Z,Not applicable,_T,No breakdown by disability,2003,,0,,PERCENT,percent,G,Global,C,Country Data,"BirdLife International, IUCN and UNEP-WCMC (2019). Based on spatial overlap between polygons for Key Biodiversity Areas from the World Database of Key Biodiveristy Areas (www.keybiodiversityareas.org) and polygons for protected areas from the World Database on Protected Areas (www.protectedplanet.net)",,,,,
DATAFLOW,SPC:DF_BP50_6(1.0),Blue Pacific 2050: Ocean And Environment (Thematic Area 6),I,A,Annual,ER_MRN_MARINKBA,Protected area coverage for marine (Key Biodiversity Area),CK,Cook Islands,_T,Total,_T,All ages,_T,National,_T,Total,_T,All education levels,_T,All occupations,_Z,Not applicable,_T,No breakdown by disability,2004,,0,,PERCENT,percent,G,Global,C,Country Data,"BirdLife International, IUCN and UNEP-WCMC (2019). Based on spatial overlap between polygons for Key Biodiversity Areas from the World Database of Key Biodiveristy Areas (www.keybiodiversityareas.org) and polygons for protected areas from the World Database on Protected Areas (www.protectedplanet.net)",,,,,
DATAFLOW,SPC:DF_BP50_6(1.0),Blue Pacific 2050: Ocean And Environment (Thematic Area 6),I,A,Annual,ER_MRN_MARINKBA,Protected area coverage for marine (Key Biodiversity Area),CK,Cook Islands,_T,Total,_T,All ages,_T,National,_T,Total,_T,All education levels,_T,All occupations,_Z,Not applicable,_T,No breakdown by disability,2005,,0,,PERCENT,percent,G,Global,C,Country Data,"BirdLife International, IUCN and UNEP-WCMC (2019). Based on spatial overlap between polygons for Key Biodiversity Areas from the World Database of Key Biodiveristy Areas (www.keybiodiversityareas.org) and polygons for protected areas from the World Database on Protected Areas (www.protectedplanet.net)",,,,,
DATAFLOW,SPC:DF_BP50_6(1.0),Blue Pacific 2050: Ocean And Environment (Thematic Area 6),I,A,Annual,ER_MRN_MARINKBA,Protected area coverage for marine (Key Biodiversity Area),CK,Cook Islands,_T,Total,_T,All ages,_T,National,_T,Total,_T,All education levels,_T,All occupations,_Z,Not applicable,_T,No breakdown by disability,2006,,0,,PERCENT,percent,G,Global,C,Country Data,"BirdLife International, IUCN and UNEP-WCMC (2019). Based on spatial overlap between polygons for Key Biodiversity Areas from the World Database of Key Biodiveristy Areas (www.keybiodiversityareas.org) and polygons for protected areas from the World Database on Protected Areas (www.protectedplanet.net)",,,,,
DATAFLOW,SPC:DF_BP50_6(1.0),Blue Pacific 2050: Ocean And Environment (Thematic Area 6),I,A,Annual,ER_MRN_MARINKBA,Protected area coverage for marine (Key Biodiversity Area),CK,Cook Islands,_T,Total,_T,All ages,_T,National,_T,Total,_T,All education levels,_T,All occupations,_Z,Not applicable,_T,No breakdown by disability,2007,,0,,PERCENT,percent,G,Global,C,Country Data,"BirdLife International, IUCN and UNEP-WCMC (2019). Based on spatial overlap between polygons for Key Biodiversity Areas from the World Database of Key Biodiveristy Areas (www.keybiodiversityareas.org) and polygons for protected areas from the World Database on Protected Areas (www.protectedplanet.net)",,,,,
DATAFLOW,SPC:DF_BP50_6(1.0),Blue Pacific 2050: Ocean And Environment (Thematic Area 6),I,A,Annual,ER_MRN_MARINKBA,Protected area coverage for marine (Key Biodiversity Area),CK,Cook Islands,_T,Total,_T,All ages,_T,National,_T,Total,_T,All education levels,_T,All occupations,_Z,Not applicable,_T,No breakdown by disability,2008,,0,,PERCENT,percent,G,Global,C,Country Data,"BirdLife International, IUCN and UNEP-WCMC (2019). Based on spatial overlap between polygons for Key Biodiversity Areas from the World Database of Key Biodiveristy Areas (www.keybiodiversityareas.org) and polygons for protected areas from the World Database on Protected Areas (www.protectedplanet.net)",,,,,
DATAFLOW,SPC:DF_BP50_6(1.0),Blue Pacific 2050: Ocean And Environment (Thematic Area 6),I,A,Annual,ER_MRN_MARINKBA,Protected area coverage for marine (Key Biodiversity Area),CK,Cook Islands,_T,Total,_T,All ages,_T,National,_T,Total,_T,All education levels,_T,All occupations,_Z,Not applicable,_T,No breakdown by disability,2009,,0,,PERCENT,percent,G,Global,C,Country Data,"BirdLife International, IUCN and UNEP-WCMC (2019). Based on spatial overlap between polygons for Key Biodiversity Areas from the World Database of Key Biodiveristy Areas (www.keybiodiversityareas.org) and polygons for protected areas from the World Database on Protected Areas (www.protectedplanet.net)",,,,,
DATAFLOW,SPC:DF_BP50_6(1.0),Blue Pacific 2050: Ocean And Environment (Thematic Area 6),I,A,Annual,ER_MRN_MARINKBA,Protected area coverage for marine (Key Biodiversity Area),CK,Cook Islands,_T,Total,_T,All ages,_T,National,_T,Total,_T,All education levels,_T,All occupations,_Z,Not applicable,_T,No breakdown by disability,2010,,0,,PERCENT,percent,G,Global,C,Country Data,"BirdLife International, IUCN and UNEP-WCMC (2019). Based on spatial overlap between polygons for Key Biodiversity Areas from the World Database of Key Biodiveristy Areas (www.keybiodiversityareas.org) and polygons for protected areas from the World Database on Protected Areas (www.protectedplanet.net)",,,,,
DATAFLOW,SPC:DF_BP50_6(1.0),Blue Pacific 2050: Ocean And Environment (Thematic Area 6),I,A,Annual,ER_MRN_MARINKBA,Protected area coverage for marine (Key Biodiversity Area),CK,Cook Islands,_T,Total,_T,All ages,_T,National,_T,Total,_T,All education levels,_T,All occupations,_Z,Not applicable,_T,No breakdown by disability,2011,,0,,PERCENT,percent,G,Global,C,Country Data,"BirdLife International, IUCN and UNEP-WCMC (2019). Based on spatial overlap between polygons for Key Biodiversity Areas from the World Database of Key Biodiveristy Areas (www.keybiodiversityareas.org) and polygons for protected areas from the World Database on Protected Areas (www.protectedplanet.net)",,,,,
DATAFLOW,SPC:DF_BP50_6(1.0),Blue Pacific 2050: Ocean And Environment (Thematic Area 6),I,A,Annual,ER_MRN_MARINKBA,Protected area coverage for marine (Key Biodiversity Area),CK,Cook Islands,_T,Total,_T,All ages,_T,National,_T,Total,_T,All education levels,_T,All occupations,_Z,Not applicable,_T,No breakdown by disability,2012,,0,,PERCENT,percent,G,Global,C,Country Data,"BirdLife International, IUCN and UNEP-WCMC (2019). Based on spatial overlap between polygons for Key Biodiversity Areas from the World Database of Key Biodiveristy Areas (www.keybiodiversityareas.org) and polygons for protected areas from the World Database on Protected Areas (www.protectedplanet.net)",,,,,
DATAFLOW,SPC:DF_BP50_6(1.0),Blue Pacific 2050: Ocean And Environment (Thematic Area 6),I,A,Annual,ER_MRN_MARINKBA,Protected area coverage for marine (Key Biodiversity Area),CK,Cook Islands,_T,Total,_T,All ages,_T,National,_T,Total,_T,All education levels,_T,All occupations,_Z,Not applicable,_T,No breakdown by disability,2013,,0,,PERCENT,percent,G,Global,C,Country Data,"BirdLife International, IUCN and UNEP-WCMC (2019). Based on spatial overlap between polygons for Key Biodiversity Areas from the World Database of Key Biodiveristy Areas (www.keybiodiversityareas.org) and polygons for protected areas from the World Database on Protected Areas (www.protectedplanet.net)",,,,,
DATAFLOW,SPC:DF_BP50_6(1.0),Blue Pacific 2050: Ocean And Environment (Thematic Area 6),I,A,Annual,ER_MRN_MARINKBA,Protected area coverage for marine (Key Biodiversity Area),CK,Cook Islands,_T,Total,_T,All ages,_T,National,_T,Total,_T,All education levels,_T,All occupations,_Z,Not applicable,_T,No breakdown by disability,2014,,0,,PERCENT,percent,G,Global,C,Country Data,"BirdLife International, IUCN and UNEP-WCMC (2019). Based on spatial overlap between polygons for Key Biodiversity Areas from the World Database of Key Biodiveristy Areas (www.keybiodiversityareas.org) and polygons for protected areas from the World Database on Protected Areas (www.protectedplanet.net)",,,,,
DATAFLOW,SPC:DF_BP50_6(1.0),Blue Pacific 2050: Ocean And Environment (Thematic Area 6),I,A,Annual,ER_MRN_MARINKBA,Protected area coverage for marine (Key Biodiversity Area),CK,Cook Islands,_T,Total,_T,All ages,_T,National,_T,Total,_T,All education levels,_T,All occupations,_Z,Not applicable,_T,No breakdown by disability,2015,,0,,PERCENT,percent,G,Global,C,Country Data,"BirdLife International, IUCN and UNEP-WCMC (2019). Based on spatial overlap between polygons for Key Biodiversity Areas from the World Database of Key Biodiveristy Areas (www.keybiodiversityareas.org) and polygons for protected areas from the World Database on Protected Areas (www.protectedplanet.net)",,,,,
DATAFLOW,SPC:DF_BP50_6(1.0),Blue Pacific 2050: Ocean And Environment (Thematic Area 6),I,A,Annual,ER_MRN_MARINKBA,Protected area coverage for marine (Key Biodiversity Area),CK,Cook Islands,_T,Total,_T,All ages,_T,National,_T,Total,_T,All education levels,_T,All occupations,_Z,Not applicable,_T,No breakdown by disability,2016,,0,,PERCENT,percent,G,Global,C,Country Data,"BirdLife International, IUCN and UNEP-WCMC (2019). Based on spatial overlap between polygons for Key Biodiversity Areas from the World Database of Key Biodiveristy Areas (www.keybiodiversityareas.org) and polygons for protected areas from the World Database on Protected Areas (www.protectedplanet.net)",,,,,
DATAFLOW,SPC:DF_BP50_6(1.0),Blue Pacific 2050: Ocean And Environment (Thematic Area 6),I,A,Annual,ER_MRN_MARINKBA,Protected area coverage for marine (Key Biodiversity Area),CK,Cook Islands,_T,Total,_T,All ages,_T,National,_T,Total,_T,All education levels,_T,All occupations,_Z,Not applicable,_T,No breakdown by disability,2017,,29.34,,PERCENT,percent,G,Global,C,Country Data,"BirdLife International, IUCN and UNEP-WCMC (2019). Based on spatial overlap between polygons for Key Biodiversity Areas from the World Database of Key Biodiveristy Areas (www.keybiodiversityareas.org) and polygons for protected areas from the World Database on Protected Areas (www.protectedplanet.net)",,,,,
DATAFLOW,SPC:DF_BP50_6(1.0),Blue Pacific 2050: Ocean And Environment (Thematic Area 6),I,A,Annual,ER_MRN_MARINKBA,Protected area coverage for marine (Key Biodiversity Area),CK,Cook Islands,_T,Total,_T,All ages,_T,National,_T,Total,_T,All education levels,_T,All occupations,_Z,Not applicable,_T,No breakdown by disability,2018,,29.34,,PERCENT,percent,G,Global,C,Country Data,"BirdLife International, IUCN and UNEP-WCMC (2019). Based on spatial overlap between polygons for Key Biodiversity Areas from the World Database of Key Biodiveristy Areas (www.keybiodiversityareas.org) and polygons for protected areas from the World Database on Protected Areas (www.protectedplanet.net)",,,,,
DATAFLOW,SPC:DF_BP50_6(1.0),Blue Pacific 2050: Ocean And Environment (Thematic Area 6),I,A,Annual,ER_MRN_MARINKBA,Protected area coverage for marine (Key Biodiversity Area),CK,Cook Islands,_T,Total,_T,All ages,_T,National,_T,Total,_T,All education levels,_T,All occupations,_Z,Not applicable,_T,No breakdown by disability,2019,,29.34,,PERCENT,percent,G,Global,C,Country Data,"BirdLife International, IUCN and UNEP-WCMC (2019). Based on spatial overlap between polygons for Key Biodiversity Areas from the World Database of Key Biodiveristy Areas (www.keybiodiversityareas.org) and polygons for protected areas from the World Database on Protected Areas (www.protectedplanet.net)",,,,,
DATAFLOW,SPC:DF_BP50_6(1.0),Blue Pacific 2050: Ocean And Environment (Thematic Area 6),I,A,Annual,ER_MRN_MARINKBA,Protected area coverage for marine (Key Biodiversity Area),WS,Samoa,_T,Total,_T,All ages,_T,National,_T,Total,_T,All education levels,_T,All occupations,_Z,Not applicable,_T,No breakdown by disability,2000,,2.42,,PERCENT,percent,G,Global,C,Country Data,"BirdLife International, IUCN and UNEP-WCMC (2019). Based on spatial overlap between polygons for Key Biodiversity Areas from the World Database of Key Biodiveristy Areas (www.keybiodiversityareas.org) and polygons for protected areas from the World Database on Protected Areas (www.protectedplanet.net)",,,,,
DATAFLOW,SPC:DF_BP50_6(1.0),Blue Pacific 2050: Ocean And Environment (Thematic Area 6),I,A,Annual,ER_MRN_MARINKBA,Protected area coverage for marine (Key Biodiversity Area),WS,Samoa,_T,Total,_T,All ages,_T,National,_T,Total,_T,All education levels,_T,All occupations,_Z,Not applicable,_T,No breakdown by disability,2001,,2.42,,PERCENT,percent,G,Global,C,Country Data,"BirdLife International, IUCN and UNEP-WCMC (2019). Based on spatial overlap between polygons for Key Biodiversity Areas from the World Database of Key Biodiveristy Areas (www.keybiodiversityareas.org) and polygons for protected areas from the World Database on Protected Areas (www.protectedplanet.net)",,,,,
DATAFLOW,SPC:DF_BP50_6(1.0),Blue Pacific 2050: Ocean And Environment (Thematic Area 6),I,A,Annual,ER_MRN_MARINKBA,Protected area coverage for marine (Key Biodiversity Area),WS,Samoa,_T,Total,_T,All ages,_T,National,_T,Total,_T,All education levels,_T,All occupations,_Z,Not applicable,_T,No breakdown by disability,2002,,2.42,,PERCENT,percent,G,Global,C,Country Data,"BirdLife International, IUCN and UNEP-WCMC (2019). Based on spatial overlap between polygons for Key Biodiversity Areas from the World Database of Key Biodiveristy Areas (www.keybiodiversityareas.org) and polygons for protected areas from the World Database on Protected Areas (www.protectedplanet.net)",,,,,
DATAFLOW,SPC:DF_BP50_6(1.0),Blue Pacific 2050: Ocean And Environment (Thematic Area 6),I,A,Annual,ER_MRN_MARINKBA,Protected area coverage for marine (Key Biodiversity Area),WS,Samoa,_T,Total,_T,All ages,_T,National,_T,Total,_T,All education levels,_T,All occupations,_Z,Not applicable,_T,No breakdown by disability,2003,,2.42,,PERCENT,percent,G,Global,C,Country Data,"BirdLife International, IUCN and UNEP-WCMC (2019). Based on spatial overlap between polygons for Key Biodiversity Areas from the World Database of Key Biodiveristy Areas (www.keybiodiversityareas.org) and polygons for protected areas from the World Database on Protected Areas (www.protectedplanet.net)",,,,,
DATAFLOW,SPC:DF_BP50_6(1.0),Blue Pacific 2050: Ocean And Environment (Thematic Area 6),I,A,Annual,ER_MRN_MARINKBA,Protected area coverage for marine (Key Biodiversity Area),WS,Samoa,_T,Total,_T,All ages,_T,National,_T,Total,_T,All education levels,_T,All occupations,_Z,Not applicable,_T,No breakdown by disability,2004,,2.42,,PERCENT,percent,G,Global,C,Country Data,"BirdLife International, IUCN and UNEP-WCMC (2019). Based on spatial overlap between polygons for Key Biodiversity Areas from the World Database of Key Biodiveristy Areas (www.keybiodiversityareas.org) and polygons for protected areas from the World Database on Protected Areas (www.protectedplanet.net)",,,,,
DATAFLOW,SPC:DF_BP50_6(1.0),Blue Pacific 2050: Ocean And Environment (Thematic Area 6),I,A,Annual,ER_MRN_MARINKBA,Protected area coverage for marine (Key Biodiversity Area),WS,Samoa,_T,Total,_T,All ages,_T,National,_T,Total,_T,All education levels,_T,All occupations,_Z,Not applicable,_T,No breakdown by disability,2005,,2.42,,PERCENT,percent,G,Global,C,Country Data,"BirdLife International, IUCN and UNEP-WCMC (2019). Based on spatial overlap between polygons for Key Biodiversity Areas from the World Database of Key Biodiveristy Areas (www.keybiodiversityareas.org) and polygons for protected areas from the World Database on Protected Areas (www.protectedplanet.net)",,,,,
DATAFLOW,SPC:DF_BP50_6(1.0),Blue Pacific 2050: Ocean And Environment (Thematic Area 6),I,A,Annual,ER_MRN_MARINKBA,Protected area coverage for marine (Key Biodiversity Area),WS,Samoa,_T,Total,_T,All ages,_T,National,_T,Total,_T,All education levels,_T,All occupations,_Z,Not applicable,_T,No breakdown by disability,2006,,2.42,,PERCENT,percent,G,Global,C,Country Data,"BirdLife International, IUCN and UNEP-WCMC (2019). Based on spatial overlap between polygons for Key Biodiversity Areas from the World Database of Key Biodiveristy Areas (www.keybiodiversityareas.org) and polygons for protected areas from the World Database on Protected Areas (www.protectedplanet.net)",,,,,
DATAFLOW,SPC:DF_BP50_6(1.0),Blue Pacific 2050: Ocean And Environment (Thematic Area 6),I,A,Annual,ER_MRN_MARINKBA,Protected area coverage for marine (Key Biodiversity Area),WS,Samoa,_T,Total,_T,All ages,_T,National,_T,Total,_T,All education levels,_T,All occupations,_Z,Not applicable,_T,No breakdown by disability,2007,,2.42,,PERCENT,percent,G,Global,C,Country Data,"BirdLife International, IUCN and UNEP-WCMC (2019). Based on spatial overlap between polygons for Key Biodiversity Areas from the World Database of Key Biodiveristy Areas (www.keybiodiversityareas.org) and polygons for protected areas from the World Database on Protected Areas (www.protectedplanet.net)",,,,,
DATAFLOW,SPC:DF_BP50_6(1.0),Blue Pacific 2050: Ocean And Environment (Thematic Area 6),I,A,Annual,ER_MRN_MARINKBA,Protected area coverage for marine (Key Biodiversity Area),WS,Samoa,_T,Total,_T,All ages,_T,National,_T,Total,_T,All education levels,_T,All occupations,_Z,Not applicable,_T,No breakdown by disability,2008,,2.42,,PERCENT,percent,G,Global,C,Country Data,"BirdLife International, IUCN and UNEP-WCMC (2019). Based on spatial overlap between polygons for Key Biodiversity Areas from the World Database of Key Biodiveristy Areas (www.keybiodiversityareas.org) and polygons for protected areas from the World Database on Protected Areas (www.protectedplanet.net)",,,,,
DATAFLOW,SPC:DF_BP50_6(1.0),Blue Pacific 2050: Ocean And Environment (Thematic Area 6),I,A,Annual,ER_MRN_MARINKBA,Protected area coverage for marine (Key Biodiversity Area),WS,Samoa,_T,Total,_T,All ages,_T,National,_T,Total,_T,All education levels,_T,All occupations,_Z,Not applicable,_T,No breakdown by disability,2009,,2.42,,PERCENT,percent,G,Global,C,Country Data,"BirdLife International, IUCN and UNEP-WCMC (2019). Based on spatial overlap between polygons for Key Biodiversity Areas from the World Database of Key Biodiveristy Areas (www.keybiodiversityareas.org) and polygons for protected areas from the World Database on Protected Areas (www.protectedplanet.net)",,,,,
DATAFLOW,SPC:DF_BP50_6(1.0),Blue Pacific 2050: Ocean And Environment (Thematic Area 6),I,A,Annual,ER_MRN_MARINKBA,Protected area coverage for marine (Key Biodiversity Area),WS,Samoa,_T,Total,_T,All ages,_T,National,_T,Total,_T,All education levels,_T,All occupations,_Z,Not applicable,_T,No breakdown by disability,2010,,2.42,,PERCENT,percent,G,Global,C,Country Data,"BirdLife International, IUCN and UNEP-WCMC (2019). Based on spatial overlap between polygons for Key Biodiversity Areas from the World Database of Key Biodiveristy Areas (www.keybiodiversityareas.org) and polygons for protected areas from the World Database on Protected Areas (www.protectedplanet.net)",,,,,
DATAFLOW,SPC:DF_BP50_6(1.0),Blue Pacific 2050: Ocean And Environment (Thematic Area 6),I,A,Annual,ER_MRN_MARINKBA,Protected area coverage for marine (Key Biodiversity Area),WS,Samoa,_T,Total,_T,All ages,_T,National,_T,Total,_T,All education levels,_T,All occupations,_Z,Not applicable,_T,No breakdown by disability,2011,,2.42,,PERCENT,percent,G,Global,C,Country Data,"BirdLife International, IUCN and UNEP-WCMC (2019). Based on spatial overlap between polygons for Key Biodiversity Areas from the World Database of Key Biodiveristy Areas (www.keybiodiversityareas.org) and polygons for protected areas from the World Database on Protected Areas (www.protectedplanet.net)",,,,,
DATAFLOW,SPC:DF_BP50_6(1.0),Blue Pacific 2050: Ocean And Environment (Thematic Area 6),I,A,Annual,ER_MRN_MARINKBA,Protected area coverage for marine (Key Biodiversity Area),WS,Samoa,_T,Total,_T,All ages,_T,National,_T,Total,_T,All education levels,_T,All occupations,_Z,Not applicable,_T,No breakdown by disability,2012,,2.42,,PERCENT,percent,G,Global,C,Country Data,"BirdLife International, IUCN and UNEP-WCMC (2019). Based on spatial overlap between polygons for Key Biodiversity Areas from the World Database of Key Biodiveristy Areas (www.keybiodiversityareas.org) and polygons for protected areas from the World Database on Protected Areas (www.protectedplanet.net)",,,,,
DATAFLOW,SPC:DF_BP50_6(1.0),Blue Pacific 2050: Ocean And Environment (Thematic Area 6),I,A,Annual,ER_MRN_MARINKBA,Protected area coverage for marine (Key Biodiversity Area),WS,Samoa,_T,Total,_T,All ages,_T,National,_T,Total,_T,All education levels,_T,All occupations,_Z,Not applicable,_T,No breakdown by disability,2013,,2.42,,PERCENT,percent,G,Global,C,Country Data,"BirdLife International, IUCN and UNEP-WCMC (2019). Based on spatial overlap between polygons for Key Biodiversity Areas from the World Database of Key Biodiveristy Areas (www.keybiodiversityareas.org) and polygons for protected areas from the World Database on Protected Areas (www.protectedplanet.net)",,,,,
DATAFLOW,SPC:DF_BP50_6(1.0),Blue Pacific 2050: Ocean And Environment (Thematic Area 6),I,A,Annual,ER_MRN_MARINKBA,Protected area coverage for marine (Key Biodiversity Area),WS,Samoa,_T,Total,_T,All ages,_T,National,_T,Total,_T,All education levels,_T,All occupations,_Z,Not applicable,_T,No breakdown by disability,2014,,2.42,,PERCENT,percent,G,Global,C,Country Data,"BirdLife International, IUCN and UNEP-WCMC (2019). Based on spatial overlap between polygons for Key Biodiversity Areas from the World Database of Key Biodiveristy Areas (www.keybiodiversityareas.org) and polygons for protected areas from the World Database on Protected Areas (www.protectedplanet.net)",,,,,
DATAFLOW,SPC:DF_BP50_6(1.0),Blue Pacific 2050: Ocean And Environment (Thematic Area 6),I,A,Annual,ER_MRN_MARINKBA,Protected area coverage for marine (Key Biodiversity Area),WS,Samoa,_T,Total,_T,All ages,_T,National,_T,Total,_T,All education levels,_T,All occupations,_Z,Not applicable,_T,No breakdown by disability,2015,,2.42,,PERCENT,percent,G,Global,C,Country Data,"BirdLife International, IUCN and UNEP-WCMC (2019). Based on spatial overlap between polygons for Key Biodiversity Areas from the World Database of Key Biodiveristy Areas (www.keybiodiversityareas.org) and polygons for protected areas from the World Database on Protected Areas (www.protectedplanet.net)",,,,,
DATAFLOW,SPC:DF_BP50_6(1.0),Blue Pacific 2050: Ocean And Environment (Thematic Area 6),I,A,Annual,ER_MRN_MARINKBA,Protected area coverage for marine (Key Biodiversity Area),WS,Samoa,_T,Total,_T,All ages,_T,National,_T,Total,_T,All education levels,_T,All occupations,_Z,Not applicable,_T,No breakdown by disability,2016,,2.42,,PERCENT,percent,G,Global,C,Country Data,"BirdLife International, IUCN and UNEP-WCMC (2019). Based on spatial overlap between polygons for Key Biodiversity Areas from the World Database of Key Biodiveristy Areas (www.keybiodiversityareas.org) and polygons for protected areas from the World Database on Protected Areas (www.protectedplanet.net)",,,,,
DATAFLOW,SPC:DF_BP50_6(1.0),Blue Pacific 2050: Ocean And Environment (Thematic Area 6),I,A,Annual,ER_MRN_MARINKBA,Protected area coverage for marine (Key Biodiversity Area),WS,Samoa,_T,Total,_T,All ages,_T,National,_T,Total,_T,All education levels,_T,All occupations,_Z,Not applicable,_T,No breakdown by disability,2017,,2.42,,PERCENT,percent,G,Global,C,Country Data,"BirdLife International, IUCN and UNEP-WCMC (2019). Based on spatial overlap between polygons for Key Biodiversity Areas from the World Database of Key Biodiveristy Areas (www.keybiodiversityareas.org) and polygons for protected areas from the World Database on Protected Areas (www.protectedplanet.net)",,,,,
DATAFLOW,SPC:DF_BP50_6(1.0),Blue Pacific 2050: Ocean And Environment (Thematic Area 6),I,A,Annual,ER_MRN_MARINKBA,Protected area coverage for marine (Key Biodiversity Area),WS,Samoa,_T,Total,_T,All ages,_T,National,_T,Total,_T,All education levels,_T,All occupations,_Z,Not applicable,_T,No breakdown by disability,2018,,2.42,,PERCENT,percent,G,Global,C,Country Data,"BirdLife International, IUCN and UNEP-WCMC (2019). Based on spatial overlap between polygons for Key Biodiversity Areas from the World Database of Key Biodiveristy Areas (www.keybiodiversityareas.org) and polygons for protected areas from the World Database on Protected Areas (www.protectedplanet.net)",,,,,
DATAFLOW,SPC:DF_BP50_6(1.0),Blue Pacific 2050: Ocean And Environment (Thematic Area 6),I,A,Annual,ER_MRN_MARINKBA,Protected area coverage for marine (Key Biodiversity Area),WS,Samoa,_T,Total,_T,All ages,_T,National,_T,Total,_T,All education levels,_T,All occupations,_Z,Not applicable,_T,No breakdown by disability,2019,,2.42,,PERCENT,percent,G,Global,C,Country Data,"BirdLife International, IUCN and UNEP-WCMC (2019). Based on spatial overlap between polygons for Key Biodiversity Areas from the World Database of Key Biodiveristy Areas (www.keybiodiversityareas.org) and polygons for protected areas from the World Database on Protected Areas (www.protectedplanet.net)",,,,,
DATAFLOW,SPC:DF_BP50_6(1.0),Blue Pacific 2050: Ocean And Environment (Thematic Area 6),I,A,Annual,ER_MRN_MARINKBA,Protected area coverage for marine (Key Biodiversity Area),PF,French Polynesia,_T,Total,_T,All ages,_T,National,_T,Total,_T,All education levels,_T,All occupations,_Z,Not applicable,_T,No breakdown by disability,2000,,0,,PERCENT,percent,G,Global,C,Country Data,"BirdLife International, IUCN and UNEP-WCMC (2019). Based on spatial overlap between polygons for Key Biodiversity Areas from the World Database of Key Biodiveristy Areas (www.keybiodiversityareas.org) and polygons for protected areas from the World Database on Protected Areas (www.protectedplanet.net)",,,,,
DATAFLOW,SPC:DF_BP50_6(1.0),Blue Pacific 2050: Ocean And Environment (Thematic Area 6),I,A,Annual,ER_MRN_MARINKBA,Protected area coverage for marine (Key Biodiversity Area),PF,French Polynesia,_T,Total,_T,All ages,_T,National,_T,Total,_T,All education levels,_T,All occupations,_Z,Not applicable,_T,No breakdown by disability,2001,,0,,PERCENT,percent,G,Global,C,Country Data,"BirdLife International, IUCN and UNEP-WCMC (2019). Based on spatial overlap between polygons for Key Biodiversity Areas from the World Database of Key Biodiveristy Areas (www.keybiodiversityareas.org) and polygons for protected areas from the World Database on Protected Areas (www.protectedplanet.net)",,,,,
DATAFLOW,SPC:DF_BP50_6(1.0),Blue Pacific 2050: Ocean And Environment (Thematic Area 6),I,A,Annual,ER_MRN_MARINKBA,Protected area coverage for marine (Key Biodiversity Area),PF,French Polynesia,_T,Total,_T,All ages,_T,National,_T,Total,_T,All education levels,_T,All occupations,_Z,Not applicable,_T,No breakdown by disability,2002,,0,,PERCENT,percent,G,Global,C,Country Data,"BirdLife International, IUCN and UNEP-WCMC (2019). Based on spatial overlap between polygons for Key Biodiversity Areas from the World Database of Key Biodiveristy Areas (www.keybiodiversityareas.org) and polygons for protected areas from the World Database on Protected Areas (www.protectedplanet.net)",,,,,
DATAFLOW,SPC:DF_BP50_6(1.0),Blue Pacific 2050: Ocean And Environment (Thematic Area 6),I,A,Annual,ER_MRN_MARINKBA,Protected area coverage for marine (Key Biodiversity Area),PF,French Polynesia,_T,Total,_T,All ages,_T,National,_T,Total,_T,All education levels,_T,All occupations,_Z,Not applicable,_T,No breakdown by disability,2003,,0,,PERCENT,percent,G,Global,C,Country Data,"BirdLife International, IUCN and UNEP-WCMC (2019). Based on spatial overlap between polygons for Key Biodiversity Areas from the World Database of Key Biodiveristy Areas (www.keybiodiversityareas.org) and polygons for protected areas from the World Database on Protected Areas (www.protectedplanet.net)",,,,,
DATAFLOW,SPC:DF_BP50_6(1.0),Blue Pacific 2050: Ocean And Environment (Thematic Area 6),I,A,Annual,ER_MRN_MARINKBA,Protected area coverage for marine (Key Biodiversity Area),PF,French Polynesia,_T,Total,_T,All ages,_T,National,_T,Total,_T,All education levels,_T,All occupations,_Z,Not applicable,_T,No breakdown by disability,2004,,0,,PERCENT,percent,G,Global,C,Country Data,"BirdLife International, IUCN and UNEP-WCMC (2019). Based on spatial overlap between polygons for Key Biodiversity Areas from the World Database of Key Biodiveristy Areas (www.keybiodiversityareas.org) and polygons for protected areas from the World Database on Protected Areas (www.protectedplanet.net)",,,,,
DATAFLOW,SPC:DF_BP50_6(1.0),Blue Pacific 2050: Ocean And Environment (Thematic Area 6),I,A,Annual,ER_MRN_MARINKBA,Protected area coverage for marine (Key Biodiversity Area),PF,French Polynesia,_T,Total,_T,All ages,_T,National,_T,Total,_T,All education levels,_T,All occupations,_Z,Not applicable,_T,No breakdown by disability,2005,,0,,PERCENT,percent,G,Global,C,Country Data,"BirdLife International, IUCN and UNEP-WCMC (2019). Based on spatial overlap between polygons for Key Biodiversity Areas from the World Database of Key Biodiveristy Areas (www.keybiodiversityareas.org) and polygons for protected areas from the World Database on Protected Areas (www.protectedplanet.net)",,,,,
DATAFLOW,SPC:DF_BP50_6(1.0),Blue Pacific 2050: Ocean And Environment (Thematic Area 6),I,A,Annual,ER_MRN_MARINKBA,Protected area coverage for marine (Key Biodiversity Area),PF,French Polynesia,_T,Total,_T,All ages,_T,National,_T,Total,_T,All education levels,_T,All occupations,_Z,Not applicable,_T,No breakdown by disability,2006,,0,,PERCENT,percent,G,Global,C,Country Data,"BirdLife International, IUCN and UNEP-WCMC (2019). Based on spatial overlap between polygons for Key Biodiversity Areas from the World Database of Key Biodiveristy Areas (www.keybiodiversityareas.org) and polygons for protected areas from the World Database on Protected Areas (www.protectedplanet.net)",,,,,
DATAFLOW,SPC:DF_BP50_6(1.0),Blue Pacific 2050: Ocean And Environment (Thematic Area 6),I,A,Annual,ER_MRN_MARINKBA,Protected area coverage for marine (Key Biodiversity Area),PF,French Polynesia,_T,Total,_T,All ages,_T,National,_T,Total,_T,All education levels,_T,All occupations,_Z,Not applicable,_T,No breakdown by disability,2007,,0,,PERCENT,percent,G,Global,C,Country Data,"BirdLife International, IUCN and UNEP-WCMC (2019). Based on spatial overlap between polygons for Key Biodiversity Areas from the World Database of Key Biodiveristy Areas (www.keybiodiversityareas.org) and polygons for protected areas from the World Database on Protected Areas (www.protectedplanet.net)",,,,,
DATAFLOW,SPC:DF_BP50_6(1.0),Blue Pacific 2050: Ocean And Environment (Thematic Area 6),I,A,Annual,ER_MRN_MARINKBA,Protected area coverage for marine (Key Biodiversity Area),PF,French Polynesia,_T,Total,_T,All ages,_T,National,_T,Total,_T,All education levels,_T,All occupations,_Z,Not applicable,_T,No breakdown by disability,2008,,0,,PERCENT,percent,G,Global,C,Country Data,"BirdLife International, IUCN and UNEP-WCMC (2019). Based on spatial overlap between polygons for Key Biodiversity Areas from the World Database of Key Biodiveristy Areas (www.keybiodiversityareas.org) and polygons for protected areas from the World Database on Protected Areas (www.protectedplanet.net)",,,,,
DATAFLOW,SPC:DF_BP50_6(1.0),Blue Pacific 2050: Ocean And Environment (Thematic Area 6),I,A,Annual,ER_MRN_MARINKBA,Protected area coverage for marine (Key Biodiversity Area),PF,French Polynesia,_T,Total,_T,All ages,_T,National,_T,Total,_T,All education levels,_T,All occupations,_Z,Not applicable,_T,No breakdown by disability,2009,,0,,PERCENT,percent,G,Global,C,Country Data,"BirdLife International, IUCN and UNEP-WCMC (2019). Based on spatial overlap between polygons for Key Biodiversity Areas from the World Database of Key Biodiveristy Areas (www.keybiodiversityareas.org) and polygons for protected areas from the World Database on Protected Areas (www.protectedplanet.net)",,,,,
DATAFLOW,SPC:DF_BP50_6(1.0),Blue Pacific 2050: Ocean And Environment (Thematic Area 6),I,A,Annual,ER_MRN_MARINKBA,Protected area coverage for marine (Key Biodiversity Area),PF,French Polynesia,_T,Total,_T,All ages,_T,National,_T,Total,_T,All education levels,_T,All occupations,_Z,Not applicable,_T,No breakdown by disability,2010,,0,,PERCENT,percent,G,Global,C,Country Data,"BirdLife International, IUCN and UNEP-WCMC (2019). Based on spatial overlap between polygons for Key Biodiversity Areas from the World Database of Key Biodiveristy Areas (www.keybiodiversityareas.org) and polygons for protected areas from the World Database on Protected Areas (www.protectedplanet.net)",,,,,
DATAFLOW,SPC:DF_BP50_6(1.0),Blue Pacific 2050: Ocean And Environment (Thematic Area 6),I,A,Annual,ER_MRN_MARINKBA,Protected area coverage for marine (Key Biodiversity Area),PF,French Polynesia,_T,Total,_T,All ages,_T,National,_T,Total,_T,All education levels,_T,All occupations,_Z,Not applicable,_T,No breakdown by disability,2011,,0,,PERCENT,percent,G,Global,C,Country Data,"BirdLife International, IUCN and UNEP-WCMC (2019). Based on spatial overlap between polygons for Key Biodiversity Areas from the World Database of Key Biodiveristy Areas (www.keybiodiversityareas.org) and polygons for protected areas from the World Database on Protected Areas (www.protectedplanet.net)",,,,,
DATAFLOW,SPC:DF_BP50_6(1.0),Blue Pacific 2050: Ocean And Environment (Thematic Area 6),I,A,Annual,ER_MRN_MARINKBA,Protected area coverage for marine (Key Biodiversity Area),PF,French Polynesia,_T,Total,_T,All ages,_T,National,_T,Total,_T,All education levels,_T,All occupations,_Z,Not applicable,_T,No breakdown by disability,2012,,0,,PERCENT,percent,G,Global,C,Country Data,"BirdLife International, IUCN and UNEP-WCMC (2019). Based on spatial overlap between polygons for Key Biodiversity Areas from the World Database of Key Biodiveristy Areas (www.keybiodiversityareas.org) and polygons for protected areas from the World Database on Protected Areas (www.protectedplanet.net)",,,,,
DATAFLOW,SPC:DF_BP50_6(1.0),Blue Pacific 2050: Ocean And Environment (Thematic Area 6),I,A,Annual,ER_MRN_MARINKBA,Protected area coverage for marine (Key Biodiversity Area),PF,French Polynesia,_T,Total,_T,All ages,_T,National,_T,Total,_T,All education levels,_T,All occupations,_Z,Not applicable,_T,No breakdown by disability,2013,,0,,PERCENT,percent,G,Global,C,Country Data,"BirdLife International, IUCN and UNEP-WCMC (2019). Based on spatial overlap between polygons for Key Biodiversity Areas from the World Database of Key Biodiveristy Areas (www.keybiodiversityareas.org) and polygons for protected areas from the World Database on Protected Areas (www.protectedplanet.net)",,,,,
DATAFLOW,SPC:DF_BP50_6(1.0),Blue Pacific 2050: Ocean And Environment (Thematic Area 6),I,A,Annual,ER_MRN_MARINKBA,Protected area coverage for marine (Key Biodiversity Area),PF,French Polynesia,_T,Total,_T,All ages,_T,National,_T,Total,_T,All education levels,_T,All occupations,_Z,Not applicable,_T,No breakdown by disability,2014,,0,,PERCENT,percent,G,Global,C,Country Data,"BirdLife International, IUCN and UNEP-WCMC (2019). Based on spatial overlap between polygons for Key Biodiversity Areas from the World Database of Key Biodiveristy Areas (www.keybiodiversityareas.org) and polygons for protected areas from the World Database on Protected Areas (www.protectedplanet.net)",,,,,
DATAFLOW,SPC:DF_BP50_6(1.0),Blue Pacific 2050: Ocean And Environment (Thematic Area 6),I,A,Annual,ER_MRN_MARINKBA,Protected area coverage for marine (Key Biodiversity Area),PF,French Polynesia,_T,Total,_T,All ages,_T,National,_T,Total,_T,All education levels,_T,All occupations,_Z,Not applicable,_T,No breakdown by disability,2015,,0,,PERCENT,percent,G,Global,C,Country Data,"BirdLife International, IUCN and UNEP-WCMC (2019). Based on spatial overlap between polygons for Key Biodiversity Areas from the World Database of Key Biodiveristy Areas (www.keybiodiversityareas.org) and polygons for protected areas from the World Database on Protected Areas (www.protectedplanet.net)",,,,,
DATAFLOW,SPC:DF_BP50_6(1.0),Blue Pacific 2050: Ocean And Environment (Thematic Area 6),I,A,Annual,ER_MRN_MARINKBA,Protected area coverage for marine (Key Biodiversity Area),PF,French Polynesia,_T,Total,_T,All ages,_T,National,_T,Total,_T,All education levels,_T,All occupations,_Z,Not applicable,_T,No breakdown by disability,2016,,0,,PERCENT,percent,G,Global,C,Country Data,"BirdLife International, IUCN and UNEP-WCMC (2019). Based on spatial overlap between polygons for Key Biodiversity Areas from the World Database of Key Biodiveristy Areas (www.keybiodiversityareas.org) and polygons for protected areas from the World Database on Protected Areas (www.protectedplanet.net)",,,,,
DATAFLOW,SPC:DF_BP50_6(1.0),Blue Pacific 2050: Ocean And Environment (Thematic Area 6),I,A,Annual,ER_MRN_MARINKBA,Protected area coverage for marine (Key Biodiversity Area),PF,French Polynesia,_T,Total,_T,All ages,_T,National,_T,Total,_T,All education levels,_T,All occupations,_Z,Not applicable,_T,No breakdown by disability,2017,,0,,PERCENT,percent,G,Global,C,Country Data,"BirdLife International, IUCN and UNEP-WCMC (2019). Based on spatial overlap between polygons for Key Biodiversity Areas from the World Database of Key Biodiveristy Areas (www.keybiodiversityareas.org) and polygons for protected areas from the World Database on Protected Areas (www.protectedplanet.net)",,,,,
DATAFLOW,SPC:DF_BP50_6(1.0),Blue Pacific 2050: Ocean And Environment (Thematic Area 6),I,A,Annual,ER_MRN_MARINKBA,Protected area coverage for marine (Key Biodiversity Area),PF,French Polynesia,_T,Total,_T,All ages,_T,National,_T,Total,_T,All education levels,_T,All occupations,_Z,Not applicable,_T,No breakdown by disability,2018,,0,,PERCENT,percent,G,Global,C,Country Data,"BirdLife International, IUCN and UNEP-WCMC (2019). Based on spatial overlap between polygons for Key Biodiversity Areas from the World Database of Key Biodiveristy Areas (www.keybiodiversityareas.org) and polygons for protected areas from the World Database on Protected Areas (www.protectedplanet.net)",,,,,
DATAFLOW,SPC:DF_BP50_6(1.0),Blue Pacific 2050: Ocean And Environment (Thematic Area 6),I,A,Annual,ER_MRN_MARINKBA,Protected area coverage for marine (Key Biodiversity Area),PF,French Polynesia,_T,Total,_T,All ages,_T,National,_T,Total,_T,All education levels,_T,All occupations,_Z,Not applicable,_T,No breakdown by disability,2019,,0,,PERCENT,percent,G,Global,C,Country Data,"BirdLife International, IUCN and UNEP-WCMC (2019). Based on spatial overlap between polygons for Key Biodiversity Areas from the World Database of Key Biodiveristy Areas (www.keybiodiversityareas.org) and polygons for protected areas from the World Database on Protected Areas (www.protectedplanet.net)",,,,,
DATAFLOW,SPC:DF_BP50_6(1.0),Blue Pacific 2050: Ocean And Environment (Thematic Area 6),I,A,Annual,SPC_14_b_1,"Degree of application of a
            legal/regulatory/policy/institutional framework which recognizes and protects access
            rights for small-scale fisheries (level of implementation: 1 lowest to 5 highest)",PG,Papua New Guinea,_T,Total,_T,All ages,_T,National,_T,Total,_T,All education levels,_T,All occupations,_Z,Not applicable,_T,No breakdown by disability,2018,,,,N,units,G,Global,_X,Not Available,"Questionnaire on the implementation of the Code of Conduct for Responsible Fisheries - Country self-reporting ",,O,Missing value,"A figure was not provided, or the method by which the figure was calculated is unknown",
DATAFLOW,SPC:DF_BP50_6(1.0),Blue Pacific 2050: Ocean And Environment (Thematic Area 6),I,A,Annual,SPC_14_b_1,"Degree of application of a
            legal/regulatory/policy/institutional framework which recognizes and protects access
            rights for small-scale fisheries (level of implementation: 1 lowest to 5 highest)",FJ,Fiji,_T,Total,_T,All ages,_T,National,_T,Total,_T,All education levels,_T,All occupations,_Z,Not applicable,_T,No breakdown by disability,2018,,5,,N,units,G,Global,C,Country Data,"Questionnaire on the implementation of the Code of Conduct for Responsible Fisheries - Country self-reporting ",,,,Level of implementation: 1 lowest to 5 highest,
DATAFLOW,SPC:DF_BP50_6(1.0),Blue Pacific 2050: Ocean And Environment (Thematic Area 6),I,A,Annual,SPC_14_b_1,"Degree of application of a
            legal/regulatory/policy/institutional framework which recognizes and protects access
            rights for small-scale fisheries (level of implementation: 1 lowest to 5 highest)",KI,Kiribati,_T,Total,_T,All ages,_T,National,_T,Total,_T,All education levels,_T,All occupations,_Z,Not applicable,_T,No breakdown by disability,2018,,,,N,units,G,Global,_X,Not Available,"Questionnaire on the implementation of the Code of Conduct for Responsible Fisheries - Country self-reporting ",,O,Missing value,"A figure was not provided, or the method by which the figure was calculated is unknown",
DATAFLOW,SPC:DF_BP50_6(1.0),Blue Pacific 2050: Ocean And Environment (Thematic Area 6),I,A,Annual,SPC_14_b_1,"Degree of application of a
            legal/regulatory/policy/institutional framework which recognizes and protects access
            rights for small-scale fisheries (level of implementation: 1 lowest to 5 highest)",KI,Kiribati,_T,Total,_T,All ages,_T,National,_T,Total,_T,All education levels,_T,All occupations,_Z,Not applicable,_T,No breakdown by disability,2019,,2,,N,units,G,Global,CA,Country Adjusted,Questionnaire on the implementation of the Code of Conduct for Responsible Fisheries - Country self-reporting. FAO.,,,,,
DATAFLOW,SPC:DF_BP50_6(1.0),Blue Pacific 2050: Ocean And Environment (Thematic Area 6),I,A,Annual,SPC_14_6_1,"Progress by countries in the degree of implementation of
            international instruments aiming to combat illegal, unreported and unregulated fishing
            (level of implementation: 1 lowest to 5 highest)",MH,Marshall Islands,_T,Total,_T,All ages,_T,National,_T,Total,_T,All education levels,_T,All occupations,_Z,Not applicable,_T,No breakdown by disability,2018,,,,N,units,G,Global,_X,Not Available,"Questionnaire on the implementation of the Code of Conduct for Responsible Fisheries - Country self-reporting ",,O,Missing value,"A figure was not provided, or the method by which the figure was calculated is unknown",
DATAFLOW,SPC:DF_BP50_6(1.0),Blue Pacific 2050: Ocean And Environment (Thematic Area 6),I,A,Annual,SPC_14_6_1,"Progress by countries in the degree of implementation of
            international instruments aiming to combat illegal, unreported and unregulated fishing
            (level of implementation: 1 lowest to 5 highest)",MH,Marshall Islands,_T,Total,_T,All ages,_T,National,_T,Total,_T,All education levels,_T,All occupations,_Z,Not applicable,_T,No breakdown by disability,2022,,4,,N,units,G,Global,C,Country Data,FAO: Questionnaire on the implementation of the Code of Conduct for Responsible Fisheries - Country self-reporting,,,,,
DATAFLOW,SPC:DF_BP50_6(1.0),Blue Pacific 2050: Ocean And Environment (Thematic Area 6),I,A,Annual,SPC_14_6_1,"Progress by countries in the degree of implementation of
            international instruments aiming to combat illegal, unreported and unregulated fishing
            (level of implementation: 1 lowest to 5 highest)",FM,Micronesia (Federated States of),_T,Total,_T,All ages,_T,National,_T,Total,_T,All education levels,_T,All occupations,_Z,Not applicable,_T,No breakdown by disability,2018,,4,,N,units,G,Global,C,Country Data,"Questionnaire on the implementation of the Code of Conduct for Responsible Fisheries - Country self-reporting ",,,,Level of implementation: 1 lowest - 5 highest,
DATAFLOW,SPC:DF_BP50_6(1.0),Blue Pacific 2050: Ocean And Environment (Thematic Area 6),I,A,Annual,ER_MRN_MARINKBA,Protected area coverage for marine (Key Biodiversity Area),MH,Marshall Islands,_T,Total,_T,All ages,_T,National,_T,Total,_T,All education levels,_T,All occupations,_Z,Not applicable,_T,No breakdown by disability,2000,,0,,PERCENT,percent,G,Global,C,Country Data,"BirdLife International, IUCN and UNEP-WCMC (2019). Based on spatial overlap between polygons for Key Biodiversity Areas from the World Database of Key Biodiveristy Areas (www.keybiodiversityareas.org) and polygons for protected areas from the World Database on Protected Areas (www.protectedplanet.net)",,,,,
DATAFLOW,SPC:DF_BP50_6(1.0),Blue Pacific 2050: Ocean And Environment (Thematic Area 6),I,A,Annual,ER_MRN_MARINKBA,Protected area coverage for marine (Key Biodiversity Area),MH,Marshall Islands,_T,Total,_T,All ages,_T,National,_T,Total,_T,All education levels,_T,All occupations,_Z,Not applicable,_T,No breakdown by disability,2001,,0,,PERCENT,percent,G,Global,C,Country Data,"BirdLife International, IUCN and UNEP-WCMC (2019). Based on spatial overlap between polygons for Key Biodiversity Areas from the World Database of Key Biodiveristy Areas (www.keybiodiversityareas.org) and polygons for protected areas from the World Database on Protected Areas (www.protectedplanet.net)",,,,,
DATAFLOW,SPC:DF_BP50_6(1.0),Blue Pacific 2050: Ocean And Environment (Thematic Area 6),I,A,Annual,ER_MRN_MARINKBA,Protected area coverage for marine (Key Biodiversity Area),MH,Marshall Islands,_T,Total,_T,All ages,_T,National,_T,Total,_T,All education levels,_T,All occupations,_Z,Not applicable,_T,No breakdown by disability,2002,,5,,PERCENT,percent,G,Global,C,Country Data,"BirdLife International, IUCN and UNEP-WCMC (2019). Based on spatial overlap between polygons for Key Biodiversity Areas from the World Database of Key Biodiveristy Areas (www.keybiodiversityareas.org) and polygons for protected areas from the World Database on Protected Areas (www.protectedplanet.net)",,,,,
DATAFLOW,SPC:DF_BP50_6(1.0),Blue Pacific 2050: Ocean And Environment (Thematic Area 6),I,A,Annual,ER_MRN_MARINKBA,Protected area coverage for marine (Key Biodiversity Area),MH,Marshall Islands,_T,Total,_T,All ages,_T,National,_T,Total,_T,All education levels,_T,All occupations,_Z,Not applicable,_T,No breakdown by disability,2003,,5,,PERCENT,percent,G,Global,C,Country Data,"BirdLife International, IUCN and UNEP-WCMC (2019). Based on spatial overlap between polygons for Key Biodiversity Areas from the World Database of Key Biodiveristy Areas (www.keybiodiversityareas.org) and polygons for protected areas from the World Database on Protected Areas (www.protectedplanet.net)",,,,,
DATAFLOW,SPC:DF_BP50_6(1.0),Blue Pacific 2050: Ocean And Environment (Thematic Area 6),I,A,Annual,ER_MRN_MARINKBA,Protected area coverage for marine (Key Biodiversity Area),MH,Marshall Islands,_T,Total,_T,All ages,_T,National,_T,Total,_T,All education levels,_T,All occupations,_Z,Not applicable,_T,No breakdown by disability,2004,,5.91,,PERCENT,percent,G,Global,C,Country Data,"BirdLife International, IUCN and UNEP-WCMC (2019). Based on spatial overlap between polygons for Key Biodiversity Areas from the World Database of Key Biodiveristy Areas (www.keybiodiversityareas.org) and polygons for protected areas from the World Database on Protected Areas (www.protectedplanet.net)",,,,,
DATAFLOW,SPC:DF_BP50_6(1.0),Blue Pacific 2050: Ocean And Environment (Thematic Area 6),I,A,Annual,ER_MRN_MARINKBA,Protected area coverage for marine (Key Biodiversity Area),MH,Marshall Islands,_T,Total,_T,All ages,_T,National,_T,Total,_T,All education levels,_T,All occupations,_Z,Not applicable,_T,No breakdown by disability,2005,,5.91,,PERCENT,percent,G,Global,C,Country Data,"BirdLife International, IUCN and UNEP-WCMC (2019). Based on spatial overlap between polygons for Key Biodiversity Areas from the World Database of Key Biodiveristy Areas (www.keybiodiversityareas.org) and polygons for protected areas from the World Database on Protected Areas (www.protectedplanet.net)",,,,,
DATAFLOW,SPC:DF_BP50_6(1.0),Blue Pacific 2050: Ocean And Environment (Thematic Area 6),I,A,Annual,ER_MRN_MARINKBA,Protected area coverage for marine (Key Biodiversity Area),MH,Marshall Islands,_T,Total,_T,All ages,_T,National,_T,Total,_T,All education levels,_T,All occupations,_Z,Not applicable,_T,No breakdown by disability,2006,,6.69,,PERCENT,percent,G,Global,C,Country Data,"BirdLife International, IUCN and UNEP-WCMC (2019). Based on spatial overlap between polygons for Key Biodiversity Areas from the World Database of Key Biodiveristy Areas (www.keybiodiversityareas.org) and polygons for protected areas from the World Database on Protected Areas (www.protectedplanet.net)",,,,,
DATAFLOW,SPC:DF_BP50_6(1.0),Blue Pacific 2050: Ocean And Environment (Thematic Area 6),I,A,Annual,ER_MRN_MARINKBA,Protected area coverage for marine (Key Biodiversity Area),MH,Marshall Islands,_T,Total,_T,All ages,_T,National,_T,Total,_T,All education levels,_T,All occupations,_Z,Not applicable,_T,No breakdown by disability,2007,,6.69,,PERCENT,percent,G,Global,C,Country Data,"BirdLife International, IUCN and UNEP-WCMC (2019). Based on spatial overlap between polygons for Key Biodiversity Areas from the World Database of Key Biodiveristy Areas (www.keybiodiversityareas.org) and polygons for protected areas from the World Database on Protected Areas (www.protectedplanet.net)",,,,,
DATAFLOW,SPC:DF_BP50_6(1.0),Blue Pacific 2050: Ocean And Environment (Thematic Area 6),I,A,Annual,ER_MRN_MARINKBA,Protected area coverage for marine (Key Biodiversity Area),MH,Marshall Islands,_T,Total,_T,All ages,_T,National,_T,Total,_T,All education levels,_T,All occupations,_Z,Not applicable,_T,No breakdown by disability,2008,,6.69,,PERCENT,percent,G,Global,C,Country Data,"BirdLife International, IUCN and UNEP-WCMC (2019). Based on spatial overlap between polygons for Key Biodiversity Areas from the World Database of Key Biodiveristy Areas (www.keybiodiversityareas.org) and polygons for protected areas from the World Database on Protected Areas (www.protectedplanet.net)",,,,,
DATAFLOW,SPC:DF_BP50_6(1.0),Blue Pacific 2050: Ocean And Environment (Thematic Area 6),I,A,Annual,ER_MRN_MARINKBA,Protected area coverage for marine (Key Biodiversity Area),MH,Marshall Islands,_T,Total,_T,All ages,_T,National,_T,Total,_T,All education levels,_T,All occupations,_Z,Not applicable,_T,No breakdown by disability,2009,,6.69,,PERCENT,percent,G,Global,C,Country Data,"BirdLife International, IUCN and UNEP-WCMC (2019). Based on spatial overlap between polygons for Key Biodiversity Areas from the World Database of Key Biodiveristy Areas (www.keybiodiversityareas.org) and polygons for protected areas from the World Database on Protected Areas (www.protectedplanet.net)",,,,,
DATAFLOW,SPC:DF_BP50_6(1.0),Blue Pacific 2050: Ocean And Environment (Thematic Area 6),I,A,Annual,ER_MRN_MARINKBA,Protected area coverage for marine (Key Biodiversity Area),MH,Marshall Islands,_T,Total,_T,All ages,_T,National,_T,Total,_T,All education levels,_T,All occupations,_Z,Not applicable,_T,No breakdown by disability,2010,,6.7,,PERCENT,percent,G,Global,C,Country Data,"BirdLife International, IUCN and UNEP-WCMC (2019). Based on spatial overlap between polygons for Key Biodiversity Areas from the World Database of Key Biodiveristy Areas (www.keybiodiversityareas.org) and polygons for protected areas from the World Database on Protected Areas (www.protectedplanet.net)",,,,,
DATAFLOW,SPC:DF_BP50_6(1.0),Blue Pacific 2050: Ocean And Environment (Thematic Area 6),I,A,Annual,ER_MRN_MARINKBA,Protected area coverage for marine (Key Biodiversity Area),MH,Marshall Islands,_T,Total,_T,All ages,_T,National,_T,Total,_T,All education levels,_T,All occupations,_Z,Not applicable,_T,No breakdown by disability,2011,,6.7,,PERCENT,percent,G,Global,C,Country Data,"BirdLife International, IUCN and UNEP-WCMC (2019). Based on spatial overlap between polygons for Key Biodiversity Areas from the World Database of Key Biodiveristy Areas (www.keybiodiversityareas.org) and polygons for protected areas from the World Database on Protected Areas (www.protectedplanet.net)",,,,,
DATAFLOW,SPC:DF_BP50_6(1.0),Blue Pacific 2050: Ocean And Environment (Thematic Area 6),I,A,Annual,ER_MRN_MARINKBA,Protected area coverage for marine (Key Biodiversity Area),MH,Marshall Islands,_T,Total,_T,All ages,_T,National,_T,Total,_T,All education levels,_T,All occupations,_Z,Not applicable,_T,No breakdown by disability,2012,,7.62,,PERCENT,percent,G,Global,C,Country Data,"BirdLife International, IUCN and UNEP-WCMC (2019). Based on spatial overlap between polygons for Key Biodiversity Areas from the World Database of Key Biodiveristy Areas (www.keybiodiversityareas.org) and polygons for protected areas from the World Database on Protected Areas (www.protectedplanet.net)",,,,,
DATAFLOW,SPC:DF_BP50_6(1.0),Blue Pacific 2050: Ocean And Environment (Thematic Area 6),I,A,Annual,ER_MRN_MARINKBA,Protected area coverage for marine (Key Biodiversity Area),MH,Marshall Islands,_T,Total,_T,All ages,_T,National,_T,Total,_T,All education levels,_T,All occupations,_Z,Not applicable,_T,No breakdown by disability,2013,,7.85,,PERCENT,percent,G,Global,C,Country Data,"BirdLife International, IUCN and UNEP-WCMC (2019). Based on spatial overlap between polygons for Key Biodiversity Areas from the World Database of Key Biodiveristy Areas (www.keybiodiversityareas.org) and polygons for protected areas from the World Database on Protected Areas (www.protectedplanet.net)",,,,,
DATAFLOW,SPC:DF_BP50_6(1.0),Blue Pacific 2050: Ocean And Environment (Thematic Area 6),I,A,Annual,ER_MRN_MARINKBA,Protected area coverage for marine (Key Biodiversity Area),MH,Marshall Islands,_T,Total,_T,All ages,_T,National,_T,Total,_T,All education levels,_T,All occupations,_Z,Not applicable,_T,No breakdown by disability,2014,,7.85,,PERCENT,percent,G,Global,C,Country Data,"BirdLife International, IUCN and UNEP-WCMC (2019). Based on spatial overlap between polygons for Key Biodiversity Areas from the World Database of Key Biodiveristy Areas (www.keybiodiversityareas.org) and polygons for protected areas from the World Database on Protected Areas (www.protectedplanet.net)",,,,,
DATAFLOW,SPC:DF_BP50_6(1.0),Blue Pacific 2050: Ocean And Environment (Thematic Area 6),I,A,Annual,ER_MRN_MARINKBA,Protected area coverage for marine (Key Biodiversity Area),MH,Marshall Islands,_T,Total,_T,All ages,_T,National,_T,Total,_T,All education levels,_T,All occupations,_Z,Not applicable,_T,No breakdown by disability,2015,,7.85,,PERCENT,percent,G,Global,C,Country Data,"BirdLife International, IUCN and UNEP-WCMC (2019). Based on spatial overlap between polygons for Key Biodiversity Areas from the World Database of Key Biodiveristy Areas (www.keybiodiversityareas.org) and polygons for protected areas from the World Database on Protected Areas (www.protectedplanet.net)",,,,,
DATAFLOW,SPC:DF_BP50_6(1.0),Blue Pacific 2050: Ocean And Environment (Thematic Area 6),I,A,Annual,ER_MRN_MARINKBA,Protected area coverage for marine (Key Biodiversity Area),MH,Marshall Islands,_T,Total,_T,All ages,_T,National,_T,Total,_T,All education levels,_T,All occupations,_Z,Not applicable,_T,No breakdown by disability,2016,,7.85,,PERCENT,percent,G,Global,C,Country Data,"BirdLife International, IUCN and UNEP-WCMC (2019). Based on spatial overlap between polygons for Key Biodiversity Areas from the World Database of Key Biodiveristy Areas (www.keybiodiversityareas.org) and polygons for protected areas from the World Database on Protected Areas (www.protectedplanet.net)",,,,,
DATAFLOW,SPC:DF_BP50_6(1.0),Blue Pacific 2050: Ocean And Environment (Thematic Area 6),I,A,Annual,ER_MRN_MARINKBA,Protected area coverage for marine (Key Biodiversity Area),MH,Marshall Islands,_T,Total,_T,All ages,_T,National,_T,Total,_T,All education levels,_T,All occupations,_Z,Not applicable,_T,No breakdown by disability,2017,,7.85,,PERCENT,percent,G,Global,C,Country Data,"BirdLife International, IUCN and UNEP-WCMC (2019). Based on spatial overlap between polygons for Key Biodiversity Areas from the World Database of Key Biodiveristy Areas (www.keybiodiversityareas.org) and polygons for protected areas from the World Database on Protected Areas (www.protectedplanet.net)",,,,,
DATAFLOW,SPC:DF_BP50_6(1.0),Blue Pacific 2050: Ocean And Environment (Thematic Area 6),I,A,Annual,ER_MRN_MARINKBA,Protected area coverage for marine (Key Biodiversity Area),MH,Marshall Islands,_T,Total,_T,All ages,_T,National,_T,Total,_T,All education levels,_T,All occupations,_Z,Not applicable,_T,No breakdown by disability,2018,,7.85,,PERCENT,percent,G,Global,C,Country Data,"BirdLife International, IUCN and UNEP-WCMC (2019). Based on spatial overlap between polygons for Key Biodiversity Areas from the World Database of Key Biodiveristy Areas (www.keybiodiversityareas.org) and polygons for protected areas from the World Database on Protected Areas (www.protectedplanet.net)",,,,,
DATAFLOW,SPC:DF_BP50_6(1.0),Blue Pacific 2050: Ocean And Environment (Thematic Area 6),I,A,Annual,ER_MRN_MARINKBA,Protected area coverage for marine (Key Biodiversity Area),MH,Marshall Islands,_T,Total,_T,All ages,_T,National,_T,Total,_T,All education levels,_T,All occupations,_Z,Not applicable,_T,No breakdown by disability,2019,,7.85,,PERCENT,percent,G,Global,C,Country Data,"BirdLife International, IUCN and UNEP-WCMC (2019). Based on spatial overlap between polygons for Key Biodiversity Areas from the World Database of Key Biodiveristy Areas (www.keybiodiversityareas.org) and polygons for protected areas from the World Database on Protected Areas (www.protectedplanet.net)",,,,,
DATAFLOW,SPC:DF_BP50_6(1.0),Blue Pacific 2050: Ocean And Environment (Thematic Area 6),I,A,Annual,SPC_14_b_1,"Degree of application of a
            legal/regulatory/policy/institutional framework which recognizes and protects access
            rights for small-scale fisheries (level of implementation: 1 lowest to 5 highest)",VU,Vanuatu,_T,Total,_T,All ages,_T,National,_T,Total,_T,All education levels,_T,All occupations,_Z,Not applicable,_T,No breakdown by disability,2018,,3,,N,units,G,Global,C,Country Data,"Questionnaire on the implementation of the Code of Conduct for Responsible Fisheries - Country self-reporting ",,,,Level of implementation: 1 lowest to 5 highest,
DATAFLOW,SPC:DF_BP50_6(1.0),Blue Pacific 2050: Ocean And Environment (Thematic Area 6),I,A,Annual,SPC_14_b_1,"Degree of application of a
            legal/regulatory/policy/institutional framework which recognizes and protects access
            rights for small-scale fisheries (level of implementation: 1 lowest to 5 highest)",TV,Tuvalu,_T,Total,_T,All ages,_T,National,_T,Total,_T,All education levels,_T,All occupations,_Z,Not applicable,_T,No breakdown by disability,2018,,,,N,units,G,Global,_X,Not Available,"Questionnaire on the implementation of the Code of Conduct for Responsible Fisheries - Country self-reporting ",,O,Missing value,"A figure was not provided, or the method by which the figure was calculated is unknown",
DATAFLOW,SPC:DF_BP50_6(1.0),Blue Pacific 2050: Ocean And Environment (Thematic Area 6),I,A,Annual,ER_MRN_MARINKBA,Protected area coverage for marine (Key Biodiversity Area),KI,Kiribati,_T,Total,_T,All ages,_T,National,_T,Total,_T,All education levels,_T,All occupations,_Z,Not applicable,_T,No breakdown by disability,2000,,0,,PERCENT,percent,G,Global,C,Country Data,"BirdLife International, IUCN and UNEP-WCMC (2019). Based on spatial overlap between polygons for Key Biodiversity Areas from the World Database of Key Biodiveristy Areas (www.keybiodiversityareas.org) and polygons for protected areas from the World Database on Protected Areas (www.protectedplanet.net)",,,,,
DATAFLOW,SPC:DF_BP50_6(1.0),Blue Pacific 2050: Ocean And Environment (Thematic Area 6),I,A,Annual,ER_MRN_MARINKBA,Protected area coverage for marine (Key Biodiversity Area),KI,Kiribati,_T,Total,_T,All ages,_T,National,_T,Total,_T,All education levels,_T,All occupations,_Z,Not applicable,_T,No breakdown by disability,2001,,0,,PERCENT,percent,G,Global,C,Country Data,"BirdLife International, IUCN and UNEP-WCMC (2019). Based on spatial overlap between polygons for Key Biodiversity Areas from the World Database of Key Biodiveristy Areas (www.keybiodiversityareas.org) and polygons for protected areas from the World Database on Protected Areas (www.protectedplanet.net)",,,,,
DATAFLOW,SPC:DF_BP50_6(1.0),Blue Pacific 2050: Ocean And Environment (Thematic Area 6),I,A,Annual,ER_MRN_MARINKBA,Protected area coverage for marine (Key Biodiversity Area),KI,Kiribati,_T,Total,_T,All ages,_T,National,_T,Total,_T,All education levels,_T,All occupations,_Z,Not applicable,_T,No breakdown by disability,2002,,0,,PERCENT,percent,G,Global,C,Country Data,"BirdLife International, IUCN and UNEP-WCMC (2019). Based on spatial overlap between polygons for Key Biodiversity Areas from the World Database of Key Biodiveristy Areas (www.keybiodiversityareas.org) and polygons for protected areas from the World Database on Protected Areas (www.protectedplanet.net)",,,,,
DATAFLOW,SPC:DF_BP50_6(1.0),Blue Pacific 2050: Ocean And Environment (Thematic Area 6),I,A,Annual,ER_MRN_MARINKBA,Protected area coverage for marine (Key Biodiversity Area),KI,Kiribati,_T,Total,_T,All ages,_T,National,_T,Total,_T,All education levels,_T,All occupations,_Z,Not applicable,_T,No breakdown by disability,2003,,0,,PERCENT,percent,G,Global,C,Country Data,"BirdLife International, IUCN and UNEP-WCMC (2019). Based on spatial overlap between polygons for Key Biodiversity Areas from the World Database of Key Biodiveristy Areas (www.keybiodiversityareas.org) and polygons for protected areas from the World Database on Protected Areas (www.protectedplanet.net)",,,,,
DATAFLOW,SPC:DF_BP50_6(1.0),Blue Pacific 2050: Ocean And Environment (Thematic Area 6),I,A,Annual,ER_MRN_MARINKBA,Protected area coverage for marine (Key Biodiversity Area),KI,Kiribati,_T,Total,_T,All ages,_T,National,_T,Total,_T,All education levels,_T,All occupations,_Z,Not applicable,_T,No breakdown by disability,2004,,0,,PERCENT,percent,G,Global,C,Country Data,"BirdLife International, IUCN and UNEP-WCMC (2019). Based on spatial overlap between polygons for Key Biodiversity Areas from the World Database of Key Biodiveristy Areas (www.keybiodiversityareas.org) and polygons for protected areas from the World Database on Protected Areas (www.protectedplanet.net)",,,,,
DATAFLOW,SPC:DF_BP50_6(1.0),Blue Pacific 2050: Ocean And Environment (Thematic Area 6),I,A,Annual,ER_MRN_MARINKBA,Protected area coverage for marine (Key Biodiversity Area),KI,Kiribati,_T,Total,_T,All ages,_T,National,_T,Total,_T,All education levels,_T,All occupations,_Z,Not applicable,_T,No breakdown by disability,2005,,0,,PERCENT,percent,G,Global,C,Country Data,"BirdLife International, IUCN and UNEP-WCMC (2019). Based on spatial overlap between polygons for Key Biodiversity Areas from the World Database of Key Biodiveristy Areas (www.keybiodiversityareas.org) and polygons for protected areas from the World Database on Protected Areas (www.protectedplanet.net)",,,,,
DATAFLOW,SPC:DF_BP50_6(1.0),Blue Pacific 2050: Ocean And Environment (Thematic Area 6),I,A,Annual,ER_MRN_MARINKBA,Protected area coverage for marine (Key Biodiversity Area),KI,Kiribati,_T,Total,_T,All ages,_T,National,_T,Total,_T,All education levels,_T,All occupations,_Z,Not applicable,_T,No breakdown by disability,2006,,32.92,,PERCENT,percent,G,Global,C,Country Data,"BirdLife International, IUCN and UNEP-WCMC (2019). Based on spatial overlap between polygons for Key Biodiversity Areas from the World Database of Key Biodiveristy Areas (www.keybiodiversityareas.org) and polygons for protected areas from the World Database on Protected Areas (www.protectedplanet.net)",,,,,
DATAFLOW,SPC:DF_BP50_6(1.0),Blue Pacific 2050: Ocean And Environment (Thematic Area 6),I,A,Annual,ER_MRN_MARINKBA,Protected area coverage for marine (Key Biodiversity Area),KI,Kiribati,_T,Total,_T,All ages,_T,National,_T,Total,_T,All education levels,_T,All occupations,_Z,Not applicable,_T,No breakdown by disability,2007,,32.92,,PERCENT,percent,G,Global,C,Country Data,"BirdLife International, IUCN and UNEP-WCMC (2019). Based on spatial overlap between polygons for Key Biodiversity Areas from the World Database of Key Biodiveristy Areas (www.keybiodiversityareas.org) and polygons for protected areas from the World Database on Protected Areas (www.protectedplanet.net)",,,,,
DATAFLOW,SPC:DF_BP50_6(1.0),Blue Pacific 2050: Ocean And Environment (Thematic Area 6),I,A,Annual,ER_MRN_MARINKBA,Protected area coverage for marine (Key Biodiversity Area),KI,Kiribati,_T,Total,_T,All ages,_T,National,_T,Total,_T,All education levels,_T,All occupations,_Z,Not applicable,_T,No breakdown by disability,2008,,32.92,,PERCENT,percent,G,Global,C,Country Data,"BirdLife International, IUCN and UNEP-WCMC (2019). Based on spatial overlap between polygons for Key Biodiversity Areas from the World Database of Key Biodiveristy Areas (www.keybiodiversityareas.org) and polygons for protected areas from the World Database on Protected Areas (www.protectedplanet.net)",,,,,
DATAFLOW,SPC:DF_BP50_6(1.0),Blue Pacific 2050: Ocean And Environment (Thematic Area 6),I,A,Annual,ER_MRN_MARINKBA,Protected area coverage for marine (Key Biodiversity Area),KI,Kiribati,_T,Total,_T,All ages,_T,National,_T,Total,_T,All education levels,_T,All occupations,_Z,Not applicable,_T,No breakdown by disability,2009,,32.92,,PERCENT,percent,G,Global,C,Country Data,"BirdLife International, IUCN and UNEP-WCMC (2019). Based on spatial overlap between polygons for Key Biodiversity Areas from the World Database of Key Biodiveristy Areas (www.keybiodiversityareas.org) and polygons for protected areas from the World Database on Protected Areas (www.protectedplanet.net)",,,,,
DATAFLOW,SPC:DF_BP50_6(1.0),Blue Pacific 2050: Ocean And Environment (Thematic Area 6),I,A,Annual,ER_MRN_MARINKBA,Protected area coverage for marine (Key Biodiversity Area),KI,Kiribati,_T,Total,_T,All ages,_T,National,_T,Total,_T,All education levels,_T,All occupations,_Z,Not applicable,_T,No breakdown by disability,2010,,32.92,,PERCENT,percent,G,Global,C,Country Data,"BirdLife International, IUCN and UNEP-WCMC (2019). Based on spatial overlap between polygons for Key Biodiversity Areas from the World Database of Key Biodiveristy Areas (www.keybiodiversityareas.org) and polygons for protected areas from the World Database on Protected Areas (www.protectedplanet.net)",,,,,
DATAFLOW,SPC:DF_BP50_6(1.0),Blue Pacific 2050: Ocean And Environment (Thematic Area 6),I,A,Annual,ER_MRN_MARINKBA,Protected area coverage for marine (Key Biodiversity Area),KI,Kiribati,_T,Total,_T,All ages,_T,National,_T,Total,_T,All education levels,_T,All occupations,_Z,Not applicable,_T,No breakdown by disability,2011,,32.92,,PERCENT,percent,G,Global,C,Country Data,"BirdLife International, IUCN and UNEP-WCMC (2019). Based on spatial overlap between polygons for Key Biodiversity Areas from the World Database of Key Biodiveristy Areas (www.keybiodiversityareas.org) and polygons for protected areas from the World Database on Protected Areas (www.protectedplanet.net)",,,,,
DATAFLOW,SPC:DF_BP50_6(1.0),Blue Pacific 2050: Ocean And Environment (Thematic Area 6),I,A,Annual,ER_MRN_MARINKBA,Protected area coverage for marine (Key Biodiversity Area),KI,Kiribati,_T,Total,_T,All ages,_T,National,_T,Total,_T,All education levels,_T,All occupations,_Z,Not applicable,_T,No breakdown by disability,2012,,32.92,,PERCENT,percent,G,Global,C,Country Data,"BirdLife International, IUCN and UNEP-WCMC (2019). Based on spatial overlap between polygons for Key Biodiversity Areas from the World Database of Key Biodiveristy Areas (www.keybiodiversityareas.org) and polygons for protected areas from the World Database on Protected Areas (www.protectedplanet.net)",,,,,
DATAFLOW,SPC:DF_BP50_6(1.0),Blue Pacific 2050: Ocean And Environment (Thematic Area 6),I,A,Annual,ER_MRN_MARINKBA,Protected area coverage for marine (Key Biodiversity Area),KI,Kiribati,_T,Total,_T,All ages,_T,National,_T,Total,_T,All education levels,_T,All occupations,_Z,Not applicable,_T,No breakdown by disability,2013,,32.92,,PERCENT,percent,G,Global,C,Country Data,"BirdLife International, IUCN and UNEP-WCMC (2019). Based on spatial overlap between polygons for Key Biodiversity Areas from the World Database of Key Biodiveristy Areas (www.keybiodiversityareas.org) and polygons for protected areas from the World Database on Protected Areas (www.protectedplanet.net)",,,,,
DATAFLOW,SPC:DF_BP50_6(1.0),Blue Pacific 2050: Ocean And Environment (Thematic Area 6),I,A,Annual,ER_MRN_MARINKBA,Protected area coverage for marine (Key Biodiversity Area),KI,Kiribati,_T,Total,_T,All ages,_T,National,_T,Total,_T,All education levels,_T,All occupations,_Z,Not applicable,_T,No breakdown by disability,2014,,32.92,,PERCENT,percent,G,Global,C,Country Data,"BirdLife International, IUCN and UNEP-WCMC (2019). Based on spatial overlap between polygons for Key Biodiversity Areas from the World Database of Key Biodiveristy Areas (www.keybiodiversityareas.org) and polygons for protected areas from the World Database on Protected Areas (www.protectedplanet.net)",,,,,
DATAFLOW,SPC:DF_BP50_6(1.0),Blue Pacific 2050: Ocean And Environment (Thematic Area 6),I,A,Annual,ER_MRN_MARINKBA,Protected area coverage for marine (Key Biodiversity Area),KI,Kiribati,_T,Total,_T,All ages,_T,National,_T,Total,_T,All education levels,_T,All occupations,_Z,Not applicable,_T,No breakdown by disability,2015,,32.92,,PERCENT,percent,G,Global,C,Country Data,"BirdLife International, IUCN and UNEP-WCMC (2019). Based on spatial overlap between polygons for Key Biodiversity Areas from the World Database of Key Biodiveristy Areas (www.keybiodiversityareas.org) and polygons for protected areas from the World Database on Protected Areas (www.protectedplanet.net)",,,,,
DATAFLOW,SPC:DF_BP50_6(1.0),Blue Pacific 2050: Ocean And Environment (Thematic Area 6),I,A,Annual,ER_MRN_MARINKBA,Protected area coverage for marine (Key Biodiversity Area),KI,Kiribati,_T,Total,_T,All ages,_T,National,_T,Total,_T,All education levels,_T,All occupations,_Z,Not applicable,_T,No breakdown by disability,2016,,32.92,,PERCENT,percent,G,Global,C,Country Data,"BirdLife International, IUCN and UNEP-WCMC (2019). Based on spatial overlap between polygons for Key Biodiversity Areas from the World Database of Key Biodiveristy Areas (www.keybiodiversityareas.org) and polygons for protected areas from the World Database on Protected Areas (www.protectedplanet.net)",,,,,
DATAFLOW,SPC:DF_BP50_6(1.0),Blue Pacific 2050: Ocean And Environment (Thematic Area 6),I,A,Annual,ER_MRN_MARINKBA,Protected area coverage for marine (Key Biodiversity Area),KI,Kiribati,_T,Total,_T,All ages,_T,National,_T,Total,_T,All education levels,_T,All occupations,_Z,Not applicable,_T,No breakdown by disability,2017,,32.92,,PERCENT,percent,G,Global,C,Country Data,"BirdLife International, IUCN and UNEP-WCMC (2019). Based on spatial overlap between polygons for Key Biodiversity Areas from the World Database of Key Biodiveristy Areas (www.keybiodiversityareas.org) and polygons for protected areas from the World Database on Protected Areas (www.protectedplanet.net)",,,,,
DATAFLOW,SPC:DF_BP50_6(1.0),Blue Pacific 2050: Ocean And Environment (Thematic Area 6),I,A,Annual,ER_MRN_MARINKBA,Protected area coverage for marine (Key Biodiversity Area),KI,Kiribati,_T,Total,_T,All ages,_T,National,_T,Total,_T,All education levels,_T,All occupations,_Z,Not applicable,_T,No breakdown by disability,2018,,32.92,,PERCENT,percent,G,Global,C,Country Data,"BirdLife International, IUCN and UNEP-WCMC (2019). Based on spatial overlap between polygons for Key Biodiversity Areas from the World Database of Key Biodiveristy Areas (www.keybiodiversityareas.org) and polygons for protected areas from the World Database on Protected Areas (www.protectedplanet.net)",,,,,
DATAFLOW,SPC:DF_BP50_6(1.0),Blue Pacific 2050: Ocean And Environment (Thematic Area 6),I,A,Annual,ER_MRN_MARINKBA,Protected area coverage for marine (Key Biodiversity Area),KI,Kiribati,_T,Total,_T,All ages,_T,National,_T,Total,_T,All education levels,_T,All occupations,_Z,Not applicable,_T,No breakdown by disability,2019,,32.92,,PERCENT,percent,G,Global,C,Country Data,"BirdLife International, IUCN and UNEP-WCMC (2019). Based on spatial overlap between polygons for Key Biodiversity Areas from the World Database of Key Biodiveristy Areas (www.keybiodiversityareas.org) and polygons for protected areas from the World Database on Protected Areas (www.protectedplanet.net)",,,,,
DATAFLOW,SPC:DF_BP50_6(1.0),Blue Pacific 2050: Ocean And Environment (Thematic Area 6),I,A,Annual,SPC_14_6_1,"Progress by countries in the degree of implementation of
            international instruments aiming to combat illegal, unreported and unregulated fishing
            (level of implementation: 1 lowest to 5 highest)",VU,Vanuatu,_T,Total,_T,All ages,_T,National,_T,Total,_T,All education levels,_T,All occupations,_Z,Not applicable,_T,No breakdown by disability,2018,,4,,N,units,G,Global,C,Country Data,"Questionnaire on the implementation of the Code of Conduct for Responsible Fisheries - Country self-reporting ",,,,Level of implementation: 1 lowest - 5 highest,
DATAFLOW,SPC:DF_BP50_6(1.0),Blue Pacific 2050: Ocean And Environment (Thematic Area 6),I,A,Annual,SPC_14_b_1,"Degree of application of a
            legal/regulatory/policy/institutional framework which recognizes and protects access
            rights for small-scale fisheries (level of implementation: 1 lowest to 5 highest)",CK,Cook Islands,_T,Total,_T,All ages,_T,National,_T,Total,_T,All education levels,_T,All occupations,_Z,Not applicable,_T,No breakdown by disability,2018,,,,N,units,G,Global,_X,Not Available,"Questionnaire on the implementation of the Code of Conduct for Responsible Fisheries - Country self-reporting ",,O,Missing value,"A figure was not provided, or the method by which the figure was calculated is unknown",
DATAFLOW,SPC:DF_BP50_6(1.0),Blue Pacific 2050: Ocean And Environment (Thematic Area 6),I,A,Annual,SPC_14_b_1,"Degree of application of a
            legal/regulatory/policy/institutional framework which recognizes and protects access
            rights for small-scale fisheries (level of implementation: 1 lowest to 5 highest)",CK,Cook Islands,_T,Total,_T,All ages,_T,National,_T,Total,_T,All education levels,_T,All occupations,_Z,Not applicable,_T,No breakdown by disability,2022,,4,,N,units,G,Global,C,Country Data,FAO: Questionnaire on the implementation of the Code of Conduct for Responsible Fisheries - Country self-reporting,,,,,
DATAFLOW,SPC:DF_BP50_6(1.0),Blue Pacific 2050: Ocean And Environment (Thematic Area 6),I,A,Annual,SPC_14_b_1,"Degree of application of a
            legal/regulatory/policy/institutional framework which recognizes and protects access
            rights for small-scale fisheries (level of implementation: 1 lowest to 5 highest)",WS,Samoa,_T,Total,_T,All ages,_T,National,_T,Total,_T,All education levels,_T,All occupations,_Z,Not applicable,_T,No breakdown by disability,2018,,4,,N,units,G,Global,C,Country Data,"Questionnaire on the implementation of the Code of Conduct for Responsible Fisheries - Country self-reporting ",,,,Level of implementation: 1 lowest to 5 highest,
DATAFLOW,SPC:DF_BP50_6(1.0),Blue Pacific 2050: Ocean And Environment (Thematic Area 6),I,A,Annual,SPC_14_b_1,"Degree of application of a
            legal/regulatory/policy/institutional framework which recognizes and protects access
            rights for small-scale fisheries (level of implementation: 1 lowest to 5 highest)",WS,Samoa,_T,Total,_T,All ages,_T,National,_T,Total,_T,All education levels,_T,All occupations,_Z,Not applicable,_T,No breakdown by disability,2019,,5,,N,units,G,Global,CA,Country Adjusted,Questionnaire on the implementation of the Code of Conduct for Responsible Fisheries - Country self-reporting. FAO.,,,,,
DATAFLOW,SPC:DF_BP50_6(1.0),Blue Pacific 2050: Ocean And Environment (Thematic Area 6),I,A,Annual,SPC_14_b_1,"Degree of application of a
            legal/regulatory/policy/institutional framework which recognizes and protects access
            rights for small-scale fisheries (level of implementation: 1 lowest to 5 highest)",WS,Samoa,_T,Total,_T,All ages,_T,National,_T,Total,_T,All education levels,_T,All occupations,_Z,Not applicable,_T,No breakdown by disability,2022,,5,,N,units,G,Global,C,Country Data,FAO: Questionnaire on the implementation of the Code of Conduct for Responsible Fisheries - Country self-reporting,,,,,
DATAFLOW,SPC:DF_BP50_6(1.0),Blue Pacific 2050: Ocean And Environment (Thematic Area 6),I,A,Annual,ER_MRN_MARINKBA,Protected area coverage for marine (Key Biodiversity Area),SB,Solomon Islands,_T,Total,_T,All ages,_T,National,_T,Total,_T,All education levels,_T,All occupations,_Z,Not applicable,_T,No breakdown by disability,2000,,0.91,,PERCENT,percent,G,Global,C,Country Data,"BirdLife International, IUCN and UNEP-WCMC (2019). Based on spatial overlap between polygons for Key Biodiversity Areas from the World Database of Key Biodiveristy Areas (www.keybiodiversityareas.org) and polygons for protected areas from the World Database on Protected Areas (www.protectedplanet.net)",,,,,
DATAFLOW,SPC:DF_BP50_6(1.0),Blue Pacific 2050: Ocean And Environment (Thematic Area 6),I,A,Annual,ER_MRN_MARINKBA,Protected area coverage for marine (Key Biodiversity Area),SB,Solomon Islands,_T,Total,_T,All ages,_T,National,_T,Total,_T,All education levels,_T,All occupations,_Z,Not applicable,_T,No breakdown by disability,2001,,0.91,,PERCENT,percent,G,Global,C,Country Data,"BirdLife International, IUCN and UNEP-WCMC (2019). Based on spatial overlap between polygons for Key Biodiversity Areas from the World Database of Key Biodiveristy Areas (www.keybiodiversityareas.org) and polygons for protected areas from the World Database on Protected Areas (www.protectedplanet.net)",,,,,
DATAFLOW,SPC:DF_BP50_6(1.0),Blue Pacific 2050: Ocean And Environment (Thematic Area 6),I,A,Annual,ER_MRN_MARINKBA,Protected area coverage for marine (Key Biodiversity Area),SB,Solomon Islands,_T,Total,_T,All ages,_T,National,_T,Total,_T,All education levels,_T,All occupations,_Z,Not applicable,_T,No breakdown by disability,2002,,0.91,,PERCENT,percent,G,Global,C,Country Data,"BirdLife International, IUCN and UNEP-WCMC (2019). Based on spatial overlap between polygons for Key Biodiversity Areas from the World Database of Key Biodiveristy Areas (www.keybiodiversityareas.org) and polygons for protected areas from the World Database on Protected Areas (www.protectedplanet.net)",,,,,
DATAFLOW,SPC:DF_BP50_6(1.0),Blue Pacific 2050: Ocean And Environment (Thematic Area 6),I,A,Annual,ER_MRN_MARINKBA,Protected area coverage for marine (Key Biodiversity Area),SB,Solomon Islands,_T,Total,_T,All ages,_T,National,_T,Total,_T,All education levels,_T,All occupations,_Z,Not applicable,_T,No breakdown by disability,2003,,0.91,,PERCENT,percent,G,Global,C,Country Data,"BirdLife International, IUCN and UNEP-WCMC (2019). Based on spatial overlap between polygons for Key Biodiversity Areas from the World Database of Key Biodiveristy Areas (www.keybiodiversityareas.org) and polygons for protected areas from the World Database on Protected Areas (www.protectedplanet.net)",,,,,
DATAFLOW,SPC:DF_BP50_6(1.0),Blue Pacific 2050: Ocean And Environment (Thematic Area 6),I,A,Annual,ER_MRN_MARINKBA,Protected area coverage for marine (Key Biodiversity Area),SB,Solomon Islands,_T,Total,_T,All ages,_T,National,_T,Total,_T,All education levels,_T,All occupations,_Z,Not applicable,_T,No breakdown by disability,2004,,0.96,,PERCENT,percent,G,Global,C,Country Data,"BirdLife International, IUCN and UNEP-WCMC (2019). Based on spatial overlap between polygons for Key Biodiversity Areas from the World Database of Key Biodiveristy Areas (www.keybiodiversityareas.org) and polygons for protected areas from the World Database on Protected Areas (www.protectedplanet.net)",,,,,
DATAFLOW,SPC:DF_BP50_6(1.0),Blue Pacific 2050: Ocean And Environment (Thematic Area 6),I,A,Annual,ER_MRN_MARINKBA,Protected area coverage for marine (Key Biodiversity Area),SB,Solomon Islands,_T,Total,_T,All ages,_T,National,_T,Total,_T,All education levels,_T,All occupations,_Z,Not applicable,_T,No breakdown by disability,2005,,0.96,,PERCENT,percent,G,Global,C,Country Data,"BirdLife International, IUCN and UNEP-WCMC (2019). Based on spatial overlap between polygons for Key Biodiversity Areas from the World Database of Key Biodiveristy Areas (www.keybiodiversityareas.org) and polygons for protected areas from the World Database on Protected Areas (www.protectedplanet.net)",,,,,
DATAFLOW,SPC:DF_BP50_6(1.0),Blue Pacific 2050: Ocean And Environment (Thematic Area 6),I,A,Annual,ER_MRN_MARINKBA,Protected area coverage for marine (Key Biodiversity Area),SB,Solomon Islands,_T,Total,_T,All ages,_T,National,_T,Total,_T,All education levels,_T,All occupations,_Z,Not applicable,_T,No breakdown by disability,2006,,0.96,,PERCENT,percent,G,Global,C,Country Data,"BirdLife International, IUCN and UNEP-WCMC (2019). Based on spatial overlap between polygons for Key Biodiversity Areas from the World Database of Key Biodiveristy Areas (www.keybiodiversityareas.org) and polygons for protected areas from the World Database on Protected Areas (www.protectedplanet.net)",,,,,
DATAFLOW,SPC:DF_BP50_6(1.0),Blue Pacific 2050: Ocean And Environment (Thematic Area 6),I,A,Annual,ER_MRN_MARINKBA,Protected area coverage for marine (Key Biodiversity Area),SB,Solomon Islands,_T,Total,_T,All ages,_T,National,_T,Total,_T,All education levels,_T,All occupations,_Z,Not applicable,_T,No breakdown by disability,2007,,2.43,,PERCENT,percent,G,Global,C,Country Data,"BirdLife International, IUCN and UNEP-WCMC (2019). Based on spatial overlap between polygons for Key Biodiversity Areas from the World Database of Key Biodiveristy Areas (www.keybiodiversityareas.org) and polygons for protected areas from the World Database on Protected Areas (www.protectedplanet.net)",,,,,
DATAFLOW,SPC:DF_BP50_6(1.0),Blue Pacific 2050: Ocean And Environment (Thematic Area 6),I,A,Annual,ER_MRN_MARINKBA,Protected area coverage for marine (Key Biodiversity Area),SB,Solomon Islands,_T,Total,_T,All ages,_T,National,_T,Total,_T,All education levels,_T,All occupations,_Z,Not applicable,_T,No breakdown by disability,2008,,2.43,,PERCENT,percent,G,Global,C,Country Data,"BirdLife International, IUCN and UNEP-WCMC (2019). Based on spatial overlap between polygons for Key Biodiversity Areas from the World Database of Key Biodiveristy Areas (www.keybiodiversityareas.org) and polygons for protected areas from the World Database on Protected Areas (www.protectedplanet.net)",,,,,
DATAFLOW,SPC:DF_BP50_6(1.0),Blue Pacific 2050: Ocean And Environment (Thematic Area 6),I,A,Annual,ER_MRN_MARINKBA,Protected area coverage for marine (Key Biodiversity Area),SB,Solomon Islands,_T,Total,_T,All ages,_T,National,_T,Total,_T,All education levels,_T,All occupations,_Z,Not applicable,_T,No breakdown by disability,2009,,2.43,,PERCENT,percent,G,Global,C,Country Data,"BirdLife International, IUCN and UNEP-WCMC (2019). Based on spatial overlap between polygons for Key Biodiversity Areas from the World Database of Key Biodiveristy Areas (www.keybiodiversityareas.org) and polygons for protected areas from the World Database on Protected Areas (www.protectedplanet.net)",,,,,
DATAFLOW,SPC:DF_BP50_6(1.0),Blue Pacific 2050: Ocean And Environment (Thematic Area 6),I,A,Annual,ER_MRN_MARINKBA,Protected area coverage for marine (Key Biodiversity Area),SB,Solomon Islands,_T,Total,_T,All ages,_T,National,_T,Total,_T,All education levels,_T,All occupations,_Z,Not applicable,_T,No breakdown by disability,2010,,2.43,,PERCENT,percent,G,Global,C,Country Data,"BirdLife International, IUCN and UNEP-WCMC (2019). Based on spatial overlap between polygons for Key Biodiversity Areas from the World Database of Key Biodiveristy Areas (www.keybiodiversityareas.org) and polygons for protected areas from the World Database on Protected Areas (www.protectedplanet.net)",,,,,
DATAFLOW,SPC:DF_BP50_6(1.0),Blue Pacific 2050: Ocean And Environment (Thematic Area 6),I,A,Annual,ER_MRN_MARINKBA,Protected area coverage for marine (Key Biodiversity Area),SB,Solomon Islands,_T,Total,_T,All ages,_T,National,_T,Total,_T,All education levels,_T,All occupations,_Z,Not applicable,_T,No breakdown by disability,2011,,2.43,,PERCENT,percent,G,Global,C,Country Data,"BirdLife International, IUCN and UNEP-WCMC (2019). Based on spatial overlap between polygons for Key Biodiversity Areas from the World Database of Key Biodiveristy Areas (www.keybiodiversityareas.org) and polygons for protected areas from the World Database on Protected Areas (www.protectedplanet.net)",,,,,
DATAFLOW,SPC:DF_BP50_6(1.0),Blue Pacific 2050: Ocean And Environment (Thematic Area 6),I,A,Annual,ER_MRN_MARINKBA,Protected area coverage for marine (Key Biodiversity Area),SB,Solomon Islands,_T,Total,_T,All ages,_T,National,_T,Total,_T,All education levels,_T,All occupations,_Z,Not applicable,_T,No breakdown by disability,2012,,2.43,,PERCENT,percent,G,Global,C,Country Data,"BirdLife International, IUCN and UNEP-WCMC (2019). Based on spatial overlap between polygons for Key Biodiversity Areas from the World Database of Key Biodiveristy Areas (www.keybiodiversityareas.org) and polygons for protected areas from the World Database on Protected Areas (www.protectedplanet.net)",,,,,
DATAFLOW,SPC:DF_BP50_6(1.0),Blue Pacific 2050: Ocean And Environment (Thematic Area 6),I,A,Annual,ER_MRN_MARINKBA,Protected area coverage for marine (Key Biodiversity Area),SB,Solomon Islands,_T,Total,_T,All ages,_T,National,_T,Total,_T,All education levels,_T,All occupations,_Z,Not applicable,_T,No breakdown by disability,2013,,2.43,,PERCENT,percent,G,Global,C,Country Data,"BirdLife International, IUCN and UNEP-WCMC (2019). Based on spatial overlap between polygons for Key Biodiversity Areas from the World Database of Key Biodiveristy Areas (www.keybiodiversityareas.org) and polygons for protected areas from the World Database on Protected Areas (www.protectedplanet.net)",,,,,
DATAFLOW,SPC:DF_BP50_6(1.0),Blue Pacific 2050: Ocean And Environment (Thematic Area 6),I,A,Annual,ER_MRN_MARINKBA,Protected area coverage for marine (Key Biodiversity Area),SB,Solomon Islands,_T,Total,_T,All ages,_T,National,_T,Total,_T,All education levels,_T,All occupations,_Z,Not applicable,_T,No breakdown by disability,2014,,2.43,,PERCENT,percent,G,Global,C,Country Data,"BirdLife International, IUCN and UNEP-WCMC (2019). Based on spatial overlap between polygons for Key Biodiversity Areas from the World Database of Key Biodiveristy Areas (www.keybiodiversityareas.org) and polygons for protected areas from the World Database on Protected Areas (www.protectedplanet.net)",,,,,
DATAFLOW,SPC:DF_BP50_6(1.0),Blue Pacific 2050: Ocean And Environment (Thematic Area 6),I,A,Annual,ER_MRN_MARINKBA,Protected area coverage for marine (Key Biodiversity Area),SB,Solomon Islands,_T,Total,_T,All ages,_T,National,_T,Total,_T,All education levels,_T,All occupations,_Z,Not applicable,_T,No breakdown by disability,2015,,2.43,,PERCENT,percent,G,Global,C,Country Data,"BirdLife International, IUCN and UNEP-WCMC (2019). Based on spatial overlap between polygons for Key Biodiversity Areas from the World Database of Key Biodiveristy Areas (www.keybiodiversityareas.org) and polygons for protected areas from the World Database on Protected Areas (www.protectedplanet.net)",,,,,
DATAFLOW,SPC:DF_BP50_6(1.0),Blue Pacific 2050: Ocean And Environment (Thematic Area 6),I,A,Annual,ER_MRN_MARINKBA,Protected area coverage for marine (Key Biodiversity Area),SB,Solomon Islands,_T,Total,_T,All ages,_T,National,_T,Total,_T,All education levels,_T,All occupations,_Z,Not applicable,_T,No breakdown by disability,2016,,2.43,,PERCENT,percent,G,Global,C,Country Data,"BirdLife International, IUCN and UNEP-WCMC (2019). Based on spatial overlap between polygons for Key Biodiversity Areas from the World Database of Key Biodiveristy Areas (www.keybiodiversityareas.org) and polygons for protected areas from the World Database on Protected Areas (www.protectedplanet.net)",,,,,
DATAFLOW,SPC:DF_BP50_6(1.0),Blue Pacific 2050: Ocean And Environment (Thematic Area 6),I,A,Annual,ER_MRN_MARINKBA,Protected area coverage for marine (Key Biodiversity Area),SB,Solomon Islands,_T,Total,_T,All ages,_T,National,_T,Total,_T,All education levels,_T,All occupations,_Z,Not applicable,_T,No breakdown by disability,2017,,2.43,,PERCENT,percent,G,Global,C,Country Data,"BirdLife International, IUCN and UNEP-WCMC (2019). Based on spatial overlap between polygons for Key Biodiversity Areas from the World Database of Key Biodiveristy Areas (www.keybiodiversityareas.org) and polygons for protected areas from the World Database on Protected Areas (www.protectedplanet.net)",,,,,
DATAFLOW,SPC:DF_BP50_6(1.0),Blue Pacific 2050: Ocean And Environment (Thematic Area 6),I,A,Annual,ER_MRN_MARINKBA,Protected area coverage for marine (Key Biodiversity Area),SB,Solomon Islands,_T,Total,_T,All ages,_T,National,_T,Total,_T,All education levels,_T,All occupations,_Z,Not applicable,_T,No breakdown by disability,2018,,2.43,,PERCENT,percent,G,Global,C,Country Data,"BirdLife International, IUCN and UNEP-WCMC (2019). Based on spatial overlap between polygons for Key Biodiversity Areas from the World Database of Key Biodiveristy Areas (www.keybiodiversityareas.org) and polygons for protected areas from the World Database on Protected Areas (www.protectedplanet.net)",,,,,
DATAFLOW,SPC:DF_BP50_6(1.0),Blue Pacific 2050: Ocean And Environment (Thematic Area 6),I,A,Annual,ER_MRN_MARINKBA,Protected area coverage for marine (Key Biodiversity Area),SB,Solomon Islands,_T,Total,_T,All ages,_T,National,_T,Total,_T,All education levels,_T,All occupations,_Z,Not applicable,_T,No breakdown by disability,2019,,2.43,,PERCENT,percent,G,Global,C,Country Data,"BirdLife International, IUCN and UNEP-WCMC (2019). Based on spatial overlap between polygons for Key Biodiversity Areas from the World Database of Key Biodiveristy Areas (www.keybiodiversityareas.org) and polygons for protected areas from the World Database on Protected Areas (www.protectedplanet.net)",,,,,
DATAFLOW,SPC:DF_BP50_6(1.0),Blue Pacific 2050: Ocean And Environment (Thematic Area 6),I,A,Annual,ER_H2O_FWTL,"Proportion of fish stocks within biologically sustainable
            levels (not overexploited)",VU,Vanuatu,_T,Total,_T,All ages,_T,National,_T,Total,_T,All education levels,_T,All occupations,_Z,Not applicable,_T,No breakdown by disability,2021,,31.58,,PERCENT,percent,G,Global,C,Country Data,FAO SDG14.4.1 questionnaire. Values were produced according to the SDG14.4.1 Metadata document.,,U,Low reliability,The indicator is based on FAO SDG 14.4.1 questionnaire Field B3.2: Current stock status. here using 20 stocks with 5% unknown status. The questionnaire passed level 1 but not level 2 Quality Assurance. thus the indicator is flagged with low reliability.,
DATAFLOW,SPC:DF_BP50_6(1.0),Blue Pacific 2050: Ocean And Environment (Thematic Area 6),I,A,Annual,ER_MRN_MARINKBA,Protected area coverage for marine (Key Biodiversity Area),PG,Papua New Guinea,_T,Total,_T,All ages,_T,National,_T,Total,_T,All education levels,_T,All occupations,_Z,Not applicable,_T,No breakdown by disability,2000,,1.29,,PERCENT,percent,G,Global,C,Country Data,"BirdLife International, IUCN and UNEP-WCMC (2019). Based on spatial overlap between polygons for Key Biodiversity Areas from the World Database of Key Biodiveristy Areas (www.keybiodiversityareas.org) and polygons for protected areas from the World Database on Protected Areas (www.protectedplanet.net)",,,,,
DATAFLOW,SPC:DF_BP50_6(1.0),Blue Pacific 2050: Ocean And Environment (Thematic Area 6),I,A,Annual,ER_MRN_MARINKBA,Protected area coverage for marine (Key Biodiversity Area),PG,Papua New Guinea,_T,Total,_T,All ages,_T,National,_T,Total,_T,All education levels,_T,All occupations,_Z,Not applicable,_T,No breakdown by disability,2001,,1.29,,PERCENT,percent,G,Global,C,Country Data,"BirdLife International, IUCN and UNEP-WCMC (2019). Based on spatial overlap between polygons for Key Biodiversity Areas from the World Database of Key Biodiveristy Areas (www.keybiodiversityareas.org) and polygons for protected areas from the World Database on Protected Areas (www.protectedplanet.net)",,,,,
DATAFLOW,SPC:DF_BP50_6(1.0),Blue Pacific 2050: Ocean And Environment (Thematic Area 6),I,A,Annual,ER_MRN_MARINKBA,Protected area coverage for marine (Key Biodiversity Area),PG,Papua New Guinea,_T,Total,_T,All ages,_T,National,_T,Total,_T,All education levels,_T,All occupations,_Z,Not applicable,_T,No breakdown by disability,2002,,1.63,,PERCENT,percent,G,Global,C,Country Data,"BirdLife International, IUCN and UNEP-WCMC (2019). Based on spatial overlap between polygons for Key Biodiversity Areas from the World Database of Key Biodiveristy Areas (www.keybiodiversityareas.org) and polygons for protected areas from the World Database on Protected Areas (www.protectedplanet.net)",,,,,
DATAFLOW,SPC:DF_BP50_6(1.0),Blue Pacific 2050: Ocean And Environment (Thematic Area 6),I,A,Annual,ER_MRN_MARINKBA,Protected area coverage for marine (Key Biodiversity Area),PG,Papua New Guinea,_T,Total,_T,All ages,_T,National,_T,Total,_T,All education levels,_T,All occupations,_Z,Not applicable,_T,No breakdown by disability,2003,,1.63,,PERCENT,percent,G,Global,C,Country Data,"BirdLife International, IUCN and UNEP-WCMC (2019). Based on spatial overlap between polygons for Key Biodiversity Areas from the World Database of Key Biodiveristy Areas (www.keybiodiversityareas.org) and polygons for protected areas from the World Database on Protected Areas (www.protectedplanet.net)",,,,,
DATAFLOW,SPC:DF_BP50_6(1.0),Blue Pacific 2050: Ocean And Environment (Thematic Area 6),I,A,Annual,ER_MRN_MARINKBA,Protected area coverage for marine (Key Biodiversity Area),PG,Papua New Guinea,_T,Total,_T,All ages,_T,National,_T,Total,_T,All education levels,_T,All occupations,_Z,Not applicable,_T,No breakdown by disability,2004,,1.63,,PERCENT,percent,G,Global,C,Country Data,"BirdLife International, IUCN and UNEP-WCMC (2019). Based on spatial overlap between polygons for Key Biodiversity Areas from the World Database of Key Biodiveristy Areas (www.keybiodiversityareas.org) and polygons for protected areas from the World Database on Protected Areas (www.protectedplanet.net)",,,,,
DATAFLOW,SPC:DF_BP50_6(1.0),Blue Pacific 2050: Ocean And Environment (Thematic Area 6),I,A,Annual,ER_MRN_MARINKBA,Protected area coverage for marine (Key Biodiversity Area),PG,Papua New Guinea,_T,Total,_T,All ages,_T,National,_T,Total,_T,All education levels,_T,All occupations,_Z,Not applicable,_T,No breakdown by disability,2005,,1.63,,PERCENT,percent,G,Global,C,Country Data,"BirdLife International, IUCN and UNEP-WCMC (2019). Based on spatial overlap between polygons for Key Biodiversity Areas from the World Database of Key Biodiveristy Areas (www.keybiodiversityareas.org) and polygons for protected areas from the World Database on Protected Areas (www.protectedplanet.net)",,,,,
DATAFLOW,SPC:DF_BP50_6(1.0),Blue Pacific 2050: Ocean And Environment (Thematic Area 6),I,A,Annual,ER_MRN_MARINKBA,Protected area coverage for marine (Key Biodiversity Area),PG,Papua New Guinea,_T,Total,_T,All ages,_T,National,_T,Total,_T,All education levels,_T,All occupations,_Z,Not applicable,_T,No breakdown by disability,2006,,1.63,,PERCENT,percent,G,Global,C,Country Data,"BirdLife International, IUCN and UNEP-WCMC (2019). Based on spatial overlap between polygons for Key Biodiversity Areas from the World Database of Key Biodiveristy Areas (www.keybiodiversityareas.org) and polygons for protected areas from the World Database on Protected Areas (www.protectedplanet.net)",,,,,
DATAFLOW,SPC:DF_BP50_6(1.0),Blue Pacific 2050: Ocean And Environment (Thematic Area 6),I,A,Annual,ER_MRN_MARINKBA,Protected area coverage for marine (Key Biodiversity Area),PG,Papua New Guinea,_T,Total,_T,All ages,_T,National,_T,Total,_T,All education levels,_T,All occupations,_Z,Not applicable,_T,No breakdown by disability,2007,,1.63,,PERCENT,percent,G,Global,C,Country Data,"BirdLife International, IUCN and UNEP-WCMC (2019). Based on spatial overlap between polygons for Key Biodiversity Areas from the World Database of Key Biodiveristy Areas (www.keybiodiversityareas.org) and polygons for protected areas from the World Database on Protected Areas (www.protectedplanet.net)",,,,,
DATAFLOW,SPC:DF_BP50_6(1.0),Blue Pacific 2050: Ocean And Environment (Thematic Area 6),I,A,Annual,ER_MRN_MARINKBA,Protected area coverage for marine (Key Biodiversity Area),PG,Papua New Guinea,_T,Total,_T,All ages,_T,National,_T,Total,_T,All education levels,_T,All occupations,_Z,Not applicable,_T,No breakdown by disability,2008,,1.63,,PERCENT,percent,G,Global,C,Country Data,"BirdLife International, IUCN and UNEP-WCMC (2019). Based on spatial overlap between polygons for Key Biodiversity Areas from the World Database of Key Biodiveristy Areas (www.keybiodiversityareas.org) and polygons for protected areas from the World Database on Protected Areas (www.protectedplanet.net)",,,,,
DATAFLOW,SPC:DF_BP50_6(1.0),Blue Pacific 2050: Ocean And Environment (Thematic Area 6),I,A,Annual,ER_MRN_MARINKBA,Protected area coverage for marine (Key Biodiversity Area),PG,Papua New Guinea,_T,Total,_T,All ages,_T,National,_T,Total,_T,All education levels,_T,All occupations,_Z,Not applicable,_T,No breakdown by disability,2009,,1.63,,PERCENT,percent,G,Global,C,Country Data,"BirdLife International, IUCN and UNEP-WCMC (2019). Based on spatial overlap between polygons for Key Biodiversity Areas from the World Database of Key Biodiveristy Areas (www.keybiodiversityareas.org) and polygons for protected areas from the World Database on Protected Areas (www.protectedplanet.net)",,,,,
DATAFLOW,SPC:DF_BP50_6(1.0),Blue Pacific 2050: Ocean And Environment (Thematic Area 6),I,A,Annual,ER_MRN_MARINKBA,Protected area coverage for marine (Key Biodiversity Area),PG,Papua New Guinea,_T,Total,_T,All ages,_T,National,_T,Total,_T,All education levels,_T,All occupations,_Z,Not applicable,_T,No breakdown by disability,2010,,1.63,,PERCENT,percent,G,Global,C,Country Data,"BirdLife International, IUCN and UNEP-WCMC (2019). Based on spatial overlap between polygons for Key Biodiversity Areas from the World Database of Key Biodiveristy Areas (www.keybiodiversityareas.org) and polygons for protected areas from the World Database on Protected Areas (www.protectedplanet.net)",,,,,
DATAFLOW,SPC:DF_BP50_6(1.0),Blue Pacific 2050: Ocean And Environment (Thematic Area 6),I,A,Annual,ER_MRN_MARINKBA,Protected area coverage for marine (Key Biodiversity Area),PG,Papua New Guinea,_T,Total,_T,All ages,_T,National,_T,Total,_T,All education levels,_T,All occupations,_Z,Not applicable,_T,No breakdown by disability,2011,,1.63,,PERCENT,percent,G,Global,C,Country Data,"BirdLife International, IUCN and UNEP-WCMC (2019). Based on spatial overlap between polygons for Key Biodiversity Areas from the World Database of Key Biodiveristy Areas (www.keybiodiversityareas.org) and polygons for protected areas from the World Database on Protected Areas (www.protectedplanet.net)",,,,,
DATAFLOW,SPC:DF_BP50_6(1.0),Blue Pacific 2050: Ocean And Environment (Thematic Area 6),I,A,Annual,ER_MRN_MARINKBA,Protected area coverage for marine (Key Biodiversity Area),PG,Papua New Guinea,_T,Total,_T,All ages,_T,National,_T,Total,_T,All education levels,_T,All occupations,_Z,Not applicable,_T,No breakdown by disability,2012,,1.63,,PERCENT,percent,G,Global,C,Country Data,"BirdLife International, IUCN and UNEP-WCMC (2019). Based on spatial overlap between polygons for Key Biodiversity Areas from the World Database of Key Biodiveristy Areas (www.keybiodiversityareas.org) and polygons for protected areas from the World Database on Protected Areas (www.protectedplanet.net)",,,,,
DATAFLOW,SPC:DF_BP50_6(1.0),Blue Pacific 2050: Ocean And Environment (Thematic Area 6),I,A,Annual,ER_MRN_MARINKBA,Protected area coverage for marine (Key Biodiversity Area),PG,Papua New Guinea,_T,Total,_T,All ages,_T,National,_T,Total,_T,All education levels,_T,All occupations,_Z,Not applicable,_T,No breakdown by disability,2013,,1.63,,PERCENT,percent,G,Global,C,Country Data,"BirdLife International, IUCN and UNEP-WCMC (2019). Based on spatial overlap between polygons for Key Biodiversity Areas from the World Database of Key Biodiveristy Areas (www.keybiodiversityareas.org) and polygons for protected areas from the World Database on Protected Areas (www.protectedplanet.net)",,,,,
DATAFLOW,SPC:DF_BP50_6(1.0),Blue Pacific 2050: Ocean And Environment (Thematic Area 6),I,A,Annual,ER_MRN_MARINKBA,Protected area coverage for marine (Key Biodiversity Area),PG,Papua New Guinea,_T,Total,_T,All ages,_T,National,_T,Total,_T,All education levels,_T,All occupations,_Z,Not applicable,_T,No breakdown by disability,2014,,1.63,,PERCENT,percent,G,Global,C,Country Data,"BirdLife International, IUCN and UNEP-WCMC (2019). Based on spatial overlap between polygons for Key Biodiversity Areas from the World Database of Key Biodiveristy Areas (www.keybiodiversityareas.org) and polygons for protected areas from the World Database on Protected Areas (www.protectedplanet.net)",,,,,
DATAFLOW,SPC:DF_BP50_6(1.0),Blue Pacific 2050: Ocean And Environment (Thematic Area 6),I,A,Annual,ER_MRN_MARINKBA,Protected area coverage for marine (Key Biodiversity Area),PG,Papua New Guinea,_T,Total,_T,All ages,_T,National,_T,Total,_T,All education levels,_T,All occupations,_Z,Not applicable,_T,No breakdown by disability,2015,,1.63,,PERCENT,percent,G,Global,C,Country Data,"BirdLife International, IUCN and UNEP-WCMC (2019). Based on spatial overlap between polygons for Key Biodiversity Areas from the World Database of Key Biodiveristy Areas (www.keybiodiversityareas.org) and polygons for protected areas from the World Database on Protected Areas (www.protectedplanet.net)",,,,,
DATAFLOW,SPC:DF_BP50_6(1.0),Blue Pacific 2050: Ocean And Environment (Thematic Area 6),I,A,Annual,ER_MRN_MARINKBA,Protected area coverage for marine (Key Biodiversity Area),PG,Papua New Guinea,_T,Total,_T,All ages,_T,National,_T,Total,_T,All education levels,_T,All occupations,_Z,Not applicable,_T,No breakdown by disability,2016,,1.63,,PERCENT,percent,G,Global,C,Country Data,"BirdLife International, IUCN and UNEP-WCMC (2019). Based on spatial overlap between polygons for Key Biodiversity Areas from the World Database of Key Biodiveristy Areas (www.keybiodiversityareas.org) and polygons for protected areas from the World Database on Protected Areas (www.protectedplanet.net)",,,,,
DATAFLOW,SPC:DF_BP50_6(1.0),Blue Pacific 2050: Ocean And Environment (Thematic Area 6),I,A,Annual,ER_MRN_MARINKBA,Protected area coverage for marine (Key Biodiversity Area),PG,Papua New Guinea,_T,Total,_T,All ages,_T,National,_T,Total,_T,All education levels,_T,All occupations,_Z,Not applicable,_T,No breakdown by disability,2017,,1.63,,PERCENT,percent,G,Global,C,Country Data,"BirdLife International, IUCN and UNEP-WCMC (2019). Based on spatial overlap between polygons for Key Biodiversity Areas from the World Database of Key Biodiveristy Areas (www.keybiodiversityareas.org) and polygons for protected areas from the World Database on Protected Areas (www.protectedplanet.net)",,,,,
DATAFLOW,SPC:DF_BP50_6(1.0),Blue Pacific 2050: Ocean And Environment (Thematic Area 6),I,A,Annual,ER_MRN_MARINKBA,Protected area coverage for marine (Key Biodiversity Area),PG,Papua New Guinea,_T,Total,_T,All ages,_T,National,_T,Total,_T,All education levels,_T,All occupations,_Z,Not applicable,_T,No breakdown by disability,2018,,1.63,,PERCENT,percent,G,Global,C,Country Data,"BirdLife International, IUCN and UNEP-WCMC (2019). Based on spatial overlap between polygons for Key Biodiversity Areas from the World Database of Key Biodiveristy Areas (www.keybiodiversityareas.org) and polygons for protected areas from the World Database on Protected Areas (www.protectedplanet.net)",,,,,
DATAFLOW,SPC:DF_BP50_6(1.0),Blue Pacific 2050: Ocean And Environment (Thematic Area 6),I,A,Annual,ER_MRN_MARINKBA,Protected area coverage for marine (Key Biodiversity Area),PG,Papua New Guinea,_T,Total,_T,All ages,_T,National,_T,Total,_T,All education levels,_T,All occupations,_Z,Not applicable,_T,No breakdown by disability,2019,,1.63,,PERCENT,percent,G,Global,C,Country Data,"BirdLife International, IUCN and UNEP-WCMC (2019). Based on spatial overlap between polygons for Key Biodiversity Areas from the World Database of Key Biodiveristy Areas (www.keybiodiversityareas.org) and polygons for protected areas from the World Database on Protected Areas (www.protectedplanet.net)",,,,,
DATAFLOW,SPC:DF_BP50_6(1.0),Blue Pacific 2050: Ocean And Environment (Thematic Area 6),I,A,Annual,SPC_14_b_1,"Degree of application of a
            legal/regulatory/policy/institutional framework which recognizes and protects access
            rights for small-scale fisheries (level of implementation: 1 lowest to 5 highest)",NC,New Caledonia,_T,Total,_T,All ages,_T,National,_T,Total,_T,All education levels,_T,All occupations,_Z,Not applicable,_T,No breakdown by disability,2018,,,,N,units,G,Global,_X,Not Available,"Questionnaire on the implementation of the Code of Conduct for Responsible Fisheries - Country self-reporting ",,O,Missing value,"Not FAO Member State; The figure is not available because the indicator-as defined for the global monitoring-does not apply to the circumstances of the specific country, and therefore is not reported",
DATAFLOW,SPC:DF_BP50_6(1.0),Blue Pacific 2050: Ocean And Environment (Thematic Area 6),I,A,Annual,SPC_14_b_1,"Degree of application of a
            legal/regulatory/policy/institutional framework which recognizes and protects access
            rights for small-scale fisheries (level of implementation: 1 lowest to 5 highest)",PF,French Polynesia,_T,Total,_T,All ages,_T,National,_T,Total,_T,All education levels,_T,All occupations,_Z,Not applicable,_T,No breakdown by disability,2018,,,,N,units,G,Global,_X,Not Available,"Questionnaire on the implementation of the Code of Conduct for Responsible Fisheries - Country self-reporting ",,O,Missing value,"Not FAO Member State; The figure is not available because the indicator-as defined for the global monitoring-does not apply to the circumstances of the specific country, and therefore is not reported",
DATAFLOW,SPC:DF_BP50_6(1.0),Blue Pacific 2050: Ocean And Environment (Thematic Area 6),I,A,Annual,SPC_14_b_1,"Degree of application of a
            legal/regulatory/policy/institutional framework which recognizes and protects access
            rights for small-scale fisheries (level of implementation: 1 lowest to 5 highest)",NR,Nauru,_T,Total,_T,All ages,_T,National,_T,Total,_T,All education levels,_T,All occupations,_Z,Not applicable,_T,No breakdown by disability,2018,,,,N,units,G,Global,_X,Not Available,"Questionnaire on the implementation of the Code of Conduct for Responsible Fisheries - Country self-reporting ",,O,Missing value,"A figure was not provided, or the method by which the figure was calculated is unknown",
DATAFLOW,SPC:DF_BP50_6(1.0),Blue Pacific 2050: Ocean And Environment (Thematic Area 6),I,A,Annual,SPC_14_b_1,"Degree of application of a
            legal/regulatory/policy/institutional framework which recognizes and protects access
            rights for small-scale fisheries (level of implementation: 1 lowest to 5 highest)",NR,Nauru,_T,Total,_T,All ages,_T,National,_T,Total,_T,All education levels,_T,All occupations,_Z,Not applicable,_T,No breakdown by disability,2019,,3,,N,units,G,Global,CA,Country Adjusted,Questionnaire on the implementation of the Code of Conduct for Responsible Fisheries - Country self-reporting. FAO.,,,,,
DATAFLOW,SPC:DF_BP50_6(1.0),Blue Pacific 2050: Ocean And Environment (Thematic Area 6),I,A,Annual,SPC_14_b_1,"Degree of application of a
            legal/regulatory/policy/institutional framework which recognizes and protects access
            rights for small-scale fisheries (level of implementation: 1 lowest to 5 highest)",NR,Nauru,_T,Total,_T,All ages,_T,National,_T,Total,_T,All education levels,_T,All occupations,_Z,Not applicable,_T,No breakdown by disability,2022,,5,,N,units,G,Global,C,Country Data,FAO: Questionnaire on the implementation of the Code of Conduct for Responsible Fisheries - Country self-reporting,,,,,
DATAFLOW,SPC:DF_BP50_6(1.0),Blue Pacific 2050: Ocean And Environment (Thematic Area 6),I,A,Annual,ER_MRN_MARINKBA,Protected area coverage for marine (Key Biodiversity Area),FM,Micronesia (Federated States of),_T,Total,_T,All ages,_T,National,_T,Total,_T,All education levels,_T,All occupations,_Z,Not applicable,_T,No breakdown by disability,2000,,1.6,,PERCENT,percent,G,Global,C,Country Data,"BirdLife International, IUCN and UNEP-WCMC (2019). Based on spatial overlap between polygons for Key Biodiversity Areas from the World Database of Key Biodiveristy Areas (www.keybiodiversityareas.org) and polygons for protected areas from the World Database on Protected Areas (www.protectedplanet.net)",,,,,
DATAFLOW,SPC:DF_BP50_6(1.0),Blue Pacific 2050: Ocean And Environment (Thematic Area 6),I,A,Annual,ER_MRN_MARINKBA,Protected area coverage for marine (Key Biodiversity Area),FM,Micronesia (Federated States of),_T,Total,_T,All ages,_T,National,_T,Total,_T,All education levels,_T,All occupations,_Z,Not applicable,_T,No breakdown by disability,2001,,1.6,,PERCENT,percent,G,Global,C,Country Data,"BirdLife International, IUCN and UNEP-WCMC (2019). Based on spatial overlap between polygons for Key Biodiversity Areas from the World Database of Key Biodiveristy Areas (www.keybiodiversityareas.org) and polygons for protected areas from the World Database on Protected Areas (www.protectedplanet.net)",,,,,
DATAFLOW,SPC:DF_BP50_6(1.0),Blue Pacific 2050: Ocean And Environment (Thematic Area 6),I,A,Annual,ER_MRN_MARINKBA,Protected area coverage for marine (Key Biodiversity Area),FM,Micronesia (Federated States of),_T,Total,_T,All ages,_T,National,_T,Total,_T,All education levels,_T,All occupations,_Z,Not applicable,_T,No breakdown by disability,2002,,1.6,,PERCENT,percent,G,Global,C,Country Data,"BirdLife International, IUCN and UNEP-WCMC (2019). Based on spatial overlap between polygons for Key Biodiversity Areas from the World Database of Key Biodiveristy Areas (www.keybiodiversityareas.org) and polygons for protected areas from the World Database on Protected Areas (www.protectedplanet.net)",,,,,
DATAFLOW,SPC:DF_BP50_6(1.0),Blue Pacific 2050: Ocean And Environment (Thematic Area 6),I,A,Annual,ER_MRN_MARINKBA,Protected area coverage for marine (Key Biodiversity Area),FM,Micronesia (Federated States of),_T,Total,_T,All ages,_T,National,_T,Total,_T,All education levels,_T,All occupations,_Z,Not applicable,_T,No breakdown by disability,2003,,1.6,,PERCENT,percent,G,Global,C,Country Data,"BirdLife International, IUCN and UNEP-WCMC (2019). Based on spatial overlap between polygons for Key Biodiversity Areas from the World Database of Key Biodiveristy Areas (www.keybiodiversityareas.org) and polygons for protected areas from the World Database on Protected Areas (www.protectedplanet.net)",,,,,
DATAFLOW,SPC:DF_BP50_6(1.0),Blue Pacific 2050: Ocean And Environment (Thematic Area 6),I,A,Annual,ER_MRN_MARINKBA,Protected area coverage for marine (Key Biodiversity Area),FM,Micronesia (Federated States of),_T,Total,_T,All ages,_T,National,_T,Total,_T,All education levels,_T,All occupations,_Z,Not applicable,_T,No breakdown by disability,2004,,1.6,,PERCENT,percent,G,Global,C,Country Data,"BirdLife International, IUCN and UNEP-WCMC (2019). Based on spatial overlap between polygons for Key Biodiversity Areas from the World Database of Key Biodiveristy Areas (www.keybiodiversityareas.org) and polygons for protected areas from the World Database on Protected Areas (www.protectedplanet.net)",,,,,
DATAFLOW,SPC:DF_BP50_6(1.0),Blue Pacific 2050: Ocean And Environment (Thematic Area 6),I,A,Annual,ER_MRN_MARINKBA,Protected area coverage for marine (Key Biodiversity Area),FM,Micronesia (Federated States of),_T,Total,_T,All ages,_T,National,_T,Total,_T,All education levels,_T,All occupations,_Z,Not applicable,_T,No breakdown by disability,2005,,1.6,,PERCENT,percent,G,Global,C,Country Data,"BirdLife International, IUCN and UNEP-WCMC (2019). Based on spatial overlap between polygons for Key Biodiversity Areas from the World Database of Key Biodiveristy Areas (www.keybiodiversityareas.org) and polygons for protected areas from the World Database on Protected Areas (www.protectedplanet.net)",,,,,
DATAFLOW,SPC:DF_BP50_6(1.0),Blue Pacific 2050: Ocean And Environment (Thematic Area 6),I,A,Annual,ER_MRN_MARINKBA,Protected area coverage for marine (Key Biodiversity Area),FM,Micronesia (Federated States of),_T,Total,_T,All ages,_T,National,_T,Total,_T,All education levels,_T,All occupations,_Z,Not applicable,_T,No breakdown by disability,2006,,1.6,,PERCENT,percent,G,Global,C,Country Data,"BirdLife International, IUCN and UNEP-WCMC (2019). Based on spatial overlap between polygons for Key Biodiversity Areas from the World Database of Key Biodiveristy Areas (www.keybiodiversityareas.org) and polygons for protected areas from the World Database on Protected Areas (www.protectedplanet.net)",,,,,
DATAFLOW,SPC:DF_BP50_6(1.0),Blue Pacific 2050: Ocean And Environment (Thematic Area 6),I,A,Annual,ER_MRN_MARINKBA,Protected area coverage for marine (Key Biodiversity Area),FM,Micronesia (Federated States of),_T,Total,_T,All ages,_T,National,_T,Total,_T,All education levels,_T,All occupations,_Z,Not applicable,_T,No breakdown by disability,2007,,1.6,,PERCENT,percent,G,Global,C,Country Data,"BirdLife International, IUCN and UNEP-WCMC (2019). Based on spatial overlap between polygons for Key Biodiversity Areas from the World Database of Key Biodiveristy Areas (www.keybiodiversityareas.org) and polygons for protected areas from the World Database on Protected Areas (www.protectedplanet.net)",,,,,
DATAFLOW,SPC:DF_BP50_6(1.0),Blue Pacific 2050: Ocean And Environment (Thematic Area 6),I,A,Annual,ER_MRN_MARINKBA,Protected area coverage for marine (Key Biodiversity Area),FM,Micronesia (Federated States of),_T,Total,_T,All ages,_T,National,_T,Total,_T,All education levels,_T,All occupations,_Z,Not applicable,_T,No breakdown by disability,2008,,1.6,,PERCENT,percent,G,Global,C,Country Data,"BirdLife International, IUCN and UNEP-WCMC (2019). Based on spatial overlap between polygons for Key Biodiversity Areas from the World Database of Key Biodiveristy Areas (www.keybiodiversityareas.org) and polygons for protected areas from the World Database on Protected Areas (www.protectedplanet.net)",,,,,
DATAFLOW,SPC:DF_BP50_6(1.0),Blue Pacific 2050: Ocean And Environment (Thematic Area 6),I,A,Annual,ER_MRN_MARINKBA,Protected area coverage for marine (Key Biodiversity Area),FM,Micronesia (Federated States of),_T,Total,_T,All ages,_T,National,_T,Total,_T,All education levels,_T,All occupations,_Z,Not applicable,_T,No breakdown by disability,2009,,1.6,,PERCENT,percent,G,Global,C,Country Data,"BirdLife International, IUCN and UNEP-WCMC (2019). Based on spatial overlap between polygons for Key Biodiversity Areas from the World Database of Key Biodiveristy Areas (www.keybiodiversityareas.org) and polygons for protected areas from the World Database on Protected Areas (www.protectedplanet.net)",,,,,
DATAFLOW,SPC:DF_BP50_6(1.0),Blue Pacific 2050: Ocean And Environment (Thematic Area 6),I,A,Annual,ER_MRN_MARINKBA,Protected area coverage for marine (Key Biodiversity Area),FM,Micronesia (Federated States of),_T,Total,_T,All ages,_T,National,_T,Total,_T,All education levels,_T,All occupations,_Z,Not applicable,_T,No breakdown by disability,2010,,1.6,,PERCENT,percent,G,Global,C,Country Data,"BirdLife International, IUCN and UNEP-WCMC (2019). Based on spatial overlap between polygons for Key Biodiversity Areas from the World Database of Key Biodiveristy Areas (www.keybiodiversityareas.org) and polygons for protected areas from the World Database on Protected Areas (www.protectedplanet.net)",,,,,
DATAFLOW,SPC:DF_BP50_6(1.0),Blue Pacific 2050: Ocean And Environment (Thematic Area 6),I,A,Annual,ER_MRN_MARINKBA,Protected area coverage for marine (Key Biodiversity Area),FM,Micronesia (Federated States of),_T,Total,_T,All ages,_T,National,_T,Total,_T,All education levels,_T,All occupations,_Z,Not applicable,_T,No breakdown by disability,2011,,1.6,,PERCENT,percent,G,Global,C,Country Data,"BirdLife International, IUCN and UNEP-WCMC (2019). Based on spatial overlap between polygons for Key Biodiversity Areas from the World Database of Key Biodiveristy Areas (www.keybiodiversityareas.org) and polygons for protected areas from the World Database on Protected Areas (www.protectedplanet.net)",,,,,
DATAFLOW,SPC:DF_BP50_6(1.0),Blue Pacific 2050: Ocean And Environment (Thematic Area 6),I,A,Annual,ER_MRN_MARINKBA,Protected area coverage for marine (Key Biodiversity Area),FM,Micronesia (Federated States of),_T,Total,_T,All ages,_T,National,_T,Total,_T,All education levels,_T,All occupations,_Z,Not applicable,_T,No breakdown by disability,2012,,1.6,,PERCENT,percent,G,Global,C,Country Data,"BirdLife International, IUCN and UNEP-WCMC (2019). Based on spatial overlap between polygons for Key Biodiversity Areas from the World Database of Key Biodiveristy Areas (www.keybiodiversityareas.org) and polygons for protected areas from the World Database on Protected Areas (www.protectedplanet.net)",,,,,
DATAFLOW,SPC:DF_BP50_6(1.0),Blue Pacific 2050: Ocean And Environment (Thematic Area 6),I,A,Annual,ER_MRN_MARINKBA,Protected area coverage for marine (Key Biodiversity Area),FM,Micronesia (Federated States of),_T,Total,_T,All ages,_T,National,_T,Total,_T,All education levels,_T,All occupations,_Z,Not applicable,_T,No breakdown by disability,2013,,1.6,,PERCENT,percent,G,Global,C,Country Data,"BirdLife International, IUCN and UNEP-WCMC (2019). Based on spatial overlap between polygons for Key Biodiversity Areas from the World Database of Key Biodiveristy Areas (www.keybiodiversityareas.org) and polygons for protected areas from the World Database on Protected Areas (www.protectedplanet.net)",,,,,
DATAFLOW,SPC:DF_BP50_6(1.0),Blue Pacific 2050: Ocean And Environment (Thematic Area 6),I,A,Annual,ER_MRN_MARINKBA,Protected area coverage for marine (Key Biodiversity Area),FM,Micronesia (Federated States of),_T,Total,_T,All ages,_T,National,_T,Total,_T,All education levels,_T,All occupations,_Z,Not applicable,_T,No breakdown by disability,2014,,1.6,,PERCENT,percent,G,Global,C,Country Data,"BirdLife International, IUCN and UNEP-WCMC (2019). Based on spatial overlap between polygons for Key Biodiversity Areas from the World Database of Key Biodiveristy Areas (www.keybiodiversityareas.org) and polygons for protected areas from the World Database on Protected Areas (www.protectedplanet.net)",,,,,
DATAFLOW,SPC:DF_BP50_6(1.0),Blue Pacific 2050: Ocean And Environment (Thematic Area 6),I,A,Annual,ER_MRN_MARINKBA,Protected area coverage for marine (Key Biodiversity Area),FM,Micronesia (Federated States of),_T,Total,_T,All ages,_T,National,_T,Total,_T,All education levels,_T,All occupations,_Z,Not applicable,_T,No breakdown by disability,2015,,1.6,,PERCENT,percent,G,Global,C,Country Data,"BirdLife International, IUCN and UNEP-WCMC (2019). Based on spatial overlap between polygons for Key Biodiversity Areas from the World Database of Key Biodiveristy Areas (www.keybiodiversityareas.org) and polygons for protected areas from the World Database on Protected Areas (www.protectedplanet.net)",,,,,
DATAFLOW,SPC:DF_BP50_6(1.0),Blue Pacific 2050: Ocean And Environment (Thematic Area 6),I,A,Annual,ER_MRN_MARINKBA,Protected area coverage for marine (Key Biodiversity Area),FM,Micronesia (Federated States of),_T,Total,_T,All ages,_T,National,_T,Total,_T,All education levels,_T,All occupations,_Z,Not applicable,_T,No breakdown by disability,2016,,1.6,,PERCENT,percent,G,Global,C,Country Data,"BirdLife International, IUCN and UNEP-WCMC (2019). Based on spatial overlap between polygons for Key Biodiversity Areas from the World Database of Key Biodiveristy Areas (www.keybiodiversityareas.org) and polygons for protected areas from the World Database on Protected Areas (www.protectedplanet.net)",,,,,
DATAFLOW,SPC:DF_BP50_6(1.0),Blue Pacific 2050: Ocean And Environment (Thematic Area 6),I,A,Annual,ER_MRN_MARINKBA,Protected area coverage for marine (Key Biodiversity Area),FM,Micronesia (Federated States of),_T,Total,_T,All ages,_T,National,_T,Total,_T,All education levels,_T,All occupations,_Z,Not applicable,_T,No breakdown by disability,2017,,1.6,,PERCENT,percent,G,Global,C,Country Data,"BirdLife International, IUCN and UNEP-WCMC (2019). Based on spatial overlap between polygons for Key Biodiversity Areas from the World Database of Key Biodiveristy Areas (www.keybiodiversityareas.org) and polygons for protected areas from the World Database on Protected Areas (www.protectedplanet.net)",,,,,
DATAFLOW,SPC:DF_BP50_6(1.0),Blue Pacific 2050: Ocean And Environment (Thematic Area 6),I,A,Annual,ER_MRN_MARINKBA,Protected area coverage for marine (Key Biodiversity Area),FM,Micronesia (Federated States of),_T,Total,_T,All ages,_T,National,_T,Total,_T,All education levels,_T,All occupations,_Z,Not applicable,_T,No breakdown by disability,2018,,1.6,,PERCENT,percent,G,Global,C,Country Data,"BirdLife International, IUCN and UNEP-WCMC (2019). Based on spatial overlap between polygons for Key Biodiversity Areas from the World Database of Key Biodiveristy Areas (www.keybiodiversityareas.org) and polygons for protected areas from the World Database on Protected Areas (www.protectedplanet.net)",,,,,
DATAFLOW,SPC:DF_BP50_6(1.0),Blue Pacific 2050: Ocean And Environment (Thematic Area 6),I,A,Annual,ER_MRN_MARINKBA,Protected area coverage for marine (Key Biodiversity Area),FM,Micronesia (Federated States of),_T,Total,_T,All ages,_T,National,_T,Total,_T,All education levels,_T,All occupations,_Z,Not applicable,_T,No breakdown by disability,2019,,1.6,,PERCENT,percent,G,Global,C,Country Data,"BirdLife International, IUCN and UNEP-WCMC (2019). Based on spatial overlap between polygons for Key Biodiversity Areas from the World Database of Key Biodiveristy Areas (www.keybiodiversityareas.org) and polygons for protected areas from the World Database on Protected Areas (www.protectedplanet.net)",,,,,
DATAFLOW,SPC:DF_BP50_6(1.0),Blue Pacific 2050: Ocean And Environment (Thematic Area 6),I,A,Annual,SPC_14_6_1,"Progress by countries in the degree of implementation of
            international instruments aiming to combat illegal, unreported and unregulated fishing
            (level of implementation: 1 lowest to 5 highest)",SB,Solomon Islands,_T,Total,_T,All ages,_T,National,_T,Total,_T,All education levels,_T,All occupations,_Z,Not applicable,_T,No breakdown by disability,2018,,4,,N,units,G,Global,C,Country Data,"Questionnaire on the implementation of the Code of Conduct for Responsible Fisheries - Country self-reporting ",,,,Level of implementation: 1 lowest - 5 highest,
DATAFLOW,SPC:DF_BP50_6(1.0),Blue Pacific 2050: Ocean And Environment (Thematic Area 6),I,A,Annual,SPC_14_6_1,"Progress by countries in the degree of implementation of
            international instruments aiming to combat illegal, unreported and unregulated fishing
            (level of implementation: 1 lowest to 5 highest)",SB,Solomon Islands,_T,Total,_T,All ages,_T,National,_T,Total,_T,All education levels,_T,All occupations,_Z,Not applicable,_T,No breakdown by disability,2020,,3,,N,units,G,Global,C,Country Data,"FAO questionnaire on the implementation of the Code of Conduct for Responsible Fisheries - Country self-reporting ",,,,,
DATAFLOW,SPC:DF_BP50_6(1.0),Blue Pacific 2050: Ocean And Environment (Thematic Area 6),I,A,Annual,SPC_14_6_1,"Progress by countries in the degree of implementation of
            international instruments aiming to combat illegal, unreported and unregulated fishing
            (level of implementation: 1 lowest to 5 highest)",SB,Solomon Islands,_T,Total,_T,All ages,_T,National,_T,Total,_T,All education levels,_T,All occupations,_Z,Not applicable,_T,No breakdown by disability,2022,,4,,N,units,G,Global,C,Country Data,FAO: Questionnaire on the implementation of the Code of Conduct for Responsible Fisheries - Country self-reporting,,,,,
DATAFLOW,SPC:DF_BP50_6(1.0),Blue Pacific 2050: Ocean And Environment (Thematic Area 6),I,A,Annual,ER_MRN_MARINKBA,Protected area coverage for marine (Key Biodiversity Area),PW,Palau,_T,Total,_T,All ages,_T,National,_T,Total,_T,All education levels,_T,All occupations,_Z,Not applicable,_T,No breakdown by disability,2000,,46.15,,PERCENT,percent,G,Global,C,Country Data,"BirdLife International, IUCN and UNEP-WCMC (2019). Based on spatial overlap between polygons for Key Biodiversity Areas from the World Database of Key Biodiveristy Areas (www.keybiodiversityareas.org) and polygons for protected areas from the World Database on Protected Areas (www.protectedplanet.net)",,,,,
DATAFLOW,SPC:DF_BP50_6(1.0),Blue Pacific 2050: Ocean And Environment (Thematic Area 6),I,A,Annual,ER_MRN_MARINKBA,Protected area coverage for marine (Key Biodiversity Area),PW,Palau,_T,Total,_T,All ages,_T,National,_T,Total,_T,All education levels,_T,All occupations,_Z,Not applicable,_T,No breakdown by disability,2001,,46.15,,PERCENT,percent,G,Global,C,Country Data,"BirdLife International, IUCN and UNEP-WCMC (2019). Based on spatial overlap between polygons for Key Biodiversity Areas from the World Database of Key Biodiveristy Areas (www.keybiodiversityareas.org) and polygons for protected areas from the World Database on Protected Areas (www.protectedplanet.net)",,,,,
DATAFLOW,SPC:DF_BP50_6(1.0),Blue Pacific 2050: Ocean And Environment (Thematic Area 6),I,A,Annual,ER_MRN_MARINKBA,Protected area coverage for marine (Key Biodiversity Area),PW,Palau,_T,Total,_T,All ages,_T,National,_T,Total,_T,All education levels,_T,All occupations,_Z,Not applicable,_T,No breakdown by disability,2002,,46.15,,PERCENT,percent,G,Global,C,Country Data,"BirdLife International, IUCN and UNEP-WCMC (2019). Based on spatial overlap between polygons for Key Biodiversity Areas from the World Database of Key Biodiveristy Areas (www.keybiodiversityareas.org) and polygons for protected areas from the World Database on Protected Areas (www.protectedplanet.net)",,,,,
DATAFLOW,SPC:DF_BP50_6(1.0),Blue Pacific 2050: Ocean And Environment (Thematic Area 6),I,A,Annual,ER_MRN_MARINKBA,Protected area coverage for marine (Key Biodiversity Area),PW,Palau,_T,Total,_T,All ages,_T,National,_T,Total,_T,All education levels,_T,All occupations,_Z,Not applicable,_T,No breakdown by disability,2003,,46.15,,PERCENT,percent,G,Global,C,Country Data,"BirdLife International, IUCN and UNEP-WCMC (2019). Based on spatial overlap between polygons for Key Biodiversity Areas from the World Database of Key Biodiveristy Areas (www.keybiodiversityareas.org) and polygons for protected areas from the World Database on Protected Areas (www.protectedplanet.net)",,,,,
DATAFLOW,SPC:DF_BP50_6(1.0),Blue Pacific 2050: Ocean And Environment (Thematic Area 6),I,A,Annual,ER_MRN_MARINKBA,Protected area coverage for marine (Key Biodiversity Area),PW,Palau,_T,Total,_T,All ages,_T,National,_T,Total,_T,All education levels,_T,All occupations,_Z,Not applicable,_T,No breakdown by disability,2004,,46.15,,PERCENT,percent,G,Global,C,Country Data,"BirdLife International, IUCN and UNEP-WCMC (2019). Based on spatial overlap between polygons for Key Biodiversity Areas from the World Database of Key Biodiveristy Areas (www.keybiodiversityareas.org) and polygons for protected areas from the World Database on Protected Areas (www.protectedplanet.net)",,,,,
DATAFLOW,SPC:DF_BP50_6(1.0),Blue Pacific 2050: Ocean And Environment (Thematic Area 6),I,A,Annual,ER_MRN_MARINKBA,Protected area coverage for marine (Key Biodiversity Area),PW,Palau,_T,Total,_T,All ages,_T,National,_T,Total,_T,All education levels,_T,All occupations,_Z,Not applicable,_T,No breakdown by disability,2005,,46.15,,PERCENT,percent,G,Global,C,Country Data,"BirdLife International, IUCN and UNEP-WCMC (2019). Based on spatial overlap between polygons for Key Biodiversity Areas from the World Database of Key Biodiveristy Areas (www.keybiodiversityareas.org) and polygons for protected areas from the World Database on Protected Areas (www.protectedplanet.net)",,,,,
DATAFLOW,SPC:DF_BP50_6(1.0),Blue Pacific 2050: Ocean And Environment (Thematic Area 6),I,A,Annual,ER_MRN_MARINKBA,Protected area coverage for marine (Key Biodiversity Area),PW,Palau,_T,Total,_T,All ages,_T,National,_T,Total,_T,All education levels,_T,All occupations,_Z,Not applicable,_T,No breakdown by disability,2006,,64.05,,PERCENT,percent,G,Global,C,Country Data,"BirdLife International, IUCN and UNEP-WCMC (2019). Based on spatial overlap between polygons for Key Biodiversity Areas from the World Database of Key Biodiveristy Areas (www.keybiodiversityareas.org) and polygons for protected areas from the World Database on Protected Areas (www.protectedplanet.net)",,,,,
DATAFLOW,SPC:DF_BP50_6(1.0),Blue Pacific 2050: Ocean And Environment (Thematic Area 6),I,A,Annual,ER_MRN_MARINKBA,Protected area coverage for marine (Key Biodiversity Area),PW,Palau,_T,Total,_T,All ages,_T,National,_T,Total,_T,All education levels,_T,All occupations,_Z,Not applicable,_T,No breakdown by disability,2007,,64.05,,PERCENT,percent,G,Global,C,Country Data,"BirdLife International, IUCN and UNEP-WCMC (2019). Based on spatial overlap between polygons for Key Biodiversity Areas from the World Database of Key Biodiveristy Areas (www.keybiodiversityareas.org) and polygons for protected areas from the World Database on Protected Areas (www.protectedplanet.net)",,,,,
DATAFLOW,SPC:DF_BP50_6(1.0),Blue Pacific 2050: Ocean And Environment (Thematic Area 6),I,A,Annual,ER_MRN_MARINKBA,Protected area coverage for marine (Key Biodiversity Area),PW,Palau,_T,Total,_T,All ages,_T,National,_T,Total,_T,All education levels,_T,All occupations,_Z,Not applicable,_T,No breakdown by disability,2008,,70.03,,PERCENT,percent,G,Global,C,Country Data,"BirdLife International, IUCN and UNEP-WCMC (2019). Based on spatial overlap between polygons for Key Biodiversity Areas from the World Database of Key Biodiveristy Areas (www.keybiodiversityareas.org) and polygons for protected areas from the World Database on Protected Areas (www.protectedplanet.net)",,,,,
DATAFLOW,SPC:DF_BP50_6(1.0),Blue Pacific 2050: Ocean And Environment (Thematic Area 6),I,A,Annual,ER_MRN_MARINKBA,Protected area coverage for marine (Key Biodiversity Area),PW,Palau,_T,Total,_T,All ages,_T,National,_T,Total,_T,All education levels,_T,All occupations,_Z,Not applicable,_T,No breakdown by disability,2009,,70.03,,PERCENT,percent,G,Global,C,Country Data,"BirdLife International, IUCN and UNEP-WCMC (2019). Based on spatial overlap between polygons for Key Biodiversity Areas from the World Database of Key Biodiveristy Areas (www.keybiodiversityareas.org) and polygons for protected areas from the World Database on Protected Areas (www.protectedplanet.net)",,,,,
DATAFLOW,SPC:DF_BP50_6(1.0),Blue Pacific 2050: Ocean And Environment (Thematic Area 6),I,A,Annual,ER_MRN_MARINKBA,Protected area coverage for marine (Key Biodiversity Area),PW,Palau,_T,Total,_T,All ages,_T,National,_T,Total,_T,All education levels,_T,All occupations,_Z,Not applicable,_T,No breakdown by disability,2010,,70.03,,PERCENT,percent,G,Global,C,Country Data,"BirdLife International, IUCN and UNEP-WCMC (2019). Based on spatial overlap between polygons for Key Biodiversity Areas from the World Database of Key Biodiveristy Areas (www.keybiodiversityareas.org) and polygons for protected areas from the World Database on Protected Areas (www.protectedplanet.net)",,,,,
DATAFLOW,SPC:DF_BP50_6(1.0),Blue Pacific 2050: Ocean And Environment (Thematic Area 6),I,A,Annual,ER_MRN_MARINKBA,Protected area coverage for marine (Key Biodiversity Area),PW,Palau,_T,Total,_T,All ages,_T,National,_T,Total,_T,All education levels,_T,All occupations,_Z,Not applicable,_T,No breakdown by disability,2011,,70.03,,PERCENT,percent,G,Global,C,Country Data,"BirdLife International, IUCN and UNEP-WCMC (2019). Based on spatial overlap between polygons for Key Biodiversity Areas from the World Database of Key Biodiveristy Areas (www.keybiodiversityareas.org) and polygons for protected areas from the World Database on Protected Areas (www.protectedplanet.net)",,,,,
DATAFLOW,SPC:DF_BP50_6(1.0),Blue Pacific 2050: Ocean And Environment (Thematic Area 6),I,A,Annual,ER_MRN_MARINKBA,Protected area coverage for marine (Key Biodiversity Area),PW,Palau,_T,Total,_T,All ages,_T,National,_T,Total,_T,All education levels,_T,All occupations,_Z,Not applicable,_T,No breakdown by disability,2012,,70.03,,PERCENT,percent,G,Global,C,Country Data,"BirdLife International, IUCN and UNEP-WCMC (2019). Based on spatial overlap between polygons for Key Biodiversity Areas from the World Database of Key Biodiveristy Areas (www.keybiodiversityareas.org) and polygons for protected areas from the World Database on Protected Areas (www.protectedplanet.net)",,,,,
DATAFLOW,SPC:DF_BP50_6(1.0),Blue Pacific 2050: Ocean And Environment (Thematic Area 6),I,A,Annual,ER_MRN_MARINKBA,Protected area coverage for marine (Key Biodiversity Area),PW,Palau,_T,Total,_T,All ages,_T,National,_T,Total,_T,All education levels,_T,All occupations,_Z,Not applicable,_T,No breakdown by disability,2013,,70.03,,PERCENT,percent,G,Global,C,Country Data,"BirdLife International, IUCN and UNEP-WCMC (2019). Based on spatial overlap between polygons for Key Biodiversity Areas from the World Database of Key Biodiveristy Areas (www.keybiodiversityareas.org) and polygons for protected areas from the World Database on Protected Areas (www.protectedplanet.net)",,,,,
DATAFLOW,SPC:DF_BP50_6(1.0),Blue Pacific 2050: Ocean And Environment (Thematic Area 6),I,A,Annual,ER_MRN_MARINKBA,Protected area coverage for marine (Key Biodiversity Area),PW,Palau,_T,Total,_T,All ages,_T,National,_T,Total,_T,All education levels,_T,All occupations,_Z,Not applicable,_T,No breakdown by disability,2014,,70.03,,PERCENT,percent,G,Global,C,Country Data,"BirdLife International, IUCN and UNEP-WCMC (2019). Based on spatial overlap between polygons for Key Biodiversity Areas from the World Database of Key Biodiveristy Areas (www.keybiodiversityareas.org) and polygons for protected areas from the World Database on Protected Areas (www.protectedplanet.net)",,,,,
DATAFLOW,SPC:DF_BP50_6(1.0),Blue Pacific 2050: Ocean And Environment (Thematic Area 6),I,A,Annual,ER_MRN_MARINKBA,Protected area coverage for marine (Key Biodiversity Area),PW,Palau,_T,Total,_T,All ages,_T,National,_T,Total,_T,All education levels,_T,All occupations,_Z,Not applicable,_T,No breakdown by disability,2015,,70.03,,PERCENT,percent,G,Global,C,Country Data,"BirdLife International, IUCN and UNEP-WCMC (2019). Based on spatial overlap between polygons for Key Biodiversity Areas from the World Database of Key Biodiveristy Areas (www.keybiodiversityareas.org) and polygons for protected areas from the World Database on Protected Areas (www.protectedplanet.net)",,,,,
DATAFLOW,SPC:DF_BP50_6(1.0),Blue Pacific 2050: Ocean And Environment (Thematic Area 6),I,A,Annual,ER_MRN_MARINKBA,Protected area coverage for marine (Key Biodiversity Area),PW,Palau,_T,Total,_T,All ages,_T,National,_T,Total,_T,All education levels,_T,All occupations,_Z,Not applicable,_T,No breakdown by disability,2016,,70.03,,PERCENT,percent,G,Global,C,Country Data,"BirdLife International, IUCN and UNEP-WCMC (2019). Based on spatial overlap between polygons for Key Biodiversity Areas from the World Database of Key Biodiveristy Areas (www.keybiodiversityareas.org) and polygons for protected areas from the World Database on Protected Areas (www.protectedplanet.net)",,,,,
DATAFLOW,SPC:DF_BP50_6(1.0),Blue Pacific 2050: Ocean And Environment (Thematic Area 6),I,A,Annual,ER_MRN_MARINKBA,Protected area coverage for marine (Key Biodiversity Area),PW,Palau,_T,Total,_T,All ages,_T,National,_T,Total,_T,All education levels,_T,All occupations,_Z,Not applicable,_T,No breakdown by disability,2017,,70.03,,PERCENT,percent,G,Global,C,Country Data,"BirdLife International, IUCN and UNEP-WCMC (2019). Based on spatial overlap between polygons for Key Biodiversity Areas from the World Database of Key Biodiveristy Areas (www.keybiodiversityareas.org) and polygons for protected areas from the World Database on Protected Areas (www.protectedplanet.net)",,,,,
DATAFLOW,SPC:DF_BP50_6(1.0),Blue Pacific 2050: Ocean And Environment (Thematic Area 6),I,A,Annual,ER_MRN_MARINKBA,Protected area coverage for marine (Key Biodiversity Area),PW,Palau,_T,Total,_T,All ages,_T,National,_T,Total,_T,All education levels,_T,All occupations,_Z,Not applicable,_T,No breakdown by disability,2018,,70.03,,PERCENT,percent,G,Global,C,Country Data,"BirdLife International, IUCN and UNEP-WCMC (2019). Based on spatial overlap between polygons for Key Biodiversity Areas from the World Database of Key Biodiveristy Areas (www.keybiodiversityareas.org) and polygons for protected areas from the World Database on Protected Areas (www.protectedplanet.net)",,,,,
DATAFLOW,SPC:DF_BP50_6(1.0),Blue Pacific 2050: Ocean And Environment (Thematic Area 6),I,A,Annual,ER_MRN_MARINKBA,Protected area coverage for marine (Key Biodiversity Area),PW,Palau,_T,Total,_T,All ages,_T,National,_T,Total,_T,All education levels,_T,All occupations,_Z,Not applicable,_T,No breakdown by disability,2019,,70.03,,PERCENT,percent,G,Global,C,Country Data,"BirdLife International, IUCN and UNEP-WCMC (2019). Based on spatial overlap between polygons for Key Biodiversity Areas from the World Database of Key Biodiveristy Areas (www.keybiodiversityareas.org) and polygons for protected areas from the World Database on Protected Areas (www.protectedplanet.net)",,,,,
DATAFLOW,SPC:DF_BP50_6(1.0),Blue Pacific 2050: Ocean And Environment (Thematic Area 6),I,A,Annual,ER_H2O_FWTL,"Proportion of fish stocks within biologically sustainable
            levels (not overexploited)",PG,Papua New Guinea,_T,Total,_T,All ages,_T,National,_T,Total,_T,All education levels,_T,All occupations,_Z,Not applicable,_T,No breakdown by disability,2018,,1400000,,T,metric tons,N,National,C,Country Data,Papua New Guinea Government,,,,,
DATAFLOW,SPC:DF_BP50_6(1.0),Blue Pacific 2050: Ocean And Environment (Thematic Area 6),I,A,Annual,SPC_14_b_1,"Degree of application of a
            legal/regulatory/policy/institutional framework which recognizes and protects access
            rights for small-scale fisheries (level of implementation: 1 lowest to 5 highest)",NU,Niue,_T,Total,_T,All ages,_T,National,_T,Total,_T,All education levels,_T,All occupations,_Z,Not applicable,_T,No breakdown by disability,2018,,,,N,units,G,Global,_X,Not Available,"Questionnaire on the implementation of the Code of Conduct for Responsible Fisheries - Country self-reporting ",,O,Missing value,"A figure was not provided, or the method by which the figure was calculated is unknown",
DATAFLOW,SPC:DF_BP50_6(1.0),Blue Pacific 2050: Ocean And Environment (Thematic Area 6),I,A,Annual,ER_MRN_MARINKBA,Protected area coverage for marine (Key Biodiversity Area),FJ,Fiji,_T,Total,_T,All ages,_T,National,_T,Total,_T,All education levels,_T,All occupations,_Z,Not applicable,_T,No breakdown by disability,2000,,3.31,,PERCENT,percent,G,Global,C,Country Data,"BirdLife International, IUCN and UNEP-WCMC (2019). Based on spatial overlap between polygons for Key Biodiversity Areas from the World Database of Key Biodiveristy Areas (www.keybiodiversityareas.org) and polygons for protected areas from the World Database on Protected Areas (www.protectedplanet.net)",,,,,
DATAFLOW,SPC:DF_BP50_6(1.0),Blue Pacific 2050: Ocean And Environment (Thematic Area 6),I,A,Annual,ER_MRN_MARINKBA,Protected area coverage for marine (Key Biodiversity Area),FJ,Fiji,_T,Total,_T,All ages,_T,National,_T,Total,_T,All education levels,_T,All occupations,_Z,Not applicable,_T,No breakdown by disability,2001,,3.33,,PERCENT,percent,G,Global,C,Country Data,"BirdLife International, IUCN and UNEP-WCMC (2019). Based on spatial overlap between polygons for Key Biodiversity Areas from the World Database of Key Biodiveristy Areas (www.keybiodiversityareas.org) and polygons for protected areas from the World Database on Protected Areas (www.protectedplanet.net)",,,,,
DATAFLOW,SPC:DF_BP50_6(1.0),Blue Pacific 2050: Ocean And Environment (Thematic Area 6),I,A,Annual,ER_MRN_MARINKBA,Protected area coverage for marine (Key Biodiversity Area),FJ,Fiji,_T,Total,_T,All ages,_T,National,_T,Total,_T,All education levels,_T,All occupations,_Z,Not applicable,_T,No breakdown by disability,2002,,3.58,,PERCENT,percent,G,Global,C,Country Data,"BirdLife International, IUCN and UNEP-WCMC (2019). Based on spatial overlap between polygons for Key Biodiversity Areas from the World Database of Key Biodiveristy Areas (www.keybiodiversityareas.org) and polygons for protected areas from the World Database on Protected Areas (www.protectedplanet.net)",,,,,
DATAFLOW,SPC:DF_BP50_6(1.0),Blue Pacific 2050: Ocean And Environment (Thematic Area 6),I,A,Annual,ER_MRN_MARINKBA,Protected area coverage for marine (Key Biodiversity Area),FJ,Fiji,_T,Total,_T,All ages,_T,National,_T,Total,_T,All education levels,_T,All occupations,_Z,Not applicable,_T,No breakdown by disability,2003,,4.32,,PERCENT,percent,G,Global,C,Country Data,"BirdLife International, IUCN and UNEP-WCMC (2019). Based on spatial overlap between polygons for Key Biodiversity Areas from the World Database of Key Biodiveristy Areas (www.keybiodiversityareas.org) and polygons for protected areas from the World Database on Protected Areas (www.protectedplanet.net)",,,,,
DATAFLOW,SPC:DF_BP50_6(1.0),Blue Pacific 2050: Ocean And Environment (Thematic Area 6),I,A,Annual,ER_MRN_MARINKBA,Protected area coverage for marine (Key Biodiversity Area),FJ,Fiji,_T,Total,_T,All ages,_T,National,_T,Total,_T,All education levels,_T,All occupations,_Z,Not applicable,_T,No breakdown by disability,2004,,10.1,,PERCENT,percent,G,Global,C,Country Data,"BirdLife International, IUCN and UNEP-WCMC (2019). Based on spatial overlap between polygons for Key Biodiversity Areas from the World Database of Key Biodiveristy Areas (www.keybiodiversityareas.org) and polygons for protected areas from the World Database on Protected Areas (www.protectedplanet.net)",,,,,
DATAFLOW,SPC:DF_BP50_6(1.0),Blue Pacific 2050: Ocean And Environment (Thematic Area 6),I,A,Annual,ER_MRN_MARINKBA,Protected area coverage for marine (Key Biodiversity Area),FJ,Fiji,_T,Total,_T,All ages,_T,National,_T,Total,_T,All education levels,_T,All occupations,_Z,Not applicable,_T,No breakdown by disability,2005,,10.15,,PERCENT,percent,G,Global,C,Country Data,"BirdLife International, IUCN and UNEP-WCMC (2019). Based on spatial overlap between polygons for Key Biodiversity Areas from the World Database of Key Biodiveristy Areas (www.keybiodiversityareas.org) and polygons for protected areas from the World Database on Protected Areas (www.protectedplanet.net)",,,,,
DATAFLOW,SPC:DF_BP50_6(1.0),Blue Pacific 2050: Ocean And Environment (Thematic Area 6),I,A,Annual,ER_MRN_MARINKBA,Protected area coverage for marine (Key Biodiversity Area),FJ,Fiji,_T,Total,_T,All ages,_T,National,_T,Total,_T,All education levels,_T,All occupations,_Z,Not applicable,_T,No breakdown by disability,2006,,14.27,,PERCENT,percent,G,Global,C,Country Data,"BirdLife International, IUCN and UNEP-WCMC (2019). Based on spatial overlap between polygons for Key Biodiversity Areas from the World Database of Key Biodiveristy Areas (www.keybiodiversityareas.org) and polygons for protected areas from the World Database on Protected Areas (www.protectedplanet.net)",,,,,
DATAFLOW,SPC:DF_BP50_6(1.0),Blue Pacific 2050: Ocean And Environment (Thematic Area 6),I,A,Annual,ER_MRN_MARINKBA,Protected area coverage for marine (Key Biodiversity Area),FJ,Fiji,_T,Total,_T,All ages,_T,National,_T,Total,_T,All education levels,_T,All occupations,_Z,Not applicable,_T,No breakdown by disability,2007,,14.57,,PERCENT,percent,G,Global,C,Country Data,"BirdLife International, IUCN and UNEP-WCMC (2019). Based on spatial overlap between polygons for Key Biodiversity Areas from the World Database of Key Biodiveristy Areas (www.keybiodiversityareas.org) and polygons for protected areas from the World Database on Protected Areas (www.protectedplanet.net)",,,,,
DATAFLOW,SPC:DF_BP50_6(1.0),Blue Pacific 2050: Ocean And Environment (Thematic Area 6),I,A,Annual,ER_MRN_MARINKBA,Protected area coverage for marine (Key Biodiversity Area),FJ,Fiji,_T,Total,_T,All ages,_T,National,_T,Total,_T,All education levels,_T,All occupations,_Z,Not applicable,_T,No breakdown by disability,2008,,14.57,,PERCENT,percent,G,Global,C,Country Data,"BirdLife International, IUCN and UNEP-WCMC (2019). Based on spatial overlap between polygons for Key Biodiversity Areas from the World Database of Key Biodiveristy Areas (www.keybiodiversityareas.org) and polygons for protected areas from the World Database on Protected Areas (www.protectedplanet.net)",,,,,
DATAFLOW,SPC:DF_BP50_6(1.0),Blue Pacific 2050: Ocean And Environment (Thematic Area 6),I,A,Annual,ER_MRN_MARINKBA,Protected area coverage for marine (Key Biodiversity Area),FJ,Fiji,_T,Total,_T,All ages,_T,National,_T,Total,_T,All education levels,_T,All occupations,_Z,Not applicable,_T,No breakdown by disability,2009,,14.57,,PERCENT,percent,G,Global,C,Country Data,"BirdLife International, IUCN and UNEP-WCMC (2019). Based on spatial overlap between polygons for Key Biodiversity Areas from the World Database of Key Biodiveristy Areas (www.keybiodiversityareas.org) and polygons for protected areas from the World Database on Protected Areas (www.protectedplanet.net)",,,,,
DATAFLOW,SPC:DF_BP50_6(1.0),Blue Pacific 2050: Ocean And Environment (Thematic Area 6),I,A,Annual,ER_MRN_MARINKBA,Protected area coverage for marine (Key Biodiversity Area),FJ,Fiji,_T,Total,_T,All ages,_T,National,_T,Total,_T,All education levels,_T,All occupations,_Z,Not applicable,_T,No breakdown by disability,2010,,14.57,,PERCENT,percent,G,Global,C,Country Data,"BirdLife International, IUCN and UNEP-WCMC (2019). Based on spatial overlap between polygons for Key Biodiversity Areas from the World Database of Key Biodiveristy Areas (www.keybiodiversityareas.org) and polygons for protected areas from the World Database on Protected Areas (www.protectedplanet.net)",,,,,
DATAFLOW,SPC:DF_BP50_6(1.0),Blue Pacific 2050: Ocean And Environment (Thematic Area 6),I,A,Annual,ER_MRN_MARINKBA,Protected area coverage for marine (Key Biodiversity Area),FJ,Fiji,_T,Total,_T,All ages,_T,National,_T,Total,_T,All education levels,_T,All occupations,_Z,Not applicable,_T,No breakdown by disability,2011,,14.57,,PERCENT,percent,G,Global,C,Country Data,"BirdLife International, IUCN and UNEP-WCMC (2019). Based on spatial overlap between polygons for Key Biodiversity Areas from the World Database of Key Biodiveristy Areas (www.keybiodiversityareas.org) and polygons for protected areas from the World Database on Protected Areas (www.protectedplanet.net)",,,,,
DATAFLOW,SPC:DF_BP50_6(1.0),Blue Pacific 2050: Ocean And Environment (Thematic Area 6),I,A,Annual,ER_MRN_MARINKBA,Protected area coverage for marine (Key Biodiversity Area),FJ,Fiji,_T,Total,_T,All ages,_T,National,_T,Total,_T,All education levels,_T,All occupations,_Z,Not applicable,_T,No breakdown by disability,2012,,14.57,,PERCENT,percent,G,Global,C,Country Data,"BirdLife International, IUCN and UNEP-WCMC (2019). Based on spatial overlap between polygons for Key Biodiversity Areas from the World Database of Key Biodiveristy Areas (www.keybiodiversityareas.org) and polygons for protected areas from the World Database on Protected Areas (www.protectedplanet.net)",,,,,
DATAFLOW,SPC:DF_BP50_6(1.0),Blue Pacific 2050: Ocean And Environment (Thematic Area 6),I,A,Annual,ER_MRN_MARINKBA,Protected area coverage for marine (Key Biodiversity Area),FJ,Fiji,_T,Total,_T,All ages,_T,National,_T,Total,_T,All education levels,_T,All occupations,_Z,Not applicable,_T,No breakdown by disability,2013,,14.57,,PERCENT,percent,G,Global,C,Country Data,"BirdLife International, IUCN and UNEP-WCMC (2019). Based on spatial overlap between polygons for Key Biodiversity Areas from the World Database of Key Biodiveristy Areas (www.keybiodiversityareas.org) and polygons for protected areas from the World Database on Protected Areas (www.protectedplanet.net)",,,,,
DATAFLOW,SPC:DF_BP50_6(1.0),Blue Pacific 2050: Ocean And Environment (Thematic Area 6),I,A,Annual,ER_MRN_MARINKBA,Protected area coverage for marine (Key Biodiversity Area),FJ,Fiji,_T,Total,_T,All ages,_T,National,_T,Total,_T,All education levels,_T,All occupations,_Z,Not applicable,_T,No breakdown by disability,2014,,14.57,,PERCENT,percent,G,Global,C,Country Data,"BirdLife International, IUCN and UNEP-WCMC (2019). Based on spatial overlap between polygons for Key Biodiversity Areas from the World Database of Key Biodiveristy Areas (www.keybiodiversityareas.org) and polygons for protected areas from the World Database on Protected Areas (www.protectedplanet.net)",,,,,
DATAFLOW,SPC:DF_BP50_6(1.0),Blue Pacific 2050: Ocean And Environment (Thematic Area 6),I,A,Annual,ER_MRN_MARINKBA,Protected area coverage for marine (Key Biodiversity Area),FJ,Fiji,_T,Total,_T,All ages,_T,National,_T,Total,_T,All education levels,_T,All occupations,_Z,Not applicable,_T,No breakdown by disability,2015,,14.57,,PERCENT,percent,G,Global,C,Country Data,"BirdLife International, IUCN and UNEP-WCMC (2019). Based on spatial overlap between polygons for Key Biodiversity Areas from the World Database of Key Biodiveristy Areas (www.keybiodiversityareas.org) and polygons for protected areas from the World Database on Protected Areas (www.protectedplanet.net)",,,,,
DATAFLOW,SPC:DF_BP50_6(1.0),Blue Pacific 2050: Ocean And Environment (Thematic Area 6),I,A,Annual,ER_MRN_MARINKBA,Protected area coverage for marine (Key Biodiversity Area),FJ,Fiji,_T,Total,_T,All ages,_T,National,_T,Total,_T,All education levels,_T,All occupations,_Z,Not applicable,_T,No breakdown by disability,2016,,14.57,,PERCENT,percent,G,Global,C,Country Data,"BirdLife International, IUCN and UNEP-WCMC (2019). Based on spatial overlap between polygons for Key Biodiversity Areas from the World Database of Key Biodiveristy Areas (www.keybiodiversityareas.org) and polygons for protected areas from the World Database on Protected Areas (www.protectedplanet.net)",,,,,
DATAFLOW,SPC:DF_BP50_6(1.0),Blue Pacific 2050: Ocean And Environment (Thematic Area 6),I,A,Annual,ER_MRN_MARINKBA,Protected area coverage for marine (Key Biodiversity Area),FJ,Fiji,_T,Total,_T,All ages,_T,National,_T,Total,_T,All education levels,_T,All occupations,_Z,Not applicable,_T,No breakdown by disability,2017,,14.57,,PERCENT,percent,G,Global,C,Country Data,"BirdLife International, IUCN and UNEP-WCMC (2019). Based on spatial overlap between polygons for Key Biodiversity Areas from the World Database of Key Biodiveristy Areas (www.keybiodiversityareas.org) and polygons for protected areas from the World Database on Protected Areas (www.protectedplanet.net)",,,,,
DATAFLOW,SPC:DF_BP50_6(1.0),Blue Pacific 2050: Ocean And Environment (Thematic Area 6),I,A,Annual,ER_MRN_MARINKBA,Protected area coverage for marine (Key Biodiversity Area),FJ,Fiji,_T,Total,_T,All ages,_T,National,_T,Total,_T,All education levels,_T,All occupations,_Z,Not applicable,_T,No breakdown by disability,2018,,14.57,,PERCENT,percent,G,Global,C,Country Data,"BirdLife International, IUCN and UNEP-WCMC (2019). Based on spatial overlap between polygons for Key Biodiversity Areas from the World Database of Key Biodiveristy Areas (www.keybiodiversityareas.org) and polygons for protected areas from the World Database on Protected Areas (www.protectedplanet.net)",,,,,
DATAFLOW,SPC:DF_BP50_6(1.0),Blue Pacific 2050: Ocean And Environment (Thematic Area 6),I,A,Annual,ER_MRN_MARINKBA,Protected area coverage for marine (Key Biodiversity Area),FJ,Fiji,_T,Total,_T,All ages,_T,National,_T,Total,_T,All education levels,_T,All occupations,_Z,Not applicable,_T,No breakdown by disability,2019,,14.57,,PERCENT,percent,G,Global,C,Country Data,"BirdLife International, IUCN and UNEP-WCMC (2019). Based on spatial overlap between polygons for Key Biodiversity Areas from the World Database of Key Biodiveristy Areas (www.keybiodiversityareas.org) and polygons for protected areas from the World Database on Protected Areas (www.protectedplanet.net)",,,,,
DATAFLOW,SPC:DF_BP50_6(1.0),Blue Pacific 2050: Ocean And Environment (Thematic Area 6),I,A,Annual,SPC_14_6_1,"Progress by countries in the degree of implementation of
            international instruments aiming to combat illegal, unreported and unregulated fishing
            (level of implementation: 1 lowest to 5 highest)",KI,Kiribati,_T,Total,_T,All ages,_T,National,_T,Total,_T,All education levels,_T,All occupations,_Z,Not applicable,_T,No breakdown by disability,2018,,,,N,units,G,Global,_X,Not Available,"Questionnaire on the implementation of the Code of Conduct for Responsible Fisheries - Country self-reporting ",,O,Missing value,"A figure was not provided, or the method by which the figure was calculated is unknown",
DATAFLOW,SPC:DF_BP50_6(1.0),Blue Pacific 2050: Ocean And Environment (Thematic Area 6),I,A,Annual,SPC_14_6_1,"Progress by countries in the degree of implementation of
            international instruments aiming to combat illegal, unreported and unregulated fishing
            (level of implementation: 1 lowest to 5 highest)",KI,Kiribati,_T,Total,_T,All ages,_T,National,_T,Total,_T,All education levels,_T,All occupations,_Z,Not applicable,_T,No breakdown by disability,2020,,1,,N,units,G,Global,C,Country Data,"FAO questionnaire on the implementation of the Code of Conduct for Responsible Fisheries - Country self-reporting ",,,,,
DATAFLOW,SPC:DF_BP50_6(1.0),Blue Pacific 2050: Ocean And Environment (Thematic Area 6),I,A,Annual,SPC_14_b_1,"Degree of application of a
            legal/regulatory/policy/institutional framework which recognizes and protects access
            rights for small-scale fisheries (level of implementation: 1 lowest to 5 highest)",TO,Tonga,_T,Total,_T,All ages,_T,National,_T,Total,_T,All education levels,_T,All occupations,_Z,Not applicable,_T,No breakdown by disability,2018,,2,,N,units,G,Global,C,Country Data,"Questionnaire on the implementation of the Code of Conduct for Responsible Fisheries - Country self-reporting ",,,,Level of implementation: 1 lowest to 5 highest,
DATAFLOW,SPC:DF_BP50_6(1.0),Blue Pacific 2050: Ocean And Environment (Thematic Area 6),I,A,Annual,SPC_14_b_1,"Degree of application of a
            legal/regulatory/policy/institutional framework which recognizes and protects access
            rights for small-scale fisheries (level of implementation: 1 lowest to 5 highest)",TO,Tonga,_T,Total,_T,All ages,_T,National,_T,Total,_T,All education levels,_T,All occupations,_Z,Not applicable,_T,No breakdown by disability,2019,,5,,N,units,G,Global,CA,Country Adjusted,Questionnaire on the implementation of the Code of Conduct for Responsible Fisheries - Country self-reporting. FAO.,,,,,
DATAFLOW,SPC:DF_BP50_6(1.0),Blue Pacific 2050: Ocean And Environment (Thematic Area 6),I,A,Annual,SPC_14_6_1,"Progress by countries in the degree of implementation of
            international instruments aiming to combat illegal, unreported and unregulated fishing
            (level of implementation: 1 lowest to 5 highest)",PF,French Polynesia,_T,Total,_T,All ages,_T,National,_T,Total,_T,All education levels,_T,All occupations,_Z,Not applicable,_T,No breakdown by disability,2018,,,,N,units,G,Global,_X,Not Available,"Questionnaire on the implementation of the Code of Conduct for Responsible Fisheries - Country self-reporting ",,O,Missing value,"Not FAO Member State;The figure is not available because the indicator-as defined for the global monitoring-does not apply to the circumstances of the specific country, and therefore is not reported",
DATAFLOW,SPC:DF_BP50_6(1.0),Blue Pacific 2050: Ocean And Environment (Thematic Area 6),I,A,Annual,SPC_14_6_1,"Progress by countries in the degree of implementation of
            international instruments aiming to combat illegal, unreported and unregulated fishing
            (level of implementation: 1 lowest to 5 highest)",TV,Tuvalu,_T,Total,_T,All ages,_T,National,_T,Total,_T,All education levels,_T,All occupations,_Z,Not applicable,_T,No breakdown by disability,2018,,,,N,units,G,Global,_X,Not Available,"Questionnaire on the implementation of the Code of Conduct for Responsible Fisheries - Country self-reporting ",,O,Missing value,"A figure was not provided, or the method by which the figure was calculated is unknown",
DATAFLOW,SPC:DF_BP50_6(1.0),Blue Pacific 2050: Ocean And Environment (Thematic Area 6),I,A,Annual,SPC_14_6_1,"Progress by countries in the degree of implementation of
            international instruments aiming to combat illegal, unreported and unregulated fishing
            (level of implementation: 1 lowest to 5 highest)",CK,Cook Islands,_T,Total,_T,All ages,_T,National,_T,Total,_T,All education levels,_T,All occupations,_Z,Not applicable,_T,No breakdown by disability,2018,,,,N,units,G,Global,_X,Not Available,"Questionnaire on the implementation of the Code of Conduct for Responsible Fisheries - Country self-reporting ",,O,Missing value,"A figure was not provided, or the method by which the figure was calculated is unknown",
DATAFLOW,SPC:DF_BP50_6(1.0),Blue Pacific 2050: Ocean And Environment (Thematic Area 6),I,A,Annual,ER_MRN_MARINKBA,Protected area coverage for marine (Key Biodiversity Area),NR,Nauru,_T,Total,_T,All ages,_T,National,_T,Total,_T,All education levels,_T,All occupations,_Z,Not applicable,_T,No breakdown by disability,2000,,0,,PERCENT,percent,G,Global,C,Country Data,"BirdLife International, IUCN and UNEP-WCMC (2019). Based on spatial overlap between polygons for Key Biodiversity Areas from the World Database of Key Biodiveristy Areas (www.keybiodiversityareas.org) and polygons for protected areas from the World Database on Protected Areas (www.protectedplanet.net)",,,,,
DATAFLOW,SPC:DF_BP50_6(1.0),Blue Pacific 2050: Ocean And Environment (Thematic Area 6),I,A,Annual,ER_MRN_MARINKBA,Protected area coverage for marine (Key Biodiversity Area),NR,Nauru,_T,Total,_T,All ages,_T,National,_T,Total,_T,All education levels,_T,All occupations,_Z,Not applicable,_T,No breakdown by disability,2001,,0,,PERCENT,percent,G,Global,C,Country Data,"BirdLife International, IUCN and UNEP-WCMC (2019). Based on spatial overlap between polygons for Key Biodiversity Areas from the World Database of Key Biodiveristy Areas (www.keybiodiversityareas.org) and polygons for protected areas from the World Database on Protected Areas (www.protectedplanet.net)",,,,,
DATAFLOW,SPC:DF_BP50_6(1.0),Blue Pacific 2050: Ocean And Environment (Thematic Area 6),I,A,Annual,ER_MRN_MARINKBA,Protected area coverage for marine (Key Biodiversity Area),NR,Nauru,_T,Total,_T,All ages,_T,National,_T,Total,_T,All education levels,_T,All occupations,_Z,Not applicable,_T,No breakdown by disability,2002,,0,,PERCENT,percent,G,Global,C,Country Data,"BirdLife International, IUCN and UNEP-WCMC (2019). Based on spatial overlap between polygons for Key Biodiversity Areas from the World Database of Key Biodiveristy Areas (www.keybiodiversityareas.org) and polygons for protected areas from the World Database on Protected Areas (www.protectedplanet.net)",,,,,
DATAFLOW,SPC:DF_BP50_6(1.0),Blue Pacific 2050: Ocean And Environment (Thematic Area 6),I,A,Annual,ER_MRN_MARINKBA,Protected area coverage for marine (Key Biodiversity Area),NR,Nauru,_T,Total,_T,All ages,_T,National,_T,Total,_T,All education levels,_T,All occupations,_Z,Not applicable,_T,No breakdown by disability,2003,,0,,PERCENT,percent,G,Global,C,Country Data,"BirdLife International, IUCN and UNEP-WCMC (2019). Based on spatial overlap between polygons for Key Biodiversity Areas from the World Database of Key Biodiveristy Areas (www.keybiodiversityareas.org) and polygons for protected areas from the World Database on Protected Areas (www.protectedplanet.net)",,,,,
DATAFLOW,SPC:DF_BP50_6(1.0),Blue Pacific 2050: Ocean And Environment (Thematic Area 6),I,A,Annual,ER_MRN_MARINKBA,Protected area coverage for marine (Key Biodiversity Area),NR,Nauru,_T,Total,_T,All ages,_T,National,_T,Total,_T,All education levels,_T,All occupations,_Z,Not applicable,_T,No breakdown by disability,2004,,0,,PERCENT,percent,G,Global,C,Country Data,"BirdLife International, IUCN and UNEP-WCMC (2019). Based on spatial overlap between polygons for Key Biodiversity Areas from the World Database of Key Biodiveristy Areas (www.keybiodiversityareas.org) and polygons for protected areas from the World Database on Protected Areas (www.protectedplanet.net)",,,,,
DATAFLOW,SPC:DF_BP50_6(1.0),Blue Pacific 2050: Ocean And Environment (Thematic Area 6),I,A,Annual,ER_MRN_MARINKBA,Protected area coverage for marine (Key Biodiversity Area),NR,Nauru,_T,Total,_T,All ages,_T,National,_T,Total,_T,All education levels,_T,All occupations,_Z,Not applicable,_T,No breakdown by disability,2005,,0,,PERCENT,percent,G,Global,C,Country Data,"BirdLife International, IUCN and UNEP-WCMC (2019). Based on spatial overlap between polygons for Key Biodiversity Areas from the World Database of Key Biodiveristy Areas (www.keybiodiversityareas.org) and polygons for protected areas from the World Database on Protected Areas (www.protectedplanet.net)",,,,,
DATAFLOW,SPC:DF_BP50_6(1.0),Blue Pacific 2050: Ocean And Environment (Thematic Area 6),I,A,Annual,ER_MRN_MARINKBA,Protected area coverage for marine (Key Biodiversity Area),NR,Nauru,_T,Total,_T,All ages,_T,National,_T,Total,_T,All education levels,_T,All occupations,_Z,Not applicable,_T,No breakdown by disability,2006,,0,,PERCENT,percent,G,Global,C,Country Data,"BirdLife International, IUCN and UNEP-WCMC (2019). Based on spatial overlap between polygons for Key Biodiversity Areas from the World Database of Key Biodiveristy Areas (www.keybiodiversityareas.org) and polygons for protected areas from the World Database on Protected Areas (www.protectedplanet.net)",,,,,
DATAFLOW,SPC:DF_BP50_6(1.0),Blue Pacific 2050: Ocean And Environment (Thematic Area 6),I,A,Annual,ER_MRN_MARINKBA,Protected area coverage for marine (Key Biodiversity Area),NR,Nauru,_T,Total,_T,All ages,_T,National,_T,Total,_T,All education levels,_T,All occupations,_Z,Not applicable,_T,No breakdown by disability,2007,,0,,PERCENT,percent,G,Global,C,Country Data,"BirdLife International, IUCN and UNEP-WCMC (2019). Based on spatial overlap between polygons for Key Biodiversity Areas from the World Database of Key Biodiveristy Areas (www.keybiodiversityareas.org) and polygons for protected areas from the World Database on Protected Areas (www.protectedplanet.net)",,,,,
DATAFLOW,SPC:DF_BP50_6(1.0),Blue Pacific 2050: Ocean And Environment (Thematic Area 6),I,A,Annual,ER_MRN_MARINKBA,Protected area coverage for marine (Key Biodiversity Area),NR,Nauru,_T,Total,_T,All ages,_T,National,_T,Total,_T,All education levels,_T,All occupations,_Z,Not applicable,_T,No breakdown by disability,2008,,0,,PERCENT,percent,G,Global,C,Country Data,"BirdLife International, IUCN and UNEP-WCMC (2019). Based on spatial overlap between polygons for Key Biodiversity Areas from the World Database of Key Biodiveristy Areas (www.keybiodiversityareas.org) and polygons for protected areas from the World Database on Protected Areas (www.protectedplanet.net)",,,,,
DATAFLOW,SPC:DF_BP50_6(1.0),Blue Pacific 2050: Ocean And Environment (Thematic Area 6),I,A,Annual,ER_MRN_MARINKBA,Protected area coverage for marine (Key Biodiversity Area),NR,Nauru,_T,Total,_T,All ages,_T,National,_T,Total,_T,All education levels,_T,All occupations,_Z,Not applicable,_T,No breakdown by disability,2009,,0,,PERCENT,percent,G,Global,C,Country Data,"BirdLife International, IUCN and UNEP-WCMC (2019). Based on spatial overlap between polygons for Key Biodiversity Areas from the World Database of Key Biodiveristy Areas (www.keybiodiversityareas.org) and polygons for protected areas from the World Database on Protected Areas (www.protectedplanet.net)",,,,,
DATAFLOW,SPC:DF_BP50_6(1.0),Blue Pacific 2050: Ocean And Environment (Thematic Area 6),I,A,Annual,ER_MRN_MARINKBA,Protected area coverage for marine (Key Biodiversity Area),NR,Nauru,_T,Total,_T,All ages,_T,National,_T,Total,_T,All education levels,_T,All occupations,_Z,Not applicable,_T,No breakdown by disability,2010,,0,,PERCENT,percent,G,Global,C,Country Data,"BirdLife International, IUCN and UNEP-WCMC (2019). Based on spatial overlap between polygons for Key Biodiversity Areas from the World Database of Key Biodiveristy Areas (www.keybiodiversityareas.org) and polygons for protected areas from the World Database on Protected Areas (www.protectedplanet.net)",,,,,
DATAFLOW,SPC:DF_BP50_6(1.0),Blue Pacific 2050: Ocean And Environment (Thematic Area 6),I,A,Annual,ER_MRN_MARINKBA,Protected area coverage for marine (Key Biodiversity Area),NR,Nauru,_T,Total,_T,All ages,_T,National,_T,Total,_T,All education levels,_T,All occupations,_Z,Not applicable,_T,No breakdown by disability,2011,,0,,PERCENT,percent,G,Global,C,Country Data,"BirdLife International, IUCN and UNEP-WCMC (2019). Based on spatial overlap between polygons for Key Biodiversity Areas from the World Database of Key Biodiveristy Areas (www.keybiodiversityareas.org) and polygons for protected areas from the World Database on Protected Areas (www.protectedplanet.net)",,,,,
DATAFLOW,SPC:DF_BP50_6(1.0),Blue Pacific 2050: Ocean And Environment (Thematic Area 6),I,A,Annual,ER_MRN_MARINKBA,Protected area coverage for marine (Key Biodiversity Area),NR,Nauru,_T,Total,_T,All ages,_T,National,_T,Total,_T,All education levels,_T,All occupations,_Z,Not applicable,_T,No breakdown by disability,2012,,0,,PERCENT,percent,G,Global,C,Country Data,"BirdLife International, IUCN and UNEP-WCMC (2019). Based on spatial overlap between polygons for Key Biodiversity Areas from the World Database of Key Biodiveristy Areas (www.keybiodiversityareas.org) and polygons for protected areas from the World Database on Protected Areas (www.protectedplanet.net)",,,,,
DATAFLOW,SPC:DF_BP50_6(1.0),Blue Pacific 2050: Ocean And Environment (Thematic Area 6),I,A,Annual,ER_MRN_MARINKBA,Protected area coverage for marine (Key Biodiversity Area),NR,Nauru,_T,Total,_T,All ages,_T,National,_T,Total,_T,All education levels,_T,All occupations,_Z,Not applicable,_T,No breakdown by disability,2013,,0,,PERCENT,percent,G,Global,C,Country Data,"BirdLife International, IUCN and UNEP-WCMC (2019). Based on spatial overlap between polygons for Key Biodiversity Areas from the World Database of Key Biodiveristy Areas (www.keybiodiversityareas.org) and polygons for protected areas from the World Database on Protected Areas (www.protectedplanet.net)",,,,,
DATAFLOW,SPC:DF_BP50_6(1.0),Blue Pacific 2050: Ocean And Environment (Thematic Area 6),I,A,Annual,ER_MRN_MARINKBA,Protected area coverage for marine (Key Biodiversity Area),NR,Nauru,_T,Total,_T,All ages,_T,National,_T,Total,_T,All education levels,_T,All occupations,_Z,Not applicable,_T,No breakdown by disability,2014,,0,,PERCENT,percent,G,Global,C,Country Data,"BirdLife International, IUCN and UNEP-WCMC (2019). Based on spatial overlap between polygons for Key Biodiversity Areas from the World Database of Key Biodiveristy Areas (www.keybiodiversityareas.org) and polygons for protected areas from the World Database on Protected Areas (www.protectedplanet.net)",,,,,
DATAFLOW,SPC:DF_BP50_6(1.0),Blue Pacific 2050: Ocean And Environment (Thematic Area 6),I,A,Annual,ER_MRN_MARINKBA,Protected area coverage for marine (Key Biodiversity Area),NR,Nauru,_T,Total,_T,All ages,_T,National,_T,Total,_T,All education levels,_T,All occupations,_Z,Not applicable,_T,No breakdown by disability,2015,,0,,PERCENT,percent,G,Global,C,Country Data,"BirdLife International, IUCN and UNEP-WCMC (2019). Based on spatial overlap between polygons for Key Biodiversity Areas from the World Database of Key Biodiveristy Areas (www.keybiodiversityareas.org) and polygons for protected areas from the World Database on Protected Areas (www.protectedplanet.net)",,,,,
DATAFLOW,SPC:DF_BP50_6(1.0),Blue Pacific 2050: Ocean And Environment (Thematic Area 6),I,A,Annual,ER_MRN_MARINKBA,Protected area coverage for marine (Key Biodiversity Area),NR,Nauru,_T,Total,_T,All ages,_T,National,_T,Total,_T,All education levels,_T,All occupations,_Z,Not applicable,_T,No breakdown by disability,2016,,0,,PERCENT,percent,G,Global,C,Country Data,"BirdLife International, IUCN and UNEP-WCMC (2019). Based on spatial overlap between polygons for Key Biodiversity Areas from the World Database of Key Biodiveristy Areas (www.keybiodiversityareas.org) and polygons for protected areas from the World Database on Protected Areas (www.protectedplanet.net)",,,,,
DATAFLOW,SPC:DF_BP50_6(1.0),Blue Pacific 2050: Ocean And Environment (Thematic Area 6),I,A,Annual,ER_MRN_MARINKBA,Protected area coverage for marine (Key Biodiversity Area),NR,Nauru,_T,Total,_T,All ages,_T,National,_T,Total,_T,All education levels,_T,All occupations,_Z,Not applicable,_T,No breakdown by disability,2017,,0,,PERCENT,percent,G,Global,C,Country Data,"BirdLife International, IUCN and UNEP-WCMC (2019). Based on spatial overlap between polygons for Key Biodiversity Areas from the World Database of Key Biodiveristy Areas (www.keybiodiversityareas.org) and polygons for protected areas from the World Database on Protected Areas (www.protectedplanet.net)",,,,,
DATAFLOW,SPC:DF_BP50_6(1.0),Blue Pacific 2050: Ocean And Environment (Thematic Area 6),I,A,Annual,ER_MRN_MARINKBA,Protected area coverage for marine (Key Biodiversity Area),NR,Nauru,_T,Total,_T,All ages,_T,National,_T,Total,_T,All education levels,_T,All occupations,_Z,Not applicable,_T,No breakdown by disability,2018,,0,,PERCENT,percent,G,Global,C,Country Data,"BirdLife International, IUCN and UNEP-WCMC (2019). Based on spatial overlap between polygons for Key Biodiversity Areas from the World Database of Key Biodiveristy Areas (www.keybiodiversityareas.org) and polygons for protected areas from the World Database on Protected Areas (www.protectedplanet.net)",,,,,
DATAFLOW,SPC:DF_BP50_6(1.0),Blue Pacific 2050: Ocean And Environment (Thematic Area 6),I,A,Annual,ER_MRN_MARINKBA,Protected area coverage for marine (Key Biodiversity Area),NR,Nauru,_T,Total,_T,All ages,_T,National,_T,Total,_T,All education levels,_T,All occupations,_Z,Not applicable,_T,No breakdown by disability,2019,,0,,PERCENT,percent,G,Global,C,Country Data,"BirdLife International, IUCN and UNEP-WCMC (2019). Based on spatial overlap between polygons for Key Biodiversity Areas from the World Database of Key Biodiveristy Areas (www.keybiodiversityareas.org) and polygons for protected areas from the World Database on Protected Areas (www.protectedplanet.net)",,,,,
DATAFLOW,SPC:DF_BP50_6(1.0),Blue Pacific 2050: Ocean And Environment (Thematic Area 6),I,A,Annual,SPC_14_2_1,"Proportion of national exclusive economic zones managed using
            ecosystem-based approaches",NC,New Caledonia,_T,Total,_T,All ages,_T,National,_T,Total,_T,All education levels,_T,All occupations,_Z,Not applicable,_T,No breakdown by disability,2018,,100,,PERCENT,percent,N,National,C,Country Data,Gouvernement de la Nouvelle-Calédonie,,,,,
DATAFLOW,SPC:DF_BP50_6(1.0),Blue Pacific 2050: Ocean And Environment (Thematic Area 6),I,A,Annual,SPC_14_6_1,"Progress by countries in the degree of implementation of
            international instruments aiming to combat illegal, unreported and unregulated fishing
            (level of implementation: 1 lowest to 5 highest)",PW,Palau,_T,Total,_T,All ages,_T,National,_T,Total,_T,All education levels,_T,All occupations,_Z,Not applicable,_T,No breakdown by disability,2018,,2,,N,units,G,Global,C,Country Data,"Questionnaire on the implementation of the Code of Conduct for Responsible Fisheries - Country self-reporting ",,,,Level of implementation: 1 lowest - 5 highest,
DATAFLOW,SPC:DF_BP50_6(1.0),Blue Pacific 2050: Ocean And Environment (Thematic Area 6),I,A,Annual,SPC_14_6_1,"Progress by countries in the degree of implementation of
            international instruments aiming to combat illegal, unreported and unregulated fishing
            (level of implementation: 1 lowest to 5 highest)",PW,Palau,_T,Total,_T,All ages,_T,National,_T,Total,_T,All education levels,_T,All occupations,_Z,Not applicable,_T,No breakdown by disability,2020,,1,,N,units,G,Global,C,Country Data,"FAO questionnaire on the implementation of the Code of Conduct for Responsible Fisheries - Country self-reporting ",,,,,
DATAFLOW,SPC:DF_BP50_6(1.0),Blue Pacific 2050: Ocean And Environment (Thematic Area 6),I,A,Annual,SPC_14_6_1,"Progress by countries in the degree of implementation of
            international instruments aiming to combat illegal, unreported and unregulated fishing
            (level of implementation: 1 lowest to 5 highest)",PW,Palau,_T,Total,_T,All ages,_T,National,_T,Total,_T,All education levels,_T,All occupations,_Z,Not applicable,_T,No breakdown by disability,2022,,4,,N,units,G,Global,C,Country Data,FAO: Questionnaire on the implementation of the Code of Conduct for Responsible Fisheries - Country self-reporting,,,,,
DATAFLOW,SPC:DF_BP50_6(1.0),Blue Pacific 2050: Ocean And Environment (Thematic Area 6),I,A,Annual,SPC_14_6_1,"Progress by countries in the degree of implementation of
            international instruments aiming to combat illegal, unreported and unregulated fishing
            (level of implementation: 1 lowest to 5 highest)",NC,New Caledonia,_T,Total,_T,All ages,_T,National,_T,Total,_T,All education levels,_T,All occupations,_Z,Not applicable,_T,No breakdown by disability,2018,,,,N,units,G,Global,_X,Not Available,"Questionnaire on the implementation of the Code of Conduct for Responsible Fisheries - Country self-reporting ",,O,Missing value,"Not FAO Member State;The figure is not available because the indicator-as defined for the global monitoring-does not apply to the circumstances of the specific country, and therefore is not reported",
DATAFLOW,SPC:DF_BP50_6(1.0),Blue Pacific 2050: Ocean And Environment (Thematic Area 6),I,A,Annual,SPC_14_6_1,"Progress by countries in the degree of implementation of
            international instruments aiming to combat illegal, unreported and unregulated fishing
            (level of implementation: 1 lowest to 5 highest)",PG,Papua New Guinea,_T,Total,_T,All ages,_T,National,_T,Total,_T,All education levels,_T,All occupations,_Z,Not applicable,_T,No breakdown by disability,2018,,,,N,units,G,Global,_X,Not Available,"Questionnaire on the implementation of the Code of Conduct for Responsible Fisheries - Country self-reporting ",,O,Missing value,"A figure was not provided, or the method by which the figure was calculated is unknown",
DATAFLOW,SPC:DF_BP50_6(1.0),Blue Pacific 2050: Ocean And Environment (Thematic Area 6),I,A,Annual,SPC_14_6_1,"Progress by countries in the degree of implementation of
            international instruments aiming to combat illegal, unreported and unregulated fishing
            (level of implementation: 1 lowest to 5 highest)",FJ,Fiji,_T,Total,_T,All ages,_T,National,_T,Total,_T,All education levels,_T,All occupations,_Z,Not applicable,_T,No breakdown by disability,2018,,5,,N,units,G,Global,C,Country Data,"Questionnaire on the implementation of the Code of Conduct for Responsible Fisheries - Country self-reporting ",,,,Level of implementation: 1 lowest - 5 highest,
DATAFLOW,SPC:DF_BP50_6(1.0),Blue Pacific 2050: Ocean And Environment (Thematic Area 6),I,A,Annual,SPC_14_6_1,"Progress by countries in the degree of implementation of
            international instruments aiming to combat illegal, unreported and unregulated fishing
            (level of implementation: 1 lowest to 5 highest)",TO,Tonga,_T,Total,_T,All ages,_T,National,_T,Total,_T,All education levels,_T,All occupations,_Z,Not applicable,_T,No breakdown by disability,2018,,3,,N,units,G,Global,C,Country Data,"Questionnaire on the implementation of the Code of Conduct for Responsible Fisheries - Country self-reporting ",,,,Level of implementation: 1 lowest - 5 highest,
DATAFLOW,SPC:DF_BP50_6(1.0),Blue Pacific 2050: Ocean And Environment (Thematic Area 6),I,A,Annual,SPC_14_b_1,"Degree of application of a
            legal/regulatory/policy/institutional framework which recognizes and protects access
            rights for small-scale fisheries (level of implementation: 1 lowest to 5 highest)",MH,Marshall Islands,_T,Total,_T,All ages,_T,National,_T,Total,_T,All education levels,_T,All occupations,_Z,Not applicable,_T,No breakdown by disability,2018,,,,N,units,G,Global,_X,Not Available,"Questionnaire on the implementation of the Code of Conduct for Responsible Fisheries - Country self-reporting ",,O,Missing value,"A figure was not provided, or the method by which the figure was calculated is unknown",
DATAFLOW,SPC:DF_BP50_6(1.0),Blue Pacific 2050: Ocean And Environment (Thematic Area 6),I,A,Annual,SPC_14_b_1,"Degree of application of a
            legal/regulatory/policy/institutional framework which recognizes and protects access
            rights for small-scale fisheries (level of implementation: 1 lowest to 5 highest)",MH,Marshall Islands,_T,Total,_T,All ages,_T,National,_T,Total,_T,All education levels,_T,All occupations,_Z,Not applicable,_T,No breakdown by disability,2022,,5,,N,units,G,Global,C,Country Data,FAO: Questionnaire on the implementation of the Code of Conduct for Responsible Fisheries - Country self-reporting,,,,,
DATAFLOW,SPC:DF_BP50_6(1.0),Blue Pacific 2050: Ocean And Environment (Thematic Area 6),I,A,Annual,ER_H2O_FWTL,"Proportion of fish stocks within biologically sustainable
            levels (not overexploited)",MH,Marshall Islands,_T,Total,_T,All ages,_T,National,_T,Total,_T,All education levels,_T,All occupations,_Z,Not applicable,_T,No breakdown by disability,2018,,100,,PERCENT,percent,G,Global,C,Country Data,FAO SDG14.4.1 questionnaire. Values were produced according to the SDG14.4.1 Metadata document.,,U,Low reliability,The indicator reported here is based on FAO SDG 14.4.1 questionnaire Field 222: Overfished (yes o). here using 3 stocks where 0% had an unknown stock status. The submitted data passed  level 1 but not level 2 Quality Assurance. thus the indicator is flagged with low reliability.,
DATAFLOW,SPC:DF_BP50_6(1.0),Blue Pacific 2050: Ocean And Environment (Thematic Area 6),I,A,Annual,SPC_14_b_1,"Degree of application of a
            legal/regulatory/policy/institutional framework which recognizes and protects access
            rights for small-scale fisheries (level of implementation: 1 lowest to 5 highest)",FM,Micronesia (Federated States of),_T,Total,_T,All ages,_T,National,_T,Total,_T,All education levels,_T,All occupations,_Z,Not applicable,_T,No breakdown by disability,2018,,,,N,units,G,Global,_X,Not Available,"Questionnaire on the implementation of the Code of Conduct for Responsible Fisheries - Country self-reporting ",,O,Missing value,"The figure is not available because the indicator-as defined for the global monitoring-does not apply to the circumstances of the specific country, and therefore is not reported",
DATAFLOW,SPC:DF_BP50_6(1.0),Blue Pacific 2050: Ocean And Environment (Thematic Area 6),I,A,Annual,SPC_14_2_1,"Proportion of national exclusive economic zones managed using
            ecosystem-based approaches",PW,Palau,_T,Total,_T,All ages,_T,National,_T,Total,_T,All education levels,_T,All occupations,_Z,Not applicable,_T,No breakdown by disability,2017,,80,,PERCENT,percent,N,National,C,Country Data,Palau Government,,,,,
DATAFLOW,SPC:DF_BP50_6(1.0),Blue Pacific 2050: Ocean And Environment (Thematic Area 6),I,A,Annual,ER_MRN_MARINKBA,Protected area coverage for marine (Key Biodiversity Area),TO,Tonga,_T,Total,_T,All ages,_T,National,_T,Total,_T,All education levels,_T,All occupations,_Z,Not applicable,_T,No breakdown by disability,2000,,9.11,,PERCENT,percent,G,Global,C,Country Data,"BirdLife International, IUCN and UNEP-WCMC (2019). Based on spatial overlap between polygons for Key Biodiversity Areas from the World Database of Key Biodiveristy Areas (www.keybiodiversityareas.org) and polygons for protected areas from the World Database on Protected Areas (www.protectedplanet.net)",,,,,
DATAFLOW,SPC:DF_BP50_6(1.0),Blue Pacific 2050: Ocean And Environment (Thematic Area 6),I,A,Annual,ER_MRN_MARINKBA,Protected area coverage for marine (Key Biodiversity Area),TO,Tonga,_T,Total,_T,All ages,_T,National,_T,Total,_T,All education levels,_T,All occupations,_Z,Not applicable,_T,No breakdown by disability,2001,,18.29,,PERCENT,percent,G,Global,C,Country Data,"BirdLife International, IUCN and UNEP-WCMC (2019). Based on spatial overlap between polygons for Key Biodiversity Areas from the World Database of Key Biodiveristy Areas (www.keybiodiversityareas.org) and polygons for protected areas from the World Database on Protected Areas (www.protectedplanet.net)",,,,,
DATAFLOW,SPC:DF_BP50_6(1.0),Blue Pacific 2050: Ocean And Environment (Thematic Area 6),I,A,Annual,ER_MRN_MARINKBA,Protected area coverage for marine (Key Biodiversity Area),TO,Tonga,_T,Total,_T,All ages,_T,National,_T,Total,_T,All education levels,_T,All occupations,_Z,Not applicable,_T,No breakdown by disability,2002,,18.29,,PERCENT,percent,G,Global,C,Country Data,"BirdLife International, IUCN and UNEP-WCMC (2019). Based on spatial overlap between polygons for Key Biodiversity Areas from the World Database of Key Biodiveristy Areas (www.keybiodiversityareas.org) and polygons for protected areas from the World Database on Protected Areas (www.protectedplanet.net)",,,,,
DATAFLOW,SPC:DF_BP50_6(1.0),Blue Pacific 2050: Ocean And Environment (Thematic Area 6),I,A,Annual,ER_MRN_MARINKBA,Protected area coverage for marine (Key Biodiversity Area),TO,Tonga,_T,Total,_T,All ages,_T,National,_T,Total,_T,All education levels,_T,All occupations,_Z,Not applicable,_T,No breakdown by disability,2003,,18.29,,PERCENT,percent,G,Global,C,Country Data,"BirdLife International, IUCN and UNEP-WCMC (2019). Based on spatial overlap between polygons for Key Biodiversity Areas from the World Database of Key Biodiveristy Areas (www.keybiodiversityareas.org) and polygons for protected areas from the World Database on Protected Areas (www.protectedplanet.net)",,,,,
DATAFLOW,SPC:DF_BP50_6(1.0),Blue Pacific 2050: Ocean And Environment (Thematic Area 6),I,A,Annual,ER_MRN_MARINKBA,Protected area coverage for marine (Key Biodiversity Area),TO,Tonga,_T,Total,_T,All ages,_T,National,_T,Total,_T,All education levels,_T,All occupations,_Z,Not applicable,_T,No breakdown by disability,2004,,18.29,,PERCENT,percent,G,Global,C,Country Data,"BirdLife International, IUCN and UNEP-WCMC (2019). Based on spatial overlap between polygons for Key Biodiversity Areas from the World Database of Key Biodiveristy Areas (www.keybiodiversityareas.org) and polygons for protected areas from the World Database on Protected Areas (www.protectedplanet.net)",,,,,
DATAFLOW,SPC:DF_BP50_6(1.0),Blue Pacific 2050: Ocean And Environment (Thematic Area 6),I,A,Annual,ER_MRN_MARINKBA,Protected area coverage for marine (Key Biodiversity Area),TO,Tonga,_T,Total,_T,All ages,_T,National,_T,Total,_T,All education levels,_T,All occupations,_Z,Not applicable,_T,No breakdown by disability,2005,,18.29,,PERCENT,percent,G,Global,C,Country Data,"BirdLife International, IUCN and UNEP-WCMC (2019). Based on spatial overlap between polygons for Key Biodiversity Areas from the World Database of Key Biodiveristy Areas (www.keybiodiversityareas.org) and polygons for protected areas from the World Database on Protected Areas (www.protectedplanet.net)",,,,,
DATAFLOW,SPC:DF_BP50_6(1.0),Blue Pacific 2050: Ocean And Environment (Thematic Area 6),I,A,Annual,ER_MRN_MARINKBA,Protected area coverage for marine (Key Biodiversity Area),TO,Tonga,_T,Total,_T,All ages,_T,National,_T,Total,_T,All education levels,_T,All occupations,_Z,Not applicable,_T,No breakdown by disability,2006,,18.29,,PERCENT,percent,G,Global,C,Country Data,"BirdLife International, IUCN and UNEP-WCMC (2019). Based on spatial overlap between polygons for Key Biodiversity Areas from the World Database of Key Biodiveristy Areas (www.keybiodiversityareas.org) and polygons for protected areas from the World Database on Protected Areas (www.protectedplanet.net)",,,,,
DATAFLOW,SPC:DF_BP50_6(1.0),Blue Pacific 2050: Ocean And Environment (Thematic Area 6),I,A,Annual,ER_MRN_MARINKBA,Protected area coverage for marine (Key Biodiversity Area),TO,Tonga,_T,Total,_T,All ages,_T,National,_T,Total,_T,All education levels,_T,All occupations,_Z,Not applicable,_T,No breakdown by disability,2007,,18.29,,PERCENT,percent,G,Global,C,Country Data,"BirdLife International, IUCN and UNEP-WCMC (2019). Based on spatial overlap between polygons for Key Biodiversity Areas from the World Database of Key Biodiveristy Areas (www.keybiodiversityareas.org) and polygons for protected areas from the World Database on Protected Areas (www.protectedplanet.net)",,,,,
DATAFLOW,SPC:DF_BP50_6(1.0),Blue Pacific 2050: Ocean And Environment (Thematic Area 6),I,A,Annual,ER_MRN_MARINKBA,Protected area coverage for marine (Key Biodiversity Area),TO,Tonga,_T,Total,_T,All ages,_T,National,_T,Total,_T,All education levels,_T,All occupations,_Z,Not applicable,_T,No breakdown by disability,2008,,19.17,,PERCENT,percent,G,Global,C,Country Data,"BirdLife International, IUCN and UNEP-WCMC (2019). Based on spatial overlap between polygons for Key Biodiversity Areas from the World Database of Key Biodiveristy Areas (www.keybiodiversityareas.org) and polygons for protected areas from the World Database on Protected Areas (www.protectedplanet.net)",,,,,
DATAFLOW,SPC:DF_BP50_6(1.0),Blue Pacific 2050: Ocean And Environment (Thematic Area 6),I,A,Annual,ER_MRN_MARINKBA,Protected area coverage for marine (Key Biodiversity Area),TO,Tonga,_T,Total,_T,All ages,_T,National,_T,Total,_T,All education levels,_T,All occupations,_Z,Not applicable,_T,No breakdown by disability,2009,,19.17,,PERCENT,percent,G,Global,C,Country Data,"BirdLife International, IUCN and UNEP-WCMC (2019). Based on spatial overlap between polygons for Key Biodiversity Areas from the World Database of Key Biodiveristy Areas (www.keybiodiversityareas.org) and polygons for protected areas from the World Database on Protected Areas (www.protectedplanet.net)",,,,,
DATAFLOW,SPC:DF_BP50_6(1.0),Blue Pacific 2050: Ocean And Environment (Thematic Area 6),I,A,Annual,ER_MRN_MARINKBA,Protected area coverage for marine (Key Biodiversity Area),TO,Tonga,_T,Total,_T,All ages,_T,National,_T,Total,_T,All education levels,_T,All occupations,_Z,Not applicable,_T,No breakdown by disability,2010,,19.17,,PERCENT,percent,G,Global,C,Country Data,"BirdLife International, IUCN and UNEP-WCMC (2019). Based on spatial overlap between polygons for Key Biodiversity Areas from the World Database of Key Biodiveristy Areas (www.keybiodiversityareas.org) and polygons for protected areas from the World Database on Protected Areas (www.protectedplanet.net)",,,,,
DATAFLOW,SPC:DF_BP50_6(1.0),Blue Pacific 2050: Ocean And Environment (Thematic Area 6),I,A,Annual,ER_MRN_MARINKBA,Protected area coverage for marine (Key Biodiversity Area),TO,Tonga,_T,Total,_T,All ages,_T,National,_T,Total,_T,All education levels,_T,All occupations,_Z,Not applicable,_T,No breakdown by disability,2011,,19.17,,PERCENT,percent,G,Global,C,Country Data,"BirdLife International, IUCN and UNEP-WCMC (2019). Based on spatial overlap between polygons for Key Biodiversity Areas from the World Database of Key Biodiveristy Areas (www.keybiodiversityareas.org) and polygons for protected areas from the World Database on Protected Areas (www.protectedplanet.net)",,,,,
DATAFLOW,SPC:DF_BP50_6(1.0),Blue Pacific 2050: Ocean And Environment (Thematic Area 6),I,A,Annual,ER_MRN_MARINKBA,Protected area coverage for marine (Key Biodiversity Area),TO,Tonga,_T,Total,_T,All ages,_T,National,_T,Total,_T,All education levels,_T,All occupations,_Z,Not applicable,_T,No breakdown by disability,2012,,19.17,,PERCENT,percent,G,Global,C,Country Data,"BirdLife International, IUCN and UNEP-WCMC (2019). Based on spatial overlap between polygons for Key Biodiversity Areas from the World Database of Key Biodiveristy Areas (www.keybiodiversityareas.org) and polygons for protected areas from the World Database on Protected Areas (www.protectedplanet.net)",,,,,
DATAFLOW,SPC:DF_BP50_6(1.0),Blue Pacific 2050: Ocean And Environment (Thematic Area 6),I,A,Annual,ER_MRN_MARINKBA,Protected area coverage for marine (Key Biodiversity Area),TO,Tonga,_T,Total,_T,All ages,_T,National,_T,Total,_T,All education levels,_T,All occupations,_Z,Not applicable,_T,No breakdown by disability,2013,,19.17,,PERCENT,percent,G,Global,C,Country Data,"BirdLife International, IUCN and UNEP-WCMC (2019). Based on spatial overlap between polygons for Key Biodiversity Areas from the World Database of Key Biodiveristy Areas (www.keybiodiversityareas.org) and polygons for protected areas from the World Database on Protected Areas (www.protectedplanet.net)",,,,,
DATAFLOW,SPC:DF_BP50_6(1.0),Blue Pacific 2050: Ocean And Environment (Thematic Area 6),I,A,Annual,ER_MRN_MARINKBA,Protected area coverage for marine (Key Biodiversity Area),TO,Tonga,_T,Total,_T,All ages,_T,National,_T,Total,_T,All education levels,_T,All occupations,_Z,Not applicable,_T,No breakdown by disability,2014,,19.17,,PERCENT,percent,G,Global,C,Country Data,"BirdLife International, IUCN and UNEP-WCMC (2019). Based on spatial overlap between polygons for Key Biodiversity Areas from the World Database of Key Biodiveristy Areas (www.keybiodiversityareas.org) and polygons for protected areas from the World Database on Protected Areas (www.protectedplanet.net)",,,,,
DATAFLOW,SPC:DF_BP50_6(1.0),Blue Pacific 2050: Ocean And Environment (Thematic Area 6),I,A,Annual,ER_MRN_MARINKBA,Protected area coverage for marine (Key Biodiversity Area),TO,Tonga,_T,Total,_T,All ages,_T,National,_T,Total,_T,All education levels,_T,All occupations,_Z,Not applicable,_T,No breakdown by disability,2015,,19.17,,PERCENT,percent,G,Global,C,Country Data,"BirdLife International, IUCN and UNEP-WCMC (2019). Based on spatial overlap between polygons for Key Biodiversity Areas from the World Database of Key Biodiveristy Areas (www.keybiodiversityareas.org) and polygons for protected areas from the World Database on Protected Areas (www.protectedplanet.net)",,,,,
DATAFLOW,SPC:DF_BP50_6(1.0),Blue Pacific 2050: Ocean And Environment (Thematic Area 6),I,A,Annual,ER_MRN_MARINKBA,Protected area coverage for marine (Key Biodiversity Area),TO,Tonga,_T,Total,_T,All ages,_T,National,_T,Total,_T,All education levels,_T,All occupations,_Z,Not applicable,_T,No breakdown by disability,2016,,19.17,,PERCENT,percent,G,Global,C,Country Data,"BirdLife International, IUCN and UNEP-WCMC (2019). Based on spatial overlap between polygons for Key Biodiversity Areas from the World Database of Key Biodiveristy Areas (www.keybiodiversityareas.org) and polygons for protected areas from the World Database on Protected Areas (www.protectedplanet.net)",,,,,
DATAFLOW,SPC:DF_BP50_6(1.0),Blue Pacific 2050: Ocean And Environment (Thematic Area 6),I,A,Annual,ER_MRN_MARINKBA,Protected area coverage for marine (Key Biodiversity Area),TO,Tonga,_T,Total,_T,All ages,_T,National,_T,Total,_T,All education levels,_T,All occupations,_Z,Not applicable,_T,No breakdown by disability,2017,,19.17,,PERCENT,percent,G,Global,C,Country Data,"BirdLife International, IUCN and UNEP-WCMC (2019). Based on spatial overlap between polygons for Key Biodiversity Areas from the World Database of Key Biodiveristy Areas (www.keybiodiversityareas.org) and polygons for protected areas from the World Database on Protected Areas (www.protectedplanet.net)",,,,,
DATAFLOW,SPC:DF_BP50_6(1.0),Blue Pacific 2050: Ocean And Environment (Thematic Area 6),I,A,Annual,ER_MRN_MARINKBA,Protected area coverage for marine (Key Biodiversity Area),TO,Tonga,_T,Total,_T,All ages,_T,National,_T,Total,_T,All education levels,_T,All occupations,_Z,Not applicable,_T,No breakdown by disability,2018,,19.17,,PERCENT,percent,G,Global,C,Country Data,"BirdLife International, IUCN and UNEP-WCMC (2019). Based on spatial overlap between polygons for Key Biodiversity Areas from the World Database of Key Biodiveristy Areas (www.keybiodiversityareas.org) and polygons for protected areas from the World Database on Protected Areas (www.protectedplanet.net)",,,,,
DATAFLOW,SPC:DF_BP50_6(1.0),Blue Pacific 2050: Ocean And Environment (Thematic Area 6),I,A,Annual,ER_MRN_MARINKBA,Protected area coverage for marine (Key Biodiversity Area),TO,Tonga,_T,Total,_T,All ages,_T,National,_T,Total,_T,All education levels,_T,All occupations,_Z,Not applicable,_T,No breakdown by disability,2019,,19.17,,PERCENT,percent,G,Global,C,Country Data,"BirdLife International, IUCN and UNEP-WCMC (2019). Based on spatial overlap between polygons for Key Biodiversity Areas from the World Database of Key Biodiveristy Areas (www.keybiodiversityareas.org) and polygons for protected areas from the World Database on Protected Areas (www.protectedplanet.net)",,,,,
DATAFLOW,SPC:DF_BP50_6(1.0),Blue Pacific 2050: Ocean And Environment (Thematic Area 6),I,A,Annual,SPC_14_6_1,"Progress by countries in the degree of implementation of
            international instruments aiming to combat illegal, unreported and unregulated fishing
            (level of implementation: 1 lowest to 5 highest)",NR,Nauru,_T,Total,_T,All ages,_T,National,_T,Total,_T,All education levels,_T,All occupations,_Z,Not applicable,_T,No breakdown by disability,2018,,,,N,units,G,Global,_X,Not Available,"Questionnaire on the implementation of the Code of Conduct for Responsible Fisheries - Country self-reporting ",,O,Missing value,"A figure was not provided, or the method by which the figure was calculated is unknown",
DATAFLOW,SPC:DF_BP50_6(1.0),Blue Pacific 2050: Ocean And Environment (Thematic Area 6),I,A,Annual,SPC_14_6_1,"Progress by countries in the degree of implementation of
            international instruments aiming to combat illegal, unreported and unregulated fishing
            (level of implementation: 1 lowest to 5 highest)",NR,Nauru,_T,Total,_T,All ages,_T,National,_T,Total,_T,All education levels,_T,All occupations,_Z,Not applicable,_T,No breakdown by disability,2020,,5,,N,units,G,Global,C,Country Data,"FAO questionnaire on the implementation of the Code of Conduct for Responsible Fisheries - Country self-reporting ",,,,,
DATAFLOW,SPC:DF_BP50_6(1.0),Blue Pacific 2050: Ocean And Environment (Thematic Area 6),I,A,Annual,SPC_14_6_1,"Progress by countries in the degree of implementation of
            international instruments aiming to combat illegal, unreported and unregulated fishing
            (level of implementation: 1 lowest to 5 highest)",NR,Nauru,_T,Total,_T,All ages,_T,National,_T,Total,_T,All education levels,_T,All occupations,_Z,Not applicable,_T,No breakdown by disability,2022,,3,,N,units,G,Global,C,Country Data,FAO: Questionnaire on the implementation of the Code of Conduct for Responsible Fisheries - Country self-reporting,,,,,
DATAFLOW,SPC:DF_BP50_6(1.0),Blue Pacific 2050: Ocean And Environment (Thematic Area 6),I,A,Annual,SPC_14_b_1,"Degree of application of a
            legal/regulatory/policy/institutional framework which recognizes and protects access
            rights for small-scale fisheries (level of implementation: 1 lowest to 5 highest)",PW,Palau,_T,Total,_T,All ages,_T,National,_T,Total,_T,All education levels,_T,All occupations,_Z,Not applicable,_T,No breakdown by disability,2018,,4,,N,units,G,Global,C,Country Data,"Questionnaire on the implementation of the Code of Conduct for Responsible Fisheries - Country self-reporting ",,,,Level of implementation: 1 lowest to 5 highest,
DATAFLOW,SPC:DF_BP50_6(1.0),Blue Pacific 2050: Ocean And Environment (Thematic Area 6),I,A,Annual,SPC_14_b_1,"Degree of application of a
            legal/regulatory/policy/institutional framework which recognizes and protects access
            rights for small-scale fisheries (level of implementation: 1 lowest to 5 highest)",PW,Palau,_T,Total,_T,All ages,_T,National,_T,Total,_T,All education levels,_T,All occupations,_Z,Not applicable,_T,No breakdown by disability,2019,,3,,N,units,G,Global,CA,Country Adjusted,Questionnaire on the implementation of the Code of Conduct for Responsible Fisheries - Country self-reporting. FAO.,,,,,
DATAFLOW,SPC:DF_BP50_6(1.0),Blue Pacific 2050: Ocean And Environment (Thematic Area 6),I,A,Annual,SPC_14_b_1,"Degree of application of a
            legal/regulatory/policy/institutional framework which recognizes and protects access
            rights for small-scale fisheries (level of implementation: 1 lowest to 5 highest)",PW,Palau,_T,Total,_T,All ages,_T,National,_T,Total,_T,All education levels,_T,All occupations,_Z,Not applicable,_T,No breakdown by disability,2022,,2,,N,units,G,Global,C,Country Data,FAO: Questionnaire on the implementation of the Code of Conduct for Responsible Fisheries - Country self-reporting,,,,,
DATAFLOW,SPC:DF_BP50_6(1.0),Blue Pacific 2050: Ocean And Environment (Thematic Area 6),I,A,Annual,SPC_14_6_1,"Progress by countries in the degree of implementation of
            international instruments aiming to combat illegal, unreported and unregulated fishing
            (level of implementation: 1 lowest to 5 highest)",NU,Niue,_T,Total,_T,All ages,_T,National,_T,Total,_T,All education levels,_T,All occupations,_Z,Not applicable,_T,No breakdown by disability,2018,,,,N,units,G,Global,_X,Not Available,"Questionnaire on the implementation of the Code of Conduct for Responsible Fisheries - Country self-reporting ",,O,Missing value,"A figure was not provided, or the method by which the figure was calculated is unknown",
DATAFLOW,SPC:DF_BP50_6(1.0),Blue Pacific 2050: Ocean And Environment (Thematic Area 6),I,A,Annual,ER_MRN_MARINKBA,Protected area coverage for marine (Key Biodiversity Area),VU,Vanuatu,_T,Total,_T,All ages,_T,National,_T,Total,_T,All education levels,_T,All occupations,_Z,Not applicable,_T,No breakdown by disability,2000,,3.14,,PERCENT,percent,G,Global,C,Country Data,"BirdLife International, IUCN and UNEP-WCMC (2019). Based on spatial overlap between polygons for Key Biodiversity Areas from the World Database of Key Biodiveristy Areas (www.keybiodiversityareas.org) and polygons for protected areas from the World Database on Protected Areas (www.protectedplanet.net)",,,,,
DATAFLOW,SPC:DF_BP50_6(1.0),Blue Pacific 2050: Ocean And Environment (Thematic Area 6),I,A,Annual,ER_MRN_MARINKBA,Protected area coverage for marine (Key Biodiversity Area),VU,Vanuatu,_T,Total,_T,All ages,_T,National,_T,Total,_T,All education levels,_T,All occupations,_Z,Not applicable,_T,No breakdown by disability,2001,,3.14,,PERCENT,percent,G,Global,C,Country Data,"BirdLife International, IUCN and UNEP-WCMC (2019). Based on spatial overlap between polygons for Key Biodiversity Areas from the World Database of Key Biodiveristy Areas (www.keybiodiversityareas.org) and polygons for protected areas from the World Database on Protected Areas (www.protectedplanet.net)",,,,,
DATAFLOW,SPC:DF_BP50_6(1.0),Blue Pacific 2050: Ocean And Environment (Thematic Area 6),I,A,Annual,ER_MRN_MARINKBA,Protected area coverage for marine (Key Biodiversity Area),VU,Vanuatu,_T,Total,_T,All ages,_T,National,_T,Total,_T,All education levels,_T,All occupations,_Z,Not applicable,_T,No breakdown by disability,2002,,3.14,,PERCENT,percent,G,Global,C,Country Data,"BirdLife International, IUCN and UNEP-WCMC (2019). Based on spatial overlap between polygons for Key Biodiversity Areas from the World Database of Key Biodiveristy Areas (www.keybiodiversityareas.org) and polygons for protected areas from the World Database on Protected Areas (www.protectedplanet.net)",,,,,
DATAFLOW,SPC:DF_BP50_6(1.0),Blue Pacific 2050: Ocean And Environment (Thematic Area 6),I,A,Annual,ER_MRN_MARINKBA,Protected area coverage for marine (Key Biodiversity Area),VU,Vanuatu,_T,Total,_T,All ages,_T,National,_T,Total,_T,All education levels,_T,All occupations,_Z,Not applicable,_T,No breakdown by disability,2003,,3.14,,PERCENT,percent,G,Global,C,Country Data,"BirdLife International, IUCN and UNEP-WCMC (2019). Based on spatial overlap between polygons for Key Biodiversity Areas from the World Database of Key Biodiveristy Areas (www.keybiodiversityareas.org) and polygons for protected areas from the World Database on Protected Areas (www.protectedplanet.net)",,,,,
DATAFLOW,SPC:DF_BP50_6(1.0),Blue Pacific 2050: Ocean And Environment (Thematic Area 6),I,A,Annual,ER_MRN_MARINKBA,Protected area coverage for marine (Key Biodiversity Area),VU,Vanuatu,_T,Total,_T,All ages,_T,National,_T,Total,_T,All education levels,_T,All occupations,_Z,Not applicable,_T,No breakdown by disability,2004,,3.14,,PERCENT,percent,G,Global,C,Country Data,"BirdLife International, IUCN and UNEP-WCMC (2019). Based on spatial overlap between polygons for Key Biodiversity Areas from the World Database of Key Biodiveristy Areas (www.keybiodiversityareas.org) and polygons for protected areas from the World Database on Protected Areas (www.protectedplanet.net)",,,,,
DATAFLOW,SPC:DF_BP50_6(1.0),Blue Pacific 2050: Ocean And Environment (Thematic Area 6),I,A,Annual,ER_MRN_MARINKBA,Protected area coverage for marine (Key Biodiversity Area),VU,Vanuatu,_T,Total,_T,All ages,_T,National,_T,Total,_T,All education levels,_T,All occupations,_Z,Not applicable,_T,No breakdown by disability,2005,,3.14,,PERCENT,percent,G,Global,C,Country Data,"BirdLife International, IUCN and UNEP-WCMC (2019). Based on spatial overlap between polygons for Key Biodiversity Areas from the World Database of Key Biodiveristy Areas (www.keybiodiversityareas.org) and polygons for protected areas from the World Database on Protected Areas (www.protectedplanet.net)",,,,,
DATAFLOW,SPC:DF_BP50_6(1.0),Blue Pacific 2050: Ocean And Environment (Thematic Area 6),I,A,Annual,ER_MRN_MARINKBA,Protected area coverage for marine (Key Biodiversity Area),VU,Vanuatu,_T,Total,_T,All ages,_T,National,_T,Total,_T,All education levels,_T,All occupations,_Z,Not applicable,_T,No breakdown by disability,2006,,3.14,,PERCENT,percent,G,Global,C,Country Data,"BirdLife International, IUCN and UNEP-WCMC (2019). Based on spatial overlap between polygons for Key Biodiversity Areas from the World Database of Key Biodiveristy Areas (www.keybiodiversityareas.org) and polygons for protected areas from the World Database on Protected Areas (www.protectedplanet.net)",,,,,
DATAFLOW,SPC:DF_BP50_6(1.0),Blue Pacific 2050: Ocean And Environment (Thematic Area 6),I,A,Annual,ER_MRN_MARINKBA,Protected area coverage for marine (Key Biodiversity Area),VU,Vanuatu,_T,Total,_T,All ages,_T,National,_T,Total,_T,All education levels,_T,All occupations,_Z,Not applicable,_T,No breakdown by disability,2007,,3.14,,PERCENT,percent,G,Global,C,Country Data,"BirdLife International, IUCN and UNEP-WCMC (2019). Based on spatial overlap between polygons for Key Biodiversity Areas from the World Database of Key Biodiveristy Areas (www.keybiodiversityareas.org) and polygons for protected areas from the World Database on Protected Areas (www.protectedplanet.net)",,,,,
DATAFLOW,SPC:DF_BP50_6(1.0),Blue Pacific 2050: Ocean And Environment (Thematic Area 6),I,A,Annual,ER_MRN_MARINKBA,Protected area coverage for marine (Key Biodiversity Area),VU,Vanuatu,_T,Total,_T,All ages,_T,National,_T,Total,_T,All education levels,_T,All occupations,_Z,Not applicable,_T,No breakdown by disability,2008,,3.14,,PERCENT,percent,G,Global,C,Country Data,"BirdLife International, IUCN and UNEP-WCMC (2019). Based on spatial overlap between polygons for Key Biodiversity Areas from the World Database of Key Biodiveristy Areas (www.keybiodiversityareas.org) and polygons for protected areas from the World Database on Protected Areas (www.protectedplanet.net)",,,,,
DATAFLOW,SPC:DF_BP50_6(1.0),Blue Pacific 2050: Ocean And Environment (Thematic Area 6),I,A,Annual,ER_MRN_MARINKBA,Protected area coverage for marine (Key Biodiversity Area),VU,Vanuatu,_T,Total,_T,All ages,_T,National,_T,Total,_T,All education levels,_T,All occupations,_Z,Not applicable,_T,No breakdown by disability,2009,,3.14,,PERCENT,percent,G,Global,C,Country Data,"BirdLife International, IUCN and UNEP-WCMC (2019). Based on spatial overlap between polygons for Key Biodiversity Areas from the World Database of Key Biodiveristy Areas (www.keybiodiversityareas.org) and polygons for protected areas from the World Database on Protected Areas (www.protectedplanet.net)",,,,,
DATAFLOW,SPC:DF_BP50_6(1.0),Blue Pacific 2050: Ocean And Environment (Thematic Area 6),I,A,Annual,ER_MRN_MARINKBA,Protected area coverage for marine (Key Biodiversity Area),VU,Vanuatu,_T,Total,_T,All ages,_T,National,_T,Total,_T,All education levels,_T,All occupations,_Z,Not applicable,_T,No breakdown by disability,2010,,3.14,,PERCENT,percent,G,Global,C,Country Data,"BirdLife International, IUCN and UNEP-WCMC (2019). Based on spatial overlap between polygons for Key Biodiversity Areas from the World Database of Key Biodiveristy Areas (www.keybiodiversityareas.org) and polygons for protected areas from the World Database on Protected Areas (www.protectedplanet.net)",,,,,
DATAFLOW,SPC:DF_BP50_6(1.0),Blue Pacific 2050: Ocean And Environment (Thematic Area 6),I,A,Annual,ER_MRN_MARINKBA,Protected area coverage for marine (Key Biodiversity Area),VU,Vanuatu,_T,Total,_T,All ages,_T,National,_T,Total,_T,All education levels,_T,All occupations,_Z,Not applicable,_T,No breakdown by disability,2011,,3.14,,PERCENT,percent,G,Global,C,Country Data,"BirdLife International, IUCN and UNEP-WCMC (2019). Based on spatial overlap between polygons for Key Biodiversity Areas from the World Database of Key Biodiveristy Areas (www.keybiodiversityareas.org) and polygons for protected areas from the World Database on Protected Areas (www.protectedplanet.net)",,,,,
DATAFLOW,SPC:DF_BP50_6(1.0),Blue Pacific 2050: Ocean And Environment (Thematic Area 6),I,A,Annual,ER_MRN_MARINKBA,Protected area coverage for marine (Key Biodiversity Area),VU,Vanuatu,_T,Total,_T,All ages,_T,National,_T,Total,_T,All education levels,_T,All occupations,_Z,Not applicable,_T,No breakdown by disability,2012,,3.14,,PERCENT,percent,G,Global,C,Country Data,"BirdLife International, IUCN and UNEP-WCMC (2019). Based on spatial overlap between polygons for Key Biodiversity Areas from the World Database of Key Biodiveristy Areas (www.keybiodiversityareas.org) and polygons for protected areas from the World Database on Protected Areas (www.protectedplanet.net)",,,,,
DATAFLOW,SPC:DF_BP50_6(1.0),Blue Pacific 2050: Ocean And Environment (Thematic Area 6),I,A,Annual,ER_MRN_MARINKBA,Protected area coverage for marine (Key Biodiversity Area),VU,Vanuatu,_T,Total,_T,All ages,_T,National,_T,Total,_T,All education levels,_T,All occupations,_Z,Not applicable,_T,No breakdown by disability,2013,,3.14,,PERCENT,percent,G,Global,C,Country Data,"BirdLife International, IUCN and UNEP-WCMC (2019). Based on spatial overlap between polygons for Key Biodiversity Areas from the World Database of Key Biodiveristy Areas (www.keybiodiversityareas.org) and polygons for protected areas from the World Database on Protected Areas (www.protectedplanet.net)",,,,,
DATAFLOW,SPC:DF_BP50_6(1.0),Blue Pacific 2050: Ocean And Environment (Thematic Area 6),I,A,Annual,ER_MRN_MARINKBA,Protected area coverage for marine (Key Biodiversity Area),VU,Vanuatu,_T,Total,_T,All ages,_T,National,_T,Total,_T,All education levels,_T,All occupations,_Z,Not applicable,_T,No breakdown by disability,2014,,3.14,,PERCENT,percent,G,Global,C,Country Data,"BirdLife International, IUCN and UNEP-WCMC (2019). Based on spatial overlap between polygons for Key Biodiversity Areas from the World Database of Key Biodiveristy Areas (www.keybiodiversityareas.org) and polygons for protected areas from the World Database on Protected Areas (www.protectedplanet.net)",,,,,
DATAFLOW,SPC:DF_BP50_6(1.0),Blue Pacific 2050: Ocean And Environment (Thematic Area 6),I,A,Annual,ER_MRN_MARINKBA,Protected area coverage for marine (Key Biodiversity Area),VU,Vanuatu,_T,Total,_T,All ages,_T,National,_T,Total,_T,All education levels,_T,All occupations,_Z,Not applicable,_T,No breakdown by disability,2015,,3.14,,PERCENT,percent,G,Global,C,Country Data,"BirdLife International, IUCN and UNEP-WCMC (2019). Based on spatial overlap between polygons for Key Biodiversity Areas from the World Database of Key Biodiveristy Areas (www.keybiodiversityareas.org) and polygons for protected areas from the World Database on Protected Areas (www.protectedplanet.net)",,,,,
DATAFLOW,SPC:DF_BP50_6(1.0),Blue Pacific 2050: Ocean And Environment (Thematic Area 6),I,A,Annual,ER_MRN_MARINKBA,Protected area coverage for marine (Key Biodiversity Area),VU,Vanuatu,_T,Total,_T,All ages,_T,National,_T,Total,_T,All education levels,_T,All occupations,_Z,Not applicable,_T,No breakdown by disability,2016,,3.14,,PERCENT,percent,G,Global,C,Country Data,"BirdLife International, IUCN and UNEP-WCMC (2019). Based on spatial overlap between polygons for Key Biodiversity Areas from the World Database of Key Biodiveristy Areas (www.keybiodiversityareas.org) and polygons for protected areas from the World Database on Protected Areas (www.protectedplanet.net)",,,,,
DATAFLOW,SPC:DF_BP50_6(1.0),Blue Pacific 2050: Ocean And Environment (Thematic Area 6),I,A,Annual,ER_MRN_MARINKBA,Protected area coverage for marine (Key Biodiversity Area),VU,Vanuatu,_T,Total,_T,All ages,_T,National,_T,Total,_T,All education levels,_T,All occupations,_Z,Not applicable,_T,No breakdown by disability,2017,,3.14,,PERCENT,percent,G,Global,C,Country Data,"BirdLife International, IUCN and UNEP-WCMC (2019). Based on spatial overlap between polygons for Key Biodiversity Areas from the World Database of Key Biodiveristy Areas (www.keybiodiversityareas.org) and polygons for protected areas from the World Database on Protected Areas (www.protectedplanet.net)",,,,,
DATAFLOW,SPC:DF_BP50_6(1.0),Blue Pacific 2050: Ocean And Environment (Thematic Area 6),I,A,Annual,ER_MRN_MARINKBA,Protected area coverage for marine (Key Biodiversity Area),VU,Vanuatu,_T,Total,_T,All ages,_T,National,_T,Total,_T,All education levels,_T,All occupations,_Z,Not applicable,_T,No breakdown by disability,2018,,3.14,,PERCENT,percent,G,Global,C,Country Data,"BirdLife International, IUCN and UNEP-WCMC (2019). Based on spatial overlap between polygons for Key Biodiversity Areas from the World Database of Key Biodiveristy Areas (www.keybiodiversityareas.org) and polygons for protected areas from the World Database on Protected Areas (www.protectedplanet.net)",,,,,
DATAFLOW,SPC:DF_BP50_6(1.0),Blue Pacific 2050: Ocean And Environment (Thematic Area 6),I,A,Annual,ER_MRN_MARINKBA,Protected area coverage for marine (Key Biodiversity Area),VU,Vanuatu,_T,Total,_T,All ages,_T,National,_T,Total,_T,All education levels,_T,All occupations,_Z,Not applicable,_T,No breakdown by disability,2019,,3.14,,PERCENT,percent,G,Global,C,Country Data,"BirdLife International, IUCN and UNEP-WCMC (2019). Based on spatial overlap between polygons for Key Biodiversity Areas from the World Database of Key Biodiveristy Areas (www.keybiodiversityareas.org) and polygons for protected areas from the World Database on Protected Areas (www.protectedplanet.net)",,,,,
DATAFLOW,SPC:DF_BP50_6(1.0),Blue Pacific 2050: Ocean And Environment (Thematic Area 6),I,A,Annual,ER_MRN_MARINKBA,Protected area coverage for marine (Key Biodiversity Area),NC,New Caledonia,_T,Total,_T,All ages,_T,National,_T,Total,_T,All education levels,_T,All occupations,_Z,Not applicable,_T,No breakdown by disability,2000,,5.98,,PERCENT,percent,G,Global,C,Country Data,"BirdLife International, IUCN and UNEP-WCMC (2019). Based on spatial overlap between polygons for Key Biodiversity Areas from the World Database of Key Biodiveristy Areas (www.keybiodiversityareas.org) and polygons for protected areas from the World Database on Protected Areas (www.protectedplanet.net)",,,,,
DATAFLOW,SPC:DF_BP50_6(1.0),Blue Pacific 2050: Ocean And Environment (Thematic Area 6),I,A,Annual,ER_MRN_MARINKBA,Protected area coverage for marine (Key Biodiversity Area),NC,New Caledonia,_T,Total,_T,All ages,_T,National,_T,Total,_T,All education levels,_T,All occupations,_Z,Not applicable,_T,No breakdown by disability,2001,,5.98,,PERCENT,percent,G,Global,C,Country Data,"BirdLife International, IUCN and UNEP-WCMC (2019). Based on spatial overlap between polygons for Key Biodiversity Areas from the World Database of Key Biodiveristy Areas (www.keybiodiversityareas.org) and polygons for protected areas from the World Database on Protected Areas (www.protectedplanet.net)",,,,,
DATAFLOW,SPC:DF_BP50_6(1.0),Blue Pacific 2050: Ocean And Environment (Thematic Area 6),I,A,Annual,ER_MRN_MARINKBA,Protected area coverage for marine (Key Biodiversity Area),NC,New Caledonia,_T,Total,_T,All ages,_T,National,_T,Total,_T,All education levels,_T,All occupations,_Z,Not applicable,_T,No breakdown by disability,2002,,5.98,,PERCENT,percent,G,Global,C,Country Data,"BirdLife International, IUCN and UNEP-WCMC (2019). Based on spatial overlap between polygons for Key Biodiversity Areas from the World Database of Key Biodiveristy Areas (www.keybiodiversityareas.org) and polygons for protected areas from the World Database on Protected Areas (www.protectedplanet.net)",,,,,
DATAFLOW,SPC:DF_BP50_6(1.0),Blue Pacific 2050: Ocean And Environment (Thematic Area 6),I,A,Annual,ER_MRN_MARINKBA,Protected area coverage for marine (Key Biodiversity Area),NC,New Caledonia,_T,Total,_T,All ages,_T,National,_T,Total,_T,All education levels,_T,All occupations,_Z,Not applicable,_T,No breakdown by disability,2003,,5.98,,PERCENT,percent,G,Global,C,Country Data,"BirdLife International, IUCN and UNEP-WCMC (2019). Based on spatial overlap between polygons for Key Biodiversity Areas from the World Database of Key Biodiveristy Areas (www.keybiodiversityareas.org) and polygons for protected areas from the World Database on Protected Areas (www.protectedplanet.net)",,,,,
DATAFLOW,SPC:DF_BP50_6(1.0),Blue Pacific 2050: Ocean And Environment (Thematic Area 6),I,A,Annual,ER_MRN_MARINKBA,Protected area coverage for marine (Key Biodiversity Area),NC,New Caledonia,_T,Total,_T,All ages,_T,National,_T,Total,_T,All education levels,_T,All occupations,_Z,Not applicable,_T,No breakdown by disability,2004,,5.98,,PERCENT,percent,G,Global,C,Country Data,"BirdLife International, IUCN and UNEP-WCMC (2019). Based on spatial overlap between polygons for Key Biodiversity Areas from the World Database of Key Biodiveristy Areas (www.keybiodiversityareas.org) and polygons for protected areas from the World Database on Protected Areas (www.protectedplanet.net)",,,,,
DATAFLOW,SPC:DF_BP50_6(1.0),Blue Pacific 2050: Ocean And Environment (Thematic Area 6),I,A,Annual,ER_MRN_MARINKBA,Protected area coverage for marine (Key Biodiversity Area),NC,New Caledonia,_T,Total,_T,All ages,_T,National,_T,Total,_T,All education levels,_T,All occupations,_Z,Not applicable,_T,No breakdown by disability,2005,,5.98,,PERCENT,percent,G,Global,C,Country Data,"BirdLife International, IUCN and UNEP-WCMC (2019). Based on spatial overlap between polygons for Key Biodiversity Areas from the World Database of Key Biodiveristy Areas (www.keybiodiversityareas.org) and polygons for protected areas from the World Database on Protected Areas (www.protectedplanet.net)",,,,,
DATAFLOW,SPC:DF_BP50_6(1.0),Blue Pacific 2050: Ocean And Environment (Thematic Area 6),I,A,Annual,ER_MRN_MARINKBA,Protected area coverage for marine (Key Biodiversity Area),NC,New Caledonia,_T,Total,_T,All ages,_T,National,_T,Total,_T,All education levels,_T,All occupations,_Z,Not applicable,_T,No breakdown by disability,2006,,5.98,,PERCENT,percent,G,Global,C,Country Data,"BirdLife International, IUCN and UNEP-WCMC (2019). Based on spatial overlap between polygons for Key Biodiversity Areas from the World Database of Key Biodiveristy Areas (www.keybiodiversityareas.org) and polygons for protected areas from the World Database on Protected Areas (www.protectedplanet.net)",,,,,
DATAFLOW,SPC:DF_BP50_6(1.0),Blue Pacific 2050: Ocean And Environment (Thematic Area 6),I,A,Annual,ER_MRN_MARINKBA,Protected area coverage for marine (Key Biodiversity Area),NC,New Caledonia,_T,Total,_T,All ages,_T,National,_T,Total,_T,All education levels,_T,All occupations,_Z,Not applicable,_T,No breakdown by disability,2007,,5.98,,PERCENT,percent,G,Global,C,Country Data,"BirdLife International, IUCN and UNEP-WCMC (2019). Based on spatial overlap between polygons for Key Biodiversity Areas from the World Database of Key Biodiveristy Areas (www.keybiodiversityareas.org) and polygons for protected areas from the World Database on Protected Areas (www.protectedplanet.net)",,,,,
DATAFLOW,SPC:DF_BP50_6(1.0),Blue Pacific 2050: Ocean And Environment (Thematic Area 6),I,A,Annual,ER_MRN_MARINKBA,Protected area coverage for marine (Key Biodiversity Area),NC,New Caledonia,_T,Total,_T,All ages,_T,National,_T,Total,_T,All education levels,_T,All occupations,_Z,Not applicable,_T,No breakdown by disability,2008,,21.41,,PERCENT,percent,G,Global,C,Country Data,"BirdLife International, IUCN and UNEP-WCMC (2019). Based on spatial overlap between polygons for Key Biodiversity Areas from the World Database of Key Biodiveristy Areas (www.keybiodiversityareas.org) and polygons for protected areas from the World Database on Protected Areas (www.protectedplanet.net)",,,,,
DATAFLOW,SPC:DF_BP50_6(1.0),Blue Pacific 2050: Ocean And Environment (Thematic Area 6),I,A,Annual,ER_MRN_MARINKBA,Protected area coverage for marine (Key Biodiversity Area),NC,New Caledonia,_T,Total,_T,All ages,_T,National,_T,Total,_T,All education levels,_T,All occupations,_Z,Not applicable,_T,No breakdown by disability,2009,,25.92,,PERCENT,percent,G,Global,C,Country Data,"BirdLife International, IUCN and UNEP-WCMC (2019). Based on spatial overlap between polygons for Key Biodiversity Areas from the World Database of Key Biodiveristy Areas (www.keybiodiversityareas.org) and polygons for protected areas from the World Database on Protected Areas (www.protectedplanet.net)",,,,,
DATAFLOW,SPC:DF_BP50_6(1.0),Blue Pacific 2050: Ocean And Environment (Thematic Area 6),I,A,Annual,ER_MRN_MARINKBA,Protected area coverage for marine (Key Biodiversity Area),NC,New Caledonia,_T,Total,_T,All ages,_T,National,_T,Total,_T,All education levels,_T,All occupations,_Z,Not applicable,_T,No breakdown by disability,2010,,25.92,,PERCENT,percent,G,Global,C,Country Data,"BirdLife International, IUCN and UNEP-WCMC (2019). Based on spatial overlap between polygons for Key Biodiversity Areas from the World Database of Key Biodiveristy Areas (www.keybiodiversityareas.org) and polygons for protected areas from the World Database on Protected Areas (www.protectedplanet.net)",,,,,
DATAFLOW,SPC:DF_BP50_6(1.0),Blue Pacific 2050: Ocean And Environment (Thematic Area 6),I,A,Annual,ER_MRN_MARINKBA,Protected area coverage for marine (Key Biodiversity Area),NC,New Caledonia,_T,Total,_T,All ages,_T,National,_T,Total,_T,All education levels,_T,All occupations,_Z,Not applicable,_T,No breakdown by disability,2011,,25.92,,PERCENT,percent,G,Global,C,Country Data,"BirdLife International, IUCN and UNEP-WCMC (2019). Based on spatial overlap between polygons for Key Biodiversity Areas from the World Database of Key Biodiveristy Areas (www.keybiodiversityareas.org) and polygons for protected areas from the World Database on Protected Areas (www.protectedplanet.net)",,,,,
DATAFLOW,SPC:DF_BP50_6(1.0),Blue Pacific 2050: Ocean And Environment (Thematic Area 6),I,A,Annual,ER_MRN_MARINKBA,Protected area coverage for marine (Key Biodiversity Area),NC,New Caledonia,_T,Total,_T,All ages,_T,National,_T,Total,_T,All education levels,_T,All occupations,_Z,Not applicable,_T,No breakdown by disability,2012,,25.92,,PERCENT,percent,G,Global,C,Country Data,"BirdLife International, IUCN and UNEP-WCMC (2019). Based on spatial overlap between polygons for Key Biodiversity Areas from the World Database of Key Biodiveristy Areas (www.keybiodiversityareas.org) and polygons for protected areas from the World Database on Protected Areas (www.protectedplanet.net)",,,,,
DATAFLOW,SPC:DF_BP50_6(1.0),Blue Pacific 2050: Ocean And Environment (Thematic Area 6),I,A,Annual,ER_MRN_MARINKBA,Protected area coverage for marine (Key Biodiversity Area),NC,New Caledonia,_T,Total,_T,All ages,_T,National,_T,Total,_T,All education levels,_T,All occupations,_Z,Not applicable,_T,No breakdown by disability,2013,,26.31,,PERCENT,percent,G,Global,C,Country Data,"BirdLife International, IUCN and UNEP-WCMC (2019). Based on spatial overlap between polygons for Key Biodiversity Areas from the World Database of Key Biodiveristy Areas (www.keybiodiversityareas.org) and polygons for protected areas from the World Database on Protected Areas (www.protectedplanet.net)",,,,,
DATAFLOW,SPC:DF_BP50_6(1.0),Blue Pacific 2050: Ocean And Environment (Thematic Area 6),I,A,Annual,ER_MRN_MARINKBA,Protected area coverage for marine (Key Biodiversity Area),NC,New Caledonia,_T,Total,_T,All ages,_T,National,_T,Total,_T,All education levels,_T,All occupations,_Z,Not applicable,_T,No breakdown by disability,2014,,56.4,,PERCENT,percent,G,Global,C,Country Data,"BirdLife International, IUCN and UNEP-WCMC (2019). Based on spatial overlap between polygons for Key Biodiversity Areas from the World Database of Key Biodiveristy Areas (www.keybiodiversityareas.org) and polygons for protected areas from the World Database on Protected Areas (www.protectedplanet.net)",,,,,
DATAFLOW,SPC:DF_BP50_6(1.0),Blue Pacific 2050: Ocean And Environment (Thematic Area 6),I,A,Annual,ER_MRN_MARINKBA,Protected area coverage for marine (Key Biodiversity Area),NC,New Caledonia,_T,Total,_T,All ages,_T,National,_T,Total,_T,All education levels,_T,All occupations,_Z,Not applicable,_T,No breakdown by disability,2015,,56.4,,PERCENT,percent,G,Global,C,Country Data,"BirdLife International, IUCN and UNEP-WCMC (2019). Based on spatial overlap between polygons for Key Biodiversity Areas from the World Database of Key Biodiveristy Areas (www.keybiodiversityareas.org) and polygons for protected areas from the World Database on Protected Areas (www.protectedplanet.net)",,,,,
DATAFLOW,SPC:DF_BP50_6(1.0),Blue Pacific 2050: Ocean And Environment (Thematic Area 6),I,A,Annual,ER_MRN_MARINKBA,Protected area coverage for marine (Key Biodiversity Area),NC,New Caledonia,_T,Total,_T,All ages,_T,National,_T,Total,_T,All education levels,_T,All occupations,_Z,Not applicable,_T,No breakdown by disability,2016,,56.4,,PERCENT,percent,G,Global,C,Country Data,"BirdLife International, IUCN and UNEP-WCMC (2019). Based on spatial overlap between polygons for Key Biodiversity Areas from the World Database of Key Biodiveristy Areas (www.keybiodiversityareas.org) and polygons for protected areas from the World Database on Protected Areas (www.protectedplanet.net)",,,,,
DATAFLOW,SPC:DF_BP50_6(1.0),Blue Pacific 2050: Ocean And Environment (Thematic Area 6),I,A,Annual,ER_MRN_MARINKBA,Protected area coverage for marine (Key Biodiversity Area),NC,New Caledonia,_T,Total,_T,All ages,_T,National,_T,Total,_T,All education levels,_T,All occupations,_Z,Not applicable,_T,No breakdown by disability,2017,,56.4,,PERCENT,percent,G,Global,C,Country Data,"BirdLife International, IUCN and UNEP-WCMC (2019). Based on spatial overlap between polygons for Key Biodiversity Areas from the World Database of Key Biodiveristy Areas (www.keybiodiversityareas.org) and polygons for protected areas from the World Database on Protected Areas (www.protectedplanet.net)",,,,,
DATAFLOW,SPC:DF_BP50_6(1.0),Blue Pacific 2050: Ocean And Environment (Thematic Area 6),I,A,Annual,ER_MRN_MARINKBA,Protected area coverage for marine (Key Biodiversity Area),NC,New Caledonia,_T,Total,_T,All ages,_T,National,_T,Total,_T,All education levels,_T,All occupations,_Z,Not applicable,_T,No breakdown by disability,2018,,56.4,,PERCENT,percent,G,Global,C,Country Data,"BirdLife International, IUCN and UNEP-WCMC (2019). Based on spatial overlap between polygons for Key Biodiversity Areas from the World Database of Key Biodiveristy Areas (www.keybiodiversityareas.org) and polygons for protected areas from the World Database on Protected Areas (www.protectedplanet.net)",,,,,
DATAFLOW,SPC:DF_BP50_6(1.0),Blue Pacific 2050: Ocean And Environment (Thematic Area 6),I,A,Annual,ER_MRN_MARINKBA,Protected area coverage for marine (Key Biodiversity Area),NC,New Caledonia,_T,Total,_T,All ages,_T,National,_T,Total,_T,All education levels,_T,All occupations,_Z,Not applicable,_T,No breakdown by disability,2019,,56.4,,PERCENT,percent,G,Global,C,Country Data,"BirdLife International, IUCN and UNEP-WCMC (2019). Based on spatial overlap between polygons for Key Biodiversity Areas from the World Database of Key Biodiveristy Areas (www.keybiodiversityareas.org) and polygons for protected areas from the World Database on Protected Areas (www.protectedplanet.net)",,,,,
DATAFLOW,SPC:DF_BP50_6(1.0),Blue Pacific 2050: Ocean And Environment (Thematic Area 6),I,A,Annual,SPC_14_6_1,"Progress by countries in the degree of implementation of
            international instruments aiming to combat illegal, unreported and unregulated fishing
            (level of implementation: 1 lowest to 5 highest)",WS,Samoa,_T,Total,_T,All ages,_T,National,_T,Total,_T,All education levels,_T,All occupations,_Z,Not applicable,_T,No breakdown by disability,2018,,,,N,units,G,Global,C,Country Data,"Questionnaire on the implementation of the Code of Conduct for Responsible Fisheries - Country self-reporting ",,O,Missing value,NV = The figure has not been validated by the national statistical system for global reporting.,
DATAFLOW,SPC:DF_BP50_6(1.0),Blue Pacific 2050: Ocean And Environment (Thematic Area 6),I,A,Annual,SPC_14_6_1,"Progress by countries in the degree of implementation of
            international instruments aiming to combat illegal, unreported and unregulated fishing
            (level of implementation: 1 lowest to 5 highest)",WS,Samoa,_T,Total,_T,All ages,_T,National,_T,Total,_T,All education levels,_T,All occupations,_Z,Not applicable,_T,No breakdown by disability,2020,,3,,N,units,G,Global,C,Country Data,"FAO questionnaire on the implementation of the Code of Conduct for Responsible Fisheries - Country self-reporting ",,,,,
DATAFLOW,SPC:DF_BP50_6(1.0),Blue Pacific 2050: Ocean And Environment (Thematic Area 6),I,A,Annual,SPC_14_6_1,"Progress by countries in the degree of implementation of
            international instruments aiming to combat illegal, unreported and unregulated fishing
            (level of implementation: 1 lowest to 5 highest)",WS,Samoa,_T,Total,_T,All ages,_T,National,_T,Total,_T,All education levels,_T,All occupations,_Z,Not applicable,_T,No breakdown by disability,2022,,3,,N,units,G,Global,C,Country Data,FAO: Questionnaire on the implementation of the Code of Conduct for Responsible Fisheries - Country self-reporting,,,,,
DATAFLOW,SPC:DF_BP50_6(1.0),Blue Pacific 2050: Ocean And Environment (Thematic Area 6),I,A,Annual,ER_H2O_FWTL,"Proportion of fish stocks within biologically sustainable
            levels (not overexploited)",TV,Tuvalu,_T,Total,_T,All ages,_T,National,_T,Total,_T,All education levels,_T,All occupations,_Z,Not applicable,_T,No breakdown by disability,2021,,35,,PERCENT,percent,G,Global,C,Country Data,FAO SDG14.4.1 questionnaire. Values were produced according to the SDG14.4.1 Metadata document.,,U,Low reliability,The indicator is based on FAO SDG 14.4.1 questionnaire Field B3.2: Current stock status. here using 29 stocks where 31% had an unknown stock status. The questionnaire passed level 1 but not level 2 Quality Assurance. thus the indicator is flagged with low reliability.,
DATAFLOW,SPC:DF_BP50_6(1.0),Blue Pacific 2050: Ocean And Environment (Thematic Area 6),I,A,Annual,SPC_14_b_1,"Degree of application of a
            legal/regulatory/policy/institutional framework which recognizes and protects access
            rights for small-scale fisheries (level of implementation: 1 lowest to 5 highest)",SB,Solomon Islands,_T,Total,_T,All ages,_T,National,_T,Total,_T,All education levels,_T,All occupations,_Z,Not applicable,_T,No breakdown by disability,2018,,4,,N,units,G,Global,C,Country Data,"Questionnaire on the implementation of the Code of Conduct for Responsible Fisheries - Country self-reporting ",,,,Level of implementation: 1 lowest to 5 highest,
DATAFLOW,SPC:DF_BP50_6(1.0),Blue Pacific 2050: Ocean And Environment (Thematic Area 6),I,A,Annual,SPC_14_b_1,"Degree of application of a
            legal/regulatory/policy/institutional framework which recognizes and protects access
            rights for small-scale fisheries (level of implementation: 1 lowest to 5 highest)",SB,Solomon Islands,_T,Total,_T,All ages,_T,National,_T,Total,_T,All education levels,_T,All occupations,_Z,Not applicable,_T,No breakdown by disability,2019,,4,,N,units,G,Global,CA,Country Adjusted,Questionnaire on the implementation of the Code of Conduct for Responsible Fisheries - Country self-reporting. FAO.,,,,,
DATAFLOW,SPC:DF_BP50_6(1.0),Blue Pacific 2050: Ocean And Environment (Thematic Area 6),I,A,Annual,SPC_14_b_1,"Degree of application of a
            legal/regulatory/policy/institutional framework which recognizes and protects access
            rights for small-scale fisheries (level of implementation: 1 lowest to 5 highest)",SB,Solomon Islands,_T,Total,_T,All ages,_T,National,_T,Total,_T,All education levels,_T,All occupations,_Z,Not applicable,_T,No breakdown by disability,2022,,5,,N,units,G,Global,C,Country Data,FAO: Questionnaire on the implementation of the Code of Conduct for Responsible Fisheries - Country self-reporting,,,,,
