STRUCTURE,STRUCTURE_ID,STRUCTURE_NAME,ACTION,FREQ,Frequency,INDICATOR,Indicator,GEO_PICT,Pacific Island Countries and territories,SEX,Sex,AGE,Age,URBANIZATION,Urbanization,INCOME,Income,EDUCATION,Education level,OCCUPATION,Occupation,COMPOSITE_BREAKDOWN,Composite breakdown,DISABILITY,Disability,TIME_PERIOD,Time,OBS_VALUE,Observation value,UNIT_MEASURE,Unit of measure,REPORTING_TYPE,Reporting type,NATURE,Nature,DATA_SOURCE,Data source,OBS_STATUS,Observation Status,OBS_COMMENT,Comment
DATAFLOW,SPC:DF_BP50_7(1.0),Blue Pacific 2050: Technology And Connectivity (Thematic Area 7),I,A,Annual,BPI_LSC,Liner Shipping Connectivity Index,CK,Cook Islands,_T,Total,_T,All ages,_T,National,_T,Total,_Z,Not applicable,_Z,Not applicable,_Z,Not applicable,_Z,Not applicable,2010,,1.52,,INDEX,index,R,Regional,C,Country Data,Review of Economic Infrastructure in the Pacific: Pacific Infrastructure Performance Indicators 2021 report,,A,Normal value,"The figure is from Quarter 3 of the given year. A benchmark of 100 was set in 2004. For each of the five components in the calculation (number of regular containerized ships serviced in the country,their container-carrying capacity,maximum vessel size that can be received,number of services, and number of companies that deploy container ships to a country’s ports), a country’s value is divided by the maximum value of each component in 2004, the five components are then averaged for each country, and the average is divided by the maximum average for 2004 and multiplied by 100.",
DATAFLOW,SPC:DF_BP50_7(1.0),Blue Pacific 2050: Technology And Connectivity (Thematic Area 7),I,A,Annual,BPI_LSC,Liner Shipping Connectivity Index,CK,Cook Islands,_T,Total,_T,All ages,_T,National,_T,Total,_Z,Not applicable,_Z,Not applicable,_Z,Not applicable,_Z,Not applicable,2011,,1.52,,INDEX,index,R,Regional,C,Country Data,Review of Economic Infrastructure in the Pacific: Pacific Infrastructure Performance Indicators 2021 report,,A,Normal value,"The figure is from Quarter 3 of the given year. A benchmark of 100 was set in 2004. For each of the five components in the calculation (number of regular containerized ships serviced in the country,their container-carrying capacity,maximum vessel size that can be received,number of services, and number of companies that deploy container ships to a country’s ports), a country’s value is divided by the maximum value of each component in 2004, the five components are then averaged for each country, and the average is divided by the maximum average for 2004 and multiplied by 100.",
DATAFLOW,SPC:DF_BP50_7(1.0),Blue Pacific 2050: Technology And Connectivity (Thematic Area 7),I,A,Annual,BPI_LSC,Liner Shipping Connectivity Index,CK,Cook Islands,_T,Total,_T,All ages,_T,National,_T,Total,_Z,Not applicable,_Z,Not applicable,_Z,Not applicable,_Z,Not applicable,2012,,1.52,,INDEX,index,R,Regional,C,Country Data,Review of Economic Infrastructure in the Pacific: Pacific Infrastructure Performance Indicators 2021 report,,A,Normal value,"The figure is from Quarter 3 of the given year. A benchmark of 100 was set in 2004. For each of the five components in the calculation (number of regular containerized ships serviced in the country,their container-carrying capacity,maximum vessel size that can be received,number of services, and number of companies that deploy container ships to a country’s ports), a country’s value is divided by the maximum value of each component in 2004, the five components are then averaged for each country, and the average is divided by the maximum average for 2004 and multiplied by 100.",
DATAFLOW,SPC:DF_BP50_7(1.0),Blue Pacific 2050: Technology And Connectivity (Thematic Area 7),I,A,Annual,BPI_LSC,Liner Shipping Connectivity Index,CK,Cook Islands,_T,Total,_T,All ages,_T,National,_T,Total,_Z,Not applicable,_Z,Not applicable,_Z,Not applicable,_Z,Not applicable,2013,,2.63,,INDEX,index,R,Regional,C,Country Data,Review of Economic Infrastructure in the Pacific: Pacific Infrastructure Performance Indicators 2021 report,,A,Normal value,"The figure is from Quarter 3 of the given year. A benchmark of 100 was set in 2004. For each of the five components in the calculation (number of regular containerized ships serviced in the country,their container-carrying capacity,maximum vessel size that can be received,number of services, and number of companies that deploy container ships to a country’s ports), a country’s value is divided by the maximum value of each component in 2004, the five components are then averaged for each country, and the average is divided by the maximum average for 2004 and multiplied by 100.",
DATAFLOW,SPC:DF_BP50_7(1.0),Blue Pacific 2050: Technology And Connectivity (Thematic Area 7),I,A,Annual,BPI_LSC,Liner Shipping Connectivity Index,CK,Cook Islands,_T,Total,_T,All ages,_T,National,_T,Total,_Z,Not applicable,_Z,Not applicable,_Z,Not applicable,_Z,Not applicable,2014,,2.63,,INDEX,index,R,Regional,C,Country Data,Review of Economic Infrastructure in the Pacific: Pacific Infrastructure Performance Indicators 2021 report,,A,Normal value,"The figure is from Quarter 3 of the given year. A benchmark of 100 was set in 2004. For each of the five components in the calculation (number of regular containerized ships serviced in the country,their container-carrying capacity,maximum vessel size that can be received,number of services, and number of companies that deploy container ships to a country’s ports), a country’s value is divided by the maximum value of each component in 2004, the five components are then averaged for each country, and the average is divided by the maximum average for 2004 and multiplied by 100.",
DATAFLOW,SPC:DF_BP50_7(1.0),Blue Pacific 2050: Technology And Connectivity (Thematic Area 7),I,A,Annual,BPI_LSC,Liner Shipping Connectivity Index,CK,Cook Islands,_T,Total,_T,All ages,_T,National,_T,Total,_Z,Not applicable,_Z,Not applicable,_Z,Not applicable,_Z,Not applicable,2015,,2.63,,INDEX,index,R,Regional,C,Country Data,Review of Economic Infrastructure in the Pacific: Pacific Infrastructure Performance Indicators 2021 report,,A,Normal value,"The figure is from Quarter 3 of the given year. A benchmark of 100 was set in 2004. For each of the five components in the calculation (number of regular containerized ships serviced in the country,their container-carrying capacity,maximum vessel size that can be received,number of services, and number of companies that deploy container ships to a country’s ports), a country’s value is divided by the maximum value of each component in 2004, the five components are then averaged for each country, and the average is divided by the maximum average for 2004 and multiplied by 100.",
DATAFLOW,SPC:DF_BP50_7(1.0),Blue Pacific 2050: Technology And Connectivity (Thematic Area 7),I,A,Annual,BPI_LSC,Liner Shipping Connectivity Index,CK,Cook Islands,_T,Total,_T,All ages,_T,National,_T,Total,_Z,Not applicable,_Z,Not applicable,_Z,Not applicable,_Z,Not applicable,2016,,2.28,,INDEX,index,R,Regional,C,Country Data,Review of Economic Infrastructure in the Pacific: Pacific Infrastructure Performance Indicators 2021 report,,A,Normal value,"The figure is from Quarter 3 of the given year. A benchmark of 100 was set in 2004. For each of the five components in the calculation (number of regular containerized ships serviced in the country,their container-carrying capacity,maximum vessel size that can be received,number of services, and number of companies that deploy container ships to a country’s ports), a country’s value is divided by the maximum value of each component in 2004, the five components are then averaged for each country, and the average is divided by the maximum average for 2004 and multiplied by 100.",
DATAFLOW,SPC:DF_BP50_7(1.0),Blue Pacific 2050: Technology And Connectivity (Thematic Area 7),I,A,Annual,BPI_LSC,Liner Shipping Connectivity Index,CK,Cook Islands,_T,Total,_T,All ages,_T,National,_T,Total,_Z,Not applicable,_Z,Not applicable,_Z,Not applicable,_Z,Not applicable,2017,,2.28,,INDEX,index,R,Regional,C,Country Data,Review of Economic Infrastructure in the Pacific: Pacific Infrastructure Performance Indicators 2021 report,,A,Normal value,"The figure is from Quarter 3 of the given year. A benchmark of 100 was set in 2004. For each of the five components in the calculation (number of regular containerized ships serviced in the country,their container-carrying capacity,maximum vessel size that can be received,number of services, and number of companies that deploy container ships to a country’s ports), a country’s value is divided by the maximum value of each component in 2004, the five components are then averaged for each country, and the average is divided by the maximum average for 2004 and multiplied by 100.",
DATAFLOW,SPC:DF_BP50_7(1.0),Blue Pacific 2050: Technology And Connectivity (Thematic Area 7),I,A,Annual,BPI_LSC,Liner Shipping Connectivity Index,CK,Cook Islands,_T,Total,_T,All ages,_T,National,_T,Total,_Z,Not applicable,_Z,Not applicable,_Z,Not applicable,_Z,Not applicable,2018,,2.28,,INDEX,index,R,Regional,C,Country Data,Review of Economic Infrastructure in the Pacific: Pacific Infrastructure Performance Indicators 2021 report,,A,Normal value,"The figure is from Quarter 3 of the given year. A benchmark of 100 was set in 2004. For each of the five components in the calculation (number of regular containerized ships serviced in the country,their container-carrying capacity,maximum vessel size that can be received,number of services, and number of companies that deploy container ships to a country’s ports), a country’s value is divided by the maximum value of each component in 2004, the five components are then averaged for each country, and the average is divided by the maximum average for 2004 and multiplied by 100.",
DATAFLOW,SPC:DF_BP50_7(1.0),Blue Pacific 2050: Technology And Connectivity (Thematic Area 7),I,A,Annual,BPI_LSC,Liner Shipping Connectivity Index,CK,Cook Islands,_T,Total,_T,All ages,_T,National,_T,Total,_Z,Not applicable,_Z,Not applicable,_Z,Not applicable,_Z,Not applicable,2019,,2.28,,INDEX,index,R,Regional,C,Country Data,Review of Economic Infrastructure in the Pacific: Pacific Infrastructure Performance Indicators 2021 report,,A,Normal value,"The figure is from Quarter 3 of the given year. A benchmark of 100 was set in 2004. For each of the five components in the calculation (number of regular containerized ships serviced in the country,their container-carrying capacity,maximum vessel size that can be received,number of services, and number of companies that deploy container ships to a country’s ports), a country’s value is divided by the maximum value of each component in 2004, the five components are then averaged for each country, and the average is divided by the maximum average for 2004 and multiplied by 100.",
DATAFLOW,SPC:DF_BP50_7(1.0),Blue Pacific 2050: Technology And Connectivity (Thematic Area 7),I,A,Annual,BPI_LSC,Liner Shipping Connectivity Index,CK,Cook Islands,_T,Total,_T,All ages,_T,National,_T,Total,_Z,Not applicable,_Z,Not applicable,_Z,Not applicable,_Z,Not applicable,2020,,2.62,,INDEX,index,R,Regional,C,Country Data,Review of Economic Infrastructure in the Pacific: Pacific Infrastructure Performance Indicators 2021 report,,A,Normal value,"The figure is from Quarter 3 of the given year. A benchmark of 100 was set in 2004. For each of the five components in the calculation (number of regular containerized ships serviced in the country,their container-carrying capacity,maximum vessel size that can be received,number of services, and number of companies that deploy container ships to a country’s ports), a country’s value is divided by the maximum value of each component in 2004, the five components are then averaged for each country, and the average is divided by the maximum average for 2004 and multiplied by 100.",
DATAFLOW,SPC:DF_BP50_7(1.0),Blue Pacific 2050: Technology And Connectivity (Thematic Area 7),I,A,Annual,BPI_LSC,Liner Shipping Connectivity Index,FJ,Fiji,_T,Total,_T,All ages,_T,National,_T,Total,_Z,Not applicable,_Z,Not applicable,_Z,Not applicable,_Z,Not applicable,2010,,11.4,,INDEX,index,R,Regional,C,Country Data,Review of Economic Infrastructure in the Pacific: Pacific Infrastructure Performance Indicators 2021 report,,A,Normal value,"The figure is from Quarter 3 of the given year. A benchmark of 100 was set in 2004. For each of the five components in the calculation (number of regular containerized ships serviced in the country,their container-carrying capacity,maximum vessel size that can be received,number of services, and number of companies that deploy container ships to a country’s ports), a country’s value is divided by the maximum value of each component in 2004, the five components are then averaged for each country, and the average is divided by the maximum average for 2004 and multiplied by 100.",
DATAFLOW,SPC:DF_BP50_7(1.0),Blue Pacific 2050: Technology And Connectivity (Thematic Area 7),I,A,Annual,BPI_LSC,Liner Shipping Connectivity Index,FJ,Fiji,_T,Total,_T,All ages,_T,National,_T,Total,_Z,Not applicable,_Z,Not applicable,_Z,Not applicable,_Z,Not applicable,2011,,12.62,,INDEX,index,R,Regional,C,Country Data,Review of Economic Infrastructure in the Pacific: Pacific Infrastructure Performance Indicators 2021 report,,A,Normal value,"The figure is from Quarter 3 of the given year. A benchmark of 100 was set in 2004. For each of the five components in the calculation (number of regular containerized ships serviced in the country,their container-carrying capacity,maximum vessel size that can be received,number of services, and number of companies that deploy container ships to a country’s ports), a country’s value is divided by the maximum value of each component in 2004, the five components are then averaged for each country, and the average is divided by the maximum average for 2004 and multiplied by 100.",
DATAFLOW,SPC:DF_BP50_7(1.0),Blue Pacific 2050: Technology And Connectivity (Thematic Area 7),I,A,Annual,BPI_LSC,Liner Shipping Connectivity Index,FJ,Fiji,_T,Total,_T,All ages,_T,National,_T,Total,_Z,Not applicable,_Z,Not applicable,_Z,Not applicable,_Z,Not applicable,2012,,11.5,,INDEX,index,R,Regional,C,Country Data,Review of Economic Infrastructure in the Pacific: Pacific Infrastructure Performance Indicators 2021 report,,A,Normal value,"The figure is from Quarter 3 of the given year. A benchmark of 100 was set in 2004. For each of the five components in the calculation (number of regular containerized ships serviced in the country,their container-carrying capacity,maximum vessel size that can be received,number of services, and number of companies that deploy container ships to a country’s ports), a country’s value is divided by the maximum value of each component in 2004, the five components are then averaged for each country, and the average is divided by the maximum average for 2004 and multiplied by 100.",
DATAFLOW,SPC:DF_BP50_7(1.0),Blue Pacific 2050: Technology And Connectivity (Thematic Area 7),I,A,Annual,BPI_LSC,Liner Shipping Connectivity Index,FJ,Fiji,_T,Total,_T,All ages,_T,National,_T,Total,_Z,Not applicable,_Z,Not applicable,_Z,Not applicable,_Z,Not applicable,2013,,13.77,,INDEX,index,R,Regional,C,Country Data,Review of Economic Infrastructure in the Pacific: Pacific Infrastructure Performance Indicators 2021 report,,A,Normal value,"The figure is from Quarter 3 of the given year. A benchmark of 100 was set in 2004. For each of the five components in the calculation (number of regular containerized ships serviced in the country,their container-carrying capacity,maximum vessel size that can be received,number of services, and number of companies that deploy container ships to a country’s ports), a country’s value is divided by the maximum value of each component in 2004, the five components are then averaged for each country, and the average is divided by the maximum average for 2004 and multiplied by 100.",
DATAFLOW,SPC:DF_BP50_7(1.0),Blue Pacific 2050: Technology And Connectivity (Thematic Area 7),I,A,Annual,BPI_LSC,Liner Shipping Connectivity Index,FJ,Fiji,_T,Total,_T,All ages,_T,National,_T,Total,_Z,Not applicable,_Z,Not applicable,_Z,Not applicable,_Z,Not applicable,2014,,12.32,,INDEX,index,R,Regional,C,Country Data,Review of Economic Infrastructure in the Pacific: Pacific Infrastructure Performance Indicators 2021 report,,A,Normal value,"The figure is from Quarter 3 of the given year. A benchmark of 100 was set in 2004. For each of the five components in the calculation (number of regular containerized ships serviced in the country,their container-carrying capacity,maximum vessel size that can be received,number of services, and number of companies that deploy container ships to a country’s ports), a country’s value is divided by the maximum value of each component in 2004, the five components are then averaged for each country, and the average is divided by the maximum average for 2004 and multiplied by 100.",
DATAFLOW,SPC:DF_BP50_7(1.0),Blue Pacific 2050: Technology And Connectivity (Thematic Area 7),I,A,Annual,BPI_LSC,Liner Shipping Connectivity Index,FJ,Fiji,_T,Total,_T,All ages,_T,National,_T,Total,_Z,Not applicable,_Z,Not applicable,_Z,Not applicable,_Z,Not applicable,2015,,10.91,,INDEX,index,R,Regional,C,Country Data,Review of Economic Infrastructure in the Pacific: Pacific Infrastructure Performance Indicators 2021 report,,A,Normal value,"The figure is from Quarter 3 of the given year. A benchmark of 100 was set in 2004. For each of the five components in the calculation (number of regular containerized ships serviced in the country,their container-carrying capacity,maximum vessel size that can be received,number of services, and number of companies that deploy container ships to a country’s ports), a country’s value is divided by the maximum value of each component in 2004, the five components are then averaged for each country, and the average is divided by the maximum average for 2004 and multiplied by 100.",
DATAFLOW,SPC:DF_BP50_7(1.0),Blue Pacific 2050: Technology And Connectivity (Thematic Area 7),I,A,Annual,BPI_LSC,Liner Shipping Connectivity Index,FJ,Fiji,_T,Total,_T,All ages,_T,National,_T,Total,_Z,Not applicable,_Z,Not applicable,_Z,Not applicable,_Z,Not applicable,2016,,11.07,,INDEX,index,R,Regional,C,Country Data,Review of Economic Infrastructure in the Pacific: Pacific Infrastructure Performance Indicators 2021 report,,A,Normal value,"The figure is from Quarter 3 of the given year. A benchmark of 100 was set in 2004. For each of the five components in the calculation (number of regular containerized ships serviced in the country,their container-carrying capacity,maximum vessel size that can be received,number of services, and number of companies that deploy container ships to a country’s ports), a country’s value is divided by the maximum value of each component in 2004, the five components are then averaged for each country, and the average is divided by the maximum average for 2004 and multiplied by 100.",
DATAFLOW,SPC:DF_BP50_7(1.0),Blue Pacific 2050: Technology And Connectivity (Thematic Area 7),I,A,Annual,BPI_LSC,Liner Shipping Connectivity Index,FJ,Fiji,_T,Total,_T,All ages,_T,National,_T,Total,_Z,Not applicable,_Z,Not applicable,_Z,Not applicable,_Z,Not applicable,2017,,11.43,,INDEX,index,R,Regional,C,Country Data,Review of Economic Infrastructure in the Pacific: Pacific Infrastructure Performance Indicators 2021 report,,A,Normal value,"The figure is from Quarter 3 of the given year. A benchmark of 100 was set in 2004. For each of the five components in the calculation (number of regular containerized ships serviced in the country,their container-carrying capacity,maximum vessel size that can be received,number of services, and number of companies that deploy container ships to a country’s ports), a country’s value is divided by the maximum value of each component in 2004, the five components are then averaged for each country, and the average is divided by the maximum average for 2004 and multiplied by 100.",
DATAFLOW,SPC:DF_BP50_7(1.0),Blue Pacific 2050: Technology And Connectivity (Thematic Area 7),I,A,Annual,BPI_LSC,Liner Shipping Connectivity Index,FJ,Fiji,_T,Total,_T,All ages,_T,National,_T,Total,_Z,Not applicable,_Z,Not applicable,_Z,Not applicable,_Z,Not applicable,2018,,11.43,,INDEX,index,R,Regional,C,Country Data,Review of Economic Infrastructure in the Pacific: Pacific Infrastructure Performance Indicators 2021 report,,A,Normal value,"The figure is from Quarter 3 of the given year. A benchmark of 100 was set in 2004. For each of the five components in the calculation (number of regular containerized ships serviced in the country,their container-carrying capacity,maximum vessel size that can be received,number of services, and number of companies that deploy container ships to a country’s ports), a country’s value is divided by the maximum value of each component in 2004, the five components are then averaged for each country, and the average is divided by the maximum average for 2004 and multiplied by 100.",
DATAFLOW,SPC:DF_BP50_7(1.0),Blue Pacific 2050: Technology And Connectivity (Thematic Area 7),I,A,Annual,BPI_LSC,Liner Shipping Connectivity Index,FJ,Fiji,_T,Total,_T,All ages,_T,National,_T,Total,_Z,Not applicable,_Z,Not applicable,_Z,Not applicable,_Z,Not applicable,2019,,9.64,,INDEX,index,R,Regional,C,Country Data,Review of Economic Infrastructure in the Pacific: Pacific Infrastructure Performance Indicators 2021 report,,A,Normal value,"The figure is from Quarter 3 of the given year. A benchmark of 100 was set in 2004. For each of the five components in the calculation (number of regular containerized ships serviced in the country,their container-carrying capacity,maximum vessel size that can be received,number of services, and number of companies that deploy container ships to a country’s ports), a country’s value is divided by the maximum value of each component in 2004, the five components are then averaged for each country, and the average is divided by the maximum average for 2004 and multiplied by 100.",
DATAFLOW,SPC:DF_BP50_7(1.0),Blue Pacific 2050: Technology And Connectivity (Thematic Area 7),I,A,Annual,BPI_LSC,Liner Shipping Connectivity Index,FJ,Fiji,_T,Total,_T,All ages,_T,National,_T,Total,_Z,Not applicable,_Z,Not applicable,_Z,Not applicable,_Z,Not applicable,2020,,10.22,,INDEX,index,R,Regional,C,Country Data,Review of Economic Infrastructure in the Pacific: Pacific Infrastructure Performance Indicators 2021 report,,A,Normal value,"The figure is from Quarter 3 of the given year. A benchmark of 100 was set in 2004. For each of the five components in the calculation (number of regular containerized ships serviced in the country,their container-carrying capacity,maximum vessel size that can be received,number of services, and number of companies that deploy container ships to a country’s ports), a country’s value is divided by the maximum value of each component in 2004, the five components are then averaged for each country, and the average is divided by the maximum average for 2004 and multiplied by 100.",
DATAFLOW,SPC:DF_BP50_7(1.0),Blue Pacific 2050: Technology And Connectivity (Thematic Area 7),I,A,Annual,BPI_LSC,Liner Shipping Connectivity Index,FM,Micronesia (Federated States of),_T,Total,_T,All ages,_T,National,_T,Total,_Z,Not applicable,_Z,Not applicable,_Z,Not applicable,_Z,Not applicable,2010,,1.77,,INDEX,index,R,Regional,C,Country Data,Review of Economic Infrastructure in the Pacific: Pacific Infrastructure Performance Indicators 2021 report,,A,Normal value,"The figure is from Quarter 3 of the given year. A benchmark of 100 was set in 2004. For each of the five components in the calculation (number of regular containerized ships serviced in the country,their container-carrying capacity,maximum vessel size that can be received,number of services, and number of companies that deploy container ships to a country’s ports), a country’s value is divided by the maximum value of each component in 2004, the five components are then averaged for each country, and the average is divided by the maximum average for 2004 and multiplied by 100.",
DATAFLOW,SPC:DF_BP50_7(1.0),Blue Pacific 2050: Technology And Connectivity (Thematic Area 7),I,A,Annual,BPI_LSC,Liner Shipping Connectivity Index,FM,Micronesia (Federated States of),_T,Total,_T,All ages,_T,National,_T,Total,_Z,Not applicable,_Z,Not applicable,_Z,Not applicable,_Z,Not applicable,2011,,1.61,,INDEX,index,R,Regional,C,Country Data,Review of Economic Infrastructure in the Pacific: Pacific Infrastructure Performance Indicators 2021 report,,A,Normal value,"The figure is from Quarter 3 of the given year. A benchmark of 100 was set in 2004. For each of the five components in the calculation (number of regular containerized ships serviced in the country,their container-carrying capacity,maximum vessel size that can be received,number of services, and number of companies that deploy container ships to a country’s ports), a country’s value is divided by the maximum value of each component in 2004, the five components are then averaged for each country, and the average is divided by the maximum average for 2004 and multiplied by 100.",
DATAFLOW,SPC:DF_BP50_7(1.0),Blue Pacific 2050: Technology And Connectivity (Thematic Area 7),I,A,Annual,BPI_LSC,Liner Shipping Connectivity Index,FM,Micronesia (Federated States of),_T,Total,_T,All ages,_T,National,_T,Total,_Z,Not applicable,_Z,Not applicable,_Z,Not applicable,_Z,Not applicable,2012,,2.46,,INDEX,index,R,Regional,C,Country Data,Review of Economic Infrastructure in the Pacific: Pacific Infrastructure Performance Indicators 2021 report,,A,Normal value,"The figure is from Quarter 3 of the given year. A benchmark of 100 was set in 2004. For each of the five components in the calculation (number of regular containerized ships serviced in the country,their container-carrying capacity,maximum vessel size that can be received,number of services, and number of companies that deploy container ships to a country’s ports), a country’s value is divided by the maximum value of each component in 2004, the five components are then averaged for each country, and the average is divided by the maximum average for 2004 and multiplied by 100.",
DATAFLOW,SPC:DF_BP50_7(1.0),Blue Pacific 2050: Technology And Connectivity (Thematic Area 7),I,A,Annual,BPI_LSC,Liner Shipping Connectivity Index,FM,Micronesia (Federated States of),_T,Total,_T,All ages,_T,National,_T,Total,_Z,Not applicable,_Z,Not applicable,_Z,Not applicable,_Z,Not applicable,2013,,2.22,,INDEX,index,R,Regional,C,Country Data,Review of Economic Infrastructure in the Pacific: Pacific Infrastructure Performance Indicators 2021 report,,A,Normal value,"The figure is from Quarter 3 of the given year. A benchmark of 100 was set in 2004. For each of the five components in the calculation (number of regular containerized ships serviced in the country,their container-carrying capacity,maximum vessel size that can be received,number of services, and number of companies that deploy container ships to a country’s ports), a country’s value is divided by the maximum value of each component in 2004, the five components are then averaged for each country, and the average is divided by the maximum average for 2004 and multiplied by 100.",
DATAFLOW,SPC:DF_BP50_7(1.0),Blue Pacific 2050: Technology And Connectivity (Thematic Area 7),I,A,Annual,BPI_LSC,Liner Shipping Connectivity Index,FM,Micronesia (Federated States of),_T,Total,_T,All ages,_T,National,_T,Total,_Z,Not applicable,_Z,Not applicable,_Z,Not applicable,_Z,Not applicable,2014,,2.39,,INDEX,index,R,Regional,C,Country Data,Review of Economic Infrastructure in the Pacific: Pacific Infrastructure Performance Indicators 2021 report,,A,Normal value,"The figure is from Quarter 3 of the given year. A benchmark of 100 was set in 2004. For each of the five components in the calculation (number of regular containerized ships serviced in the country,their container-carrying capacity,maximum vessel size that can be received,number of services, and number of companies that deploy container ships to a country’s ports), a country’s value is divided by the maximum value of each component in 2004, the five components are then averaged for each country, and the average is divided by the maximum average for 2004 and multiplied by 100.",
DATAFLOW,SPC:DF_BP50_7(1.0),Blue Pacific 2050: Technology And Connectivity (Thematic Area 7),I,A,Annual,BPI_LSC,Liner Shipping Connectivity Index,FM,Micronesia (Federated States of),_T,Total,_T,All ages,_T,National,_T,Total,_Z,Not applicable,_Z,Not applicable,_Z,Not applicable,_Z,Not applicable,2015,,2.39,,INDEX,index,R,Regional,C,Country Data,Review of Economic Infrastructure in the Pacific: Pacific Infrastructure Performance Indicators 2021 report,,A,Normal value,"The figure is from Quarter 3 of the given year. A benchmark of 100 was set in 2004. For each of the five components in the calculation (number of regular containerized ships serviced in the country,their container-carrying capacity,maximum vessel size that can be received,number of services, and number of companies that deploy container ships to a country’s ports), a country’s value is divided by the maximum value of each component in 2004, the five components are then averaged for each country, and the average is divided by the maximum average for 2004 and multiplied by 100.",
DATAFLOW,SPC:DF_BP50_7(1.0),Blue Pacific 2050: Technology And Connectivity (Thematic Area 7),I,A,Annual,BPI_LSC,Liner Shipping Connectivity Index,FM,Micronesia (Federated States of),_T,Total,_T,All ages,_T,National,_T,Total,_Z,Not applicable,_Z,Not applicable,_Z,Not applicable,_Z,Not applicable,2016,,2.39,,INDEX,index,R,Regional,C,Country Data,Review of Economic Infrastructure in the Pacific: Pacific Infrastructure Performance Indicators 2021 report,,A,Normal value,"The figure is from Quarter 3 of the given year. A benchmark of 100 was set in 2004. For each of the five components in the calculation (number of regular containerized ships serviced in the country,their container-carrying capacity,maximum vessel size that can be received,number of services, and number of companies that deploy container ships to a country’s ports), a country’s value is divided by the maximum value of each component in 2004, the five components are then averaged for each country, and the average is divided by the maximum average for 2004 and multiplied by 100.",
DATAFLOW,SPC:DF_BP50_7(1.0),Blue Pacific 2050: Technology And Connectivity (Thematic Area 7),I,A,Annual,BPI_LSC,Liner Shipping Connectivity Index,FM,Micronesia (Federated States of),_T,Total,_T,All ages,_T,National,_T,Total,_Z,Not applicable,_Z,Not applicable,_Z,Not applicable,_Z,Not applicable,2017,,2.77,,INDEX,index,R,Regional,C,Country Data,Review of Economic Infrastructure in the Pacific: Pacific Infrastructure Performance Indicators 2021 report,,A,Normal value,"The figure is from Quarter 3 of the given year. A benchmark of 100 was set in 2004. For each of the five components in the calculation (number of regular containerized ships serviced in the country,their container-carrying capacity,maximum vessel size that can be received,number of services, and number of companies that deploy container ships to a country’s ports), a country’s value is divided by the maximum value of each component in 2004, the five components are then averaged for each country, and the average is divided by the maximum average for 2004 and multiplied by 100.",
DATAFLOW,SPC:DF_BP50_7(1.0),Blue Pacific 2050: Technology And Connectivity (Thematic Area 7),I,A,Annual,BPI_LSC,Liner Shipping Connectivity Index,FM,Micronesia (Federated States of),_T,Total,_T,All ages,_T,National,_T,Total,_Z,Not applicable,_Z,Not applicable,_Z,Not applicable,_Z,Not applicable,2018,,4.02,,INDEX,index,R,Regional,C,Country Data,Review of Economic Infrastructure in the Pacific: Pacific Infrastructure Performance Indicators 2021 report,,A,Normal value,"The figure is from Quarter 3 of the given year. A benchmark of 100 was set in 2004. For each of the five components in the calculation (number of regular containerized ships serviced in the country,their container-carrying capacity,maximum vessel size that can be received,number of services, and number of companies that deploy container ships to a country’s ports), a country’s value is divided by the maximum value of each component in 2004, the five components are then averaged for each country, and the average is divided by the maximum average for 2004 and multiplied by 100.",
DATAFLOW,SPC:DF_BP50_7(1.0),Blue Pacific 2050: Technology And Connectivity (Thematic Area 7),I,A,Annual,BPI_LSC,Liner Shipping Connectivity Index,FM,Micronesia (Federated States of),_T,Total,_T,All ages,_T,National,_T,Total,_Z,Not applicable,_Z,Not applicable,_Z,Not applicable,_Z,Not applicable,2019,,4.03,,INDEX,index,R,Regional,C,Country Data,Review of Economic Infrastructure in the Pacific: Pacific Infrastructure Performance Indicators 2021 report,,A,Normal value,"The figure is from Quarter 3 of the given year. A benchmark of 100 was set in 2004. For each of the five components in the calculation (number of regular containerized ships serviced in the country,their container-carrying capacity,maximum vessel size that can be received,number of services, and number of companies that deploy container ships to a country’s ports), a country’s value is divided by the maximum value of each component in 2004, the five components are then averaged for each country, and the average is divided by the maximum average for 2004 and multiplied by 100.",
DATAFLOW,SPC:DF_BP50_7(1.0),Blue Pacific 2050: Technology And Connectivity (Thematic Area 7),I,A,Annual,BPI_LSC,Liner Shipping Connectivity Index,FM,Micronesia (Federated States of),_T,Total,_T,All ages,_T,National,_T,Total,_Z,Not applicable,_Z,Not applicable,_Z,Not applicable,_Z,Not applicable,2020,,4.4,,INDEX,index,R,Regional,C,Country Data,Review of Economic Infrastructure in the Pacific: Pacific Infrastructure Performance Indicators 2021 report,,A,Normal value,"The figure is from Quarter 3 of the given year. A benchmark of 100 was set in 2004. For each of the five components in the calculation (number of regular containerized ships serviced in the country,their container-carrying capacity,maximum vessel size that can be received,number of services, and number of companies that deploy container ships to a country’s ports), a country’s value is divided by the maximum value of each component in 2004, the five components are then averaged for each country, and the average is divided by the maximum average for 2004 and multiplied by 100.",
DATAFLOW,SPC:DF_BP50_7(1.0),Blue Pacific 2050: Technology And Connectivity (Thematic Area 7),I,A,Annual,BPI_LSC,Liner Shipping Connectivity Index,KI,Kiribati,_T,Total,_T,All ages,_T,National,_T,Total,_Z,Not applicable,_Z,Not applicable,_Z,Not applicable,_Z,Not applicable,2010,,3.54,,INDEX,index,R,Regional,C,Country Data,Review of Economic Infrastructure in the Pacific: Pacific Infrastructure Performance Indicators 2021 report,,A,Normal value,"The figure is from Quarter 3 of the given year. A benchmark of 100 was set in 2004. For each of the five components in the calculation (number of regular containerized ships serviced in the country,their container-carrying capacity,maximum vessel size that can be received,number of services, and number of companies that deploy container ships to a country’s ports), a country’s value is divided by the maximum value of each component in 2004, the five components are then averaged for each country, and the average is divided by the maximum average for 2004 and multiplied by 100.",
DATAFLOW,SPC:DF_BP50_7(1.0),Blue Pacific 2050: Technology And Connectivity (Thematic Area 7),I,A,Annual,BPI_LSC,Liner Shipping Connectivity Index,KI,Kiribati,_T,Total,_T,All ages,_T,National,_T,Total,_Z,Not applicable,_Z,Not applicable,_Z,Not applicable,_Z,Not applicable,2011,,3.74,,INDEX,index,R,Regional,C,Country Data,Review of Economic Infrastructure in the Pacific: Pacific Infrastructure Performance Indicators 2021 report,,A,Normal value,"The figure is from Quarter 3 of the given year. A benchmark of 100 was set in 2004. For each of the five components in the calculation (number of regular containerized ships serviced in the country,their container-carrying capacity,maximum vessel size that can be received,number of services, and number of companies that deploy container ships to a country’s ports), a country’s value is divided by the maximum value of each component in 2004, the five components are then averaged for each country, and the average is divided by the maximum average for 2004 and multiplied by 100.",
DATAFLOW,SPC:DF_BP50_7(1.0),Blue Pacific 2050: Technology And Connectivity (Thematic Area 7),I,A,Annual,BPI_LSC,Liner Shipping Connectivity Index,KI,Kiribati,_T,Total,_T,All ages,_T,National,_T,Total,_Z,Not applicable,_Z,Not applicable,_Z,Not applicable,_Z,Not applicable,2012,,3.74,,INDEX,index,R,Regional,C,Country Data,Review of Economic Infrastructure in the Pacific: Pacific Infrastructure Performance Indicators 2021 report,,A,Normal value,"The figure is from Quarter 3 of the given year. A benchmark of 100 was set in 2004. For each of the five components in the calculation (number of regular containerized ships serviced in the country,their container-carrying capacity,maximum vessel size that can be received,number of services, and number of companies that deploy container ships to a country’s ports), a country’s value is divided by the maximum value of each component in 2004, the five components are then averaged for each country, and the average is divided by the maximum average for 2004 and multiplied by 100.",
DATAFLOW,SPC:DF_BP50_7(1.0),Blue Pacific 2050: Technology And Connectivity (Thematic Area 7),I,A,Annual,BPI_LSC,Liner Shipping Connectivity Index,KI,Kiribati,_T,Total,_T,All ages,_T,National,_T,Total,_Z,Not applicable,_Z,Not applicable,_Z,Not applicable,_Z,Not applicable,2013,,5.09,,INDEX,index,R,Regional,C,Country Data,Review of Economic Infrastructure in the Pacific: Pacific Infrastructure Performance Indicators 2021 report,,A,Normal value,"The figure is from Quarter 3 of the given year. A benchmark of 100 was set in 2004. For each of the five components in the calculation (number of regular containerized ships serviced in the country,their container-carrying capacity,maximum vessel size that can be received,number of services, and number of companies that deploy container ships to a country’s ports), a country’s value is divided by the maximum value of each component in 2004, the five components are then averaged for each country, and the average is divided by the maximum average for 2004 and multiplied by 100.",
DATAFLOW,SPC:DF_BP50_7(1.0),Blue Pacific 2050: Technology And Connectivity (Thematic Area 7),I,A,Annual,BPI_LSC,Liner Shipping Connectivity Index,KI,Kiribati,_T,Total,_T,All ages,_T,National,_T,Total,_Z,Not applicable,_Z,Not applicable,_Z,Not applicable,_Z,Not applicable,2014,,3.32,,INDEX,index,R,Regional,C,Country Data,Review of Economic Infrastructure in the Pacific: Pacific Infrastructure Performance Indicators 2021 report,,A,Normal value,"The figure is from Quarter 3 of the given year. A benchmark of 100 was set in 2004. For each of the five components in the calculation (number of regular containerized ships serviced in the country,their container-carrying capacity,maximum vessel size that can be received,number of services, and number of companies that deploy container ships to a country’s ports), a country’s value is divided by the maximum value of each component in 2004, the five components are then averaged for each country, and the average is divided by the maximum average for 2004 and multiplied by 100.",
DATAFLOW,SPC:DF_BP50_7(1.0),Blue Pacific 2050: Technology And Connectivity (Thematic Area 7),I,A,Annual,BPI_LSC,Liner Shipping Connectivity Index,KI,Kiribati,_T,Total,_T,All ages,_T,National,_T,Total,_Z,Not applicable,_Z,Not applicable,_Z,Not applicable,_Z,Not applicable,2015,,4.16,,INDEX,index,R,Regional,C,Country Data,Review of Economic Infrastructure in the Pacific: Pacific Infrastructure Performance Indicators 2021 report,,A,Normal value,"The figure is from Quarter 3 of the given year. A benchmark of 100 was set in 2004. For each of the five components in the calculation (number of regular containerized ships serviced in the country,their container-carrying capacity,maximum vessel size that can be received,number of services, and number of companies that deploy container ships to a country’s ports), a country’s value is divided by the maximum value of each component in 2004, the five components are then averaged for each country, and the average is divided by the maximum average for 2004 and multiplied by 100.",
DATAFLOW,SPC:DF_BP50_7(1.0),Blue Pacific 2050: Technology And Connectivity (Thematic Area 7),I,A,Annual,BPI_LSC,Liner Shipping Connectivity Index,KI,Kiribati,_T,Total,_T,All ages,_T,National,_T,Total,_Z,Not applicable,_Z,Not applicable,_Z,Not applicable,_Z,Not applicable,2016,,5.51,,INDEX,index,R,Regional,C,Country Data,Review of Economic Infrastructure in the Pacific: Pacific Infrastructure Performance Indicators 2021 report,,A,Normal value,"The figure is from Quarter 3 of the given year. A benchmark of 100 was set in 2004. For each of the five components in the calculation (number of regular containerized ships serviced in the country,their container-carrying capacity,maximum vessel size that can be received,number of services, and number of companies that deploy container ships to a country’s ports), a country’s value is divided by the maximum value of each component in 2004, the five components are then averaged for each country, and the average is divided by the maximum average for 2004 and multiplied by 100.",
DATAFLOW,SPC:DF_BP50_7(1.0),Blue Pacific 2050: Technology And Connectivity (Thematic Area 7),I,A,Annual,BPI_LSC,Liner Shipping Connectivity Index,KI,Kiribati,_T,Total,_T,All ages,_T,National,_T,Total,_Z,Not applicable,_Z,Not applicable,_Z,Not applicable,_Z,Not applicable,2017,,5.3,,INDEX,index,R,Regional,C,Country Data,Review of Economic Infrastructure in the Pacific: Pacific Infrastructure Performance Indicators 2021 report,,A,Normal value,"The figure is from Quarter 3 of the given year. A benchmark of 100 was set in 2004. For each of the five components in the calculation (number of regular containerized ships serviced in the country,their container-carrying capacity,maximum vessel size that can be received,number of services, and number of companies that deploy container ships to a country’s ports), a country’s value is divided by the maximum value of each component in 2004, the five components are then averaged for each country, and the average is divided by the maximum average for 2004 and multiplied by 100.",
DATAFLOW,SPC:DF_BP50_7(1.0),Blue Pacific 2050: Technology And Connectivity (Thematic Area 7),I,A,Annual,BPI_LSC,Liner Shipping Connectivity Index,KI,Kiribati,_T,Total,_T,All ages,_T,National,_T,Total,_Z,Not applicable,_Z,Not applicable,_Z,Not applicable,_Z,Not applicable,2018,,5.31,,INDEX,index,R,Regional,C,Country Data,Review of Economic Infrastructure in the Pacific: Pacific Infrastructure Performance Indicators 2021 report,,A,Normal value,"The figure is from Quarter 3 of the given year. A benchmark of 100 was set in 2004. For each of the five components in the calculation (number of regular containerized ships serviced in the country,their container-carrying capacity,maximum vessel size that can be received,number of services, and number of companies that deploy container ships to a country’s ports), a country’s value is divided by the maximum value of each component in 2004, the five components are then averaged for each country, and the average is divided by the maximum average for 2004 and multiplied by 100.",
DATAFLOW,SPC:DF_BP50_7(1.0),Blue Pacific 2050: Technology And Connectivity (Thematic Area 7),I,A,Annual,BPI_LSC,Liner Shipping Connectivity Index,KI,Kiribati,_T,Total,_T,All ages,_T,National,_T,Total,_Z,Not applicable,_Z,Not applicable,_Z,Not applicable,_Z,Not applicable,2019,,1.81,,INDEX,index,R,Regional,C,Country Data,Review of Economic Infrastructure in the Pacific: Pacific Infrastructure Performance Indicators 2021 report,,A,Normal value,"The figure is from Quarter 3 of the given year. A benchmark of 100 was set in 2004. For each of the five components in the calculation (number of regular containerized ships serviced in the country,their container-carrying capacity,maximum vessel size that can be received,number of services, and number of companies that deploy container ships to a country’s ports), a country’s value is divided by the maximum value of each component in 2004, the five components are then averaged for each country, and the average is divided by the maximum average for 2004 and multiplied by 100.",
DATAFLOW,SPC:DF_BP50_7(1.0),Blue Pacific 2050: Technology And Connectivity (Thematic Area 7),I,A,Annual,BPI_LSC,Liner Shipping Connectivity Index,KI,Kiribati,_T,Total,_T,All ages,_T,National,_T,Total,_Z,Not applicable,_Z,Not applicable,_Z,Not applicable,_Z,Not applicable,2020,,5.52,,INDEX,index,R,Regional,C,Country Data,Review of Economic Infrastructure in the Pacific: Pacific Infrastructure Performance Indicators 2021 report,,A,Normal value,"The figure is from Quarter 3 of the given year. A benchmark of 100 was set in 2004. For each of the five components in the calculation (number of regular containerized ships serviced in the country,their container-carrying capacity,maximum vessel size that can be received,number of services, and number of companies that deploy container ships to a country’s ports), a country’s value is divided by the maximum value of each component in 2004, the five components are then averaged for each country, and the average is divided by the maximum average for 2004 and multiplied by 100.",
DATAFLOW,SPC:DF_BP50_7(1.0),Blue Pacific 2050: Technology And Connectivity (Thematic Area 7),I,A,Annual,BPI_LSC,Liner Shipping Connectivity Index,MH,Marshall Islands,_T,Total,_T,All ages,_T,National,_T,Total,_Z,Not applicable,_Z,Not applicable,_Z,Not applicable,_Z,Not applicable,2010,,3.54,,INDEX,index,R,Regional,C,Country Data,Review of Economic Infrastructure in the Pacific: Pacific Infrastructure Performance Indicators 2021 report,,A,Normal value,"The figure is from Quarter 3 of the given year. A benchmark of 100 was set in 2004. For each of the five components in the calculation (number of regular containerized ships serviced in the country,their container-carrying capacity,maximum vessel size that can be received,number of services, and number of companies that deploy container ships to a country’s ports), a country’s value is divided by the maximum value of each component in 2004, the five components are then averaged for each country, and the average is divided by the maximum average for 2004 and multiplied by 100.",
DATAFLOW,SPC:DF_BP50_7(1.0),Blue Pacific 2050: Technology And Connectivity (Thematic Area 7),I,A,Annual,BPI_LSC,Liner Shipping Connectivity Index,MH,Marshall Islands,_T,Total,_T,All ages,_T,National,_T,Total,_Z,Not applicable,_Z,Not applicable,_Z,Not applicable,_Z,Not applicable,2011,,3.74,,INDEX,index,R,Regional,C,Country Data,Review of Economic Infrastructure in the Pacific: Pacific Infrastructure Performance Indicators 2021 report,,A,Normal value,"The figure is from Quarter 3 of the given year. A benchmark of 100 was set in 2004. For each of the five components in the calculation (number of regular containerized ships serviced in the country,their container-carrying capacity,maximum vessel size that can be received,number of services, and number of companies that deploy container ships to a country’s ports), a country’s value is divided by the maximum value of each component in 2004, the five components are then averaged for each country, and the average is divided by the maximum average for 2004 and multiplied by 100.",
DATAFLOW,SPC:DF_BP50_7(1.0),Blue Pacific 2050: Technology And Connectivity (Thematic Area 7),I,A,Annual,BPI_LSC,Liner Shipping Connectivity Index,MH,Marshall Islands,_T,Total,_T,All ages,_T,National,_T,Total,_Z,Not applicable,_Z,Not applicable,_Z,Not applicable,_Z,Not applicable,2012,,4.28,,INDEX,index,R,Regional,C,Country Data,Review of Economic Infrastructure in the Pacific: Pacific Infrastructure Performance Indicators 2021 report,,A,Normal value,"The figure is from Quarter 3 of the given year. A benchmark of 100 was set in 2004. For each of the five components in the calculation (number of regular containerized ships serviced in the country,their container-carrying capacity,maximum vessel size that can be received,number of services, and number of companies that deploy container ships to a country’s ports), a country’s value is divided by the maximum value of each component in 2004, the five components are then averaged for each country, and the average is divided by the maximum average for 2004 and multiplied by 100.",
DATAFLOW,SPC:DF_BP50_7(1.0),Blue Pacific 2050: Technology And Connectivity (Thematic Area 7),I,A,Annual,BPI_LSC,Liner Shipping Connectivity Index,MH,Marshall Islands,_T,Total,_T,All ages,_T,National,_T,Total,_Z,Not applicable,_Z,Not applicable,_Z,Not applicable,_Z,Not applicable,2013,,5.77,,INDEX,index,R,Regional,C,Country Data,Review of Economic Infrastructure in the Pacific: Pacific Infrastructure Performance Indicators 2021 report,,A,Normal value,"The figure is from Quarter 3 of the given year. A benchmark of 100 was set in 2004. For each of the five components in the calculation (number of regular containerized ships serviced in the country,their container-carrying capacity,maximum vessel size that can be received,number of services, and number of companies that deploy container ships to a country’s ports), a country’s value is divided by the maximum value of each component in 2004, the five components are then averaged for each country, and the average is divided by the maximum average for 2004 and multiplied by 100.",
DATAFLOW,SPC:DF_BP50_7(1.0),Blue Pacific 2050: Technology And Connectivity (Thematic Area 7),I,A,Annual,BPI_LSC,Liner Shipping Connectivity Index,MH,Marshall Islands,_T,Total,_T,All ages,_T,National,_T,Total,_Z,Not applicable,_Z,Not applicable,_Z,Not applicable,_Z,Not applicable,2014,,4.25,,INDEX,index,R,Regional,C,Country Data,Review of Economic Infrastructure in the Pacific: Pacific Infrastructure Performance Indicators 2021 report,,A,Normal value,"The figure is from Quarter 3 of the given year. A benchmark of 100 was set in 2004. For each of the five components in the calculation (number of regular containerized ships serviced in the country,their container-carrying capacity,maximum vessel size that can be received,number of services, and number of companies that deploy container ships to a country’s ports), a country’s value is divided by the maximum value of each component in 2004, the five components are then averaged for each country, and the average is divided by the maximum average for 2004 and multiplied by 100.",
DATAFLOW,SPC:DF_BP50_7(1.0),Blue Pacific 2050: Technology And Connectivity (Thematic Area 7),I,A,Annual,BPI_LSC,Liner Shipping Connectivity Index,MH,Marshall Islands,_T,Total,_T,All ages,_T,National,_T,Total,_Z,Not applicable,_Z,Not applicable,_Z,Not applicable,_Z,Not applicable,2015,,5.16,,INDEX,index,R,Regional,C,Country Data,Review of Economic Infrastructure in the Pacific: Pacific Infrastructure Performance Indicators 2021 report,,A,Normal value,"The figure is from Quarter 3 of the given year. A benchmark of 100 was set in 2004. For each of the five components in the calculation (number of regular containerized ships serviced in the country,their container-carrying capacity,maximum vessel size that can be received,number of services, and number of companies that deploy container ships to a country’s ports), a country’s value is divided by the maximum value of each component in 2004, the five components are then averaged for each country, and the average is divided by the maximum average for 2004 and multiplied by 100.",
DATAFLOW,SPC:DF_BP50_7(1.0),Blue Pacific 2050: Technology And Connectivity (Thematic Area 7),I,A,Annual,BPI_LSC,Liner Shipping Connectivity Index,MH,Marshall Islands,_T,Total,_T,All ages,_T,National,_T,Total,_Z,Not applicable,_Z,Not applicable,_Z,Not applicable,_Z,Not applicable,2016,,6.36,,INDEX,index,R,Regional,C,Country Data,Review of Economic Infrastructure in the Pacific: Pacific Infrastructure Performance Indicators 2021 report,,A,Normal value,"The figure is from Quarter 3 of the given year. A benchmark of 100 was set in 2004. For each of the five components in the calculation (number of regular containerized ships serviced in the country,their container-carrying capacity,maximum vessel size that can be received,number of services, and number of companies that deploy container ships to a country’s ports), a country’s value is divided by the maximum value of each component in 2004, the five components are then averaged for each country, and the average is divided by the maximum average for 2004 and multiplied by 100.",
DATAFLOW,SPC:DF_BP50_7(1.0),Blue Pacific 2050: Technology And Connectivity (Thematic Area 7),I,A,Annual,BPI_LSC,Liner Shipping Connectivity Index,MH,Marshall Islands,_T,Total,_T,All ages,_T,National,_T,Total,_Z,Not applicable,_Z,Not applicable,_Z,Not applicable,_Z,Not applicable,2017,,6.85,,INDEX,index,R,Regional,C,Country Data,Review of Economic Infrastructure in the Pacific: Pacific Infrastructure Performance Indicators 2021 report,,A,Normal value,"The figure is from Quarter 3 of the given year. A benchmark of 100 was set in 2004. For each of the five components in the calculation (number of regular containerized ships serviced in the country,their container-carrying capacity,maximum vessel size that can be received,number of services, and number of companies that deploy container ships to a country’s ports), a country’s value is divided by the maximum value of each component in 2004, the five components are then averaged for each country, and the average is divided by the maximum average for 2004 and multiplied by 100.",
DATAFLOW,SPC:DF_BP50_7(1.0),Blue Pacific 2050: Technology And Connectivity (Thematic Area 7),I,A,Annual,BPI_LSC,Liner Shipping Connectivity Index,MH,Marshall Islands,_T,Total,_T,All ages,_T,National,_T,Total,_Z,Not applicable,_Z,Not applicable,_Z,Not applicable,_Z,Not applicable,2018,,6.68,,INDEX,index,R,Regional,C,Country Data,Review of Economic Infrastructure in the Pacific: Pacific Infrastructure Performance Indicators 2021 report,,A,Normal value,"The figure is from Quarter 3 of the given year. A benchmark of 100 was set in 2004. For each of the five components in the calculation (number of regular containerized ships serviced in the country,their container-carrying capacity,maximum vessel size that can be received,number of services, and number of companies that deploy container ships to a country’s ports), a country’s value is divided by the maximum value of each component in 2004, the five components are then averaged for each country, and the average is divided by the maximum average for 2004 and multiplied by 100.",
DATAFLOW,SPC:DF_BP50_7(1.0),Blue Pacific 2050: Technology And Connectivity (Thematic Area 7),I,A,Annual,BPI_LSC,Liner Shipping Connectivity Index,MH,Marshall Islands,_T,Total,_T,All ages,_T,National,_T,Total,_Z,Not applicable,_Z,Not applicable,_Z,Not applicable,_Z,Not applicable,2019,,4.42,,INDEX,index,R,Regional,C,Country Data,Review of Economic Infrastructure in the Pacific: Pacific Infrastructure Performance Indicators 2021 report,,A,Normal value,"The figure is from Quarter 3 of the given year. A benchmark of 100 was set in 2004. For each of the five components in the calculation (number of regular containerized ships serviced in the country,their container-carrying capacity,maximum vessel size that can be received,number of services, and number of companies that deploy container ships to a country’s ports), a country’s value is divided by the maximum value of each component in 2004, the five components are then averaged for each country, and the average is divided by the maximum average for 2004 and multiplied by 100.",
DATAFLOW,SPC:DF_BP50_7(1.0),Blue Pacific 2050: Technology And Connectivity (Thematic Area 7),I,A,Annual,BPI_LSC,Liner Shipping Connectivity Index,MH,Marshall Islands,_T,Total,_T,All ages,_T,National,_T,Total,_Z,Not applicable,_Z,Not applicable,_Z,Not applicable,_Z,Not applicable,2020,,6.94,,INDEX,index,R,Regional,C,Country Data,Review of Economic Infrastructure in the Pacific: Pacific Infrastructure Performance Indicators 2021 report,,A,Normal value,"The figure is from Quarter 3 of the given year. A benchmark of 100 was set in 2004. For each of the five components in the calculation (number of regular containerized ships serviced in the country,their container-carrying capacity,maximum vessel size that can be received,number of services, and number of companies that deploy container ships to a country’s ports), a country’s value is divided by the maximum value of each component in 2004, the five components are then averaged for each country, and the average is divided by the maximum average for 2004 and multiplied by 100.",
DATAFLOW,SPC:DF_BP50_7(1.0),Blue Pacific 2050: Technology And Connectivity (Thematic Area 7),I,A,Annual,BPI_LSC,Liner Shipping Connectivity Index,NR,Nauru,_T,Total,_T,All ages,_T,National,_T,Total,_Z,Not applicable,_Z,Not applicable,_Z,Not applicable,_Z,Not applicable,2010,,1.09,,INDEX,index,R,Regional,C,Country Data,Review of Economic Infrastructure in the Pacific: Pacific Infrastructure Performance Indicators 2021 report,,A,Normal value,"The figure is from Quarter 3 of the given year. A benchmark of 100 was set in 2004. For each of the five components in the calculation (number of regular containerized ships serviced in the country,their container-carrying capacity,maximum vessel size that can be received,number of services, and number of companies that deploy container ships to a country’s ports), a country’s value is divided by the maximum value of each component in 2004, the five components are then averaged for each country, and the average is divided by the maximum average for 2004 and multiplied by 100.",
DATAFLOW,SPC:DF_BP50_7(1.0),Blue Pacific 2050: Technology And Connectivity (Thematic Area 7),I,A,Annual,BPI_LSC,Liner Shipping Connectivity Index,NR,Nauru,_T,Total,_T,All ages,_T,National,_T,Total,_Z,Not applicable,_Z,Not applicable,_Z,Not applicable,_Z,Not applicable,2011,,1.09,,INDEX,index,R,Regional,C,Country Data,Review of Economic Infrastructure in the Pacific: Pacific Infrastructure Performance Indicators 2021 report,,A,Normal value,"The figure is from Quarter 3 of the given year. A benchmark of 100 was set in 2004. For each of the five components in the calculation (number of regular containerized ships serviced in the country,their container-carrying capacity,maximum vessel size that can be received,number of services, and number of companies that deploy container ships to a country’s ports), a country’s value is divided by the maximum value of each component in 2004, the five components are then averaged for each country, and the average is divided by the maximum average for 2004 and multiplied by 100.",
DATAFLOW,SPC:DF_BP50_7(1.0),Blue Pacific 2050: Technology And Connectivity (Thematic Area 7),I,A,Annual,BPI_LSC,Liner Shipping Connectivity Index,NR,Nauru,_T,Total,_T,All ages,_T,National,_T,Total,_Z,Not applicable,_Z,Not applicable,_Z,Not applicable,_Z,Not applicable,2013,,1.72,,INDEX,index,R,Regional,C,Country Data,Review of Economic Infrastructure in the Pacific: Pacific Infrastructure Performance Indicators 2021 report,,A,Normal value,"The figure is from Quarter 3 of the given year. A benchmark of 100 was set in 2004. For each of the five components in the calculation (number of regular containerized ships serviced in the country,their container-carrying capacity,maximum vessel size that can be received,number of services, and number of companies that deploy container ships to a country’s ports), a country’s value is divided by the maximum value of each component in 2004, the five components are then averaged for each country, and the average is divided by the maximum average for 2004 and multiplied by 100.",
DATAFLOW,SPC:DF_BP50_7(1.0),Blue Pacific 2050: Technology And Connectivity (Thematic Area 7),I,A,Annual,BPI_LSC,Liner Shipping Connectivity Index,NR,Nauru,_T,Total,_T,All ages,_T,National,_T,Total,_Z,Not applicable,_Z,Not applicable,_Z,Not applicable,_Z,Not applicable,2014,,1.97,,INDEX,index,R,Regional,C,Country Data,Review of Economic Infrastructure in the Pacific: Pacific Infrastructure Performance Indicators 2021 report,,A,Normal value,"The figure is from Quarter 3 of the given year. A benchmark of 100 was set in 2004. For each of the five components in the calculation (number of regular containerized ships serviced in the country,their container-carrying capacity,maximum vessel size that can be received,number of services, and number of companies that deploy container ships to a country’s ports), a country’s value is divided by the maximum value of each component in 2004, the five components are then averaged for each country, and the average is divided by the maximum average for 2004 and multiplied by 100.",
DATAFLOW,SPC:DF_BP50_7(1.0),Blue Pacific 2050: Technology And Connectivity (Thematic Area 7),I,A,Annual,BPI_LSC,Liner Shipping Connectivity Index,NR,Nauru,_T,Total,_T,All ages,_T,National,_T,Total,_Z,Not applicable,_Z,Not applicable,_Z,Not applicable,_Z,Not applicable,2015,,2.08,,INDEX,index,R,Regional,C,Country Data,Review of Economic Infrastructure in the Pacific: Pacific Infrastructure Performance Indicators 2021 report,,A,Normal value,"The figure is from Quarter 3 of the given year. A benchmark of 100 was set in 2004. For each of the five components in the calculation (number of regular containerized ships serviced in the country,their container-carrying capacity,maximum vessel size that can be received,number of services, and number of companies that deploy container ships to a country’s ports), a country’s value is divided by the maximum value of each component in 2004, the five components are then averaged for each country, and the average is divided by the maximum average for 2004 and multiplied by 100.",
DATAFLOW,SPC:DF_BP50_7(1.0),Blue Pacific 2050: Technology And Connectivity (Thematic Area 7),I,A,Annual,BPI_LSC,Liner Shipping Connectivity Index,NR,Nauru,_T,Total,_T,All ages,_T,National,_T,Total,_Z,Not applicable,_Z,Not applicable,_Z,Not applicable,_Z,Not applicable,2016,,1.72,,INDEX,index,R,Regional,C,Country Data,Review of Economic Infrastructure in the Pacific: Pacific Infrastructure Performance Indicators 2021 report,,A,Normal value,"The figure is from Quarter 3 of the given year. A benchmark of 100 was set in 2004. For each of the five components in the calculation (number of regular containerized ships serviced in the country,their container-carrying capacity,maximum vessel size that can be received,number of services, and number of companies that deploy container ships to a country’s ports), a country’s value is divided by the maximum value of each component in 2004, the five components are then averaged for each country, and the average is divided by the maximum average for 2004 and multiplied by 100.",
DATAFLOW,SPC:DF_BP50_7(1.0),Blue Pacific 2050: Technology And Connectivity (Thematic Area 7),I,A,Annual,BPI_LSC,Liner Shipping Connectivity Index,NR,Nauru,_T,Total,_T,All ages,_T,National,_T,Total,_Z,Not applicable,_Z,Not applicable,_Z,Not applicable,_Z,Not applicable,2017,,1.72,,INDEX,index,R,Regional,C,Country Data,Review of Economic Infrastructure in the Pacific: Pacific Infrastructure Performance Indicators 2021 report,,A,Normal value,"The figure is from Quarter 3 of the given year. A benchmark of 100 was set in 2004. For each of the five components in the calculation (number of regular containerized ships serviced in the country,their container-carrying capacity,maximum vessel size that can be received,number of services, and number of companies that deploy container ships to a country’s ports), a country’s value is divided by the maximum value of each component in 2004, the five components are then averaged for each country, and the average is divided by the maximum average for 2004 and multiplied by 100.",
DATAFLOW,SPC:DF_BP50_7(1.0),Blue Pacific 2050: Technology And Connectivity (Thematic Area 7),I,A,Annual,BPI_LSC,Liner Shipping Connectivity Index,NR,Nauru,_T,Total,_T,All ages,_T,National,_T,Total,_Z,Not applicable,_Z,Not applicable,_Z,Not applicable,_Z,Not applicable,2018,,1.85,,INDEX,index,R,Regional,C,Country Data,Review of Economic Infrastructure in the Pacific: Pacific Infrastructure Performance Indicators 2021 report,,A,Normal value,"The figure is from Quarter 3 of the given year. A benchmark of 100 was set in 2004. For each of the five components in the calculation (number of regular containerized ships serviced in the country,their container-carrying capacity,maximum vessel size that can be received,number of services, and number of companies that deploy container ships to a country’s ports), a country’s value is divided by the maximum value of each component in 2004, the five components are then averaged for each country, and the average is divided by the maximum average for 2004 and multiplied by 100.",
DATAFLOW,SPC:DF_BP50_7(1.0),Blue Pacific 2050: Technology And Connectivity (Thematic Area 7),I,A,Annual,BPI_LSC,Liner Shipping Connectivity Index,NR,Nauru,_T,Total,_T,All ages,_T,National,_T,Total,_Z,Not applicable,_Z,Not applicable,_Z,Not applicable,_Z,Not applicable,2019,,1.7,,INDEX,index,R,Regional,C,Country Data,Review of Economic Infrastructure in the Pacific: Pacific Infrastructure Performance Indicators 2021 report,,A,Normal value,"The figure is from Quarter 3 of the given year. A benchmark of 100 was set in 2004. For each of the five components in the calculation (number of regular containerized ships serviced in the country,their container-carrying capacity,maximum vessel size that can be received,number of services, and number of companies that deploy container ships to a country’s ports), a country’s value is divided by the maximum value of each component in 2004, the five components are then averaged for each country, and the average is divided by the maximum average for 2004 and multiplied by 100.",
DATAFLOW,SPC:DF_BP50_7(1.0),Blue Pacific 2050: Technology And Connectivity (Thematic Area 7),I,A,Annual,BPI_LSC,Liner Shipping Connectivity Index,NR,Nauru,_T,Total,_T,All ages,_T,National,_T,Total,_Z,Not applicable,_Z,Not applicable,_Z,Not applicable,_Z,Not applicable,2020,,1.85,,INDEX,index,R,Regional,C,Country Data,Review of Economic Infrastructure in the Pacific: Pacific Infrastructure Performance Indicators 2021 report,,A,Normal value,"The figure is from Quarter 3 of the given year. A benchmark of 100 was set in 2004. For each of the five components in the calculation (number of regular containerized ships serviced in the country,their container-carrying capacity,maximum vessel size that can be received,number of services, and number of companies that deploy container ships to a country’s ports), a country’s value is divided by the maximum value of each component in 2004, the five components are then averaged for each country, and the average is divided by the maximum average for 2004 and multiplied by 100.",
DATAFLOW,SPC:DF_BP50_7(1.0),Blue Pacific 2050: Technology And Connectivity (Thematic Area 7),I,A,Annual,BPI_LSC,Liner Shipping Connectivity Index,NU,Niue,_T,Total,_T,All ages,_T,National,_T,Total,_Z,Not applicable,_Z,Not applicable,_Z,Not applicable,_Z,Not applicable,2010,,1.14,,INDEX,index,R,Regional,C,Country Data,Review of Economic Infrastructure in the Pacific: Pacific Infrastructure Performance Indicators 2021 report,,A,Normal value,"The figure is from Quarter 3 of the given year. A benchmark of 100 was set in 2004. For each of the five components in the calculation (number of regular containerized ships serviced in the country,their container-carrying capacity,maximum vessel size that can be received,number of services, and number of companies that deploy container ships to a country’s ports), a country’s value is divided by the maximum value of each component in 2004, the five components are then averaged for each country, and the average is divided by the maximum average for 2004 and multiplied by 100.",
DATAFLOW,SPC:DF_BP50_7(1.0),Blue Pacific 2050: Technology And Connectivity (Thematic Area 7),I,A,Annual,BPI_LSC,Liner Shipping Connectivity Index,NU,Niue,_T,Total,_T,All ages,_T,National,_T,Total,_Z,Not applicable,_Z,Not applicable,_Z,Not applicable,_Z,Not applicable,2011,,1.14,,INDEX,index,R,Regional,C,Country Data,Review of Economic Infrastructure in the Pacific: Pacific Infrastructure Performance Indicators 2021 report,,A,Normal value,"The figure is from Quarter 3 of the given year. A benchmark of 100 was set in 2004. For each of the five components in the calculation (number of regular containerized ships serviced in the country,their container-carrying capacity,maximum vessel size that can be received,number of services, and number of companies that deploy container ships to a country’s ports), a country’s value is divided by the maximum value of each component in 2004, the five components are then averaged for each country, and the average is divided by the maximum average for 2004 and multiplied by 100.",
DATAFLOW,SPC:DF_BP50_7(1.0),Blue Pacific 2050: Technology And Connectivity (Thematic Area 7),I,A,Annual,BPI_LSC,Liner Shipping Connectivity Index,NU,Niue,_T,Total,_T,All ages,_T,National,_T,Total,_Z,Not applicable,_Z,Not applicable,_Z,Not applicable,_Z,Not applicable,2012,,1.14,,INDEX,index,R,Regional,C,Country Data,Review of Economic Infrastructure in the Pacific: Pacific Infrastructure Performance Indicators 2021 report,,A,Normal value,"The figure is from Quarter 3 of the given year. A benchmark of 100 was set in 2004. For each of the five components in the calculation (number of regular containerized ships serviced in the country,their container-carrying capacity,maximum vessel size that can be received,number of services, and number of companies that deploy container ships to a country’s ports), a country’s value is divided by the maximum value of each component in 2004, the five components are then averaged for each country, and the average is divided by the maximum average for 2004 and multiplied by 100.",
DATAFLOW,SPC:DF_BP50_7(1.0),Blue Pacific 2050: Technology And Connectivity (Thematic Area 7),I,A,Annual,BPI_LSC,Liner Shipping Connectivity Index,PG,Papua New Guinea,_T,Total,_T,All ages,_T,National,_T,Total,_Z,Not applicable,_Z,Not applicable,_Z,Not applicable,_Z,Not applicable,2010,,7.35,,INDEX,index,R,Regional,C,Country Data,Review of Economic Infrastructure in the Pacific: Pacific Infrastructure Performance Indicators 2021 report,,A,Normal value,"The figure is from Quarter 3 of the given year. A benchmark of 100 was set in 2004. For each of the five components in the calculation (number of regular containerized ships serviced in the country,their container-carrying capacity,maximum vessel size that can be received,number of services, and number of companies that deploy container ships to a country’s ports), a country’s value is divided by the maximum value of each component in 2004, the five components are then averaged for each country, and the average is divided by the maximum average for 2004 and multiplied by 100.",
DATAFLOW,SPC:DF_BP50_7(1.0),Blue Pacific 2050: Technology And Connectivity (Thematic Area 7),I,A,Annual,BPI_LSC,Liner Shipping Connectivity Index,PG,Papua New Guinea,_T,Total,_T,All ages,_T,National,_T,Total,_Z,Not applicable,_Z,Not applicable,_Z,Not applicable,_Z,Not applicable,2011,,7.66,,INDEX,index,R,Regional,C,Country Data,Review of Economic Infrastructure in the Pacific: Pacific Infrastructure Performance Indicators 2021 report,,A,Normal value,"The figure is from Quarter 3 of the given year. A benchmark of 100 was set in 2004. For each of the five components in the calculation (number of regular containerized ships serviced in the country,their container-carrying capacity,maximum vessel size that can be received,number of services, and number of companies that deploy container ships to a country’s ports), a country’s value is divided by the maximum value of each component in 2004, the five components are then averaged for each country, and the average is divided by the maximum average for 2004 and multiplied by 100.",
DATAFLOW,SPC:DF_BP50_7(1.0),Blue Pacific 2050: Technology And Connectivity (Thematic Area 7),I,A,Annual,BPI_LSC,Liner Shipping Connectivity Index,PG,Papua New Guinea,_T,Total,_T,All ages,_T,National,_T,Total,_Z,Not applicable,_Z,Not applicable,_Z,Not applicable,_Z,Not applicable,2012,,9.09,,INDEX,index,R,Regional,C,Country Data,Review of Economic Infrastructure in the Pacific: Pacific Infrastructure Performance Indicators 2021 report,,A,Normal value,"The figure is from Quarter 3 of the given year. A benchmark of 100 was set in 2004. For each of the five components in the calculation (number of regular containerized ships serviced in the country,their container-carrying capacity,maximum vessel size that can be received,number of services, and number of companies that deploy container ships to a country’s ports), a country’s value is divided by the maximum value of each component in 2004, the five components are then averaged for each country, and the average is divided by the maximum average for 2004 and multiplied by 100.",
DATAFLOW,SPC:DF_BP50_7(1.0),Blue Pacific 2050: Technology And Connectivity (Thematic Area 7),I,A,Annual,BPI_LSC,Liner Shipping Connectivity Index,PG,Papua New Guinea,_T,Total,_T,All ages,_T,National,_T,Total,_Z,Not applicable,_Z,Not applicable,_Z,Not applicable,_Z,Not applicable,2013,,9.85,,INDEX,index,R,Regional,C,Country Data,Review of Economic Infrastructure in the Pacific: Pacific Infrastructure Performance Indicators 2021 report,,A,Normal value,"The figure is from Quarter 3 of the given year. A benchmark of 100 was set in 2004. For each of the five components in the calculation (number of regular containerized ships serviced in the country,their container-carrying capacity,maximum vessel size that can be received,number of services, and number of companies that deploy container ships to a country’s ports), a country’s value is divided by the maximum value of each component in 2004, the five components are then averaged for each country, and the average is divided by the maximum average for 2004 and multiplied by 100.",
DATAFLOW,SPC:DF_BP50_7(1.0),Blue Pacific 2050: Technology And Connectivity (Thematic Area 7),I,A,Annual,BPI_LSC,Liner Shipping Connectivity Index,PG,Papua New Guinea,_T,Total,_T,All ages,_T,National,_T,Total,_Z,Not applicable,_Z,Not applicable,_Z,Not applicable,_Z,Not applicable,2014,,10.51,,INDEX,index,R,Regional,C,Country Data,Review of Economic Infrastructure in the Pacific: Pacific Infrastructure Performance Indicators 2021 report,,A,Normal value,"The figure is from Quarter 3 of the given year. A benchmark of 100 was set in 2004. For each of the five components in the calculation (number of regular containerized ships serviced in the country,their container-carrying capacity,maximum vessel size that can be received,number of services, and number of companies that deploy container ships to a country’s ports), a country’s value is divided by the maximum value of each component in 2004, the five components are then averaged for each country, and the average is divided by the maximum average for 2004 and multiplied by 100.",
DATAFLOW,SPC:DF_BP50_7(1.0),Blue Pacific 2050: Technology And Connectivity (Thematic Area 7),I,A,Annual,BPI_LSC,Liner Shipping Connectivity Index,PG,Papua New Guinea,_T,Total,_T,All ages,_T,National,_T,Total,_Z,Not applicable,_Z,Not applicable,_Z,Not applicable,_Z,Not applicable,2015,,10.18,,INDEX,index,R,Regional,C,Country Data,Review of Economic Infrastructure in the Pacific: Pacific Infrastructure Performance Indicators 2021 report,,A,Normal value,"The figure is from Quarter 3 of the given year. A benchmark of 100 was set in 2004. For each of the five components in the calculation (number of regular containerized ships serviced in the country,their container-carrying capacity,maximum vessel size that can be received,number of services, and number of companies that deploy container ships to a country’s ports), a country’s value is divided by the maximum value of each component in 2004, the five components are then averaged for each country, and the average is divided by the maximum average for 2004 and multiplied by 100.",
DATAFLOW,SPC:DF_BP50_7(1.0),Blue Pacific 2050: Technology And Connectivity (Thematic Area 7),I,A,Annual,BPI_LSC,Liner Shipping Connectivity Index,PG,Papua New Guinea,_T,Total,_T,All ages,_T,National,_T,Total,_Z,Not applicable,_Z,Not applicable,_Z,Not applicable,_Z,Not applicable,2016,,10.11,,INDEX,index,R,Regional,C,Country Data,Review of Economic Infrastructure in the Pacific: Pacific Infrastructure Performance Indicators 2021 report,,A,Normal value,"The figure is from Quarter 3 of the given year. A benchmark of 100 was set in 2004. For each of the five components in the calculation (number of regular containerized ships serviced in the country,their container-carrying capacity,maximum vessel size that can be received,number of services, and number of companies that deploy container ships to a country’s ports), a country’s value is divided by the maximum value of each component in 2004, the five components are then averaged for each country, and the average is divided by the maximum average for 2004 and multiplied by 100.",
DATAFLOW,SPC:DF_BP50_7(1.0),Blue Pacific 2050: Technology And Connectivity (Thematic Area 7),I,A,Annual,BPI_LSC,Liner Shipping Connectivity Index,PG,Papua New Guinea,_T,Total,_T,All ages,_T,National,_T,Total,_Z,Not applicable,_Z,Not applicable,_Z,Not applicable,_Z,Not applicable,2017,,10.82,,INDEX,index,R,Regional,C,Country Data,Review of Economic Infrastructure in the Pacific: Pacific Infrastructure Performance Indicators 2021 report,,A,Normal value,"The figure is from Quarter 3 of the given year. A benchmark of 100 was set in 2004. For each of the five components in the calculation (number of regular containerized ships serviced in the country,their container-carrying capacity,maximum vessel size that can be received,number of services, and number of companies that deploy container ships to a country’s ports), a country’s value is divided by the maximum value of each component in 2004, the five components are then averaged for each country, and the average is divided by the maximum average for 2004 and multiplied by 100.",
DATAFLOW,SPC:DF_BP50_7(1.0),Blue Pacific 2050: Technology And Connectivity (Thematic Area 7),I,A,Annual,BPI_LSC,Liner Shipping Connectivity Index,PG,Papua New Guinea,_T,Total,_T,All ages,_T,National,_T,Total,_Z,Not applicable,_Z,Not applicable,_Z,Not applicable,_Z,Not applicable,2018,,10.35,,INDEX,index,R,Regional,C,Country Data,Review of Economic Infrastructure in the Pacific: Pacific Infrastructure Performance Indicators 2021 report,,A,Normal value,"The figure is from Quarter 3 of the given year. A benchmark of 100 was set in 2004. For each of the five components in the calculation (number of regular containerized ships serviced in the country,their container-carrying capacity,maximum vessel size that can be received,number of services, and number of companies that deploy container ships to a country’s ports), a country’s value is divided by the maximum value of each component in 2004, the five components are then averaged for each country, and the average is divided by the maximum average for 2004 and multiplied by 100.",
DATAFLOW,SPC:DF_BP50_7(1.0),Blue Pacific 2050: Technology And Connectivity (Thematic Area 7),I,A,Annual,BPI_LSC,Liner Shipping Connectivity Index,PG,Papua New Guinea,_T,Total,_T,All ages,_T,National,_T,Total,_Z,Not applicable,_Z,Not applicable,_Z,Not applicable,_Z,Not applicable,2019,,10.63,,INDEX,index,R,Regional,C,Country Data,Review of Economic Infrastructure in the Pacific: Pacific Infrastructure Performance Indicators 2021 report,,A,Normal value,"The figure is from Quarter 3 of the given year. A benchmark of 100 was set in 2004. For each of the five components in the calculation (number of regular containerized ships serviced in the country,their container-carrying capacity,maximum vessel size that can be received,number of services, and number of companies that deploy container ships to a country’s ports), a country’s value is divided by the maximum value of each component in 2004, the five components are then averaged for each country, and the average is divided by the maximum average for 2004 and multiplied by 100.",
DATAFLOW,SPC:DF_BP50_7(1.0),Blue Pacific 2050: Technology And Connectivity (Thematic Area 7),I,A,Annual,BPI_LSC,Liner Shipping Connectivity Index,PG,Papua New Guinea,_T,Total,_T,All ages,_T,National,_T,Total,_Z,Not applicable,_Z,Not applicable,_Z,Not applicable,_Z,Not applicable,2020,,10.63,,INDEX,index,R,Regional,C,Country Data,Review of Economic Infrastructure in the Pacific: Pacific Infrastructure Performance Indicators 2021 report,,A,Normal value,"The figure is from Quarter 3 of the given year. A benchmark of 100 was set in 2004. For each of the five components in the calculation (number of regular containerized ships serviced in the country,their container-carrying capacity,maximum vessel size that can be received,number of services, and number of companies that deploy container ships to a country’s ports), a country’s value is divided by the maximum value of each component in 2004, the five components are then averaged for each country, and the average is divided by the maximum average for 2004 and multiplied by 100.",
DATAFLOW,SPC:DF_BP50_7(1.0),Blue Pacific 2050: Technology And Connectivity (Thematic Area 7),I,A,Annual,BPI_LSC,Liner Shipping Connectivity Index,PW,Palau,_T,Total,_T,All ages,_T,National,_T,Total,_Z,Not applicable,_Z,Not applicable,_Z,Not applicable,_Z,Not applicable,2010,,3.81,,INDEX,index,R,Regional,C,Country Data,Review of Economic Infrastructure in the Pacific: Pacific Infrastructure Performance Indicators 2021 report,,A,Normal value,"The figure is from Quarter 3 of the given year. A benchmark of 100 was set in 2004. For each of the five components in the calculation (number of regular containerized ships serviced in the country,their container-carrying capacity,maximum vessel size that can be received,number of services, and number of companies that deploy container ships to a country’s ports), a country’s value is divided by the maximum value of each component in 2004, the five components are then averaged for each country, and the average is divided by the maximum average for 2004 and multiplied by 100.",
DATAFLOW,SPC:DF_BP50_7(1.0),Blue Pacific 2050: Technology And Connectivity (Thematic Area 7),I,A,Annual,BPI_LSC,Liner Shipping Connectivity Index,PW,Palau,_T,Total,_T,All ages,_T,National,_T,Total,_Z,Not applicable,_Z,Not applicable,_Z,Not applicable,_Z,Not applicable,2011,,3.28,,INDEX,index,R,Regional,C,Country Data,Review of Economic Infrastructure in the Pacific: Pacific Infrastructure Performance Indicators 2021 report,,A,Normal value,"The figure is from Quarter 3 of the given year. A benchmark of 100 was set in 2004. For each of the five components in the calculation (number of regular containerized ships serviced in the country,their container-carrying capacity,maximum vessel size that can be received,number of services, and number of companies that deploy container ships to a country’s ports), a country’s value is divided by the maximum value of each component in 2004, the five components are then averaged for each country, and the average is divided by the maximum average for 2004 and multiplied by 100.",
DATAFLOW,SPC:DF_BP50_7(1.0),Blue Pacific 2050: Technology And Connectivity (Thematic Area 7),I,A,Annual,BPI_LSC,Liner Shipping Connectivity Index,PW,Palau,_T,Total,_T,All ages,_T,National,_T,Total,_Z,Not applicable,_Z,Not applicable,_Z,Not applicable,_Z,Not applicable,2012,,3.28,,INDEX,index,R,Regional,C,Country Data,Review of Economic Infrastructure in the Pacific: Pacific Infrastructure Performance Indicators 2021 report,,A,Normal value,"The figure is from Quarter 3 of the given year. A benchmark of 100 was set in 2004. For each of the five components in the calculation (number of regular containerized ships serviced in the country,their container-carrying capacity,maximum vessel size that can be received,number of services, and number of companies that deploy container ships to a country’s ports), a country’s value is divided by the maximum value of each component in 2004, the five components are then averaged for each country, and the average is divided by the maximum average for 2004 and multiplied by 100.",
DATAFLOW,SPC:DF_BP50_7(1.0),Blue Pacific 2050: Technology And Connectivity (Thematic Area 7),I,A,Annual,BPI_LSC,Liner Shipping Connectivity Index,PW,Palau,_T,Total,_T,All ages,_T,National,_T,Total,_Z,Not applicable,_Z,Not applicable,_Z,Not applicable,_Z,Not applicable,2013,,3.71,,INDEX,index,R,Regional,C,Country Data,Review of Economic Infrastructure in the Pacific: Pacific Infrastructure Performance Indicators 2021 report,,A,Normal value,"The figure is from Quarter 3 of the given year. A benchmark of 100 was set in 2004. For each of the five components in the calculation (number of regular containerized ships serviced in the country,their container-carrying capacity,maximum vessel size that can be received,number of services, and number of companies that deploy container ships to a country’s ports), a country’s value is divided by the maximum value of each component in 2004, the five components are then averaged for each country, and the average is divided by the maximum average for 2004 and multiplied by 100.",
DATAFLOW,SPC:DF_BP50_7(1.0),Blue Pacific 2050: Technology And Connectivity (Thematic Area 7),I,A,Annual,BPI_LSC,Liner Shipping Connectivity Index,PW,Palau,_T,Total,_T,All ages,_T,National,_T,Total,_Z,Not applicable,_Z,Not applicable,_Z,Not applicable,_Z,Not applicable,2014,,3.71,,INDEX,index,R,Regional,C,Country Data,Review of Economic Infrastructure in the Pacific: Pacific Infrastructure Performance Indicators 2021 report,,A,Normal value,"The figure is from Quarter 3 of the given year. A benchmark of 100 was set in 2004. For each of the five components in the calculation (number of regular containerized ships serviced in the country,their container-carrying capacity,maximum vessel size that can be received,number of services, and number of companies that deploy container ships to a country’s ports), a country’s value is divided by the maximum value of each component in 2004, the five components are then averaged for each country, and the average is divided by the maximum average for 2004 and multiplied by 100.",
DATAFLOW,SPC:DF_BP50_7(1.0),Blue Pacific 2050: Technology And Connectivity (Thematic Area 7),I,A,Annual,BPI_LSC,Liner Shipping Connectivity Index,PW,Palau,_T,Total,_T,All ages,_T,National,_T,Total,_Z,Not applicable,_Z,Not applicable,_Z,Not applicable,_Z,Not applicable,2016,,3.78,,INDEX,index,R,Regional,C,Country Data,Review of Economic Infrastructure in the Pacific: Pacific Infrastructure Performance Indicators 2021 report,,A,Normal value,"The figure is from Quarter 3 of the given year. A benchmark of 100 was set in 2004. For each of the five components in the calculation (number of regular containerized ships serviced in the country,their container-carrying capacity,maximum vessel size that can be received,number of services, and number of companies that deploy container ships to a country’s ports), a country’s value is divided by the maximum value of each component in 2004, the five components are then averaged for each country, and the average is divided by the maximum average for 2004 and multiplied by 100.",
DATAFLOW,SPC:DF_BP50_7(1.0),Blue Pacific 2050: Technology And Connectivity (Thematic Area 7),I,A,Annual,BPI_LSC,Liner Shipping Connectivity Index,PW,Palau,_T,Total,_T,All ages,_T,National,_T,Total,_Z,Not applicable,_Z,Not applicable,_Z,Not applicable,_Z,Not applicable,2017,,3.43,,INDEX,index,R,Regional,C,Country Data,Review of Economic Infrastructure in the Pacific: Pacific Infrastructure Performance Indicators 2021 report,,A,Normal value,"The figure is from Quarter 3 of the given year. A benchmark of 100 was set in 2004. For each of the five components in the calculation (number of regular containerized ships serviced in the country,their container-carrying capacity,maximum vessel size that can be received,number of services, and number of companies that deploy container ships to a country’s ports), a country’s value is divided by the maximum value of each component in 2004, the five components are then averaged for each country, and the average is divided by the maximum average for 2004 and multiplied by 100.",
DATAFLOW,SPC:DF_BP50_7(1.0),Blue Pacific 2050: Technology And Connectivity (Thematic Area 7),I,A,Annual,BPI_LSC,Liner Shipping Connectivity Index,PW,Palau,_T,Total,_T,All ages,_T,National,_T,Total,_Z,Not applicable,_Z,Not applicable,_Z,Not applicable,_Z,Not applicable,2018,,3.4,,INDEX,index,R,Regional,C,Country Data,Review of Economic Infrastructure in the Pacific: Pacific Infrastructure Performance Indicators 2021 report,,A,Normal value,"The figure is from Quarter 3 of the given year. A benchmark of 100 was set in 2004. For each of the five components in the calculation (number of regular containerized ships serviced in the country,their container-carrying capacity,maximum vessel size that can be received,number of services, and number of companies that deploy container ships to a country’s ports), a country’s value is divided by the maximum value of each component in 2004, the five components are then averaged for each country, and the average is divided by the maximum average for 2004 and multiplied by 100.",
DATAFLOW,SPC:DF_BP50_7(1.0),Blue Pacific 2050: Technology And Connectivity (Thematic Area 7),I,A,Annual,BPI_LSC,Liner Shipping Connectivity Index,PW,Palau,_T,Total,_T,All ages,_T,National,_T,Total,_Z,Not applicable,_Z,Not applicable,_Z,Not applicable,_Z,Not applicable,2019,,3.23,,INDEX,index,R,Regional,C,Country Data,Review of Economic Infrastructure in the Pacific: Pacific Infrastructure Performance Indicators 2021 report,,A,Normal value,"The figure is from Quarter 3 of the given year. A benchmark of 100 was set in 2004. For each of the five components in the calculation (number of regular containerized ships serviced in the country,their container-carrying capacity,maximum vessel size that can be received,number of services, and number of companies that deploy container ships to a country’s ports), a country’s value is divided by the maximum value of each component in 2004, the five components are then averaged for each country, and the average is divided by the maximum average for 2004 and multiplied by 100.",
DATAFLOW,SPC:DF_BP50_7(1.0),Blue Pacific 2050: Technology And Connectivity (Thematic Area 7),I,A,Annual,BPI_LSC,Liner Shipping Connectivity Index,PW,Palau,_T,Total,_T,All ages,_T,National,_T,Total,_Z,Not applicable,_Z,Not applicable,_Z,Not applicable,_Z,Not applicable,2020,,2.61,,INDEX,index,R,Regional,C,Country Data,Review of Economic Infrastructure in the Pacific: Pacific Infrastructure Performance Indicators 2021 report,,A,Normal value,"The figure is from Quarter 3 of the given year. A benchmark of 100 was set in 2004. For each of the five components in the calculation (number of regular containerized ships serviced in the country,their container-carrying capacity,maximum vessel size that can be received,number of services, and number of companies that deploy container ships to a country’s ports), a country’s value is divided by the maximum value of each component in 2004, the five components are then averaged for each country, and the average is divided by the maximum average for 2004 and multiplied by 100.",
DATAFLOW,SPC:DF_BP50_7(1.0),Blue Pacific 2050: Technology And Connectivity (Thematic Area 7),I,A,Annual,BPI_LSC,Liner Shipping Connectivity Index,SB,Solomon Islands,_T,Total,_T,All ages,_T,National,_T,Total,_Z,Not applicable,_Z,Not applicable,_Z,Not applicable,_Z,Not applicable,2010,,6.14,,INDEX,index,R,Regional,C,Country Data,Review of Economic Infrastructure in the Pacific: Pacific Infrastructure Performance Indicators 2021 report,,A,Normal value,"The figure is from Quarter 3 of the given year. A benchmark of 100 was set in 2004. For each of the five components in the calculation (number of regular containerized ships serviced in the country,their container-carrying capacity,maximum vessel size that can be received,number of services, and number of companies that deploy container ships to a country’s ports), a country’s value is divided by the maximum value of each component in 2004, the five components are then averaged for each country, and the average is divided by the maximum average for 2004 and multiplied by 100.",
DATAFLOW,SPC:DF_BP50_7(1.0),Blue Pacific 2050: Technology And Connectivity (Thematic Area 7),I,A,Annual,BPI_LSC,Liner Shipping Connectivity Index,SB,Solomon Islands,_T,Total,_T,All ages,_T,National,_T,Total,_Z,Not applicable,_Z,Not applicable,_Z,Not applicable,_Z,Not applicable,2011,,7.29,,INDEX,index,R,Regional,C,Country Data,Review of Economic Infrastructure in the Pacific: Pacific Infrastructure Performance Indicators 2021 report,,A,Normal value,"The figure is from Quarter 3 of the given year. A benchmark of 100 was set in 2004. For each of the five components in the calculation (number of regular containerized ships serviced in the country,their container-carrying capacity,maximum vessel size that can be received,number of services, and number of companies that deploy container ships to a country’s ports), a country’s value is divided by the maximum value of each component in 2004, the five components are then averaged for each country, and the average is divided by the maximum average for 2004 and multiplied by 100.",
DATAFLOW,SPC:DF_BP50_7(1.0),Blue Pacific 2050: Technology And Connectivity (Thematic Area 7),I,A,Annual,BPI_LSC,Liner Shipping Connectivity Index,SB,Solomon Islands,_T,Total,_T,All ages,_T,National,_T,Total,_Z,Not applicable,_Z,Not applicable,_Z,Not applicable,_Z,Not applicable,2012,,8.16,,INDEX,index,R,Regional,C,Country Data,Review of Economic Infrastructure in the Pacific: Pacific Infrastructure Performance Indicators 2021 report,,A,Normal value,"The figure is from Quarter 3 of the given year. A benchmark of 100 was set in 2004. For each of the five components in the calculation (number of regular containerized ships serviced in the country,their container-carrying capacity,maximum vessel size that can be received,number of services, and number of companies that deploy container ships to a country’s ports), a country’s value is divided by the maximum value of each component in 2004, the five components are then averaged for each country, and the average is divided by the maximum average for 2004 and multiplied by 100.",
DATAFLOW,SPC:DF_BP50_7(1.0),Blue Pacific 2050: Technology And Connectivity (Thematic Area 7),I,A,Annual,BPI_LSC,Liner Shipping Connectivity Index,SB,Solomon Islands,_T,Total,_T,All ages,_T,National,_T,Total,_Z,Not applicable,_Z,Not applicable,_Z,Not applicable,_Z,Not applicable,2013,,9.14,,INDEX,index,R,Regional,C,Country Data,Review of Economic Infrastructure in the Pacific: Pacific Infrastructure Performance Indicators 2021 report,,A,Normal value,"The figure is from Quarter 3 of the given year. A benchmark of 100 was set in 2004. For each of the five components in the calculation (number of regular containerized ships serviced in the country,their container-carrying capacity,maximum vessel size that can be received,number of services, and number of companies that deploy container ships to a country’s ports), a country’s value is divided by the maximum value of each component in 2004, the five components are then averaged for each country, and the average is divided by the maximum average for 2004 and multiplied by 100.",
DATAFLOW,SPC:DF_BP50_7(1.0),Blue Pacific 2050: Technology And Connectivity (Thematic Area 7),I,A,Annual,BPI_LSC,Liner Shipping Connectivity Index,SB,Solomon Islands,_T,Total,_T,All ages,_T,National,_T,Total,_Z,Not applicable,_Z,Not applicable,_Z,Not applicable,_Z,Not applicable,2014,,9.68,,INDEX,index,R,Regional,C,Country Data,Review of Economic Infrastructure in the Pacific: Pacific Infrastructure Performance Indicators 2021 report,,A,Normal value,"The figure is from Quarter 3 of the given year. A benchmark of 100 was set in 2004. For each of the five components in the calculation (number of regular containerized ships serviced in the country,their container-carrying capacity,maximum vessel size that can be received,number of services, and number of companies that deploy container ships to a country’s ports), a country’s value is divided by the maximum value of each component in 2004, the five components are then averaged for each country, and the average is divided by the maximum average for 2004 and multiplied by 100.",
DATAFLOW,SPC:DF_BP50_7(1.0),Blue Pacific 2050: Technology And Connectivity (Thematic Area 7),I,A,Annual,BPI_LSC,Liner Shipping Connectivity Index,SB,Solomon Islands,_T,Total,_T,All ages,_T,National,_T,Total,_Z,Not applicable,_Z,Not applicable,_Z,Not applicable,_Z,Not applicable,2015,,8.37,,INDEX,index,R,Regional,C,Country Data,Review of Economic Infrastructure in the Pacific: Pacific Infrastructure Performance Indicators 2021 report,,A,Normal value,"The figure is from Quarter 3 of the given year. A benchmark of 100 was set in 2004. For each of the five components in the calculation (number of regular containerized ships serviced in the country,their container-carrying capacity,maximum vessel size that can be received,number of services, and number of companies that deploy container ships to a country’s ports), a country’s value is divided by the maximum value of each component in 2004, the five components are then averaged for each country, and the average is divided by the maximum average for 2004 and multiplied by 100.",
DATAFLOW,SPC:DF_BP50_7(1.0),Blue Pacific 2050: Technology And Connectivity (Thematic Area 7),I,A,Annual,BPI_LSC,Liner Shipping Connectivity Index,SB,Solomon Islands,_T,Total,_T,All ages,_T,National,_T,Total,_Z,Not applicable,_Z,Not applicable,_Z,Not applicable,_Z,Not applicable,2016,,8.52,,INDEX,index,R,Regional,C,Country Data,Review of Economic Infrastructure in the Pacific: Pacific Infrastructure Performance Indicators 2021 report,,A,Normal value,"The figure is from Quarter 3 of the given year. A benchmark of 100 was set in 2004. For each of the five components in the calculation (number of regular containerized ships serviced in the country,their container-carrying capacity,maximum vessel size that can be received,number of services, and number of companies that deploy container ships to a country’s ports), a country’s value is divided by the maximum value of each component in 2004, the five components are then averaged for each country, and the average is divided by the maximum average for 2004 and multiplied by 100.",
DATAFLOW,SPC:DF_BP50_7(1.0),Blue Pacific 2050: Technology And Connectivity (Thematic Area 7),I,A,Annual,BPI_LSC,Liner Shipping Connectivity Index,SB,Solomon Islands,_T,Total,_T,All ages,_T,National,_T,Total,_Z,Not applicable,_Z,Not applicable,_Z,Not applicable,_Z,Not applicable,2017,,9.3,,INDEX,index,R,Regional,C,Country Data,Review of Economic Infrastructure in the Pacific: Pacific Infrastructure Performance Indicators 2021 report,,A,Normal value,"The figure is from Quarter 3 of the given year. A benchmark of 100 was set in 2004. For each of the five components in the calculation (number of regular containerized ships serviced in the country,their container-carrying capacity,maximum vessel size that can be received,number of services, and number of companies that deploy container ships to a country’s ports), a country’s value is divided by the maximum value of each component in 2004, the five components are then averaged for each country, and the average is divided by the maximum average for 2004 and multiplied by 100.",
DATAFLOW,SPC:DF_BP50_7(1.0),Blue Pacific 2050: Technology And Connectivity (Thematic Area 7),I,A,Annual,BPI_LSC,Liner Shipping Connectivity Index,SB,Solomon Islands,_T,Total,_T,All ages,_T,National,_T,Total,_Z,Not applicable,_Z,Not applicable,_Z,Not applicable,_Z,Not applicable,2018,,9.09,,INDEX,index,R,Regional,C,Country Data,Review of Economic Infrastructure in the Pacific: Pacific Infrastructure Performance Indicators 2021 report,,A,Normal value,"The figure is from Quarter 3 of the given year. A benchmark of 100 was set in 2004. For each of the five components in the calculation (number of regular containerized ships serviced in the country,their container-carrying capacity,maximum vessel size that can be received,number of services, and number of companies that deploy container ships to a country’s ports), a country’s value is divided by the maximum value of each component in 2004, the five components are then averaged for each country, and the average is divided by the maximum average for 2004 and multiplied by 100.",
DATAFLOW,SPC:DF_BP50_7(1.0),Blue Pacific 2050: Technology And Connectivity (Thematic Area 7),I,A,Annual,BPI_LSC,Liner Shipping Connectivity Index,SB,Solomon Islands,_T,Total,_T,All ages,_T,National,_T,Total,_Z,Not applicable,_Z,Not applicable,_Z,Not applicable,_Z,Not applicable,2019,,9.09,,INDEX,index,R,Regional,C,Country Data,Review of Economic Infrastructure in the Pacific: Pacific Infrastructure Performance Indicators 2021 report,,A,Normal value,"The figure is from Quarter 3 of the given year. A benchmark of 100 was set in 2004. For each of the five components in the calculation (number of regular containerized ships serviced in the country,their container-carrying capacity,maximum vessel size that can be received,number of services, and number of companies that deploy container ships to a country’s ports), a country’s value is divided by the maximum value of each component in 2004, the five components are then averaged for each country, and the average is divided by the maximum average for 2004 and multiplied by 100.",
DATAFLOW,SPC:DF_BP50_7(1.0),Blue Pacific 2050: Technology And Connectivity (Thematic Area 7),I,A,Annual,BPI_LSC,Liner Shipping Connectivity Index,SB,Solomon Islands,_T,Total,_T,All ages,_T,National,_T,Total,_Z,Not applicable,_Z,Not applicable,_Z,Not applicable,_Z,Not applicable,2020,,8.12,,INDEX,index,R,Regional,C,Country Data,Review of Economic Infrastructure in the Pacific: Pacific Infrastructure Performance Indicators 2021 report,,A,Normal value,"The figure is from Quarter 3 of the given year. A benchmark of 100 was set in 2004. For each of the five components in the calculation (number of regular containerized ships serviced in the country,their container-carrying capacity,maximum vessel size that can be received,number of services, and number of companies that deploy container ships to a country’s ports), a country’s value is divided by the maximum value of each component in 2004, the five components are then averaged for each country, and the average is divided by the maximum average for 2004 and multiplied by 100.",
DATAFLOW,SPC:DF_BP50_7(1.0),Blue Pacific 2050: Technology And Connectivity (Thematic Area 7),I,A,Annual,BPI_LSC,Liner Shipping Connectivity Index,TO,Tonga,_T,Total,_T,All ages,_T,National,_T,Total,_Z,Not applicable,_Z,Not applicable,_Z,Not applicable,_Z,Not applicable,2010,,4.9,,INDEX,index,R,Regional,C,Country Data,Review of Economic Infrastructure in the Pacific: Pacific Infrastructure Performance Indicators 2021 report,,A,Normal value,"The figure is from Quarter 3 of the given year. A benchmark of 100 was set in 2004. For each of the five components in the calculation (number of regular containerized ships serviced in the country,their container-carrying capacity,maximum vessel size that can be received,number of services, and number of companies that deploy container ships to a country’s ports), a country’s value is divided by the maximum value of each component in 2004, the five components are then averaged for each country, and the average is divided by the maximum average for 2004 and multiplied by 100.",
DATAFLOW,SPC:DF_BP50_7(1.0),Blue Pacific 2050: Technology And Connectivity (Thematic Area 7),I,A,Annual,BPI_LSC,Liner Shipping Connectivity Index,TO,Tonga,_T,Total,_T,All ages,_T,National,_T,Total,_Z,Not applicable,_Z,Not applicable,_Z,Not applicable,_Z,Not applicable,2011,,5.22,,INDEX,index,R,Regional,C,Country Data,Review of Economic Infrastructure in the Pacific: Pacific Infrastructure Performance Indicators 2021 report,,A,Normal value,"The figure is from Quarter 3 of the given year. A benchmark of 100 was set in 2004. For each of the five components in the calculation (number of regular containerized ships serviced in the country,their container-carrying capacity,maximum vessel size that can be received,number of services, and number of companies that deploy container ships to a country’s ports), a country’s value is divided by the maximum value of each component in 2004, the five components are then averaged for each country, and the average is divided by the maximum average for 2004 and multiplied by 100.",
DATAFLOW,SPC:DF_BP50_7(1.0),Blue Pacific 2050: Technology And Connectivity (Thematic Area 7),I,A,Annual,BPI_LSC,Liner Shipping Connectivity Index,TO,Tonga,_T,Total,_T,All ages,_T,National,_T,Total,_Z,Not applicable,_Z,Not applicable,_Z,Not applicable,_Z,Not applicable,2012,,5.59,,INDEX,index,R,Regional,C,Country Data,Review of Economic Infrastructure in the Pacific: Pacific Infrastructure Performance Indicators 2021 report,,A,Normal value,"The figure is from Quarter 3 of the given year. A benchmark of 100 was set in 2004. For each of the five components in the calculation (number of regular containerized ships serviced in the country,their container-carrying capacity,maximum vessel size that can be received,number of services, and number of companies that deploy container ships to a country’s ports), a country’s value is divided by the maximum value of each component in 2004, the five components are then averaged for each country, and the average is divided by the maximum average for 2004 and multiplied by 100.",
DATAFLOW,SPC:DF_BP50_7(1.0),Blue Pacific 2050: Technology And Connectivity (Thematic Area 7),I,A,Annual,BPI_LSC,Liner Shipping Connectivity Index,TO,Tonga,_T,Total,_T,All ages,_T,National,_T,Total,_Z,Not applicable,_Z,Not applicable,_Z,Not applicable,_Z,Not applicable,2013,,6.63,,INDEX,index,R,Regional,C,Country Data,Review of Economic Infrastructure in the Pacific: Pacific Infrastructure Performance Indicators 2021 report,,A,Normal value,"The figure is from Quarter 3 of the given year. A benchmark of 100 was set in 2004. For each of the five components in the calculation (number of regular containerized ships serviced in the country,their container-carrying capacity,maximum vessel size that can be received,number of services, and number of companies that deploy container ships to a country’s ports), a country’s value is divided by the maximum value of each component in 2004, the five components are then averaged for each country, and the average is divided by the maximum average for 2004 and multiplied by 100.",
DATAFLOW,SPC:DF_BP50_7(1.0),Blue Pacific 2050: Technology And Connectivity (Thematic Area 7),I,A,Annual,BPI_LSC,Liner Shipping Connectivity Index,TO,Tonga,_T,Total,_T,All ages,_T,National,_T,Total,_Z,Not applicable,_Z,Not applicable,_Z,Not applicable,_Z,Not applicable,2014,,6.04,,INDEX,index,R,Regional,C,Country Data,Review of Economic Infrastructure in the Pacific: Pacific Infrastructure Performance Indicators 2021 report,,A,Normal value,"The figure is from Quarter 3 of the given year. A benchmark of 100 was set in 2004. For each of the five components in the calculation (number of regular containerized ships serviced in the country,their container-carrying capacity,maximum vessel size that can be received,number of services, and number of companies that deploy container ships to a country’s ports), a country’s value is divided by the maximum value of each component in 2004, the five components are then averaged for each country, and the average is divided by the maximum average for 2004 and multiplied by 100.",
DATAFLOW,SPC:DF_BP50_7(1.0),Blue Pacific 2050: Technology And Connectivity (Thematic Area 7),I,A,Annual,BPI_LSC,Liner Shipping Connectivity Index,TO,Tonga,_T,Total,_T,All ages,_T,National,_T,Total,_Z,Not applicable,_Z,Not applicable,_Z,Not applicable,_Z,Not applicable,2015,,4.84,,INDEX,index,R,Regional,C,Country Data,Review of Economic Infrastructure in the Pacific: Pacific Infrastructure Performance Indicators 2021 report,,A,Normal value,"The figure is from Quarter 3 of the given year. A benchmark of 100 was set in 2004. For each of the five components in the calculation (number of regular containerized ships serviced in the country,their container-carrying capacity,maximum vessel size that can be received,number of services, and number of companies that deploy container ships to a country’s ports), a country’s value is divided by the maximum value of each component in 2004, the five components are then averaged for each country, and the average is divided by the maximum average for 2004 and multiplied by 100.",
DATAFLOW,SPC:DF_BP50_7(1.0),Blue Pacific 2050: Technology And Connectivity (Thematic Area 7),I,A,Annual,BPI_LSC,Liner Shipping Connectivity Index,TO,Tonga,_T,Total,_T,All ages,_T,National,_T,Total,_Z,Not applicable,_Z,Not applicable,_Z,Not applicable,_Z,Not applicable,2016,,7.32,,INDEX,index,R,Regional,C,Country Data,Review of Economic Infrastructure in the Pacific: Pacific Infrastructure Performance Indicators 2021 report,,A,Normal value,"The figure is from Quarter 3 of the given year. A benchmark of 100 was set in 2004. For each of the five components in the calculation (number of regular containerized ships serviced in the country,their container-carrying capacity,maximum vessel size that can be received,number of services, and number of companies that deploy container ships to a country’s ports), a country’s value is divided by the maximum value of each component in 2004, the five components are then averaged for each country, and the average is divided by the maximum average for 2004 and multiplied by 100.",
DATAFLOW,SPC:DF_BP50_7(1.0),Blue Pacific 2050: Technology And Connectivity (Thematic Area 7),I,A,Annual,BPI_LSC,Liner Shipping Connectivity Index,TO,Tonga,_T,Total,_T,All ages,_T,National,_T,Total,_Z,Not applicable,_Z,Not applicable,_Z,Not applicable,_Z,Not applicable,2017,,7.27,,INDEX,index,R,Regional,C,Country Data,Review of Economic Infrastructure in the Pacific: Pacific Infrastructure Performance Indicators 2021 report,,A,Normal value,"The figure is from Quarter 3 of the given year. A benchmark of 100 was set in 2004. For each of the five components in the calculation (number of regular containerized ships serviced in the country,their container-carrying capacity,maximum vessel size that can be received,number of services, and number of companies that deploy container ships to a country’s ports), a country’s value is divided by the maximum value of each component in 2004, the five components are then averaged for each country, and the average is divided by the maximum average for 2004 and multiplied by 100.",
DATAFLOW,SPC:DF_BP50_7(1.0),Blue Pacific 2050: Technology And Connectivity (Thematic Area 7),I,A,Annual,BPI_LSC,Liner Shipping Connectivity Index,TO,Tonga,_T,Total,_T,All ages,_T,National,_T,Total,_Z,Not applicable,_Z,Not applicable,_Z,Not applicable,_Z,Not applicable,2018,,7.04,,INDEX,index,R,Regional,C,Country Data,Review of Economic Infrastructure in the Pacific: Pacific Infrastructure Performance Indicators 2021 report,,A,Normal value,"The figure is from Quarter 3 of the given year. A benchmark of 100 was set in 2004. For each of the five components in the calculation (number of regular containerized ships serviced in the country,their container-carrying capacity,maximum vessel size that can be received,number of services, and number of companies that deploy container ships to a country’s ports), a country’s value is divided by the maximum value of each component in 2004, the five components are then averaged for each country, and the average is divided by the maximum average for 2004 and multiplied by 100.",
DATAFLOW,SPC:DF_BP50_7(1.0),Blue Pacific 2050: Technology And Connectivity (Thematic Area 7),I,A,Annual,BPI_LSC,Liner Shipping Connectivity Index,TO,Tonga,_T,Total,_T,All ages,_T,National,_T,Total,_Z,Not applicable,_Z,Not applicable,_Z,Not applicable,_Z,Not applicable,2019,,7.04,,INDEX,index,R,Regional,C,Country Data,Review of Economic Infrastructure in the Pacific: Pacific Infrastructure Performance Indicators 2021 report,,A,Normal value,"The figure is from Quarter 3 of the given year. A benchmark of 100 was set in 2004. For each of the five components in the calculation (number of regular containerized ships serviced in the country,their container-carrying capacity,maximum vessel size that can be received,number of services, and number of companies that deploy container ships to a country’s ports), a country’s value is divided by the maximum value of each component in 2004, the five components are then averaged for each country, and the average is divided by the maximum average for 2004 and multiplied by 100.",
DATAFLOW,SPC:DF_BP50_7(1.0),Blue Pacific 2050: Technology And Connectivity (Thematic Area 7),I,A,Annual,BPI_LSC,Liner Shipping Connectivity Index,TO,Tonga,_T,Total,_T,All ages,_T,National,_T,Total,_Z,Not applicable,_Z,Not applicable,_Z,Not applicable,_Z,Not applicable,2020,,5.24,,INDEX,index,R,Regional,C,Country Data,Review of Economic Infrastructure in the Pacific: Pacific Infrastructure Performance Indicators 2021 report,,A,Normal value,"The figure is from Quarter 3 of the given year. A benchmark of 100 was set in 2004. For each of the five components in the calculation (number of regular containerized ships serviced in the country,their container-carrying capacity,maximum vessel size that can be received,number of services, and number of companies that deploy container ships to a country’s ports), a country’s value is divided by the maximum value of each component in 2004, the five components are then averaged for each country, and the average is divided by the maximum average for 2004 and multiplied by 100.",
DATAFLOW,SPC:DF_BP50_7(1.0),Blue Pacific 2050: Technology And Connectivity (Thematic Area 7),I,A,Annual,BPI_LSC,Liner Shipping Connectivity Index,TV,Tuvalu,_T,Total,_T,All ages,_T,National,_T,Total,_Z,Not applicable,_Z,Not applicable,_Z,Not applicable,_Z,Not applicable,2010,,2.35,,INDEX,index,R,Regional,C,Country Data,Review of Economic Infrastructure in the Pacific: Pacific Infrastructure Performance Indicators 2021 report,,A,Normal value,"The figure is from Quarter 3 of the given year. A benchmark of 100 was set in 2004. For each of the five components in the calculation (number of regular containerized ships serviced in the country,their container-carrying capacity,maximum vessel size that can be received,number of services, and number of companies that deploy container ships to a country’s ports), a country’s value is divided by the maximum value of each component in 2004, the five components are then averaged for each country, and the average is divided by the maximum average for 2004 and multiplied by 100.",
DATAFLOW,SPC:DF_BP50_7(1.0),Blue Pacific 2050: Technology And Connectivity (Thematic Area 7),I,A,Annual,BPI_LSC,Liner Shipping Connectivity Index,TV,Tuvalu,_T,Total,_T,All ages,_T,National,_T,Total,_Z,Not applicable,_Z,Not applicable,_Z,Not applicable,_Z,Not applicable,2011,,2.35,,INDEX,index,R,Regional,C,Country Data,Review of Economic Infrastructure in the Pacific: Pacific Infrastructure Performance Indicators 2021 report,,A,Normal value,"The figure is from Quarter 3 of the given year. A benchmark of 100 was set in 2004. For each of the five components in the calculation (number of regular containerized ships serviced in the country,their container-carrying capacity,maximum vessel size that can be received,number of services, and number of companies that deploy container ships to a country’s ports), a country’s value is divided by the maximum value of each component in 2004, the five components are then averaged for each country, and the average is divided by the maximum average for 2004 and multiplied by 100.",
DATAFLOW,SPC:DF_BP50_7(1.0),Blue Pacific 2050: Technology And Connectivity (Thematic Area 7),I,A,Annual,BPI_LSC,Liner Shipping Connectivity Index,TV,Tuvalu,_T,Total,_T,All ages,_T,National,_T,Total,_Z,Not applicable,_Z,Not applicable,_Z,Not applicable,_Z,Not applicable,2013,,3.61,,INDEX,index,R,Regional,C,Country Data,Review of Economic Infrastructure in the Pacific: Pacific Infrastructure Performance Indicators 2021 report,,A,Normal value,"The figure is from Quarter 3 of the given year. A benchmark of 100 was set in 2004. For each of the five components in the calculation (number of regular containerized ships serviced in the country,their container-carrying capacity,maximum vessel size that can be received,number of services, and number of companies that deploy container ships to a country’s ports), a country’s value is divided by the maximum value of each component in 2004, the five components are then averaged for each country, and the average is divided by the maximum average for 2004 and multiplied by 100.",
DATAFLOW,SPC:DF_BP50_7(1.0),Blue Pacific 2050: Technology And Connectivity (Thematic Area 7),I,A,Annual,BPI_LSC,Liner Shipping Connectivity Index,TV,Tuvalu,_T,Total,_T,All ages,_T,National,_T,Total,_Z,Not applicable,_Z,Not applicable,_Z,Not applicable,_Z,Not applicable,2014,,2.75,,INDEX,index,R,Regional,C,Country Data,Review of Economic Infrastructure in the Pacific: Pacific Infrastructure Performance Indicators 2021 report,,A,Normal value,"The figure is from Quarter 3 of the given year. A benchmark of 100 was set in 2004. For each of the five components in the calculation (number of regular containerized ships serviced in the country,their container-carrying capacity,maximum vessel size that can be received,number of services, and number of companies that deploy container ships to a country’s ports), a country’s value is divided by the maximum value of each component in 2004, the five components are then averaged for each country, and the average is divided by the maximum average for 2004 and multiplied by 100.",
DATAFLOW,SPC:DF_BP50_7(1.0),Blue Pacific 2050: Technology And Connectivity (Thematic Area 7),I,A,Annual,BPI_LSC,Liner Shipping Connectivity Index,TV,Tuvalu,_T,Total,_T,All ages,_T,National,_T,Total,_Z,Not applicable,_Z,Not applicable,_Z,Not applicable,_Z,Not applicable,2015,,2.75,,INDEX,index,R,Regional,C,Country Data,Review of Economic Infrastructure in the Pacific: Pacific Infrastructure Performance Indicators 2021 report,,A,Normal value,"The figure is from Quarter 3 of the given year. A benchmark of 100 was set in 2004. For each of the five components in the calculation (number of regular containerized ships serviced in the country,their container-carrying capacity,maximum vessel size that can be received,number of services, and number of companies that deploy container ships to a country’s ports), a country’s value is divided by the maximum value of each component in 2004, the five components are then averaged for each country, and the average is divided by the maximum average for 2004 and multiplied by 100.",
DATAFLOW,SPC:DF_BP50_7(1.0),Blue Pacific 2050: Technology And Connectivity (Thematic Area 7),I,A,Annual,BPI_LSC,Liner Shipping Connectivity Index,TV,Tuvalu,_T,Total,_T,All ages,_T,National,_T,Total,_Z,Not applicable,_Z,Not applicable,_Z,Not applicable,_Z,Not applicable,2016,,2.81,,INDEX,index,R,Regional,C,Country Data,Review of Economic Infrastructure in the Pacific: Pacific Infrastructure Performance Indicators 2021 report,,A,Normal value,"The figure is from Quarter 3 of the given year. A benchmark of 100 was set in 2004. For each of the five components in the calculation (number of regular containerized ships serviced in the country,their container-carrying capacity,maximum vessel size that can be received,number of services, and number of companies that deploy container ships to a country’s ports), a country’s value is divided by the maximum value of each component in 2004, the five components are then averaged for each country, and the average is divided by the maximum average for 2004 and multiplied by 100.",
DATAFLOW,SPC:DF_BP50_7(1.0),Blue Pacific 2050: Technology And Connectivity (Thematic Area 7),I,A,Annual,BPI_LSC,Liner Shipping Connectivity Index,TV,Tuvalu,_T,Total,_T,All ages,_T,National,_T,Total,_Z,Not applicable,_Z,Not applicable,_Z,Not applicable,_Z,Not applicable,2017,,1.75,,INDEX,index,R,Regional,C,Country Data,Review of Economic Infrastructure in the Pacific: Pacific Infrastructure Performance Indicators 2021 report,,A,Normal value,"The figure is from Quarter 3 of the given year. A benchmark of 100 was set in 2004. For each of the five components in the calculation (number of regular containerized ships serviced in the country,their container-carrying capacity,maximum vessel size that can be received,number of services, and number of companies that deploy container ships to a country’s ports), a country’s value is divided by the maximum value of each component in 2004, the five components are then averaged for each country, and the average is divided by the maximum average for 2004 and multiplied by 100.",
DATAFLOW,SPC:DF_BP50_7(1.0),Blue Pacific 2050: Technology And Connectivity (Thematic Area 7),I,A,Annual,BPI_LSC,Liner Shipping Connectivity Index,TV,Tuvalu,_T,Total,_T,All ages,_T,National,_T,Total,_Z,Not applicable,_Z,Not applicable,_Z,Not applicable,_Z,Not applicable,2018,,1.8,,INDEX,index,R,Regional,C,Country Data,Review of Economic Infrastructure in the Pacific: Pacific Infrastructure Performance Indicators 2021 report,,A,Normal value,"The figure is from Quarter 3 of the given year. A benchmark of 100 was set in 2004. For each of the five components in the calculation (number of regular containerized ships serviced in the country,their container-carrying capacity,maximum vessel size that can be received,number of services, and number of companies that deploy container ships to a country’s ports), a country’s value is divided by the maximum value of each component in 2004, the five components are then averaged for each country, and the average is divided by the maximum average for 2004 and multiplied by 100.",
DATAFLOW,SPC:DF_BP50_7(1.0),Blue Pacific 2050: Technology And Connectivity (Thematic Area 7),I,A,Annual,BPI_LSC,Liner Shipping Connectivity Index,TV,Tuvalu,_T,Total,_T,All ages,_T,National,_T,Total,_Z,Not applicable,_Z,Not applicable,_Z,Not applicable,_Z,Not applicable,2019,,1.81,,INDEX,index,R,Regional,C,Country Data,Review of Economic Infrastructure in the Pacific: Pacific Infrastructure Performance Indicators 2021 report,,A,Normal value,"The figure is from Quarter 3 of the given year. A benchmark of 100 was set in 2004. For each of the five components in the calculation (number of regular containerized ships serviced in the country,their container-carrying capacity,maximum vessel size that can be received,number of services, and number of companies that deploy container ships to a country’s ports), a country’s value is divided by the maximum value of each component in 2004, the five components are then averaged for each country, and the average is divided by the maximum average for 2004 and multiplied by 100.",
DATAFLOW,SPC:DF_BP50_7(1.0),Blue Pacific 2050: Technology And Connectivity (Thematic Area 7),I,A,Annual,BPI_LSC,Liner Shipping Connectivity Index,TV,Tuvalu,_T,Total,_T,All ages,_T,National,_T,Total,_Z,Not applicable,_Z,Not applicable,_Z,Not applicable,_Z,Not applicable,2020,,1.65,,INDEX,index,R,Regional,C,Country Data,Review of Economic Infrastructure in the Pacific: Pacific Infrastructure Performance Indicators 2021 report,,A,Normal value,"The figure is from Quarter 3 of the given year. A benchmark of 100 was set in 2004. For each of the five components in the calculation (number of regular containerized ships serviced in the country,their container-carrying capacity,maximum vessel size that can be received,number of services, and number of companies that deploy container ships to a country’s ports), a country’s value is divided by the maximum value of each component in 2004, the five components are then averaged for each country, and the average is divided by the maximum average for 2004 and multiplied by 100.",
DATAFLOW,SPC:DF_BP50_7(1.0),Blue Pacific 2050: Technology And Connectivity (Thematic Area 7),I,A,Annual,BPI_LSC,Liner Shipping Connectivity Index,VU,Vanuatu,_T,Total,_T,All ages,_T,National,_T,Total,_Z,Not applicable,_Z,Not applicable,_Z,Not applicable,_Z,Not applicable,2010,,3.67,,INDEX,index,R,Regional,C,Country Data,Review of Economic Infrastructure in the Pacific: Pacific Infrastructure Performance Indicators 2021 report,,A,Normal value,"The figure is from Quarter 3 of the given year. A benchmark of 100 was set in 2004. For each of the five components in the calculation (number of regular containerized ships serviced in the country,their container-carrying capacity,maximum vessel size that can be received,number of services, and number of companies that deploy container ships to a country’s ports), a country’s value is divided by the maximum value of each component in 2004, the five components are then averaged for each country, and the average is divided by the maximum average for 2004 and multiplied by 100.",
DATAFLOW,SPC:DF_BP50_7(1.0),Blue Pacific 2050: Technology And Connectivity (Thematic Area 7),I,A,Annual,BPI_LSC,Liner Shipping Connectivity Index,VU,Vanuatu,_T,Total,_T,All ages,_T,National,_T,Total,_Z,Not applicable,_Z,Not applicable,_Z,Not applicable,_Z,Not applicable,2011,,5.65,,INDEX,index,R,Regional,C,Country Data,Review of Economic Infrastructure in the Pacific: Pacific Infrastructure Performance Indicators 2021 report,,A,Normal value,"The figure is from Quarter 3 of the given year. A benchmark of 100 was set in 2004. For each of the five components in the calculation (number of regular containerized ships serviced in the country,their container-carrying capacity,maximum vessel size that can be received,number of services, and number of companies that deploy container ships to a country’s ports), a country’s value is divided by the maximum value of each component in 2004, the five components are then averaged for each country, and the average is divided by the maximum average for 2004 and multiplied by 100.",
DATAFLOW,SPC:DF_BP50_7(1.0),Blue Pacific 2050: Technology And Connectivity (Thematic Area 7),I,A,Annual,BPI_LSC,Liner Shipping Connectivity Index,VU,Vanuatu,_T,Total,_T,All ages,_T,National,_T,Total,_Z,Not applicable,_Z,Not applicable,_Z,Not applicable,_Z,Not applicable,2012,,5.94,,INDEX,index,R,Regional,C,Country Data,Review of Economic Infrastructure in the Pacific: Pacific Infrastructure Performance Indicators 2021 report,,A,Normal value,"The figure is from Quarter 3 of the given year. A benchmark of 100 was set in 2004. For each of the five components in the calculation (number of regular containerized ships serviced in the country,their container-carrying capacity,maximum vessel size that can be received,number of services, and number of companies that deploy container ships to a country’s ports), a country’s value is divided by the maximum value of each component in 2004, the five components are then averaged for each country, and the average is divided by the maximum average for 2004 and multiplied by 100.",
DATAFLOW,SPC:DF_BP50_7(1.0),Blue Pacific 2050: Technology And Connectivity (Thematic Area 7),I,A,Annual,BPI_LSC,Liner Shipping Connectivity Index,VU,Vanuatu,_T,Total,_T,All ages,_T,National,_T,Total,_Z,Not applicable,_Z,Not applicable,_Z,Not applicable,_Z,Not applicable,2013,,8.43,,INDEX,index,R,Regional,C,Country Data,Review of Economic Infrastructure in the Pacific: Pacific Infrastructure Performance Indicators 2021 report,,A,Normal value,"The figure is from Quarter 3 of the given year. A benchmark of 100 was set in 2004. For each of the five components in the calculation (number of regular containerized ships serviced in the country,their container-carrying capacity,maximum vessel size that can be received,number of services, and number of companies that deploy container ships to a country’s ports), a country’s value is divided by the maximum value of each component in 2004, the five components are then averaged for each country, and the average is divided by the maximum average for 2004 and multiplied by 100.",
DATAFLOW,SPC:DF_BP50_7(1.0),Blue Pacific 2050: Technology And Connectivity (Thematic Area 7),I,A,Annual,BPI_LSC,Liner Shipping Connectivity Index,VU,Vanuatu,_T,Total,_T,All ages,_T,National,_T,Total,_Z,Not applicable,_Z,Not applicable,_Z,Not applicable,_Z,Not applicable,2014,,8.45,,INDEX,index,R,Regional,C,Country Data,Review of Economic Infrastructure in the Pacific: Pacific Infrastructure Performance Indicators 2021 report,,A,Normal value,"The figure is from Quarter 3 of the given year. A benchmark of 100 was set in 2004. For each of the five components in the calculation (number of regular containerized ships serviced in the country,their container-carrying capacity,maximum vessel size that can be received,number of services, and number of companies that deploy container ships to a country’s ports), a country’s value is divided by the maximum value of each component in 2004, the five components are then averaged for each country, and the average is divided by the maximum average for 2004 and multiplied by 100.",
DATAFLOW,SPC:DF_BP50_7(1.0),Blue Pacific 2050: Technology And Connectivity (Thematic Area 7),I,A,Annual,BPI_LSC,Liner Shipping Connectivity Index,VU,Vanuatu,_T,Total,_T,All ages,_T,National,_T,Total,_Z,Not applicable,_Z,Not applicable,_Z,Not applicable,_Z,Not applicable,2015,,7.77,,INDEX,index,R,Regional,C,Country Data,Review of Economic Infrastructure in the Pacific: Pacific Infrastructure Performance Indicators 2021 report,,A,Normal value,"The figure is from Quarter 3 of the given year. A benchmark of 100 was set in 2004. For each of the five components in the calculation (number of regular containerized ships serviced in the country,their container-carrying capacity,maximum vessel size that can be received,number of services, and number of companies that deploy container ships to a country’s ports), a country’s value is divided by the maximum value of each component in 2004, the five components are then averaged for each country, and the average is divided by the maximum average for 2004 and multiplied by 100.",
DATAFLOW,SPC:DF_BP50_7(1.0),Blue Pacific 2050: Technology And Connectivity (Thematic Area 7),I,A,Annual,BPI_LSC,Liner Shipping Connectivity Index,VU,Vanuatu,_T,Total,_T,All ages,_T,National,_T,Total,_Z,Not applicable,_Z,Not applicable,_Z,Not applicable,_Z,Not applicable,2016,,7.83,,INDEX,index,R,Regional,C,Country Data,Review of Economic Infrastructure in the Pacific: Pacific Infrastructure Performance Indicators 2021 report,,A,Normal value,"The figure is from Quarter 3 of the given year. A benchmark of 100 was set in 2004. For each of the five components in the calculation (number of regular containerized ships serviced in the country,their container-carrying capacity,maximum vessel size that can be received,number of services, and number of companies that deploy container ships to a country’s ports), a country’s value is divided by the maximum value of each component in 2004, the five components are then averaged for each country, and the average is divided by the maximum average for 2004 and multiplied by 100.",
DATAFLOW,SPC:DF_BP50_7(1.0),Blue Pacific 2050: Technology And Connectivity (Thematic Area 7),I,A,Annual,BPI_LSC,Liner Shipping Connectivity Index,VU,Vanuatu,_T,Total,_T,All ages,_T,National,_T,Total,_Z,Not applicable,_Z,Not applicable,_Z,Not applicable,_Z,Not applicable,2017,,7.53,,INDEX,index,R,Regional,C,Country Data,Review of Economic Infrastructure in the Pacific: Pacific Infrastructure Performance Indicators 2021 report,,A,Normal value,"The figure is from Quarter 3 of the given year. A benchmark of 100 was set in 2004. For each of the five components in the calculation (number of regular containerized ships serviced in the country,their container-carrying capacity,maximum vessel size that can be received,number of services, and number of companies that deploy container ships to a country’s ports), a country’s value is divided by the maximum value of each component in 2004, the five components are then averaged for each country, and the average is divided by the maximum average for 2004 and multiplied by 100.",
DATAFLOW,SPC:DF_BP50_7(1.0),Blue Pacific 2050: Technology And Connectivity (Thematic Area 7),I,A,Annual,BPI_LSC,Liner Shipping Connectivity Index,VU,Vanuatu,_T,Total,_T,All ages,_T,National,_T,Total,_Z,Not applicable,_Z,Not applicable,_Z,Not applicable,_Z,Not applicable,2018,,7.17,,INDEX,index,R,Regional,C,Country Data,Review of Economic Infrastructure in the Pacific: Pacific Infrastructure Performance Indicators 2021 report,,A,Normal value,"The figure is from Quarter 3 of the given year. A benchmark of 100 was set in 2004. For each of the five components in the calculation (number of regular containerized ships serviced in the country,their container-carrying capacity,maximum vessel size that can be received,number of services, and number of companies that deploy container ships to a country’s ports), a country’s value is divided by the maximum value of each component in 2004, the five components are then averaged for each country, and the average is divided by the maximum average for 2004 and multiplied by 100.",
DATAFLOW,SPC:DF_BP50_7(1.0),Blue Pacific 2050: Technology And Connectivity (Thematic Area 7),I,A,Annual,BPI_LSC,Liner Shipping Connectivity Index,VU,Vanuatu,_T,Total,_T,All ages,_T,National,_T,Total,_Z,Not applicable,_Z,Not applicable,_Z,Not applicable,_Z,Not applicable,2019,,7.06,,INDEX,index,R,Regional,C,Country Data,Review of Economic Infrastructure in the Pacific: Pacific Infrastructure Performance Indicators 2021 report,,A,Normal value,"The figure is from Quarter 3 of the given year. A benchmark of 100 was set in 2004. For each of the five components in the calculation (number of regular containerized ships serviced in the country,their container-carrying capacity,maximum vessel size that can be received,number of services, and number of companies that deploy container ships to a country’s ports), a country’s value is divided by the maximum value of each component in 2004, the five components are then averaged for each country, and the average is divided by the maximum average for 2004 and multiplied by 100.",
DATAFLOW,SPC:DF_BP50_7(1.0),Blue Pacific 2050: Technology And Connectivity (Thematic Area 7),I,A,Annual,BPI_LSC,Liner Shipping Connectivity Index,VU,Vanuatu,_T,Total,_T,All ages,_T,National,_T,Total,_Z,Not applicable,_Z,Not applicable,_Z,Not applicable,_Z,Not applicable,2020,,7.53,,INDEX,index,R,Regional,C,Country Data,Review of Economic Infrastructure in the Pacific: Pacific Infrastructure Performance Indicators 2021 report,,A,Normal value,"The figure is from Quarter 3 of the given year. A benchmark of 100 was set in 2004. For each of the five components in the calculation (number of regular containerized ships serviced in the country,their container-carrying capacity,maximum vessel size that can be received,number of services, and number of companies that deploy container ships to a country’s ports), a country’s value is divided by the maximum value of each component in 2004, the five components are then averaged for each country, and the average is divided by the maximum average for 2004 and multiplied by 100.",
DATAFLOW,SPC:DF_BP50_7(1.0),Blue Pacific 2050: Technology And Connectivity (Thematic Area 7),I,A,Annual,BPI_LSC,Liner Shipping Connectivity Index,WS,Samoa,_T,Total,_T,All ages,_T,National,_T,Total,_Z,Not applicable,_Z,Not applicable,_Z,Not applicable,_Z,Not applicable,2010,,5.97,,INDEX,index,R,Regional,C,Country Data,Review of Economic Infrastructure in the Pacific: Pacific Infrastructure Performance Indicators 2021 report,,A,Normal value,"The figure is from Quarter 3 of the given year. A benchmark of 100 was set in 2004. For each of the five components in the calculation (number of regular containerized ships serviced in the country,their container-carrying capacity,maximum vessel size that can be received,number of services, and number of companies that deploy container ships to a country’s ports), a country’s value is divided by the maximum value of each component in 2004, the five components are then averaged for each country, and the average is divided by the maximum average for 2004 and multiplied by 100.",
DATAFLOW,SPC:DF_BP50_7(1.0),Blue Pacific 2050: Technology And Connectivity (Thematic Area 7),I,A,Annual,BPI_LSC,Liner Shipping Connectivity Index,WS,Samoa,_T,Total,_T,All ages,_T,National,_T,Total,_Z,Not applicable,_Z,Not applicable,_Z,Not applicable,_Z,Not applicable,2011,,5.88,,INDEX,index,R,Regional,C,Country Data,Review of Economic Infrastructure in the Pacific: Pacific Infrastructure Performance Indicators 2021 report,,A,Normal value,"The figure is from Quarter 3 of the given year. A benchmark of 100 was set in 2004. For each of the five components in the calculation (number of regular containerized ships serviced in the country,their container-carrying capacity,maximum vessel size that can be received,number of services, and number of companies that deploy container ships to a country’s ports), a country’s value is divided by the maximum value of each component in 2004, the five components are then averaged for each country, and the average is divided by the maximum average for 2004 and multiplied by 100.",
DATAFLOW,SPC:DF_BP50_7(1.0),Blue Pacific 2050: Technology And Connectivity (Thematic Area 7),I,A,Annual,BPI_LSC,Liner Shipping Connectivity Index,WS,Samoa,_T,Total,_T,All ages,_T,National,_T,Total,_Z,Not applicable,_Z,Not applicable,_Z,Not applicable,_Z,Not applicable,2012,,6.25,,INDEX,index,R,Regional,C,Country Data,Review of Economic Infrastructure in the Pacific: Pacific Infrastructure Performance Indicators 2021 report,,A,Normal value,"The figure is from Quarter 3 of the given year. A benchmark of 100 was set in 2004. For each of the five components in the calculation (number of regular containerized ships serviced in the country,their container-carrying capacity,maximum vessel size that can be received,number of services, and number of companies that deploy container ships to a country’s ports), a country’s value is divided by the maximum value of each component in 2004, the five components are then averaged for each country, and the average is divided by the maximum average for 2004 and multiplied by 100.",
DATAFLOW,SPC:DF_BP50_7(1.0),Blue Pacific 2050: Technology And Connectivity (Thematic Area 7),I,A,Annual,BPI_LSC,Liner Shipping Connectivity Index,WS,Samoa,_T,Total,_T,All ages,_T,National,_T,Total,_Z,Not applicable,_Z,Not applicable,_Z,Not applicable,_Z,Not applicable,2013,,6.63,,INDEX,index,R,Regional,C,Country Data,Review of Economic Infrastructure in the Pacific: Pacific Infrastructure Performance Indicators 2021 report,,A,Normal value,"The figure is from Quarter 3 of the given year. A benchmark of 100 was set in 2004. For each of the five components in the calculation (number of regular containerized ships serviced in the country,their container-carrying capacity,maximum vessel size that can be received,number of services, and number of companies that deploy container ships to a country’s ports), a country’s value is divided by the maximum value of each component in 2004, the five components are then averaged for each country, and the average is divided by the maximum average for 2004 and multiplied by 100.",
DATAFLOW,SPC:DF_BP50_7(1.0),Blue Pacific 2050: Technology And Connectivity (Thematic Area 7),I,A,Annual,BPI_LSC,Liner Shipping Connectivity Index,WS,Samoa,_T,Total,_T,All ages,_T,National,_T,Total,_Z,Not applicable,_Z,Not applicable,_Z,Not applicable,_Z,Not applicable,2014,,5.98,,INDEX,index,R,Regional,C,Country Data,Review of Economic Infrastructure in the Pacific: Pacific Infrastructure Performance Indicators 2021 report,,A,Normal value,"The figure is from Quarter 3 of the given year. A benchmark of 100 was set in 2004. For each of the five components in the calculation (number of regular containerized ships serviced in the country,their container-carrying capacity,maximum vessel size that can be received,number of services, and number of companies that deploy container ships to a country’s ports), a country’s value is divided by the maximum value of each component in 2004, the five components are then averaged for each country, and the average is divided by the maximum average for 2004 and multiplied by 100.",
DATAFLOW,SPC:DF_BP50_7(1.0),Blue Pacific 2050: Technology And Connectivity (Thematic Area 7),I,A,Annual,BPI_LSC,Liner Shipping Connectivity Index,WS,Samoa,_T,Total,_T,All ages,_T,National,_T,Total,_Z,Not applicable,_Z,Not applicable,_Z,Not applicable,_Z,Not applicable,2015,,5.98,,INDEX,index,R,Regional,C,Country Data,Review of Economic Infrastructure in the Pacific: Pacific Infrastructure Performance Indicators 2021 report,,A,Normal value,"The figure is from Quarter 3 of the given year. A benchmark of 100 was set in 2004. For each of the five components in the calculation (number of regular containerized ships serviced in the country,their container-carrying capacity,maximum vessel size that can be received,number of services, and number of companies that deploy container ships to a country’s ports), a country’s value is divided by the maximum value of each component in 2004, the five components are then averaged for each country, and the average is divided by the maximum average for 2004 and multiplied by 100.",
DATAFLOW,SPC:DF_BP50_7(1.0),Blue Pacific 2050: Technology And Connectivity (Thematic Area 7),I,A,Annual,BPI_LSC,Liner Shipping Connectivity Index,WS,Samoa,_T,Total,_T,All ages,_T,National,_T,Total,_Z,Not applicable,_Z,Not applicable,_Z,Not applicable,_Z,Not applicable,2016,,7.32,,INDEX,index,R,Regional,C,Country Data,Review of Economic Infrastructure in the Pacific: Pacific Infrastructure Performance Indicators 2021 report,,A,Normal value,"The figure is from Quarter 3 of the given year. A benchmark of 100 was set in 2004. For each of the five components in the calculation (number of regular containerized ships serviced in the country,their container-carrying capacity,maximum vessel size that can be received,number of services, and number of companies that deploy container ships to a country’s ports), a country’s value is divided by the maximum value of each component in 2004, the five components are then averaged for each country, and the average is divided by the maximum average for 2004 and multiplied by 100.",
DATAFLOW,SPC:DF_BP50_7(1.0),Blue Pacific 2050: Technology And Connectivity (Thematic Area 7),I,A,Annual,BPI_LSC,Liner Shipping Connectivity Index,WS,Samoa,_T,Total,_T,All ages,_T,National,_T,Total,_Z,Not applicable,_Z,Not applicable,_Z,Not applicable,_Z,Not applicable,2017,,6.13,,INDEX,index,R,Regional,C,Country Data,Review of Economic Infrastructure in the Pacific: Pacific Infrastructure Performance Indicators 2021 report,,A,Normal value,"The figure is from Quarter 3 of the given year. A benchmark of 100 was set in 2004. For each of the five components in the calculation (number of regular containerized ships serviced in the country,their container-carrying capacity,maximum vessel size that can be received,number of services, and number of companies that deploy container ships to a country’s ports), a country’s value is divided by the maximum value of each component in 2004, the five components are then averaged for each country, and the average is divided by the maximum average for 2004 and multiplied by 100.",
DATAFLOW,SPC:DF_BP50_7(1.0),Blue Pacific 2050: Technology And Connectivity (Thematic Area 7),I,A,Annual,BPI_LSC,Liner Shipping Connectivity Index,WS,Samoa,_T,Total,_T,All ages,_T,National,_T,Total,_Z,Not applicable,_Z,Not applicable,_Z,Not applicable,_Z,Not applicable,2018,,6.89,,INDEX,index,R,Regional,C,Country Data,Review of Economic Infrastructure in the Pacific: Pacific Infrastructure Performance Indicators 2021 report,,A,Normal value,"The figure is from Quarter 3 of the given year. A benchmark of 100 was set in 2004. For each of the five components in the calculation (number of regular containerized ships serviced in the country,their container-carrying capacity,maximum vessel size that can be received,number of services, and number of companies that deploy container ships to a country’s ports), a country’s value is divided by the maximum value of each component in 2004, the five components are then averaged for each country, and the average is divided by the maximum average for 2004 and multiplied by 100.",
DATAFLOW,SPC:DF_BP50_7(1.0),Blue Pacific 2050: Technology And Connectivity (Thematic Area 7),I,A,Annual,BPI_LSC,Liner Shipping Connectivity Index,WS,Samoa,_T,Total,_T,All ages,_T,National,_T,Total,_Z,Not applicable,_Z,Not applicable,_Z,Not applicable,_Z,Not applicable,2019,,7.46,,INDEX,index,R,Regional,C,Country Data,Review of Economic Infrastructure in the Pacific: Pacific Infrastructure Performance Indicators 2021 report,,A,Normal value,"The figure is from Quarter 3 of the given year. A benchmark of 100 was set in 2004. For each of the five components in the calculation (number of regular containerized ships serviced in the country,their container-carrying capacity,maximum vessel size that can be received,number of services, and number of companies that deploy container ships to a country’s ports), a country’s value is divided by the maximum value of each component in 2004, the five components are then averaged for each country, and the average is divided by the maximum average for 2004 and multiplied by 100.",
DATAFLOW,SPC:DF_BP50_7(1.0),Blue Pacific 2050: Technology And Connectivity (Thematic Area 7),I,A,Annual,BPI_LSC,Liner Shipping Connectivity Index,WS,Samoa,_T,Total,_T,All ages,_T,National,_T,Total,_Z,Not applicable,_Z,Not applicable,_Z,Not applicable,_Z,Not applicable,2020,,7.77,,INDEX,index,R,Regional,C,Country Data,Review of Economic Infrastructure in the Pacific: Pacific Infrastructure Performance Indicators 2021 report,,A,Normal value,"The figure is from Quarter 3 of the given year. A benchmark of 100 was set in 2004. For each of the five components in the calculation (number of regular containerized ships serviced in the country,their container-carrying capacity,maximum vessel size that can be received,number of services, and number of companies that deploy container ships to a country’s ports), a country’s value is divided by the maximum value of each component in 2004, the five components are then averaged for each country, and the average is divided by the maximum average for 2004 and multiplied by 100.",
DATAFLOW,SPC:DF_BP50_7(1.0),Blue Pacific 2050: Technology And Connectivity (Thematic Area 7),I,A,Annual,BPI_PAU,Proportion of airports with unpaved runways,CK,Cook Islands,_T,Total,_T,All ages,_T,National,_T,Total,_Z,Not applicable,_Z,Not applicable,_Z,Not applicable,_Z,Not applicable,2012,,91,,PERCENT,percent,R,Regional,C,Country Data,2016 Pacific Infrastructure Performance Indicators 'PIPIs' report,,A,Normal value,,
DATAFLOW,SPC:DF_BP50_7(1.0),Blue Pacific 2050: Technology And Connectivity (Thematic Area 7),I,A,Annual,BPI_PAU,Proportion of airports with unpaved runways,CK,Cook Islands,_T,Total,_T,All ages,_T,National,_T,Total,_Z,Not applicable,_Z,Not applicable,_Z,Not applicable,_Z,Not applicable,2020,,91,,PERCENT,percent,R,Regional,C,Country Data,Review of Economic Infrastructure in the Pacific: Pacific Infrastructure Performance Indicators 2021 report,,A,Normal value,"Data are taken from 2013, 2017, 2019, and 2020",
DATAFLOW,SPC:DF_BP50_7(1.0),Blue Pacific 2050: Technology And Connectivity (Thematic Area 7),I,A,Annual,BPI_PAU,Proportion of airports with unpaved runways,FJ,Fiji,_T,Total,_T,All ages,_T,National,_T,Total,_Z,Not applicable,_Z,Not applicable,_Z,Not applicable,_Z,Not applicable,2010,,86,,PERCENT,percent,R,Regional,C,Country Data,2016 Pacific Infrastructure Performance Indicators 'PIPIs' report,,A,Normal value,,
DATAFLOW,SPC:DF_BP50_7(1.0),Blue Pacific 2050: Technology And Connectivity (Thematic Area 7),I,A,Annual,BPI_PAU,Proportion of airports with unpaved runways,FJ,Fiji,_T,Total,_T,All ages,_T,National,_T,Total,_Z,Not applicable,_Z,Not applicable,_Z,Not applicable,_Z,Not applicable,2020,,88,,PERCENT,percent,R,Regional,C,Country Data,Review of Economic Infrastructure in the Pacific: Pacific Infrastructure Performance Indicators 2021 report,,A,Normal value,"Data are taken from 2013, 2017, 2019, and 2020",
DATAFLOW,SPC:DF_BP50_7(1.0),Blue Pacific 2050: Technology And Connectivity (Thematic Area 7),I,A,Annual,BPI_PAU,Proportion of airports with unpaved runways,FM,Micronesia (Federated States of),_T,Total,_T,All ages,_T,National,_T,Total,_Z,Not applicable,_Z,Not applicable,_Z,Not applicable,_Z,Not applicable,2010,,0,,PERCENT,percent,R,Regional,C,Country Data,2016 Pacific Infrastructure Performance Indicators 'PIPIs' report,,A,Normal value,,
DATAFLOW,SPC:DF_BP50_7(1.0),Blue Pacific 2050: Technology And Connectivity (Thematic Area 7),I,A,Annual,BPI_PAU,Proportion of airports with unpaved runways,FM,Micronesia (Federated States of),_T,Total,_T,All ages,_T,National,_T,Total,_Z,Not applicable,_Z,Not applicable,_Z,Not applicable,_Z,Not applicable,2020,,54,,PERCENT,percent,R,Regional,C,Country Data,Review of Economic Infrastructure in the Pacific: Pacific Infrastructure Performance Indicators 2021 report,,A,Normal value,"Data are taken from 2013, 2017, 2019, and 2020. There are approximatively 7 unpaved runway out of a total of 13 airports.",
DATAFLOW,SPC:DF_BP50_7(1.0),Blue Pacific 2050: Technology And Connectivity (Thematic Area 7),I,A,Annual,BPI_PAU,Proportion of airports with unpaved runways,KI,Kiribati,_T,Total,_T,All ages,_T,National,_T,Total,_Z,Not applicable,_Z,Not applicable,_Z,Not applicable,_Z,Not applicable,2012,,79,,PERCENT,percent,R,Regional,C,Country Data,2016 Pacific Infrastructure Performance Indicators 'PIPIs' report,,A,Normal value,,
DATAFLOW,SPC:DF_BP50_7(1.0),Blue Pacific 2050: Technology And Connectivity (Thematic Area 7),I,A,Annual,BPI_PAU,Proportion of airports with unpaved runways,KI,Kiribati,_T,Total,_T,All ages,_T,National,_T,Total,_Z,Not applicable,_Z,Not applicable,_Z,Not applicable,_Z,Not applicable,2020,,83,,PERCENT,percent,R,Regional,C,Country Data,Review of Economic Infrastructure in the Pacific: Pacific Infrastructure Performance Indicators 2021 report,,A,Normal value,"Data are taken from 2013, 2017, 2019, and 2020",
DATAFLOW,SPC:DF_BP50_7(1.0),Blue Pacific 2050: Technology And Connectivity (Thematic Area 7),I,A,Annual,BPI_PAU,Proportion of airports with unpaved runways,MH,Marshall Islands,_T,Total,_T,All ages,_T,National,_T,Total,_Z,Not applicable,_Z,Not applicable,_Z,Not applicable,_Z,Not applicable,2010,,73,,PERCENT,percent,R,Regional,C,Country Data,2016 Pacific Infrastructure Performance Indicators 'PIPIs' report,,A,Normal value,,
DATAFLOW,SPC:DF_BP50_7(1.0),Blue Pacific 2050: Technology And Connectivity (Thematic Area 7),I,A,Annual,BPI_PAU,Proportion of airports with unpaved runways,MH,Marshall Islands,_T,Total,_T,All ages,_T,National,_T,Total,_Z,Not applicable,_Z,Not applicable,_Z,Not applicable,_Z,Not applicable,2020,,87,,PERCENT,percent,R,Regional,C,Country Data,Review of Economic Infrastructure in the Pacific: Pacific Infrastructure Performance Indicators 2021 report,,A,Normal value,"Data are taken from 2013, 2017, 2019, and 2020. There are approximatively 26 unpaved runway out of a total of 30 airports.",
DATAFLOW,SPC:DF_BP50_7(1.0),Blue Pacific 2050: Technology And Connectivity (Thematic Area 7),I,A,Annual,BPI_PAU,Proportion of airports with unpaved runways,NR,Nauru,_T,Total,_T,All ages,_T,National,_T,Total,_Z,Not applicable,_Z,Not applicable,_Z,Not applicable,_Z,Not applicable,2010,,0,,PERCENT,percent,R,Regional,C,Country Data,2016 Pacific Infrastructure Performance Indicators 'PIPIs' report,,A,Normal value,,
DATAFLOW,SPC:DF_BP50_7(1.0),Blue Pacific 2050: Technology And Connectivity (Thematic Area 7),I,A,Annual,BPI_PAU,Proportion of airports with unpaved runways,NR,Nauru,_T,Total,_T,All ages,_T,National,_T,Total,_Z,Not applicable,_Z,Not applicable,_Z,Not applicable,_Z,Not applicable,2020,,0,,PERCENT,percent,R,Regional,C,Country Data,Review of Economic Infrastructure in the Pacific: Pacific Infrastructure Performance Indicators 2021 report,,A,Normal value,"Data are taken from 2013, 2017, 2019, and 2020",
DATAFLOW,SPC:DF_BP50_7(1.0),Blue Pacific 2050: Technology And Connectivity (Thematic Area 7),I,A,Annual,BPI_PAU,Proportion of airports with unpaved runways,NU,Niue,_T,Total,_T,All ages,_T,National,_T,Total,_Z,Not applicable,_Z,Not applicable,_Z,Not applicable,_Z,Not applicable,2010,,0,,PERCENT,percent,R,Regional,C,Country Data,2016 Pacific Infrastructure Performance Indicators 'PIPIs' report,,A,Normal value,,
DATAFLOW,SPC:DF_BP50_7(1.0),Blue Pacific 2050: Technology And Connectivity (Thematic Area 7),I,A,Annual,BPI_PAU,Proportion of airports with unpaved runways,NU,Niue,_T,Total,_T,All ages,_T,National,_T,Total,_Z,Not applicable,_Z,Not applicable,_Z,Not applicable,_Z,Not applicable,2020,,0,,PERCENT,percent,R,Regional,C,Country Data,Review of Economic Infrastructure in the Pacific: Pacific Infrastructure Performance Indicators 2021 report,,A,Normal value,"Data are taken from 2013, 2017, 2019, and 2020",
DATAFLOW,SPC:DF_BP50_7(1.0),Blue Pacific 2050: Technology And Connectivity (Thematic Area 7),I,A,Annual,BPI_PAU,Proportion of airports with unpaved runways,PG,Papua New Guinea,_T,Total,_T,All ages,_T,National,_T,Total,_Z,Not applicable,_Z,Not applicable,_Z,Not applicable,_Z,Not applicable,2010,,96,,PERCENT,percent,R,Regional,C,Country Data,2016 Pacific Infrastructure Performance Indicators 'PIPIs' report,,A,Normal value,,
DATAFLOW,SPC:DF_BP50_7(1.0),Blue Pacific 2050: Technology And Connectivity (Thematic Area 7),I,A,Annual,BPI_PAU,Proportion of airports with unpaved runways,PG,Papua New Guinea,_T,Total,_T,All ages,_T,National,_T,Total,_Z,Not applicable,_Z,Not applicable,_Z,Not applicable,_Z,Not applicable,2020,,95,,PERCENT,percent,R,Regional,C,Country Data,Review of Economic Infrastructure in the Pacific: Pacific Infrastructure Performance Indicators 2021 report,,A,Normal value,"Data are taken from 2013, 2017, 2019, and 2020",
DATAFLOW,SPC:DF_BP50_7(1.0),Blue Pacific 2050: Technology And Connectivity (Thematic Area 7),I,A,Annual,BPI_PAU,Proportion of airports with unpaved runways,PW,Palau,_T,Total,_T,All ages,_T,National,_T,Total,_Z,Not applicable,_Z,Not applicable,_Z,Not applicable,_Z,Not applicable,2010,,67,,PERCENT,percent,R,Regional,C,Country Data,2016 Pacific Infrastructure Performance Indicators 'PIPIs' report,,A,Normal value,,
DATAFLOW,SPC:DF_BP50_7(1.0),Blue Pacific 2050: Technology And Connectivity (Thematic Area 7),I,A,Annual,BPI_PAU,Proportion of airports with unpaved runways,PW,Palau,_T,Total,_T,All ages,_T,National,_T,Total,_Z,Not applicable,_Z,Not applicable,_Z,Not applicable,_Z,Not applicable,2020,,67,,PERCENT,percent,R,Regional,C,Country Data,Review of Economic Infrastructure in the Pacific: Pacific Infrastructure Performance Indicators 2021 report,,A,Normal value,"Data are taken from 2013, 2017, 2019, and 2020",
DATAFLOW,SPC:DF_BP50_7(1.0),Blue Pacific 2050: Technology And Connectivity (Thematic Area 7),I,A,Annual,BPI_PAU,Proportion of airports with unpaved runways,SB,Solomon Islands,_T,Total,_T,All ages,_T,National,_T,Total,_Z,Not applicable,_Z,Not applicable,_Z,Not applicable,_Z,Not applicable,2010,,97,,PERCENT,percent,R,Regional,C,Country Data,2016 Pacific Infrastructure Performance Indicators 'PIPIs' report,,A,Normal value,,
DATAFLOW,SPC:DF_BP50_7(1.0),Blue Pacific 2050: Technology And Connectivity (Thematic Area 7),I,A,Annual,BPI_PAU,Proportion of airports with unpaved runways,SB,Solomon Islands,_T,Total,_T,All ages,_T,National,_T,Total,_Z,Not applicable,_Z,Not applicable,_Z,Not applicable,_Z,Not applicable,2020,,89,,PERCENT,percent,R,Regional,C,Country Data,Review of Economic Infrastructure in the Pacific: Pacific Infrastructure Performance Indicators 2021 report,,A,Normal value,"Data are taken from 2013, 2017, 2019, and 2020",
DATAFLOW,SPC:DF_BP50_7(1.0),Blue Pacific 2050: Technology And Connectivity (Thematic Area 7),I,A,Annual,BPI_PAU,Proportion of airports with unpaved runways,TO,Tonga,_T,Total,_T,All ages,_T,National,_T,Total,_Z,Not applicable,_Z,Not applicable,_Z,Not applicable,_Z,Not applicable,2010,,83,,PERCENT,percent,R,Regional,C,Country Data,2016 Pacific Infrastructure Performance Indicators 'PIPIs' report,,A,Normal value,,
DATAFLOW,SPC:DF_BP50_7(1.0),Blue Pacific 2050: Technology And Connectivity (Thematic Area 7),I,A,Annual,BPI_PAU,Proportion of airports with unpaved runways,TO,Tonga,_T,Total,_T,All ages,_T,National,_T,Total,_Z,Not applicable,_Z,Not applicable,_Z,Not applicable,_Z,Not applicable,2020,,67,,PERCENT,percent,R,Regional,C,Country Data,Review of Economic Infrastructure in the Pacific: Pacific Infrastructure Performance Indicators 2021 report,,A,Normal value,"Data are taken from 2013, 2017, 2019, and 2020",
DATAFLOW,SPC:DF_BP50_7(1.0),Blue Pacific 2050: Technology And Connectivity (Thematic Area 7),I,A,Annual,BPI_PAU,Proportion of airports with unpaved runways,TV,Tuvalu,_T,Total,_T,All ages,_T,National,_T,Total,_Z,Not applicable,_Z,Not applicable,_Z,Not applicable,_Z,Not applicable,2010,,0,,PERCENT,percent,R,Regional,C,Country Data,2016 Pacific Infrastructure Performance Indicators 'PIPIs' report,,A,Normal value,,
DATAFLOW,SPC:DF_BP50_7(1.0),Blue Pacific 2050: Technology And Connectivity (Thematic Area 7),I,A,Annual,BPI_PAU,Proportion of airports with unpaved runways,TV,Tuvalu,_T,Total,_T,All ages,_T,National,_T,Total,_Z,Not applicable,_Z,Not applicable,_Z,Not applicable,_Z,Not applicable,2020,,0,,PERCENT,percent,R,Regional,C,Country Data,Review of Economic Infrastructure in the Pacific: Pacific Infrastructure Performance Indicators 2021 report,,A,Normal value,"Data are taken from 2013, 2017, 2019, and 2020",
DATAFLOW,SPC:DF_BP50_7(1.0),Blue Pacific 2050: Technology And Connectivity (Thematic Area 7),I,A,Annual,BPI_PAU,Proportion of airports with unpaved runways,VU,Vanuatu,_T,Total,_T,All ages,_T,National,_T,Total,_Z,Not applicable,_Z,Not applicable,_Z,Not applicable,_Z,Not applicable,2011,,93,,PERCENT,percent,R,Regional,C,Country Data,2016 Pacific Infrastructure Performance Indicators 'PIPIs' report,,A,Normal value,,
DATAFLOW,SPC:DF_BP50_7(1.0),Blue Pacific 2050: Technology And Connectivity (Thematic Area 7),I,A,Annual,BPI_PAU,Proportion of airports with unpaved runways,VU,Vanuatu,_T,Total,_T,All ages,_T,National,_T,Total,_Z,Not applicable,_Z,Not applicable,_Z,Not applicable,_Z,Not applicable,2020,,90,,PERCENT,percent,R,Regional,C,Country Data,Review of Economic Infrastructure in the Pacific: Pacific Infrastructure Performance Indicators 2021 report,,A,Normal value,"Data are taken from 2013, 2017, 2019, and 2020. There are approximatively 26 unpaved runway out of a total of 29 airports.",
DATAFLOW,SPC:DF_BP50_7(1.0),Blue Pacific 2050: Technology And Connectivity (Thematic Area 7),I,A,Annual,BPI_PAU,Proportion of airports with unpaved runways,WS,Samoa,_T,Total,_T,All ages,_T,National,_T,Total,_Z,Not applicable,_Z,Not applicable,_Z,Not applicable,_Z,Not applicable,2010,,75,,PERCENT,percent,R,Regional,C,Country Data,2016 Pacific Infrastructure Performance Indicators 'PIPIs' report,,A,Normal value,,
DATAFLOW,SPC:DF_BP50_7(1.0),Blue Pacific 2050: Technology And Connectivity (Thematic Area 7),I,A,Annual,BPI_PAU,Proportion of airports with unpaved runways,WS,Samoa,_T,Total,_T,All ages,_T,National,_T,Total,_Z,Not applicable,_Z,Not applicable,_Z,Not applicable,_Z,Not applicable,2020,,75,,PERCENT,percent,R,Regional,C,Country Data,Review of Economic Infrastructure in the Pacific: Pacific Infrastructure Performance Indicators 2021 report,,A,Normal value,"Data are taken from 2013, 2017, 2019, and 2020",
DATAFLOW,SPC:DF_BP50_7(1.0),Blue Pacific 2050: Technology And Connectivity (Thematic Area 7),I,A,Annual,BPI_PRU,Proportion of roads unpaved,CK,Cook Islands,_T,Total,_T,All ages,_T,National,_T,Total,_Z,Not applicable,_Z,Not applicable,_Z,Not applicable,_Z,Not applicable,2003,,90,,PERCENT,percent,R,Regional,C,Country Data,Pacific Infrastructure Performance Indicators 2011 report,,A,Normal value,,
DATAFLOW,SPC:DF_BP50_7(1.0),Blue Pacific 2050: Technology And Connectivity (Thematic Area 7),I,A,Annual,BPI_PRU,Proportion of roads unpaved,CK,Cook Islands,_T,Total,_T,All ages,_T,National,_T,Total,_Z,Not applicable,_Z,Not applicable,_Z,Not applicable,_Z,Not applicable,2005,,90,,PERCENT,percent,R,Regional,C,Country Data,2016 Pacific Infrastructure Performance Indicators 'PIPIs' report,,A,Normal value,,
DATAFLOW,SPC:DF_BP50_7(1.0),Blue Pacific 2050: Technology And Connectivity (Thematic Area 7),I,A,Annual,BPI_PRU,Proportion of roads unpaved,CK,Cook Islands,_T,Total,_T,All ages,_T,National,_T,Total,_Z,Not applicable,_Z,Not applicable,_Z,Not applicable,_Z,Not applicable,2018,,30,,PERCENT,percent,R,Regional,C,Country Data,Review of Economic Infrastructure in the Pacific: Pacific Infrastructure Performance Indicators 2021 report,,A,Normal value,,
DATAFLOW,SPC:DF_BP50_7(1.0),Blue Pacific 2050: Technology And Connectivity (Thematic Area 7),I,A,Annual,BPI_PRU,Proportion of roads unpaved,FJ,Fiji,_T,Total,_T,All ages,_T,National,_T,Total,_Z,Not applicable,_Z,Not applicable,_Z,Not applicable,_Z,Not applicable,2005,,51,,PERCENT,percent,R,Regional,C,Country Data,2016 Pacific Infrastructure Performance Indicators 'PIPIs' report,,A,Normal value,,
DATAFLOW,SPC:DF_BP50_7(1.0),Blue Pacific 2050: Technology And Connectivity (Thematic Area 7),I,A,Annual,BPI_PRU,Proportion of roads unpaved,FJ,Fiji,_T,Total,_T,All ages,_T,National,_T,Total,_Z,Not applicable,_Z,Not applicable,_Z,Not applicable,_Z,Not applicable,2011,,51,,PERCENT,percent,R,Regional,C,Country Data,Review of Economic Infrastructure in the Pacific: Pacific Infrastructure Performance Indicators 2021 report,,A,Normal value,,
DATAFLOW,SPC:DF_BP50_7(1.0),Blue Pacific 2050: Technology And Connectivity (Thematic Area 7),I,A,Annual,BPI_PRU,Proportion of roads unpaved,FM,Micronesia (Federated States of),_T,Total,_T,All ages,_T,National,_T,Total,_Z,Not applicable,_Z,Not applicable,_Z,Not applicable,_Z,Not applicable,2000,,83,,PERCENT,percent,R,Regional,C,Country Data,Pacific Infrastructure Performance Indicators 2011 report,,A,Normal value,,
DATAFLOW,SPC:DF_BP50_7(1.0),Blue Pacific 2050: Technology And Connectivity (Thematic Area 7),I,A,Annual,BPI_PRU,Proportion of roads unpaved,FM,Micronesia (Federated States of),_T,Total,_T,All ages,_T,National,_T,Total,_Z,Not applicable,_Z,Not applicable,_Z,Not applicable,_Z,Not applicable,2005,,83,,PERCENT,percent,R,Regional,C,Country Data,2016 Pacific Infrastructure Performance Indicators 'PIPIs' report,,A,Normal value,,
DATAFLOW,SPC:DF_BP50_7(1.0),Blue Pacific 2050: Technology And Connectivity (Thematic Area 7),I,A,Annual,BPI_PRU,Proportion of roads unpaved,FM,Micronesia (Federated States of),_T,Total,_T,All ages,_T,National,_T,Total,_Z,Not applicable,_Z,Not applicable,_Z,Not applicable,_Z,Not applicable,2015,,53,,PERCENT,percent,R,Regional,C,Country Data,Review of Economic Infrastructure in the Pacific: Pacific Infrastructure Performance Indicators 2021 report,,A,Normal value,,
DATAFLOW,SPC:DF_BP50_7(1.0),Blue Pacific 2050: Technology And Connectivity (Thematic Area 7),I,A,Annual,BPI_PRU,Proportion of roads unpaved,KI,Kiribati,_T,Total,_T,All ages,_T,National,_T,Total,_Z,Not applicable,_Z,Not applicable,_Z,Not applicable,_Z,Not applicable,2005,,83,,PERCENT,percent,R,Regional,C,Country Data,2016 Pacific Infrastructure Performance Indicators 'PIPIs' report,,A,Normal value,,
DATAFLOW,SPC:DF_BP50_7(1.0),Blue Pacific 2050: Technology And Connectivity (Thematic Area 7),I,A,Annual,BPI_PRU,Proportion of roads unpaved,KI,Kiribati,_T,Total,_T,All ages,_T,National,_T,Total,_Z,Not applicable,_Z,Not applicable,_Z,Not applicable,_Z,Not applicable,2019,,83,,PERCENT,percent,R,Regional,C,Country Data,Review of Economic Infrastructure in the Pacific: Pacific Infrastructure Performance Indicators 2021 report,,A,Normal value,,
DATAFLOW,SPC:DF_BP50_7(1.0),Blue Pacific 2050: Technology And Connectivity (Thematic Area 7),I,A,Annual,BPI_PRU,Proportion of roads unpaved,MH,Marshall Islands,_T,Total,_T,All ages,_T,National,_T,Total,_Z,Not applicable,_Z,Not applicable,_Z,Not applicable,_Z,Not applicable,2007,,96,,PERCENT,percent,R,Regional,C,Country Data,2016 Pacific Infrastructure Performance Indicators 'PIPIs' report,,A,Normal value,,
DATAFLOW,SPC:DF_BP50_7(1.0),Blue Pacific 2050: Technology And Connectivity (Thematic Area 7),I,A,Annual,BPI_PRU,Proportion of roads unpaved,MH,Marshall Islands,_T,Total,_T,All ages,_T,National,_T,Total,_Z,Not applicable,_Z,Not applicable,_Z,Not applicable,_Z,Not applicable,2017,,96,,PERCENT,percent,R,Regional,C,Country Data,Review of Economic Infrastructure in the Pacific: Pacific Infrastructure Performance Indicators 2021 report,,A,Normal value,"Given that the Marshall Islands has a land mass less than 200 square kilometers and the length of the main island is only 40 km, a total road network of more than 2,000 km suggests high density—though much of this could be dirt tracks. In addition to the sources listed, which provide these data, there are also some data on the RMI from 2001 on urban and nonurban disaggregation: 1,422 km of urban road and 832 km of nonurban road (CIA World FactBook, accessed 4 Nov 2020).",
DATAFLOW,SPC:DF_BP50_7(1.0),Blue Pacific 2050: Technology And Connectivity (Thematic Area 7),I,A,Annual,BPI_PRU,Proportion of roads unpaved,NR,Nauru,_T,Total,_T,All ages,_T,National,_T,Total,_Z,Not applicable,_Z,Not applicable,_Z,Not applicable,_Z,Not applicable,2002,,20,,PERCENT,percent,R,Regional,C,Country Data,Review of Economic Infrastructure in the Pacific: Pacific Infrastructure Performance Indicators 2021 report,,A,Normal value,,
DATAFLOW,SPC:DF_BP50_7(1.0),Blue Pacific 2050: Technology And Connectivity (Thematic Area 7),I,A,Annual,BPI_PRU,Proportion of roads unpaved,NR,Nauru,_T,Total,_T,All ages,_T,National,_T,Total,_Z,Not applicable,_Z,Not applicable,_Z,Not applicable,_Z,Not applicable,2005,,20,,PERCENT,percent,R,Regional,C,Country Data,2016 Pacific Infrastructure Performance Indicators 'PIPIs' report,,A,Normal value,,
DATAFLOW,SPC:DF_BP50_7(1.0),Blue Pacific 2050: Technology And Connectivity (Thematic Area 7),I,A,Annual,BPI_PRU,Proportion of roads unpaved,NU,Niue,_T,Total,_T,All ages,_T,National,_T,Total,_Z,Not applicable,_Z,Not applicable,_Z,Not applicable,_Z,Not applicable,2008,,0,,PERCENT,percent,R,Regional,C,Country Data,Pacific Infrastructure Performance Indicators 2011 report,,A,Normal value,,
DATAFLOW,SPC:DF_BP50_7(1.0),Blue Pacific 2050: Technology And Connectivity (Thematic Area 7),I,A,Annual,BPI_PRU,Proportion of roads unpaved,NU,Niue,_T,Total,_T,All ages,_T,National,_T,Total,_Z,Not applicable,_Z,Not applicable,_Z,Not applicable,_Z,Not applicable,2009,,0,,PERCENT,percent,R,Regional,C,Country Data,2016 Pacific Infrastructure Performance Indicators 'PIPIs' report,,A,Normal value,,
DATAFLOW,SPC:DF_BP50_7(1.0),Blue Pacific 2050: Technology And Connectivity (Thematic Area 7),I,A,Annual,BPI_PRU,Proportion of roads unpaved,NU,Niue,_T,Total,_T,All ages,_T,National,_T,Total,_Z,Not applicable,_Z,Not applicable,_Z,Not applicable,_Z,Not applicable,2017,,10,,PERCENT,percent,R,Regional,C,Country Data,Review of Economic Infrastructure in the Pacific: Pacific Infrastructure Performance Indicators 2021 report,,A,Normal value,,
DATAFLOW,SPC:DF_BP50_7(1.0),Blue Pacific 2050: Technology And Connectivity (Thematic Area 7),I,A,Annual,BPI_PRU,Proportion of roads unpaved,PG,Papua New Guinea,_T,Total,_T,All ages,_T,National,_T,Total,_Z,Not applicable,_Z,Not applicable,_Z,Not applicable,_Z,Not applicable,2011,,53,,PERCENT,percent,R,Regional,C,Country Data,2016 Pacific Infrastructure Performance Indicators 'PIPIs' report,,A,Normal value,,
DATAFLOW,SPC:DF_BP50_7(1.0),Blue Pacific 2050: Technology And Connectivity (Thematic Area 7),I,A,Annual,BPI_PRU,Proportion of roads unpaved,PG,Papua New Guinea,_T,Total,_T,All ages,_T,National,_T,Total,_Z,Not applicable,_Z,Not applicable,_Z,Not applicable,_Z,Not applicable,2018,,61,,PERCENT,percent,R,Regional,C,Country Data,Review of Economic Infrastructure in the Pacific: Pacific Infrastructure Performance Indicators 2021 report,,A,Normal value,"The data on Papua New Guinea only includes the national road network, which is the part of the total network, with data on paving status. There are also approximately 21,000 km of subnational (provincial and district) roads for which data are not available on paving status.",
DATAFLOW,SPC:DF_BP50_7(1.0),Blue Pacific 2050: Technology And Connectivity (Thematic Area 7),I,A,Annual,BPI_PRU,Proportion of roads unpaved,PW,Palau,_T,Total,_T,All ages,_T,National,_T,Total,_Z,Not applicable,_Z,Not applicable,_Z,Not applicable,_Z,Not applicable,2018,,29,,PERCENT,percent,R,Regional,C,Country Data,Review of Economic Infrastructure in the Pacific: Pacific Infrastructure Performance Indicators 2021 report,,A,Normal value,,
DATAFLOW,SPC:DF_BP50_7(1.0),Blue Pacific 2050: Technology And Connectivity (Thematic Area 7),I,A,Annual,BPI_PRU,Proportion of roads unpaved,SB,Solomon Islands,_T,Total,_T,All ages,_T,National,_T,Total,_Z,Not applicable,_Z,Not applicable,_Z,Not applicable,_Z,Not applicable,2002,,98,,PERCENT,percent,R,Regional,C,Country Data,Pacific Infrastructure Performance Indicators 2011 report,,A,Normal value,,
DATAFLOW,SPC:DF_BP50_7(1.0),Blue Pacific 2050: Technology And Connectivity (Thematic Area 7),I,A,Annual,BPI_PRU,Proportion of roads unpaved,SB,Solomon Islands,_T,Total,_T,All ages,_T,National,_T,Total,_Z,Not applicable,_Z,Not applicable,_Z,Not applicable,_Z,Not applicable,2005,,98,,PERCENT,percent,R,Regional,C,Country Data,2016 Pacific Infrastructure Performance Indicators 'PIPIs' report,,A,Normal value,,
DATAFLOW,SPC:DF_BP50_7(1.0),Blue Pacific 2050: Technology And Connectivity (Thematic Area 7),I,A,Annual,BPI_PRU,Proportion of roads unpaved,SB,Solomon Islands,_T,Total,_T,All ages,_T,National,_T,Total,_Z,Not applicable,_Z,Not applicable,_Z,Not applicable,_Z,Not applicable,2019,,88,,PERCENT,percent,R,Regional,C,Country Data,Review of Economic Infrastructure in the Pacific: Pacific Infrastructure Performance Indicators 2021 report,,A,Normal value,The data for Solomon Islands include 920 km of private plantation roads.,
DATAFLOW,SPC:DF_BP50_7(1.0),Blue Pacific 2050: Technology And Connectivity (Thematic Area 7),I,A,Annual,BPI_PRU,Proportion of roads unpaved,TO,Tonga,_T,Total,_T,All ages,_T,National,_T,Total,_Z,Not applicable,_Z,Not applicable,_Z,Not applicable,_Z,Not applicable,2000,,73,,PERCENT,percent,R,Regional,C,Country Data,Pacific Infrastructure Performance Indicators 2011 report,,A,Normal value,,
DATAFLOW,SPC:DF_BP50_7(1.0),Blue Pacific 2050: Technology And Connectivity (Thematic Area 7),I,A,Annual,BPI_PRU,Proportion of roads unpaved,TO,Tonga,_T,Total,_T,All ages,_T,National,_T,Total,_Z,Not applicable,_Z,Not applicable,_Z,Not applicable,_Z,Not applicable,2005,,73,,PERCENT,percent,R,Regional,C,Country Data,2016 Pacific Infrastructure Performance Indicators 'PIPIs' report,,A,Normal value,,
DATAFLOW,SPC:DF_BP50_7(1.0),Blue Pacific 2050: Technology And Connectivity (Thematic Area 7),I,A,Annual,BPI_PRU,Proportion of roads unpaved,TO,Tonga,_T,Total,_T,All ages,_T,National,_T,Total,_Z,Not applicable,_Z,Not applicable,_Z,Not applicable,_Z,Not applicable,2011,,73,,PERCENT,percent,R,Regional,C,Country Data,Review of Economic Infrastructure in the Pacific: Pacific Infrastructure Performance Indicators 2021 report,,A,Normal value,,
DATAFLOW,SPC:DF_BP50_7(1.0),Blue Pacific 2050: Technology And Connectivity (Thematic Area 7),I,A,Annual,BPI_PRU,Proportion of roads unpaved,TV,Tuvalu,_T,Total,_T,All ages,_T,National,_T,Total,_Z,Not applicable,_Z,Not applicable,_Z,Not applicable,_Z,Not applicable,2005,,0,,PERCENT,percent,R,Regional,C,Country Data,2016 Pacific Infrastructure Performance Indicators 'PIPIs' report,,A,Normal value,,
DATAFLOW,SPC:DF_BP50_7(1.0),Blue Pacific 2050: Technology And Connectivity (Thematic Area 7),I,A,Annual,BPI_PRU,Proportion of roads unpaved,TV,Tuvalu,_T,Total,_T,All ages,_T,National,_T,Total,_Z,Not applicable,_Z,Not applicable,_Z,Not applicable,_Z,Not applicable,2011,,0,,PERCENT,percent,R,Regional,C,Country Data,Review of Economic Infrastructure in the Pacific: Pacific Infrastructure Performance Indicators 2021 report,,A,Normal value,,
DATAFLOW,SPC:DF_BP50_7(1.0),Blue Pacific 2050: Technology And Connectivity (Thematic Area 7),I,A,Annual,BPI_PRU,Proportion of roads unpaved,VU,Vanuatu,_T,Total,_T,All ages,_T,National,_T,Total,_Z,Not applicable,_Z,Not applicable,_Z,Not applicable,_Z,Not applicable,2000,,76,,PERCENT,percent,R,Regional,C,Country Data,Pacific Infrastructure Performance Indicators 2011 report,,A,Normal value,,
DATAFLOW,SPC:DF_BP50_7(1.0),Blue Pacific 2050: Technology And Connectivity (Thematic Area 7),I,A,Annual,BPI_PRU,Proportion of roads unpaved,VU,Vanuatu,_T,Total,_T,All ages,_T,National,_T,Total,_Z,Not applicable,_Z,Not applicable,_Z,Not applicable,_Z,Not applicable,2005,,76,,PERCENT,percent,R,Regional,C,Country Data,2016 Pacific Infrastructure Performance Indicators 'PIPIs' report,,A,Normal value,,
DATAFLOW,SPC:DF_BP50_7(1.0),Blue Pacific 2050: Technology And Connectivity (Thematic Area 7),I,A,Annual,BPI_PRU,Proportion of roads unpaved,VU,Vanuatu,_T,Total,_T,All ages,_T,National,_T,Total,_Z,Not applicable,_Z,Not applicable,_Z,Not applicable,_Z,Not applicable,2018,,90,,PERCENT,percent,R,Regional,C,Country Data,Review of Economic Infrastructure in the Pacific: Pacific Infrastructure Performance Indicators 2021 report,,A,Normal value,,
DATAFLOW,SPC:DF_BP50_7(1.0),Blue Pacific 2050: Technology And Connectivity (Thematic Area 7),I,A,Annual,BPI_PRU,Proportion of roads unpaved,WS,Samoa,_T,Total,_T,All ages,_T,National,_T,Total,_Z,Not applicable,_Z,Not applicable,_Z,Not applicable,_Z,Not applicable,2001,,86,,PERCENT,percent,R,Regional,C,Country Data,Pacific Infrastructure Performance Indicators 2011 report,,A,Normal value,,
DATAFLOW,SPC:DF_BP50_7(1.0),Blue Pacific 2050: Technology And Connectivity (Thematic Area 7),I,A,Annual,BPI_PRU,Proportion of roads unpaved,WS,Samoa,_T,Total,_T,All ages,_T,National,_T,Total,_Z,Not applicable,_Z,Not applicable,_Z,Not applicable,_Z,Not applicable,2004,,6,,PERCENT,percent,R,Regional,C,Country Data,Review of Economic Infrastructure in the Pacific: Pacific Infrastructure Performance Indicators 2021 report,,A,Normal value,"The data on Samoa only include roads that are managed by the Land Transport Authority , which is the only part of the network with data on paving status. There are also approximately 1,100–1,400 km of road not managed by the Land Transport Authority, though some of this may only be dirt tracks. The total network has been estimated to be in the order of 2,340 km (Transport Sector Plan 2013–2018. Vol. 2. p.4).",
DATAFLOW,SPC:DF_BP50_7(1.0),Blue Pacific 2050: Technology And Connectivity (Thematic Area 7),I,A,Annual,BPI_PRU,Proportion of roads unpaved,WS,Samoa,_T,Total,_T,All ages,_T,National,_T,Total,_Z,Not applicable,_Z,Not applicable,_Z,Not applicable,_Z,Not applicable,2005,,86,,PERCENT,percent,R,Regional,C,Country Data,2016 Pacific Infrastructure Performance Indicators 'PIPIs' report,,A,Normal value,,
