Year,Month,Monthly_Temperature_C,Monthly_Uncertainty_C,Annual_Temperature_C,Annual_Uncertainty_C,Five_Year_Temperature_C,Five_Year_Uncertainty_C,Ten_Year_Temperature_C,Ten_Year_Uncertainty_C,Twenty_Year_Temperature_C,Twenty_Year_Uncertainty_C
1876,2,21.157,1.368,,,,,,,,
1876,3,21.625,1.414,,,,,,,,
1876,4,20.88,1.059,20.986,0.462,,,,,,
1876,5,21.386,0.897,21.037,0.435,,,,,,
1876,6,20.655,0.903,21.144000000000002,0.439,,,,,,
1876,7,20.942,0.905,21.165,0.445,,,,,,
1876,8,21.158,0.931,21.213,0.454,,,,,,
1876,9,21.22,0.909,21.177,0.456,,,,,,
1876,10,21.488,0.917,21.219,0.434,,,,,,
1876,11,21.011,1.121,21.248,0.448,,,,,,
1876,12,21.218,1.001,21.286,0.428,,,,,,
1877,1,21.244,1.311,21.387,0.416,,,,,,
1877,2,21.737000000000002,1.301,21.503,0.43,,,,,,
1877,3,21.182,1.172,21.521,0.436,,,,,,
1877,4,21.389,0.979,21.546,0.453,21.45,0.269,,,,
1877,5,21.729,1.008,21.672,0.422,21.455000000000002,0.274,,,,
1877,6,21.117,1.209,21.679000000000002,0.392,21.464,0.283,,,,
1877,7,22.155,0.915,21.786,0.425,21.471,0.287,,,,
1877,8,22.553,0.99,21.817,0.418,21.471,0.295,,,,
1877,9,21.429000000000002,1.085,21.94,0.394,21.493,0.306,,,,
1877,10,21.788,1.29,22.021,0.407,21.494,0.304,,,,
1877,11,22.528,1.023,22.049,0.411,21.5,0.3,,,,
1877,12,21.301000000000002,1.051,22.032,0.448,21.485,0.298,,,,
1878,1,22.531,1.659,22.107,0.498,21.475,0.297,,,,
1878,2,22.098,1.105,22.09,0.512,21.499,0.308,,,,
1878,3,22.665,0.902,22.208000000000002,0.516,21.512,0.301,,,,
1878,4,22.356,1.074,22.311,0.536,21.503,0.3,,,,
1878,5,22.071,1.01,22.285,0.537,21.533,0.3,,,,
1878,6,20.911,0.864,22.338,0.551,21.564,0.307,,,,
1878,7,23.053,1.72,22.348,0.532,21.577,0.311,21.436,0.31,,
1878,8,22.345,0.768,22.273,0.547,21.583000000000002,0.31,21.435,0.311,,
1878,9,22.855,0.946,22.113,0.517,21.578,0.314,21.432,0.308,,
1878,10,23.018,1.184,21.979,0.473,21.597,0.321,21.428,0.307,,
1878,11,22.216,1.047,21.837,0.387,21.625,0.346,21.434,0.304,,
1878,12,21.942,0.866,21.843,0.378,21.623,0.347,21.442,0.306,,
1879,1,22.646,0.966,21.69,0.328,21.625,0.346,21.448,0.307,,
1879,2,21.202,0.951,21.613,0.319,21.64,0.355,21.459,0.312,,
1879,3,20.740000000000002,0.996,21.442,0.321,21.645,0.353,21.472,0.319,,
1879,4,20.75,0.782,21.258,0.356,21.645,0.361,21.466,0.319,,
1879,5,20.372,1.251,21.193,0.309,21.655,0.372,21.456,0.314,,
1879,6,20.979,0.92,21.174,0.282,21.669,0.377,21.46,0.312,,
1879,7,21.218,0.808,21.077,0.309,21.684,0.372,21.458000000000002,0.308,,
1879,8,21.416,0.757,21.069,0.3,21.678,0.37,21.47,0.31,,
1879,9,20.806,1.086,21.158,0.33,21.695,0.384,21.476,0.313,,
1879,10,20.81,0.892,21.191,0.369,21.691,0.388,21.474,0.311,,
1879,11,21.438,0.94,21.288,0.447,21.691,0.388,21.475,0.315,,
1879,12,21.707,1.649,21.253,0.468,21.672,0.378,21.47,0.32,,
1880,1,21.490000000000002,1.081,21.213,0.466,21.65,0.373,21.468,0.323,,
1880,2,21.102,1.213,21.337,0.568,21.642,0.375,21.465,0.327,,
1880,3,21.802,1.992,21.407,0.602,21.654,0.371,21.458000000000002,0.321,,
1880,4,21.155,1.131,21.416,0.664,21.65,0.364,21.45,0.317,,
1880,5,21.535,0.995,21.479,0.685,21.638,0.368,21.458000000000002,0.32,,
1880,6,20.558,0.839,21.486,0.626,21.634,0.37,21.448,0.312,,
1880,7,20.732,0.828,21.506,0.74,21.619,0.372,21.446,0.308,,
1880,8,22.91,1.567,21.542,0.706,21.595,0.37,21.451,0.31,,
1880,9,21.651,0.834,21.5,0.627,21.564,0.372,21.461,0.312,,
1880,10,20.917,0.907,21.575,0.64,21.54,0.361,21.471,0.313,,
1880,11,22.187,1.103,21.701,0.731,21.531,0.359,21.481,0.31,,
1880,12,21.797,0.899,21.7,0.711,21.562,0.365,21.502,0.312,,
1881,1,21.731,1.551,21.73,0.687,21.537,0.35,21.507,0.311,21.391000000000002,0.263
1881,2,21.525,1.007,21.656,0.628,21.526,0.351,21.51,0.314,21.39,0.264
1881,3,21.307,1.041,21.647000000000002,0.646,21.491,0.34,21.505,0.31,21.392,0.267
1881,4,22.052,1.238,21.694,0.656,21.459,0.334,21.506,0.305,21.388,0.266
1881,5,23.042,1.844,21.645,0.654,21.438,0.34,21.508,0.308,21.388,0.267
1881,6,20.544,0.813,21.666,0.662,21.437,0.348,21.51,0.305,21.383,0.266
1881,7,21.093,0.94,21.701,0.573,21.423000000000002,0.353,21.515,0.309,21.377,0.264
1881,8,22.023,0.845,21.688,0.585,21.44,0.359,21.517,0.315,21.369,0.263
1881,9,21.542,0.813,21.762,0.601,21.453,0.378,21.522000000000002,0.32,21.363,0.262
1881,10,21.484,0.994,21.69,0.577,21.455000000000002,0.384,21.513,0.322,21.362000000000002,0.264
1881,11,21.6,1.208,21.581,0.52,21.456,0.395,21.517,0.324,21.365000000000002,0.265
1881,12,22.052,1.011,21.532,0.476,21.461,0.394,21.513,0.317,21.365000000000002,0.269
1882,1,22.15,0.982,21.51,0.443,21.45,0.388,21.517,0.323,21.365000000000002,0.269
1882,2,21.372,1.055,21.516000000000002,0.42,21.47,0.401,21.505,0.318,21.366,0.271
1882,3,22.186,1.444,21.563,0.42,21.488,0.423,21.506,0.319,21.37,0.272
1882,4,21.194,1.0,21.569,0.402,21.497,0.423,21.503,0.316,21.369,0.272
1882,5,21.728,1.044,21.586,0.416,21.495,0.419,21.496,0.313,21.368,0.27
1882,6,19.954,1.496,21.505,0.429,21.476,0.411,21.491,0.316,21.365000000000002,0.27
1882,7,20.830000000000002,0.773,21.461,0.448,21.466,0.416,21.483,0.314,21.365000000000002,0.269
1882,8,22.101,0.929,21.402,0.422,21.46,0.405,21.473,0.313,21.372,0.271
1882,9,22.109,0.915,21.287,0.442,21.423000000000002,0.381,21.47,0.314,21.371,0.269
1882,10,21.55,0.889,21.265,0.478,21.407,0.371,21.463,0.309,21.371,0.27
1882,11,21.809,0.875,21.248,0.444,21.416,0.375,21.453,0.31,21.372,0.273
1882,12,21.082,1.07,21.484,0.414,21.41,0.359,21.45,0.308,21.376,0.274
1883,1,21.619,0.993,21.545,0.441,21.417,0.35,21.446,0.313,21.377,0.278
1883,2,20.663,0.977,21.51,0.454,21.404,0.341,21.438,0.313,21.379,0.28
1883,3,20.804000000000002,0.899,21.394000000000002,0.423,21.411,0.351,21.422,0.316,21.38,0.282
1883,4,20.931,0.805,21.357,0.412,21.438,0.352,21.418,0.314,21.382,0.285
1883,5,21.522000000000002,0.716,21.286,0.416,21.429000000000002,0.342,21.414,0.313,21.383,0.286
1883,6,22.789,0.934,21.356,0.406,21.44,0.337,21.42,0.31,21.378,0.288
1883,7,21.556,0.762,21.371,0.396,21.437,0.334,21.403,0.299,21.382,0.288
1883,8,21.681,0.722,21.497,0.412,21.436,0.342,21.396,0.299,21.382,0.289
1883,9,20.723,0.8,21.558,0.447,21.432,0.328,21.385,0.293,21.384,0.291
1883,10,21.104,0.703,21.551000000000002,0.444,21.415,0.312,21.375,0.286,21.387,0.293
1883,11,20.955000000000002,0.827,21.464,0.428,21.391000000000002,0.3,21.382,0.287,21.393,0.295
1883,12,21.92,1.035,21.337,0.399,21.397000000000002,0.291,21.39,0.29,21.394000000000002,0.296
1884,1,21.803,0.762,21.254,0.375,21.405,0.297,21.381,0.29,21.393,0.297
1884,2,22.177,1.052,21.332,0.408,21.395,0.299,21.39,0.288,21.389,0.296
1884,3,21.53,1.264,21.427,0.501,21.4,0.31,21.405,0.293,21.394000000000002,0.297
1884,4,20.854,0.874,21.448,0.484,21.38,0.308,21.415,0.295,21.389,0.297
1884,5,20.477,0.689,21.48,0.518,21.379,0.3,21.43,0.302,21.383,0.295
1884,6,21.258,0.83,21.367,0.53,21.357,0.284,21.436,0.302,21.382,0.294
1884,7,20.565,0.874,21.29,0.538,21.35,0.303,21.436,0.299,21.381,0.293
1884,8,22.619,1.275,21.169,0.499,21.332,0.295,21.437,0.298,21.381,0.292
1884,9,21.857,1.173,21.008,0.41,21.317,0.287,21.448,0.308,21.378,0.291
1884,10,21.357,0.781,20.952,0.346,21.315,0.28,21.46,0.313,21.376,0.293
1884,11,21.344,1.007,21.088,0.412,21.301000000000002,0.276,21.466,0.315,21.38,0.294
1884,12,20.558,1.006,20.999,0.365,21.311,0.292,21.47,0.312,21.38,0.297
1885,1,20.882,0.807,21.045,0.369,21.317,0.294,21.468,0.317,21.376,0.296
1885,2,20.725,0.764,21.006,0.345,21.303,0.29,21.468,0.311,21.372,0.296
1885,3,19.603,0.865,21.022,0.329,21.286,0.297,21.465,0.301,21.374,0.294
1885,4,20.182000000000002,0.76,21.121,0.348,21.277,0.298,21.465,0.297,21.373,0.291
1885,5,22.102,1.177,21.147000000000002,0.329,21.269000000000002,0.296,21.465,0.295,21.374,0.288
1885,6,20.191,0.897,21.304000000000002,0.323,21.266000000000002,0.289,21.475,0.291,21.373,0.286
1885,7,21.12,0.962,21.364,0.322,21.273,0.297,21.474,0.29,21.369,0.284
1885,8,22.156,0.77,21.425,0.366,21.282,0.307,21.461,0.283,21.37,0.284
1885,9,22.042,1.0,21.545,0.407,21.279,0.313,21.463,0.286,21.371,0.283
1885,10,22.55,0.856,21.614,0.428,21.296,0.324,21.471,0.29,21.375,0.28
1885,11,21.652,0.843,21.577,0.412,21.297,0.327,21.459,0.286,21.38,0.278
1885,12,22.442,0.871,21.634,0.424,21.279,0.32,21.452,0.285,21.388,0.28
1886,1,21.602,0.999,21.674,0.504,21.268,0.32,21.438,0.279,21.394000000000002,0.28
1886,2,21.462,1.535,21.609,0.575,21.265,0.323,21.428,0.279,21.394000000000002,0.279
1886,3,21.038,0.857,21.592,0.614,21.279,0.324,21.426000000000002,0.278,21.393,0.278
1886,4,21.014,0.764,21.405,0.645,21.29,0.32,21.412,0.27,21.393,0.277
1886,5,21.654,0.906,21.397000000000002,0.655,21.325,0.324,21.401,0.26,21.391000000000002,0.278
1886,6,20.87,0.724,21.254,0.597,21.342,0.322,21.398,0.259,21.389,0.278
1886,7,21.605,1.094,21.266000000000002,0.629,21.338,0.32,21.39,0.259,21.386,0.279
1886,8,21.379,1.351,21.165,0.545,21.341,0.314,21.375,0.256,21.383,0.278
1886,9,21.836,1.307,21.186,0.569,21.357,0.309,21.365000000000002,0.257,21.381,0.276
1886,10,20.31,1.04,21.191,0.586,21.375,0.303,21.362000000000002,0.258,21.385,0.277
1886,11,21.557,0.831,21.128,0.538,21.404,0.309,21.359,0.254,21.388,0.278
1886,12,20.718,1.002,21.1,0.547,21.412,0.309,21.355,0.256,21.394000000000002,0.279
1887,1,21.751,1.39,21.066,0.468,21.421,0.309,21.347,0.262,21.394000000000002,0.28
1887,2,20.242,0.695,21.06,0.395,21.403,0.294,21.35,0.26,21.392,0.278
1887,3,21.29,0.909,20.996,0.362,21.407,0.29,21.347,0.256,21.39,0.277
1887,4,21.081,0.732,21.052,0.307,21.423000000000002,0.298,21.34,0.251,21.392,0.275
1887,5,20.895,0.765,21.034,0.29,21.438,0.298,21.334,0.251,21.389,0.272
1887,6,20.541,0.819,21.049,0.292,21.464,0.297,21.343,0.262,21.394000000000002,0.272
1887,7,21.193,0.761,21.074,0.279,21.47,0.296,21.347,0.265,21.395,0.272
1887,8,21.303,0.732,21.154,0.306,21.476,0.294,21.351,0.267,21.389,0.271
1887,9,21.067,0.823,21.1,0.276,21.506,0.307,21.343,0.269,21.391000000000002,0.27
1887,10,20.984,0.748,21.17,0.3,21.522000000000002,0.314,21.341,0.277,21.39,0.269
1887,11,21.344,0.73,21.228,0.322,21.514,0.301,21.339,0.283,21.391000000000002,0.271
1887,12,20.9,0.719,21.324,0.321,21.54,0.306,21.341,0.287,21.394000000000002,0.272
1888,1,22.049,1.257,21.3,0.316,21.531,0.312,21.334,0.29,21.392,0.271
1888,2,21.198,0.885,21.317,0.335,21.519000000000002,0.313,21.34,0.292,21.388,0.269
1888,3,20.649,0.624,21.357,0.3,21.516000000000002,0.306,21.343,0.299,21.381,0.268
1888,4,21.923000000000002,0.865,21.426000000000002,0.302,21.503,0.312,21.342,0.309,21.375,0.264
1888,5,21.584,0.713,21.568,0.29,21.489,0.311,21.345,0.313,21.366,0.261
1888,6,21.699,0.707,21.737000000000002,0.327,21.464,0.308,21.327,0.313,21.367,0.261
1888,7,20.899,0.512,21.697,0.291,21.438,0.301,21.328,0.318,21.359,0.255
1888,8,21.509,0.715,21.791,0.271,21.419,0.289,21.328,0.32,21.358,0.253
1888,9,21.545,0.637,21.945,0.274,21.42,0.296,21.336,0.327,21.356,0.251
1888,10,21.817,0.6,21.949,0.25,21.409,0.299,21.346,0.333,21.351,0.249
1888,11,23.051000000000002,0.82,21.999,0.272,21.411,0.298,21.351,0.34,21.349,0.251
1888,12,22.92,0.817,22.002,0.307,21.4,0.301,21.346,0.344,21.349,0.25
1889,1,21.568,0.657,22.022000000000002,0.31,21.375,0.295,21.338,0.345,21.339,0.248
1889,2,22.330000000000002,0.658,22.023,0.313,21.355,0.284,21.319,0.34,21.341,0.245
1889,3,22.490000000000002,0.62,22.071,0.332,21.331,0.271,21.316,0.339,21.342,0.247
1889,4,21.975,0.652,22.112000000000002,0.361,21.344,0.268,21.313,0.339,21.344,0.247
1889,5,22.189,0.748,22.042,0.386,21.339,0.263,21.309,0.341,21.345,0.25
1889,6,21.734,0.806,21.976,0.407,21.352,0.283,21.305,0.342,21.344,0.25
1889,7,21.138,0.634,21.951,0.436,21.343,0.274,21.305,0.344,21.339,0.25
1889,8,21.515,0.589,21.846,0.424,21.369,0.274,21.292,0.338,21.336,0.25
1889,9,22.124,0.779,21.756,0.426,21.378,0.273,21.279,0.335,21.341,0.252
1889,10,22.307,0.691,21.687,0.4,21.365000000000002,0.274,21.279,0.339,21.341,0.254
1889,11,22.21,1.001,21.637,0.385,21.366,0.279,21.284,0.337,21.343,0.251
1889,12,22.128,1.036,21.638,0.364,21.375,0.281,21.29,0.337,21.345,0.247
1890,1,21.279,0.816,21.593,0.391,21.378,0.285,21.283,0.332,21.344,0.247
1890,2,21.062,0.617,21.585,0.421,21.398,0.294,21.28,0.328,21.352,0.243
1890,3,21.416,0.651,21.563,0.411,21.401,0.29,21.29,0.332,21.35,0.237
1890,4,21.146,0.542,21.522000000000002,0.417,21.406,0.302,21.296,0.333,21.349,0.236
1890,5,21.582,0.822,21.402,0.395,21.409,0.312,21.29,0.322,21.346,0.234
1890,6,21.753,0.776,21.307,0.356,21.415,0.326,21.299,0.324,21.352,0.233
1890,7,20.592,0.716,21.2,0.324,21.395,0.328,21.292,0.325,21.351,0.232
1890,8,21.417,0.587,21.141000000000002,0.353,21.399,0.322,21.288,0.323,21.345,0.227
1890,9,21.867,0.537,21.112000000000002,0.359,21.408,0.331,21.281,0.318,21.343,0.228
1890,10,21.814,0.843,21.046,0.376,21.389,0.337,21.279,0.312,21.348,0.227
1890,11,20.769000000000002,0.63,21.063,0.39,21.394000000000002,0.346,21.278,0.311,21.35,0.224
1890,12,20.985,0.622,20.932,0.384,21.375,0.353,21.275,0.313,21.353,0.223
1891,1,19.993000000000002,0.55,20.894000000000002,0.357,21.389,0.365,21.28,0.316,21.353,0.219
1891,2,20.354,0.867,20.792,0.355,21.392,0.367,21.279,0.309,21.352,0.219
1891,3,21.066,0.938,20.669,0.346,21.393,0.378,21.281,0.312,21.35,0.216
1891,4,20.362000000000002,0.505,20.609,0.342,21.402,0.391,21.281,0.314,21.346,0.212
1891,5,21.789,0.681,20.649,0.326,21.376,0.398,21.275,0.311,21.342,0.205
1891,6,20.181,0.496,20.693,0.369,21.351,0.405,21.269000000000002,0.314,21.342,0.203
1891,7,20.125,0.581,20.795,0.383,21.337,0.411,21.256,0.313,21.339,0.203
1891,8,20.196,0.512,20.914,0.356,21.298000000000002,0.406,21.249,0.304,21.335,0.201
1891,9,20.387,0.406,20.978,0.334,21.275,0.411,21.240000000000002,0.295,21.338,0.202
1891,10,21.101,0.8,20.973,0.339,21.25,0.415,21.258,0.292,21.337,0.199
1891,11,21.244,0.662,20.905,0.332,21.215,0.414,21.259,0.292,21.342,0.196
1891,12,21.517,1.014,20.977,0.345,21.198,0.414,21.274,0.299,21.345,0.196
1892,1,21.212,0.712,21.081,0.358,21.188,0.417,21.271,0.291,21.343,0.199
1892,2,21.792,0.622,21.275,0.408,21.18,0.421,21.28,0.291,21.344,0.197
1892,3,21.831,0.796,21.345,0.407,21.151,0.419,21.274,0.288,21.341,0.193
1892,4,20.306,0.432,21.361,0.401,21.135,0.419,21.28,0.284,21.343,0.19
1892,5,20.97,0.539,21.384,0.439,21.131,0.416,21.282,0.285,21.342,0.189
1892,6,21.045,0.782,21.365000000000002,0.427,21.116,0.413,21.298000000000002,0.285,21.347,0.192
1892,7,21.37,0.476,21.334,0.461,21.096,0.4,21.306,0.284,21.349,0.193
1892,8,22.521,0.915,21.302,0.465,21.083000000000002,0.393,21.306,0.283,21.345,0.19
1892,9,21.228,0.523,21.248,0.483,21.074,0.388,21.312,0.278,21.342,0.191
1892,10,21.298000000000002,0.765,21.29,0.558,21.07,0.381,21.318,0.28,21.342,0.192
1892,11,21.522000000000002,1.064,21.366,0.595,21.067,0.371,21.330000000000002,0.281,21.342,0.191
1892,12,21.286,1.086,21.324,0.612,21.058,0.368,21.337,0.285,21.341,0.191
1893,1,20.844,1.13,21.355,0.657,21.053,0.363,21.337,0.279,21.341,0.188
1893,2,21.4,0.558,21.286,0.624,21.057,0.359,21.338,0.273,21.345,0.187
1893,3,21.184,0.855,21.32,0.651,21.046,0.355,21.341,0.268,21.348,0.187
1893,4,20.808,1.176,21.408,0.66,21.054000000000002,0.338,21.331,0.26,21.349,0.188
1893,5,21.882,1.043,21.403,0.663,21.067,0.333,21.317,0.258,21.347,0.187
1893,6,20.543,0.721,21.414,0.681,21.085,0.34,21.314,0.26,21.339,0.185
1893,7,21.740000000000002,0.833,21.406,0.644,21.123,0.35,21.316,0.259,21.336,0.185
1893,8,21.693,0.678,21.285,0.638,21.14,0.346,21.321,0.256,21.335,0.183
1893,9,21.636,0.619,21.283,0.629,21.142,0.343,21.328,0.257,21.337,0.185
1893,10,22.361,1.024,21.256,0.604,21.154,0.341,21.327,0.26,21.337,0.185
1893,11,21.462,0.909,21.102,0.594,21.138,0.338,21.317,0.26,21.337,0.186
1893,12,21.415,1.106,21.12,0.593,21.138,0.34,21.309,0.256,21.330000000000002,0.185
1894,1,20.748,0.888,21.017,0.559,21.138,0.346,21.297,0.255,21.323,0.184
1894,2,19.951,0.966,20.965,0.541,21.143,0.34,21.292,0.251,21.315,0.182
1894,3,21.155,0.854,20.859,0.53,21.148,0.337,21.279,0.249,21.31,0.18
1894,4,20.481,0.863,20.776,0.522,21.172,0.332,21.274,0.246,21.311,0.177
1894,5,20.037,0.705,20.815,0.516,21.18,0.335,21.26,0.242,21.315,0.176
1894,6,20.756,0.796,20.803,0.475,21.196,0.329,21.251,0.238,21.311,0.176
1894,7,20.511,0.523,20.745,0.412,21.198,0.325,21.241,0.238,21.312,0.176
1894,8,21.07,0.513,20.774,0.375,21.191,0.324,21.235,0.238,21.306,0.172
1894,9,20.364,0.517,20.751,0.325,21.17,0.32,21.235,0.233,21.302,0.169
1894,10,21.361,0.62,20.784,0.26,21.195,0.313,21.222,0.231,21.3,0.169
1894,11,21.932,0.708,20.896,0.219,21.197,0.31,21.219,0.226,21.302,0.165
1894,12,21.273,0.803,20.936,0.208,21.22,0.308,21.221,0.221,21.307,0.163
1895,1,20.053,0.649,20.917,0.206,21.234,0.303,21.22,0.215,21.31,0.162
1895,2,20.295,0.588,20.967,0.202,21.213,0.291,21.237000000000002,0.212,21.31,0.162
1895,3,20.886,0.518,21.036,0.186,21.223,0.286,21.235,0.209,21.318,0.163
1895,4,20.872,0.526,21.114,0.216,21.23,0.278,21.233,0.207,21.324,0.164
1895,5,21.385,0.684,21.085,0.238,21.25,0.267,21.228,0.205,21.324,0.16
1895,6,21.234,0.491,21.151,0.246,21.259,0.264,21.229,0.204,21.327,0.161
1895,7,20.279,0.496,21.336,0.2,21.279,0.248,21.227,0.201,21.326,0.162
1895,8,21.668,0.537,21.422,0.19,21.276,0.246,21.229,0.199,21.32,0.161
1895,9,21.19,0.5,21.45,0.175,21.275,0.231,21.223,0.196,21.31,0.159
1895,10,22.302,0.808,21.465,0.183,21.273,0.214,21.226,0.192,21.298000000000002,0.159
1895,11,21.582,0.473,21.422,0.225,21.241,0.206,21.242,0.19,21.297,0.159
1895,12,22.066,0.659,21.334,0.251,21.253,0.203,21.254,0.19,21.296,0.158
1896,1,22.272,1.106,21.321,0.293,21.243,0.192,21.268,0.187,21.301000000000002,0.155
1896,2,21.333000000000002,0.616,21.224,0.277,21.251,0.187,21.277,0.186,21.306,0.152
1896,3,21.219,0.701,21.182,0.289,21.262,0.181,21.275,0.18,21.302,0.151
1896,4,21.053,0.599,21.202,0.341,21.251,0.177,21.281,0.178,21.308,0.151
1896,5,20.87,0.488,21.211,0.369,21.258,0.171,21.282,0.175,21.311,0.151
1896,6,20.175,0.633,21.248,0.361,21.267,0.159,21.286,0.172,21.318,0.151
1896,7,20.121,0.692,21.17,0.31,21.257,0.151,21.287,0.172,21.321,0.15
1896,8,20.506,0.719,21.173000000000002,0.27,21.287,0.143,21.295,0.17,21.321,0.148
1896,9,20.686,0.581,21.118,0.258,21.282,0.138,21.311,0.17,21.319,0.145
1896,10,22.546,0.551,21.18,0.241,21.297,0.133,21.312,0.165,21.323,0.144
1896,11,21.685,0.548,21.199,0.236,21.305,0.13,21.325,0.164,21.319,0.142
1896,12,22.512,0.61,21.388,0.219,21.304000000000002,0.13,21.336,0.162,21.321,0.144
1897,1,21.333000000000002,0.467,21.559,0.21,21.295,0.132,21.339,0.16,21.316,0.141
1897,2,21.374,0.554,21.625,0.205,21.29,0.131,21.338,0.159,21.32,0.142
1897,3,20.56,0.629,21.717,0.207,21.318,0.129,21.335,0.155,21.316,0.141
1897,4,21.798000000000002,0.537,21.648,0.21,21.309,0.127,21.345,0.153,21.315,0.141
1897,5,21.091,0.463,21.736,0.208,21.307,0.124,21.35,0.151,21.318,0.142
1897,6,22.448,0.445,21.679000000000002,0.204,21.325,0.121,21.352,0.15,21.321,0.143
1897,7,22.172,0.599,21.739,0.198,21.344,0.117,21.351,0.148,21.323,0.144
1897,8,21.295,0.434,21.728,0.196,21.39,0.118,21.34,0.14,21.325,0.143
1897,9,21.796,0.515,21.773,0.175,21.395,0.117,21.341,0.139,21.328,0.142
1897,10,21.716,0.562,21.68,0.172,21.395,0.112,21.343,0.135,21.331,0.143
1897,11,22.737000000000002,0.682,21.585,0.171,21.389,0.112,21.344,0.128,21.329,0.143
1897,12,21.825,0.51,21.487000000000002,0.16,21.399,0.112,21.342,0.126,21.329,0.144
1898,1,22.055,0.517,21.4,0.147,21.402,0.113,21.348,0.119,21.329,0.141
1898,2,21.241,0.607,21.473,0.15,21.401,0.11,21.349,0.118,21.328,0.14
1898,3,21.1,0.545,21.516000000000002,0.147,21.399,0.108,21.352,0.113,21.325,0.139
1898,4,20.69,0.667,21.516000000000002,0.153,21.398,0.108,21.356,0.108,21.322,0.138
1898,5,19.948,0.426,21.445,0.185,21.416,0.11,21.349,0.109,21.321,0.138
1898,6,21.266000000000002,0.569,21.453,0.212,21.423000000000002,0.108,21.351,0.108,21.311,0.139
1898,7,21.135,0.481,21.295,0.222,21.412,0.107,21.344,0.107,21.31,0.139
1898,8,22.17,0.438,21.335,0.234,21.415,0.109,21.342,0.106,21.307,0.137
1898,9,22.313,0.351,21.317,0.252,21.408,0.114,21.338,0.107,21.301000000000002,0.138
1898,10,21.708000000000002,0.445,21.376,0.268,21.408,0.118,21.327,0.106,21.295,0.138
1898,11,21.893,0.703,21.421,0.288,21.426000000000002,0.12,21.323,0.105,21.29,0.137
1898,12,21.913,0.416,21.376,0.289,21.434,0.117,21.313,0.104,21.285,0.137
1899,1,20.158,0.429,21.278,0.3,21.436,0.117,21.308,0.104,21.28,0.137
1899,2,21.729,0.494,21.161,0.297,21.446,0.116,21.311,0.101,21.274,0.137
1899,3,20.876,0.617,21.139,0.303,21.473,0.114,21.303,0.099,21.268,0.137
1899,4,21.407,0.76,21.067,0.3,21.452,0.117,21.309,0.099,21.26,0.137
1899,5,20.485,0.512,21.06,0.285,21.471,0.12,21.32,0.098,21.256,0.137
1899,6,20.728,0.378,21.095,0.261,21.475,0.123,21.316,0.1,21.255,0.136
1899,7,19.954,0.531,21.182,0.237,21.48,0.126,21.32,0.101,21.252,0.137
1899,8,20.772,0.496,21.292,0.263,21.484,0.131,21.32,0.103,21.252,0.137
1899,9,22.049,0.414,21.317,0.258,21.499,0.133,21.326,0.104,21.248,0.136
1899,10,20.834,0.483,21.274,0.208,21.496,0.132,21.321,0.105,21.247,0.134
1899,11,21.817,0.552,21.318,0.203,21.503,0.131,21.319,0.106,21.242,0.133
1899,12,22.326,0.529,21.411,0.184,21.484,0.129,21.324,0.108,21.235,0.131
1900,1,21.206,0.625,21.451,0.179,21.469,0.126,21.337,0.105,21.237000000000002,0.129
1900,2,23.051000000000002,0.697,21.524,0.172,21.466,0.129,21.341,0.106,21.239,0.128
1900,3,21.169,0.499,21.442,0.19,21.46,0.13,21.345,0.105,21.235,0.127
1900,4,20.891000000000002,0.558,21.556,0.192,21.456,0.134,21.352,0.105,21.237000000000002,0.126
1900,5,21.012,0.617,21.627,0.189,21.438,0.144,21.358,0.104,21.240000000000002,0.127
1900,6,21.853,0.367,21.639,0.195,21.425,0.15,21.355,0.105,21.240000000000002,0.129
1900,7,20.433,0.419,21.676000000000002,0.187,21.417,0.152,21.36,0.104,21.245,0.129
1900,8,21.645,0.325,21.545,0.155,21.421,0.156,21.351,0.105,21.249,0.128
1900,9,21.069,0.444,21.518,0.151,21.429000000000002,0.155,21.34,0.106,21.252,0.128
1900,10,22.195,0.408,21.531,0.152,21.438,0.149,21.318,0.105,21.245,0.127
1900,11,22.676000000000002,0.495,21.606,0.15,21.457,0.149,21.316,0.105,21.246,0.125
1900,12,22.466,0.502,21.508,0.164,21.45,0.151,21.317,0.107,21.244,0.125
1901,1,21.651,0.486,21.494,0.172,21.444,0.149,21.322,0.109,21.249,0.125
1901,2,21.478,0.711,21.447,0.183,21.433,0.147,21.332,0.11,21.25,0.123
1901,3,20.84,0.408,21.552,0.172,21.414,0.145,21.324,0.114,21.25,0.121
1901,4,21.051000000000002,0.379,21.472,0.177,21.403,0.147,21.334,0.117,21.252,0.121
1901,5,21.915,0.541,21.485,0.173,21.387,0.144,21.348,0.117,21.25,0.12
1901,6,20.681,0.424,21.509,0.177,21.359,0.144,21.368,0.116,21.25,0.121
1901,7,20.258,0.401,21.51,0.173,21.359,0.142,21.385,0.116,21.256,0.122
1901,8,21.081,0.381,21.522000000000002,0.169,21.336,0.138,21.393,0.115,21.262,0.121
1901,9,22.329,0.453,21.572,0.163,21.325,0.137,21.398,0.114,21.266000000000002,0.121
1901,10,21.234,0.387,21.617,0.17,21.32,0.134,21.389,0.117,21.268,0.12
1901,11,22.831,0.492,21.586,0.165,21.336,0.132,21.379,0.119,21.272000000000002,0.12
1901,12,22.762,0.531,21.637,0.163,21.328,0.13,21.367,0.123,21.272000000000002,0.119
1902,1,21.655,0.697,21.723,0.156,21.345,0.13,21.362000000000002,0.124,21.276,0.117
1902,2,21.627,0.49,21.724,0.165,21.35,0.133,21.36,0.126,21.279,0.116
1902,3,21.443,0.409,21.65,0.174,21.333000000000002,0.137,21.358,0.125,21.279,0.114
1902,4,21.588,0.476,21.67,0.179,21.333000000000002,0.14,21.35,0.123,21.282,0.114
1902,5,21.546,0.403,21.575,0.187,21.331,0.141,21.354,0.123,21.286,0.114
1902,6,21.289,0.457,21.429000000000002,0.201,21.324,0.145,21.345,0.122,21.286,0.115
1902,7,21.285,0.405,21.423000000000002,0.211,21.330000000000002,0.141,21.34,0.121,21.287,0.115
1902,8,21.1,0.513,21.411,0.242,21.292,0.142,21.344,0.122,21.284,0.114
1902,9,21.437,0.448,21.422,0.254,21.296,0.143,21.343,0.122,21.287,0.114
1902,10,21.474,0.411,21.392,0.266,21.309,0.147,21.345,0.126,21.288,0.114
1902,11,21.687,0.656,21.356,0.251,21.327,0.144,21.329,0.129,21.286,0.111
1902,12,21.019000000000002,0.532,21.315,0.241,21.311,0.147,21.321,0.13,21.289,0.11
1903,1,21.580000000000002,0.533,21.276,0.233,21.318,0.147,21.32,0.132,21.29,0.108
1903,2,21.481,0.498,21.31,0.219,21.301000000000002,0.149,21.317,0.13,21.289,0.108
1903,3,21.571,0.446,21.287,0.213,21.281,0.147,21.309,0.129,21.285,0.108
1903,4,21.235,0.383,21.25,0.219,21.238,0.148,21.313,0.127,21.288,0.108
1903,5,21.117,0.501,21.191,0.206,21.216,0.148,21.324,0.128,21.28,0.109
1903,6,20.793,0.424,21.121,0.184,21.212,0.151,21.308,0.128,21.278,0.109
1903,7,20.813,0.409,21.007,0.191,21.231,0.146,21.304000000000002,0.129,21.277,0.108
1903,8,21.508,0.402,20.909,0.213,21.249,0.148,21.292,0.129,21.276,0.108
1903,9,21.163,0.347,20.797,0.239,21.240000000000002,0.151,21.274,0.13,21.273,0.108
1903,10,21.029,0.381,20.789,0.273,21.26,0.153,21.263,0.131,21.27,0.108
1903,11,20.979,0.567,20.815,0.253,21.27,0.148,21.263,0.132,21.271,0.107
1903,12,20.187,0.456,20.768,0.231,21.302,0.143,21.262,0.134,21.274,0.106
1904,1,20.203,0.571,20.781,0.211,21.334,0.142,21.264,0.137,21.277,0.106
1904,2,20.309,0.45,20.748,0.229,21.341,0.141,21.256,0.139,21.287,0.105
1904,3,20.233,0.479,20.735,0.244,21.322,0.142,21.257,0.141,21.291,0.104
1904,4,21.132,0.536,20.716,0.251,21.326,0.141,21.247,0.138,21.298000000000002,0.103
1904,5,21.429000000000002,0.427,20.779,0.249,21.287,0.141,21.252,0.137,21.307,0.102
1904,6,20.235,0.358,20.921,0.242,21.259,0.145,21.258,0.137,21.309,0.102
1904,7,20.967,0.44,21.034,0.227,21.244,0.148,21.263,0.136,21.311,0.102
1904,8,21.108,0.533,21.073,0.243,21.236,0.15,21.269000000000002,0.136,21.317,0.102
1904,9,21.013,0.349,21.171,0.248,21.216,0.149,21.262,0.137,21.324,0.103
1904,10,20.802,0.372,21.215,0.269,21.204,0.148,21.271,0.137,21.327,0.102
1904,11,21.734,0.444,21.272000000000002,0.273,21.205000000000002,0.147,21.266000000000002,0.136,21.330000000000002,0.103
1904,12,21.884,0.452,21.329,0.274,21.205000000000002,0.148,21.25,0.138,21.334,0.103
1905,1,21.56,0.391,21.318,0.261,21.21,0.15,21.253,0.138,21.337,0.102
1905,2,20.775,0.538,21.278,0.236,21.222,0.152,21.242,0.138,21.347,0.102
1905,3,21.413,0.428,21.182,0.224,21.227,0.156,21.236,0.137,21.351,0.102
1905,4,21.658,0.509,21.083000000000002,0.213,21.233,0.161,21.242,0.136,21.355,0.101
1905,5,22.118000000000002,0.38,21.049,0.204,21.219,0.159,21.253,0.134,21.355,0.101
1905,6,20.911,0.301,21.081,0.208,21.217,0.155,21.251,0.135,21.359,0.1
1905,7,20.835,0.285,21.182,0.201,21.223,0.158,21.262,0.138,21.37,0.1
1905,8,20.63,0.344,21.333000000000002,0.2,21.214,0.159,21.268,0.139,21.37,0.1
1905,9,19.863,0.329,21.236,0.204,21.19,0.162,21.28,0.139,21.375,0.101
1905,10,19.619,0.311,21.289,0.192,21.189,0.166,21.265,0.139,21.372,0.101
1905,11,21.324,0.369,21.319,0.187,21.19,0.17,21.249,0.137,21.375,0.102
1905,12,22.261,0.457,21.462,0.189,21.167,0.169,21.234,0.138,21.373,0.102
1906,1,22.774,0.37,21.572,0.199,21.164,0.168,21.23,0.139,21.37,0.102
1906,2,22.585,0.625,21.644000000000002,0.194,21.151,0.169,21.223,0.139,21.373,0.103
1906,3,20.259,0.561,21.757,0.195,21.135,0.169,21.224,0.14,21.375,0.104
1906,4,22.294,0.502,21.909,0.189,21.124,0.168,21.223,0.14,21.372,0.106
1906,5,22.471,0.353,21.843,0.179,21.139,0.166,21.219,0.14,21.379,0.106
1906,6,22.624,0.48,21.743,0.168,21.165,0.165,21.215,0.139,21.387,0.106
1906,7,22.164,0.37,21.573,0.187,21.168,0.169,21.225,0.138,21.392,0.106
1906,8,21.487000000000002,0.331,21.454,0.173,21.175,0.172,21.23,0.137,21.398,0.106
1906,9,21.219,0.352,21.456,0.195,21.189,0.174,21.222,0.138,21.404,0.107
1906,10,21.448,0.309,21.333000000000002,0.207,21.173000000000002,0.173,21.224,0.137,21.396,0.108
1906,11,20.532,0.38,21.262,0.207,21.167,0.175,21.22,0.137,21.387,0.108
1906,12,21.061,0.745,21.154,0.217,21.188,0.176,21.209,0.137,21.379,0.109
1907,1,20.729,0.561,21.104,0.219,21.181,0.173,21.212,0.139,21.376,0.11
1907,2,21.155,0.315,21.13,0.221,21.189,0.169,21.219,0.138,21.367,0.111
1907,3,20.283,0.38,21.172,0.215,21.191,0.167,21.223,0.136,21.366,0.11
1907,4,20.823,0.376,21.207,0.229,21.209,0.166,21.219,0.137,21.36,0.109
1907,5,21.618,0.335,21.233,0.225,21.2,0.164,21.221,0.136,21.355,0.108
1907,6,21.327,0.337,21.221,0.201,21.176000000000002,0.163,21.22,0.136,21.346,0.108
1907,7,21.565,0.371,21.318,0.186,21.177,0.163,21.222,0.137,21.347,0.108
1907,8,21.794,0.297,21.301000000000002,0.18,21.191,0.162,21.228,0.137,21.346,0.109
1907,9,21.729,0.391,21.29,0.178,21.175,0.157,21.232,0.138,21.345,0.109
1907,10,21.871,0.431,21.317,0.186,21.175,0.153,21.234,0.138,21.342,0.111
1907,11,20.845,0.463,21.282,0.202,21.179000000000002,0.153,21.228,0.137,21.332,0.112
1907,12,20.918,0.411,21.123,0.209,21.191,0.156,21.236,0.135,21.329,0.113
1908,1,21.884,0.479,21.044,0.213,21.207,0.162,21.232,0.135,21.324,0.113
1908,2,20.955000000000002,0.433,20.955000000000002,0.213,21.234,0.162,21.229,0.138,21.32,0.113
1908,3,20.146,0.403,20.827,0.225,21.28,0.162,21.218,0.138,21.316,0.112
1908,4,21.148,0.443,20.704,0.221,21.292,0.161,21.221,0.139,21.317,0.111
1908,5,21.199,0.459,20.788,0.205,21.283,0.156,21.21,0.141,21.324,0.111
1908,6,19.423000000000002,0.391,20.856,0.202,21.257,0.158,21.204,0.139,21.326,0.111
1908,7,20.621,0.473,20.733,0.22,21.229,0.164,21.211,0.136,21.323,0.111
1908,8,20.715,0.39,20.716,0.24,21.197,0.161,21.211,0.135,21.32,0.11
1908,9,20.193,0.297,20.793,0.257,21.208000000000002,0.163,21.208000000000002,0.134,21.318,0.11
1908,10,20.396,0.378,20.71,0.247,21.186,0.16,21.214,0.134,21.317,0.11
1908,11,21.859,0.367,20.699,0.242,21.167,0.159,21.22,0.133,21.317,0.11
1908,12,21.738,0.392,20.872,0.247,21.128,0.162,21.235,0.131,21.317,0.11
1909,1,20.408,0.594,20.866,0.241,21.117,0.16,21.247,0.131,21.323,0.11
1909,2,20.75,0.684,20.937,0.248,21.119,0.157,21.263,0.132,21.321,0.11
1909,3,21.06,0.512,21.019000000000002,0.248,21.122,0.158,21.278,0.13,21.323,0.11
1909,4,20.158,0.615,21.142,0.266,21.122,0.157,21.287,0.13,21.326,0.108
1909,5,21.068,0.363,21.087,0.279,21.152,0.156,21.293,0.129,21.331,0.107
1909,6,21.493,0.395,20.98,0.271,21.159,0.157,21.303,0.126,21.337,0.106
1909,7,20.552,0.335,21.077,0.254,21.181,0.155,21.302,0.123,21.343,0.105
1909,8,21.567,0.289,21.153,0.233,21.203,0.152,21.314,0.121,21.345,0.105
1909,9,21.182,0.296,21.102,0.214,21.229,0.147,21.321,0.119,21.342,0.105
1909,10,21.861,0.32,21.224,0.193,21.235,0.147,21.333000000000002,0.118,21.344,0.105
1909,11,21.21,0.514,21.333000000000002,0.191,21.238,0.148,21.341,0.118,21.345,0.105
1909,12,20.453,0.423,21.343,0.193,21.235,0.148,21.344,0.117,21.345,0.106
1910,1,21.567,0.453,21.446,0.2,21.233,0.147,21.338,0.117,21.343,0.106
1910,2,21.662,0.445,21.507,0.197,21.234,0.146,21.353,0.114,21.336,0.107
1910,3,20.448,0.46,21.625,0.193,21.237000000000002,0.149,21.357,0.113,21.334,0.106
1910,4,21.628,0.323,21.496,0.187,21.234,0.148,21.359,0.112,21.333000000000002,0.106
1910,5,22.374,0.332,21.464,0.176,21.238,0.147,21.351,0.112,21.333000000000002,0.105
1910,6,21.612000000000002,0.431,21.482,0.173,21.254,0.144,21.363,0.11,21.333000000000002,0.106
1910,7,21.787,0.465,21.443,0.172,21.242,0.142,21.38,0.109,21.337,0.106
1910,8,22.304000000000002,0.339,21.359,0.164,21.245,0.141,21.388,0.11,21.336,0.106
1910,9,22.587,0.229,21.402,0.173,21.246,0.139,21.41,0.111,21.338,0.106
1910,10,20.32,0.268,21.347,0.172,21.254,0.136,21.426000000000002,0.111,21.335,0.106
1910,11,20.829,0.333,21.261,0.172,21.231,0.135,21.434,0.112,21.330000000000002,0.106
1910,12,20.66,0.389,21.146,0.155,21.242,0.129,21.429000000000002,0.112,21.323,0.106
1911,1,21.099,0.538,21.125,0.13,21.259,0.124,21.419,0.113,21.32,0.106
1911,2,20.662,0.343,21.065,0.122,21.27,0.123,21.413,0.112,21.32,0.106
1911,3,20.96,0.381,20.965,0.124,21.282,0.12,21.426000000000002,0.113,21.32,0.107
1911,4,20.966,0.237,21.064,0.12,21.303,0.123,21.41,0.113,21.319,0.107
1911,5,21.34,0.255,21.188,0.131,21.301000000000002,0.125,21.41,0.113,21.324,0.106
1911,6,20.237000000000002,0.319,21.253,0.136,21.306,0.123,21.405,0.114,21.332,0.106
1911,7,21.531,0.301,21.335,0.123,21.325,0.118,21.398,0.114,21.34,0.105
1911,8,21.595,0.255,21.486,0.108,21.35,0.111,21.402,0.114,21.339,0.105
1911,9,21.381,0.267,21.56,0.11,21.367,0.107,21.409,0.114,21.336,0.106
1911,10,21.505,0.235,21.575,0.113,21.401,0.107,21.403,0.114,21.334,0.106
1911,11,22.317,0.258,21.614,0.109,21.418,0.104,21.395,0.113,21.331,0.106
1911,12,21.446,0.437,21.69,0.108,21.418,0.103,21.39,0.113,21.325,0.107
1912,1,22.081,0.451,21.684,0.117,21.423000000000002,0.102,21.389,0.112,21.323,0.107
1912,2,22.47,0.537,21.707,0.127,21.44,0.102,21.373,0.111,21.324,0.108
1912,3,21.854,0.422,21.75,0.129,21.451,0.102,21.374,0.11,21.323,0.108
1912,4,21.141000000000002,0.272,21.765,0.129,21.457,0.102,21.37,0.109,21.327,0.108
1912,5,21.808,0.281,21.66,0.125,21.481,0.1,21.356,0.109,21.325,0.109
1912,6,21.153,0.268,21.696,0.142,21.511,0.1,21.348,0.109,21.325,0.109
1912,7,21.456,0.25,21.621,0.129,21.499,0.099,21.354,0.108,21.32,0.109
1912,8,21.867,0.346,21.511,0.128,21.515,0.096,21.349,0.107,21.319,0.11
1912,9,21.895,0.239,21.373,0.139,21.538,0.097,21.347,0.109,21.319,0.11
1912,10,21.686,0.211,21.415,0.143,21.542,0.095,21.34,0.108,21.321,0.111
1912,11,21.065,0.347,21.247,0.148,21.523,0.097,21.336,0.109,21.322,0.111
1912,12,21.875,0.464,21.158,0.151,21.536,0.095,21.338,0.111,21.323,0.11
1913,1,21.174,0.455,21.173000000000002,0.15,21.553,0.093,21.328,0.109,21.322,0.11
1913,2,21.152,0.538,21.135,0.142,21.542,0.095,21.323,0.109,21.327,0.11
1913,3,20.206,0.26,21.05,0.152,21.541,0.096,21.322,0.108,21.329,0.11
1913,4,21.637,0.368,21.049,0.157,21.561,0.097,21.321,0.107,21.333000000000002,0.111
1913,5,19.801000000000002,0.43,21.104,0.158,21.584,0.1,21.323,0.107,21.338,0.111
1913,6,20.084,0.532,21.119,0.143,21.601,0.098,21.343,0.106,21.339,0.11
1913,7,21.634,0.319,21.151,0.166,21.609,0.096,21.341,0.105,21.339,0.108
1913,8,21.415,0.311,21.244,0.183,21.63,0.1,21.348,0.106,21.334,0.108
1913,9,20.868000000000002,0.332,21.399,0.179,21.643,0.102,21.361,0.105,21.333000000000002,0.107
1913,10,21.681,0.334,21.445,0.168,21.635,0.104,21.37,0.106,21.332,0.107
1913,11,21.721,0.301,21.637,0.147,21.652,0.106,21.371,0.107,21.332,0.106
1913,12,22.053,0.438,21.751,0.146,21.683,0.103,21.372,0.106,21.339,0.106
1914,1,21.561,0.473,21.69,0.142,21.679000000000002,0.103,21.382,0.103,21.341,0.106
1914,2,22.262,0.385,21.783,0.144,21.685,0.105,21.387,0.098,21.343,0.107
1914,3,22.071,0.229,21.868,0.14,21.697,0.105,21.389,0.096,21.345,0.107
1914,4,22.19,0.272,21.912,0.155,21.684,0.103,21.406,0.096,21.34,0.107
1914,5,22.105,0.357,21.989,0.166,21.638,0.104,21.411,0.095,21.343,0.107
1914,6,21.447,0.415,22.006,0.188,21.622,0.106,21.415,0.094,21.346,0.107
1914,7,20.902,0.286,21.947,0.169,21.597,0.108,21.422,0.095,21.351,0.106
1914,8,22.535,0.267,21.975,0.164,21.543,0.105,21.421,0.096,21.353,0.105
1914,9,21.885,0.423,21.954,0.161,21.519000000000002,0.105,21.422,0.095,21.358,0.104
1914,10,22.209,0.399,21.931,0.161,21.506,0.104,21.418,0.095,21.359,0.104
1914,11,22.654,0.343,21.856,0.159,21.474,0.104,21.424,0.093,21.356,0.104
1914,12,22.253,0.359,21.935,0.153,21.461,0.104,21.439,0.092,21.351,0.104
1915,1,20.848,0.33,22.095,0.146,21.475,0.103,21.433,0.092,21.345,0.105
1915,2,22.603,0.348,22.019000000000002,0.14,21.464,0.102,21.431,0.091,21.346,0.105
1915,3,21.822,0.307,22.073,0.128,21.458000000000002,0.101,21.433,0.091,21.344,0.104
1915,4,21.904,0.246,22.016000000000002,0.13,21.446,0.102,21.424,0.09,21.343,0.104
1915,5,21.208000000000002,0.348,21.979,0.129,21.434,0.104,21.414,0.089,21.34,0.104
1915,6,22.401,0.355,21.928,0.131,21.422,0.108,21.415,0.089,21.341,0.104
1915,7,22.823,0.317,21.991,0.148,21.414,0.11,21.412,0.088,21.338,0.104
1915,8,21.613,0.356,21.934,0.169,21.4,0.111,21.404,0.088,21.338,0.104
1915,9,22.534,0.431,21.927,0.173,21.398,0.11,21.396,0.087,21.339,0.104
1915,10,21.532,0.279,21.808,0.176,21.387,0.108,21.406,0.088,21.344,0.103
1915,11,22.21,0.325,21.906,0.19,21.416,0.104,21.411,0.089,21.347,0.103
1915,12,21.642,0.344,21.881,0.198,21.445,0.103,21.412,0.087,21.347,0.103
1916,1,21.595,0.375,21.752,0.197,21.423000000000002,0.103,21.411,0.086,21.34,0.104
1916,2,21.917,0.402,21.78,0.186,21.426000000000002,0.103,21.418,0.087,21.342,0.104
1916,3,21.738,0.341,21.746,0.161,21.44,0.103,21.415,0.087,21.347,0.104
1916,4,20.487000000000002,0.268,21.676000000000002,0.156,21.438,0.102,21.416,0.087,21.345,0.103
1916,5,22.383,0.342,21.457,0.156,21.441,0.102,21.43,0.087,21.336,0.103
1916,6,22.101,0.418,21.361,0.154,21.439,0.102,21.449,0.088,21.329,0.103
1916,7,21.269000000000002,0.251,21.276,0.152,21.439,0.097,21.455000000000002,0.088,21.329,0.103
1916,8,21.952,0.241,21.054000000000002,0.158,21.424,0.094,21.448,0.089,21.330000000000002,0.103
1916,9,22.126,0.3,20.942,0.167,21.411,0.095,21.45,0.089,21.332,0.103
1916,10,20.686,0.46,20.929000000000002,0.156,21.411,0.094,21.445,0.091,21.335,0.103
1916,11,19.591,0.328,20.723,0.144,21.404,0.094,21.442,0.091,21.341,0.104
1916,12,20.484,0.534,20.578,0.139,21.413,0.092,21.441,0.095,21.34,0.103
1917,1,20.582,0.591,20.667,0.127,21.421,0.095,21.434,0.094,21.342,0.103
1917,2,19.244,0.54,20.601,0.128,21.403,0.096,21.428,0.093,21.341,0.103
1917,3,20.395,0.343,20.552,0.118,21.393,0.095,21.423000000000002,0.095,21.345,0.102
1917,4,20.335,0.245,20.576,0.112,21.378,0.093,21.434,0.095,21.344,0.102
1917,5,19.911,0.269,20.642,0.114,21.367,0.092,21.43,0.095,21.34,0.103
1917,6,20.366,0.301,20.696,0.123,21.367,0.09,21.429000000000002,0.096,21.341,0.102
1917,7,22.336,0.335,20.703,0.127,21.367,0.091,21.419,0.096,21.339,0.102
1917,8,21.151,0.384,20.796,0.153,21.347,0.094,21.41,0.096,21.337,0.102
1917,9,21.54,0.285,20.768,0.148,21.327,0.091,21.407,0.097,21.337,0.102
1917,10,20.979,0.284,20.824,0.151,21.306,0.092,21.408,0.097,21.337,0.102
1917,11,20.384,0.46,20.958000000000002,0.152,21.305,0.09,21.416,0.098,21.342,0.101
1917,12,21.125,0.484,21.078,0.166,21.294,0.092,21.41,0.098,21.342,0.101
1918,1,20.67,0.468,20.913,0.169,21.27,0.095,21.411,0.098,21.339,0.101
1918,2,20.364,0.363,20.947,0.188,21.267,0.094,21.424,0.096,21.341,0.101
1918,3,20.051000000000002,0.236,20.961,0.182,21.251,0.094,21.44,0.097,21.348,0.1
1918,4,21.01,0.223,21.008,0.187,21.251,0.095,21.444,0.098,21.354,0.1
1918,5,21.52,0.307,21.138,0.175,21.238,0.098,21.466,0.096,21.353,0.1
1918,6,21.805,0.333,21.202,0.161,21.223,0.098,21.473,0.095,21.358,0.1
1918,7,20.354,0.299,21.277,0.138,21.213,0.101,21.467,0.096,21.362000000000002,0.099
1918,8,21.561,0.249,21.363,0.113,21.206,0.104,21.458000000000002,0.096,21.371,0.1
1918,9,21.706,0.256,21.463,0.116,21.188,0.107,21.457,0.096,21.383,0.099
1918,10,21.551000000000002,0.212,21.563,0.111,21.196,0.109,21.45,0.095,21.389,0.1
1918,11,21.936,0.275,21.575,0.125,21.208000000000002,0.111,21.445,0.094,21.39,0.1
1918,12,21.896,0.376,21.59,0.141,21.215,0.116,21.442,0.096,21.391000000000002,0.1
1919,1,21.573,0.277,21.679000000000002,0.166,21.231,0.113,21.435,0.095,21.395,0.099
1919,2,21.392,0.614,21.669,0.193,21.21,0.115,21.423000000000002,0.094,21.402,0.098
1919,3,21.256,0.363,21.634,0.204,21.204,0.116,21.413,0.095,21.4,0.097
1919,4,22.207,0.202,21.615000000000002,0.215,21.206,0.119,21.394000000000002,0.096,21.4,0.098
1919,5,21.658,0.38,21.619,0.23,21.246,0.12,21.393,0.098,21.399,0.098
1919,6,21.994,0.315,21.649,0.233,21.261,0.118,21.389,0.099,21.395,0.098
1919,7,21.412,0.433,21.586,0.237,21.27,0.118,21.4,0.1,21.393,0.098
1919,8,21.443,0.365,21.588,0.222,21.313,0.115,21.392,0.1,21.393,0.098
1919,9,21.294,0.368,21.538,0.216,21.327,0.118,21.394000000000002,0.099,21.391000000000002,0.098
1919,10,21.32,0.41,21.407,0.224,21.363,0.122,21.385,0.099,21.389,0.097
1919,11,21.977,0.396,21.362000000000002,0.216,21.385,0.127,21.372,0.1,21.392,0.097
1919,12,22.256,0.339,21.34,0.208,21.398,0.128,21.359,0.1,21.393,0.096
1920,1,20.824,0.447,21.341,0.202,21.362000000000002,0.13,21.352,0.103,21.392,0.097
1920,2,21.419,0.538,21.339,0.194,21.355,0.129,21.339,0.104,21.392,0.095
1920,3,20.65,0.304,21.36,0.192,21.356,0.13,21.332,0.104,21.396,0.096
1920,4,20.63,0.338,21.38,0.184,21.369,0.129,21.327,0.105,21.393,0.096
1920,5,21.125,0.215,21.335,0.184,21.398,0.134,21.328,0.105,21.39,0.096
1920,6,21.733,0.327,21.207,0.2,21.397000000000002,0.134,21.318,0.106,21.39,0.095
1920,7,21.421,0.246,21.223,0.207,21.409,0.135,21.297,0.108,21.391000000000002,0.094
1920,8,21.416,0.285,21.228,0.183,21.447,0.136,21.288,0.108,21.388,0.095
1920,9,21.55,0.27,21.228,0.195,21.482,0.136,21.267,0.108,21.384,0.095
1920,10,21.557,0.322,21.259,0.198,21.501,0.138,21.262,0.107,21.388,0.095
1920,11,21.433,0.39,21.421,0.203,21.515,0.136,21.26,0.107,21.391000000000002,0.095
1920,12,20.724,0.372,21.486,0.211,21.502,0.135,21.266000000000002,0.107,21.392,0.094
1921,1,21.022,0.551,21.558,0.192,21.51,0.135,21.262,0.108,21.391000000000002,0.094
1921,2,21.476,0.295,21.497,0.202,21.491,0.134,21.27,0.109,21.394000000000002,0.094
1921,3,20.648,0.397,21.512,0.208,21.474,0.133,21.268,0.109,21.394000000000002,0.094
1921,4,21.001,0.32,21.45,0.211,21.463,0.131,21.28,0.108,21.393,0.094
1921,5,23.066,0.287,21.496,0.199,21.449,0.13,21.263,0.109,21.393,0.094
1921,6,22.521,0.235,21.549,0.191,21.445,0.136,21.253,0.11,21.398,0.094
1921,7,22.278,0.226,21.562,0.161,21.431,0.136,21.26,0.109,21.398,0.094
1921,8,20.688,0.295,21.591,0.166,21.421,0.134,21.258,0.11,21.397000000000002,0.094
1921,9,21.726,0.293,21.638,0.167,21.415,0.132,21.255,0.109,21.398,0.094
1921,10,20.813,0.382,21.762,0.164,21.377,0.135,21.266000000000002,0.11,21.393,0.094
1921,11,21.994,0.327,21.611,0.177,21.382,0.136,21.286,0.112,21.384,0.094
1921,12,21.359,0.4,21.496,0.173,21.365000000000002,0.137,21.289,0.11,21.384,0.095
1922,1,21.172,0.322,21.319,0.177,21.379,0.136,21.295,0.11,21.388,0.095
1922,2,21.821,0.311,21.326,0.179,21.382,0.133,21.308,0.11,21.383,0.094
1922,3,21.211,0.36,21.313,0.176,21.396,0.132,21.316,0.11,21.381,0.095
1922,4,22.490000000000002,0.334,21.394000000000002,0.172,21.391000000000002,0.13,21.317,0.111,21.38,0.094
1922,5,21.261,0.313,21.402,0.183,21.377,0.132,21.324,0.111,21.38,0.094
1922,6,21.139,0.262,21.378,0.167,21.351,0.136,21.335,0.111,21.378,0.094
1922,7,20.156,0.254,21.395,0.167,21.338,0.139,21.324,0.111,21.376,0.095
1922,8,20.771,0.254,21.466,0.175,21.332,0.136,21.326,0.11,21.373,0.095
1922,9,21.573,0.298,21.545,0.177,21.337,0.135,21.327,0.111,21.37,0.095
1922,10,21.782,0.36,21.514,0.184,21.347,0.135,21.334,0.11,21.367,0.095
1922,11,22.091,0.398,21.609,0.172,21.352,0.134,21.348,0.109,21.369,0.095
1922,12,21.075,0.3,21.597,0.166,21.342,0.134,21.347,0.108,21.367,0.095
1923,1,21.366,0.341,21.652,0.154,21.323,0.134,21.35,0.107,21.367,0.095
1923,2,22.679000000000002,0.406,21.622,0.153,21.31,0.135,21.359,0.106,21.37,0.095
1923,3,22.162,0.272,21.553,0.156,21.283,0.135,21.373,0.106,21.378,0.095
1923,4,22.108,0.391,21.477,0.144,21.273,0.131,21.387,0.106,21.376,0.094
1923,5,22.401,0.303,21.392,0.133,21.281,0.129,21.383,0.106,21.383,0.094
1923,6,21.0,0.347,21.441,0.132,21.309,0.13,21.373,0.106,21.389,0.094
1923,7,20.814,0.251,21.389,0.132,21.311,0.129,21.383,0.105,21.388,0.094
1923,8,20.411,0.305,21.232,0.133,21.334,0.128,21.395,0.105,21.384,0.094
1923,9,20.743000000000002,0.314,21.125,0.135,21.348,0.128,21.405,0.104,21.386,0.094
1923,10,20.869,0.251,20.944,0.131,21.363,0.127,21.407,0.104,21.385,0.094
1923,11,21.080000000000002,0.241,20.905,0.127,21.318,0.129,21.409,0.104,21.381,0.094
1923,12,21.66,0.427,20.906,0.132,21.291,0.126,21.411,0.106,21.375,0.095
1924,1,20.742,0.273,21.023,0.137,21.288,0.127,21.409,0.106,21.375,0.094
1924,2,20.798000000000002,0.396,21.125,0.144,21.305,0.129,21.416,0.107,21.373,0.094
1924,3,20.876,0.3,21.240000000000002,0.142,21.307,0.127,21.411,0.107,21.372,0.093
1924,4,19.935,0.239,21.256,0.156,21.327,0.126,21.394000000000002,0.108,21.367,0.094
1924,5,21.933,0.324,21.26,0.17,21.327,0.128,21.387,0.109,21.367,0.094
1924,6,21.013,0.238,21.179000000000002,0.181,21.317,0.125,21.376,0.109,21.366,0.094
1924,7,22.216,0.209,21.118,0.205,21.32,0.126,21.364,0.108,21.368,0.095
1924,8,21.631,0.203,21.141000000000002,0.202,21.303,0.128,21.365000000000002,0.108,21.363,0.095
1924,9,22.128,0.264,21.15,0.188,21.305,0.129,21.36,0.108,21.363,0.096
1924,10,21.064,0.349,21.258,0.185,21.272000000000002,0.128,21.36,0.107,21.357,0.095
1924,11,21.124,0.505,21.214,0.183,21.263,0.126,21.359,0.107,21.349,0.095
1924,12,20.684,0.453,21.226,0.185,21.271,0.127,21.346,0.108,21.346,0.094
1925,1,20.02,0.563,21.065,0.196,21.286,0.126,21.35,0.108,21.348,0.094
1925,2,21.069,0.458,20.979,0.206,21.296,0.126,21.353,0.106,21.344,0.094
1925,3,20.98,0.335,20.798000000000002,0.197,21.298000000000002,0.127,21.358,0.107,21.342,0.094
1925,4,21.238,0.227,20.789,0.182,21.298000000000002,0.127,21.362000000000002,0.108,21.336,0.094
1925,5,21.408,0.308,20.854,0.187,21.297,0.124,21.366,0.108,21.335,0.093
1925,6,21.147000000000002,0.349,20.995,0.196,21.296,0.122,21.365000000000002,0.107,21.327,0.094
1925,7,20.288,0.255,21.092,0.184,21.29,0.124,21.371,0.106,21.321,0.095
1925,8,20.599,0.371,21.242,0.164,21.271,0.125,21.372,0.107,21.322,0.095
1925,9,19.961,0.231,21.282,0.169,21.264,0.124,21.371,0.107,21.317,0.094
1925,10,20.956,0.337,21.34,0.163,21.274,0.123,21.37,0.107,21.317,0.094
1925,11,21.899,0.436,21.252,0.157,21.251,0.126,21.371,0.106,21.316,0.094
1925,12,22.377,0.34,21.23,0.149,21.245,0.129,21.372,0.106,21.316,0.094
1926,1,21.178,0.306,21.38,0.161,21.257,0.132,21.371,0.107,21.317,0.093
1926,2,22.871,0.225,21.474,0.158,21.299,0.132,21.37,0.107,21.317,0.093
1926,3,21.459,0.282,21.63,0.164,21.335,0.134,21.373,0.107,21.314,0.093
1926,4,21.932,0.407,21.718,0.174,21.351,0.134,21.371,0.108,21.315,0.093
1926,5,20.36,0.273,21.725,0.189,21.37,0.137,21.357,0.109,21.311,0.093
1926,6,20.883,0.273,21.594,0.182,21.376,0.14,21.348,0.108,21.304000000000002,0.094
1926,7,22.083000000000002,0.354,21.607,0.198,21.387,0.142,21.341,0.109,21.307,0.094
1926,8,21.727,0.294,21.433,0.21,21.41,0.141,21.346,0.11,21.311,0.094
1926,9,21.837,0.326,21.424,0.205,21.407,0.14,21.345,0.109,21.309,0.094
1926,10,22.008,0.388,21.304000000000002,0.205,21.411,0.14,21.341,0.109,21.314,0.094
1926,11,21.985,0.447,21.334,0.202,21.393,0.14,21.326,0.109,21.323,0.094
1926,12,20.801000000000002,0.292,21.396,0.205,21.386,0.143,21.327,0.107,21.327,0.093
1927,1,21.335,0.354,21.309,0.185,21.35,0.143,21.342,0.107,21.327,0.092
1927,2,20.78,0.379,21.281,0.182,21.348,0.145,21.337,0.107,21.336,0.091
1927,3,21.358,0.465,21.267,0.194,21.324,0.143,21.339,0.108,21.34,0.092
1927,4,20.491,0.295,21.251,0.181,21.329,0.141,21.325,0.107,21.341,0.092
1927,5,20.724,0.259,21.255,0.162,21.341,0.147,21.331,0.106,21.349,0.092
1927,6,21.623,0.311,21.273,0.151,21.342,0.147,21.327,0.106,21.35,0.092
1927,7,21.041,0.188,21.246,0.154,21.363,0.148,21.333000000000002,0.106,21.344,0.092
1927,8,21.393,0.235,21.305,0.157,21.375,0.143,21.337,0.108,21.346,0.091
1927,9,21.663,0.268,21.341,0.145,21.38,0.142,21.333000000000002,0.108,21.346,0.091
1927,10,21.818,0.249,21.522000000000002,0.14,21.377,0.141,21.326,0.108,21.351,0.091
1927,11,22.037,0.39,21.549,0.148,21.381,0.138,21.322,0.108,21.359,0.09
1927,12,21.015,0.24,21.465,0.148,21.387,0.135,21.324,0.108,21.363,0.089
1928,1,21.006,0.344,21.507,0.163,21.418,0.132,21.324,0.107,21.365000000000002,0.088
1928,2,21.490000000000002,0.259,21.635,0.162,21.435,0.13,21.316,0.108,21.367,0.087
1928,3,21.791,0.317,21.738,0.168,21.46,0.131,21.315,0.107,21.377,0.086
1928,4,22.665,0.26,21.743,0.166,21.466,0.128,21.308,0.106,21.381,0.086
1928,5,21.043,0.292,21.754,0.183,21.461,0.126,21.301000000000002,0.106,21.387,0.086
1928,6,20.62,0.309,21.841,0.199,21.436,0.123,21.306,0.107,21.386,0.086
1928,7,21.543,0.335,21.871,0.19,21.431,0.124,21.308,0.107,21.39,0.086
1928,8,22.924,0.297,21.931,0.191,21.406,0.124,21.311,0.108,21.389,0.085
1928,9,22.899,0.349,21.837,0.195,21.399,0.122,21.315,0.108,21.39,0.085
1928,10,21.876,0.297,21.633,0.192,21.378,0.12,21.32,0.108,21.393,0.085
1928,11,22.172,0.323,21.616,0.178,21.395,0.119,21.316,0.108,21.396,0.085
1928,12,22.059,0.359,21.614,0.172,21.405,0.118,21.308,0.109,21.4,0.085
1929,1,21.365000000000002,0.434,21.488,0.163,21.394000000000002,0.117,21.316,0.11,21.403,0.085
1929,2,22.219,0.316,21.372,0.169,21.388,0.114,21.324,0.11,21.402,0.085
1929,3,20.657,0.324,21.187,0.153,21.383,0.113,21.331,0.11,21.402,0.086
1929,4,20.216,0.25,21.146,0.148,21.354,0.109,21.339,0.109,21.398,0.086
1929,5,20.848,0.293,21.117,0.15,21.325,0.105,21.342,0.109,21.402,0.087
1929,6,20.59,0.315,21.006,0.141,21.336,0.102,21.343,0.11,21.398,0.087
1929,7,20.03,0.234,20.998,0.151,21.364,0.1,21.337,0.111,21.395,0.087
1929,8,21.539,0.261,20.963,0.146,21.372,0.099,21.334,0.111,21.391000000000002,0.087
1929,9,20.672,0.287,21.014,0.138,21.373,0.098,21.331,0.112,21.389,0.087
1929,10,21.391000000000002,0.306,21.088,0.134,21.378,0.096,21.330000000000002,0.111,21.386,0.087
1929,11,21.816,0.383,21.152,0.122,21.399,0.095,21.327,0.112,21.381,0.086
1929,12,20.73,0.345,21.229,0.112,21.383,0.095,21.332,0.111,21.377,0.086
1930,1,21.274,0.409,21.408,0.099,21.38,0.098,21.344,0.109,21.379,0.085
1930,2,21.792,0.309,21.413,0.1,21.377,0.099,21.349,0.107,21.377,0.084
1930,3,21.276,0.249,21.477,0.097,21.367,0.098,21.352,0.109,21.383,0.085
1930,4,21.097,0.207,21.472,0.1,21.353,0.098,21.346,0.107,21.383,0.085
1930,5,21.622,0.21,21.455000000000002,0.107,21.346,0.099,21.342,0.106,21.38,0.085
1930,6,21.505,0.249,21.466,0.1,21.351,0.1,21.336,0.105,21.38,0.086
1930,7,22.181,0.202,21.434,0.087,21.357,0.098,21.345,0.106,21.38,0.086
1930,8,21.602,0.197,21.398,0.09,21.362000000000002,0.097,21.355,0.105,21.382,0.086
1930,9,21.433,0.198,21.378,0.088,21.365000000000002,0.098,21.367,0.106,21.383,0.086
1930,10,21.332,0.225,21.342,0.1,21.342,0.097,21.372,0.105,21.387,0.087
1930,11,21.611,0.259,21.325,0.096,21.351,0.096,21.372,0.105,21.386,0.086
1930,12,20.868000000000002,0.38,21.319,0.103,21.366,0.096,21.366,0.104,21.392,0.087
1931,1,20.883,0.29,21.255,0.106,21.36,0.096,21.372,0.102,21.387,0.087
1931,2,21.364,0.224,21.236,0.098,21.322,0.096,21.363,0.102,21.386,0.087
1931,3,21.039,0.185,21.247,0.09,21.295,0.098,21.361,0.101,21.385,0.087
1931,4,20.664,0.336,21.16,0.095,21.288,0.101,21.35,0.101,21.388,0.088
1931,5,21.421,0.285,21.042,0.102,21.263,0.099,21.359,0.1,21.382,0.088
1931,6,21.434,0.308,21.095,0.099,21.239,0.1,21.355,0.1,21.375,0.088
1931,7,21.413,0.23,21.273,0.098,21.245,0.1,21.354,0.099,21.373,0.089
1931,8,21.371,0.178,21.264,0.111,21.237000000000002,0.101,21.365000000000002,0.098,21.374,0.089
1931,9,21.559,0.242,21.293,0.117,21.255,0.101,21.362000000000002,0.097,21.374,0.089
1931,10,20.292,0.287,21.304000000000002,0.115,21.267,0.101,21.361,0.095,21.373,0.088
1931,11,20.196,0.27,21.35,0.125,21.29,0.098,21.359,0.092,21.372,0.088
1931,12,21.508,0.345,21.288,0.144,21.3,0.1,21.365000000000002,0.09,21.374,0.087
1932,1,23.012,0.347,21.244,0.158,21.323,0.102,21.359,0.088,21.375,0.086
1932,2,21.254,0.327,21.228,0.163,21.319,0.104,21.365000000000002,0.086,21.37,0.085
1932,3,21.391000000000002,0.309,21.189,0.177,21.338,0.106,21.364,0.086,21.372,0.085
1932,4,20.796,0.359,21.246,0.168,21.330000000000002,0.107,21.364,0.085,21.368,0.084
1932,5,21.972,0.321,21.364,0.174,21.313,0.109,21.374,0.084,21.374,0.084
1932,6,20.687,0.314,21.348,0.175,21.323,0.107,21.366,0.084,21.378,0.084
1932,7,20.886,0.268,21.208000000000002,0.179,21.325,0.102,21.364,0.083,21.385,0.084
1932,8,21.183,0.3,21.253,0.178,21.323,0.101,21.366,0.082,21.392,0.084
1932,9,21.09,0.232,21.305,0.16,21.324,0.102,21.365000000000002,0.081,21.395,0.083
1932,10,20.977,0.239,21.343,0.158,21.315,0.1,21.369,0.081,21.393,0.083
1932,11,21.607,0.379,21.311,0.151,21.303,0.099,21.371,0.08,21.389,0.082
1932,12,21.322,0.233,21.383,0.136,21.285,0.099,21.378,0.08,21.389,0.081
1933,1,21.331,0.2,21.406,0.126,21.271,0.101,21.38,0.078,21.389,0.081
1933,2,21.795,0.277,21.362000000000002,0.121,21.275,0.1,21.375,0.076,21.383,0.081
1933,3,22.011,0.299,21.375,0.123,21.275,0.099,21.38,0.076,21.383,0.081
1933,4,21.253,0.344,21.417,0.126,21.278,0.098,21.375,0.076,21.379,0.081
1933,5,21.594,0.251,21.338,0.125,21.284,0.1,21.391000000000002,0.075,21.373,0.081
1933,6,21.539,0.168,21.278,0.125,21.297,0.099,21.398,0.075,21.37,0.082
1933,7,21.166,0.269,21.311,0.132,21.313,0.097,21.396,0.075,21.371,0.082
1933,8,20.659,0.174,21.306,0.125,21.32,0.098,21.383,0.074,21.373,0.082
1933,9,21.244,0.256,21.285,0.127,21.323,0.098,21.375,0.074,21.375,0.081
1933,10,21.484,0.28,21.26,0.119,21.322,0.096,21.379,0.074,21.378,0.082
1933,11,20.658,0.357,21.312,0.121,21.322,0.096,21.384,0.074,21.377,0.082
1933,12,20.607,0.403,21.281,0.133,21.305,0.096,21.389,0.073,21.376,0.082
1934,1,21.717,0.31,21.305,0.144,21.315,0.096,21.396,0.074,21.382,0.082
1934,2,21.743,0.262,21.355,0.151,21.342,0.096,21.389,0.074,21.382,0.082
1934,3,21.755,0.371,21.404,0.159,21.341,0.097,21.392,0.074,21.383,0.081
1934,4,20.956,0.289,21.357,0.161,21.368,0.093,21.402,0.074,21.385,0.081
1934,5,22.219,0.231,21.365000000000002,0.168,21.394000000000002,0.091,21.416,0.074,21.378,0.081
1934,6,21.167,0.257,21.427,0.149,21.394000000000002,0.09,21.421,0.074,21.377,0.081
1934,7,21.445,0.246,21.398,0.129,21.353,0.088,21.426000000000002,0.075,21.374,0.082
1934,8,21.262,0.257,21.396,0.12,21.357,0.085,21.418,0.075,21.375,0.082
1934,9,21.833000000000002,0.263,21.358,0.124,21.356,0.085,21.419,0.075,21.377,0.081
1934,10,20.915,0.255,21.325,0.115,21.351,0.083,21.412,0.074,21.379,0.081
1934,11,20.755,0.259,21.216,0.112,21.35,0.08,21.403,0.073,21.385,0.081
1934,12,21.36,0.216,21.155,0.106,21.349,0.078,21.407,0.072,21.387,0.081
1935,1,21.37,0.224,21.144000000000002,0.117,21.348,0.075,21.409,0.071,21.391000000000002,0.08
1935,2,21.711,0.207,21.195,0.119,21.355,0.072,21.401,0.071,21.391000000000002,0.08
1935,3,21.297,0.439,21.16,0.121,21.363,0.07,21.407,0.07,21.391000000000002,0.08
1935,4,20.564,0.181,21.212,0.125,21.384,0.07,21.403,0.071,21.392,0.08
1935,5,20.912,0.223,21.31,0.131,21.395,0.068,21.394000000000002,0.071,21.392,0.079
1935,6,20.431,0.266,21.334,0.144,21.405,0.067,21.395,0.072,21.397000000000002,0.079
1935,7,21.314,0.337,21.376,0.14,21.404,0.067,21.389,0.072,21.4,0.079
1935,8,21.878,0.203,21.382,0.139,21.389,0.067,21.392,0.072,21.41,0.077
1935,9,21.412,0.244,21.373,0.111,21.394000000000002,0.066,21.395,0.072,21.415,0.078
1935,10,21.54,0.198,21.379,0.108,21.409,0.067,21.405,0.073,21.414,0.077
1935,11,21.929000000000002,0.247,21.418,0.111,21.431,0.069,21.401,0.073,21.41,0.077
1935,12,21.643,0.196,21.418,0.111,21.43,0.07,21.412,0.074,21.407,0.076
1936,1,21.883,0.276,21.476,0.098,21.432,0.072,21.403,0.074,21.408,0.076
1936,2,21.78,0.211,21.568,0.097,21.443,0.07,21.402,0.075,21.398,0.076
1936,3,21.192,0.297,21.579,0.088,21.455000000000002,0.072,21.396,0.075,21.392,0.076
1936,4,20.634,0.199,21.606,0.077,21.47,0.074,21.405,0.075,21.384,0.075
1936,5,21.383,0.214,21.594,0.074,21.504,0.078,21.406,0.075,21.391000000000002,0.075
1936,6,20.424,0.238,21.583000000000002,0.073,21.539,0.079,21.403,0.075,21.387,0.075
1936,7,22.01,0.179,21.47,0.071,21.548000000000002,0.079,21.405,0.075,21.386,0.075
1936,8,22.986,0.212,21.447,0.071,21.542,0.081,21.402,0.075,21.387,0.074
1936,9,21.549,0.256,21.46,0.074,21.53,0.081,21.402,0.075,21.385,0.074
1936,10,21.859,0.249,21.448,0.077,21.537,0.08,21.406,0.074,21.38,0.073
1936,11,21.782,0.231,21.492,0.084,21.541,0.081,21.419,0.073,21.378,0.072
1936,12,21.52,0.319,21.51,0.093,21.542,0.083,21.422,0.073,21.381,0.072
1937,1,20.529,0.261,21.411,0.087,21.528,0.084,21.409,0.072,21.386,0.071
1937,2,21.502,0.26,21.293,0.087,21.516000000000002,0.084,21.403,0.071,21.39,0.07
1937,3,21.343,0.246,21.295,0.098,21.499,0.083,21.404,0.069,21.39,0.069
1937,4,20.489,0.245,21.327,0.107,21.494,0.08,21.411,0.069,21.39,0.069
1937,5,21.912,0.262,21.37,0.119,21.492,0.077,21.417,0.069,21.396,0.068
1937,6,20.634,0.227,21.405,0.136,21.492,0.077,21.429000000000002,0.069,21.398,0.068
1937,7,20.822,0.251,21.462,0.142,21.493,0.075,21.436,0.069,21.402,0.069
1937,8,21.576,0.273,21.413,0.141,21.479,0.076,21.448,0.068,21.403,0.069
1937,9,21.572,0.243,21.493,0.145,21.491,0.073,21.457,0.067,21.4,0.068
1937,10,22.243000000000002,0.304,21.633,0.149,21.491,0.075,21.459,0.066,21.395,0.068
1937,11,22.301000000000002,0.277,21.718,0.149,21.485,0.076,21.457,0.065,21.39,0.069
1937,12,21.932,0.219,21.788,0.159,21.505,0.077,21.455000000000002,0.064,21.389,0.069
1938,1,21.222,0.271,21.828,0.165,21.507,0.075,21.455000000000002,0.063,21.388,0.069
1938,2,20.906,0.273,21.806,0.158,21.508,0.075,21.449,0.064,21.389,0.068
1938,3,22.305,0.266,21.838,0.15,21.515,0.075,21.451,0.063,21.385,0.068
1938,4,22.17,0.235,21.849,0.14,21.532,0.075,21.451,0.063,21.377,0.068
1938,5,22.929000000000002,0.221,21.882,0.135,21.518,0.074,21.444,0.063,21.377,0.068
1938,6,21.482,0.25,21.944,0.133,21.527,0.075,21.434,0.064,21.379,0.068
1938,7,21.296,0.263,22.03,0.127,21.494,0.076,21.434,0.063,21.379,0.067
1938,8,21.308,0.198,22.07,0.13,21.485,0.075,21.434,0.063,21.375,0.067
1938,9,21.966,0.202,21.965,0.138,21.47,0.073,21.436,0.062,21.369,0.067
1938,10,22.371,0.212,21.901,0.14,21.488,0.074,21.437,0.063,21.369,0.067
1938,11,22.7,0.274,21.861,0.141,21.491,0.072,21.438,0.064,21.366,0.066
1938,12,22.673000000000002,0.242,21.841,0.144,21.501,0.073,21.445,0.063,21.364,0.065
1939,1,22.255,0.248,21.78,0.147,21.495,0.075,21.448,0.062,21.362000000000002,0.065
1939,2,21.387,0.235,21.72,0.152,21.462,0.075,21.44,0.061,21.353,0.064
1939,3,21.037,0.323,21.621,0.153,21.463,0.078,21.435,0.06,21.353,0.064
1939,4,21.402,0.282,21.477,0.139,21.444,0.079,21.431,0.06,21.353,0.064
1939,5,22.458000000000002,0.222,21.306,0.131,21.445,0.079,21.414,0.06,21.353,0.064
1939,6,21.244,0.276,21.193,0.121,21.449,0.081,21.412,0.061,21.35,0.065
1939,7,20.56,0.242,21.125,0.113,21.464,0.082,21.411,0.061,21.357,0.065
1939,8,20.588,0.245,21.082,0.104,21.448,0.08,21.416,0.061,21.358,0.065
1939,9,20.779,0.17,21.165,0.092,21.453,0.076,21.422,0.06,21.36,0.065
1939,10,20.635,0.28,21.096,0.092,21.47,0.076,21.428,0.059,21.36,0.065
1939,11,20.654,0.249,20.936,0.09,21.484,0.077,21.442,0.058,21.355,0.064
1939,12,21.318,0.223,20.969,0.092,21.509,0.079,21.441,0.059,21.358,0.064
1940,1,21.444,0.326,21.04,0.098,21.525,0.081,21.439,0.059,21.358,0.064
1940,2,20.866,0.227,21.154,0.104,21.541,0.08,21.433,0.06,21.354,0.064
1940,3,22.029,0.189,21.243,0.108,21.552,0.078,21.43,0.058,21.352,0.065
1940,4,20.578,0.287,21.399,0.105,21.535,0.076,21.438,0.059,21.352,0.064
1940,5,20.532,0.2,21.436,0.108,21.519000000000002,0.074,21.442,0.06,21.354,0.065
1940,6,21.639,0.223,21.509,0.117,21.505,0.072,21.459,0.06,21.351,0.065
1940,7,21.417,0.213,21.38,0.124,21.507,0.069,21.456,0.059,21.348,0.065
1940,8,21.953,0.22,21.41,0.126,21.51,0.07,21.464,0.058,21.347,0.065
1940,9,21.847,0.198,21.267,0.131,21.508,0.07,21.464,0.058,21.35,0.065
1940,10,22.512,0.256,21.362000000000002,0.136,21.493,0.068,21.455000000000002,0.057,21.346,0.065
1940,11,21.099,0.307,21.449,0.134,21.457,0.067,21.448,0.058,21.344,0.066
1940,12,22.194,0.287,21.396,0.132,21.438,0.066,21.447,0.057,21.345,0.066
1941,1,19.891000000000002,0.265,21.418,0.138,21.435,0.065,21.444,0.058,21.346,0.067
1941,2,21.233,0.238,21.34,0.141,21.426000000000002,0.065,21.433,0.058,21.346,0.067
1941,3,20.31,0.225,21.316,0.139,21.417,0.063,21.424,0.057,21.352,0.067
1941,4,21.713,0.221,21.167,0.129,21.404,0.064,21.417,0.057,21.352,0.067
1941,5,21.575,0.181,21.228,0.115,21.372,0.064,21.423000000000002,0.057,21.349,0.066
1941,6,21.008,0.185,21.193,0.108,21.352,0.064,21.42,0.058,21.351,0.066
1941,7,21.685,0.205,21.324,0.096,21.348,0.064,21.419,0.058,21.35,0.066
1941,8,21.011,0.168,21.266000000000002,0.097,21.338,0.063,21.408,0.058,21.346,0.066
1941,9,21.565,0.173,21.374,0.103,21.34,0.061,21.408,0.059,21.348,0.066
1941,10,20.723,0.202,21.361,0.108,21.324,0.061,21.399,0.06,21.352,0.065
1941,11,21.833000000000002,0.195,21.457,0.11,21.287,0.061,21.397000000000002,0.06,21.36,0.065
1941,12,21.774,0.198,21.55,0.117,21.281,0.061,21.397000000000002,0.062,21.361,0.065
1942,1,21.456,0.275,21.558,0.123,21.295,0.061,21.414,0.062,21.357,0.065
1942,2,20.536,0.247,21.687,0.123,21.315,0.06,21.416,0.061,21.358,0.064
1942,3,21.615000000000002,0.337,21.741,0.121,21.346,0.06,21.415,0.06,21.359,0.064
1942,4,21.549,0.231,21.783,0.115,21.362000000000002,0.06,21.416,0.06,21.359,0.064
1942,5,22.731,0.23,21.742,0.108,21.392,0.061,21.417,0.06,21.357,0.063
1942,6,22.116,0.223,21.684,0.108,21.39,0.062,21.429000000000002,0.06,21.36,0.063
1942,7,21.79,0.178,21.677,0.1,21.384,0.062,21.439,0.061,21.361,0.063
1942,8,22.553,0.183,21.72,0.088,21.388,0.063,21.44,0.061,21.361,0.062
1942,9,22.216,0.158,21.771,0.079,21.37,0.064,21.436,0.061,21.364,0.062
1942,10,21.234,0.171,21.744,0.077,21.384,0.065,21.422,0.061,21.364,0.061
1942,11,21.339,0.25,21.581,0.073,21.399,0.064,21.409,0.062,21.361,0.061
1942,12,21.069,0.197,21.433,0.076,21.412,0.063,21.4,0.062,21.361,0.061
1943,1,21.373,0.333,21.378,0.079,21.405,0.062,21.395,0.063,21.358,0.061
1943,2,21.06,0.252,21.228,0.078,21.42,0.061,21.403,0.064,21.351,0.06
1943,3,22.229,0.249,21.163,0.078,21.412,0.06,21.39,0.064,21.352,0.06
1943,4,21.215,0.176,21.194,0.098,21.379,0.058,21.378,0.064,21.357,0.06
1943,5,20.783,0.215,21.145,0.11,21.378,0.059,21.363,0.064,21.355,0.06
1943,6,20.339,0.201,21.18,0.121,21.367,0.057,21.359,0.063,21.355,0.06
1943,7,21.134,0.175,21.236,0.12,21.394000000000002,0.056,21.361,0.063,21.357,0.06
1943,8,20.743000000000002,0.167,21.211,0.12,21.381,0.055,21.367,0.063,21.356,0.06
1943,9,21.441,0.169,21.122,0.123,21.378,0.055,21.364,0.063,21.356,0.06
1943,10,21.602,0.295,21.058,0.129,21.346,0.054,21.359,0.062,21.356,0.06
1943,11,20.754,0.224,21.012,0.129,21.356,0.055,21.348,0.062,21.359,0.06
1943,12,21.485,0.18,21.06,0.123,21.339,0.056,21.339,0.061,21.364,0.059
1944,1,22.042,0.252,21.081,0.125,21.342,0.055,21.328,0.06,21.362000000000002,0.058
1944,2,20.766000000000002,0.187,21.168,0.132,21.354,0.055,21.318,0.06,21.357,0.058
1944,3,21.159,0.245,21.268,0.134,21.353,0.055,21.314,0.06,21.357,0.057
1944,4,20.451,0.235,21.264,0.121,21.354,0.056,21.304000000000002,0.059,21.359,0.056
1944,5,20.229,0.142,21.41,0.112,21.349,0.058,21.29,0.059,21.356,0.056
1944,6,20.911,0.19,21.384,0.114,21.346,0.059,21.278,0.06,21.355,0.056
1944,7,21.387,0.246,21.305,0.116,21.363,0.06,21.288,0.06,21.357,0.056
1944,8,21.791,0.18,21.331,0.118,21.384,0.063,21.298000000000002,0.059,21.359,0.056
1944,9,22.635,0.153,21.313,0.114,21.378,0.065,21.301000000000002,0.06,21.358,0.056
1944,10,21.562,0.179,21.396,0.118,21.361,0.067,21.307,0.06,21.36,0.055
1944,11,22.506,0.178,21.496,0.12,21.35,0.068,21.307,0.061,21.363,0.055
1944,12,21.166,0.21,21.622,0.123,21.35,0.068,21.309,0.061,21.363,0.054
1945,1,21.091,0.219,21.592,0.122,21.353,0.069,21.307,0.061,21.364,0.054
1945,2,21.082,0.224,21.675,0.115,21.339,0.071,21.307,0.062,21.365000000000002,0.054
1945,3,20.945,0.244,21.572,0.116,21.32,0.071,21.297,0.063,21.364,0.053
1945,4,21.444,0.268,21.484,0.113,21.309,0.074,21.3,0.062,21.367,0.053
1945,5,21.426000000000002,0.163,21.365000000000002,0.126,21.299,0.077,21.315,0.062,21.367,0.053
1945,6,22.428,0.129,21.394000000000002,0.12,21.295,0.079,21.306,0.062,21.372,0.053
1945,7,21.021,0.123,21.429000000000002,0.114,21.283,0.079,21.307,0.061,21.371,0.053
1945,8,22.798000000000002,0.142,21.379,0.109,21.297,0.079,21.303,0.061,21.374,0.052
1945,9,21.394000000000002,0.216,21.309,0.103,21.272000000000002,0.078,21.304000000000002,0.061,21.377,0.052
1945,10,20.512,0.19,21.172,0.095,21.263,0.079,21.288,0.061,21.377,0.052
1945,11,21.071,0.284,21.231,0.097,21.27,0.078,21.287,0.062,21.371,0.052
1945,12,21.513,0.156,21.03,0.101,21.281,0.077,21.278,0.062,21.368,0.052
1946,1,21.518,0.155,21.101,0.106,21.288,0.077,21.288,0.063,21.364,0.052
1946,2,20.482,0.193,21.014,0.105,21.308,0.078,21.29,0.063,21.365000000000002,0.052
1946,3,20.099,0.248,21.024,0.096,21.311,0.078,21.308,0.064,21.364,0.052
1946,4,19.807000000000002,0.2,21.045,0.089,21.313,0.074,21.299,0.063,21.367,0.052
1946,5,22.134,0.212,21.083000000000002,0.079,21.324,0.072,21.292,0.063,21.366,0.052
1946,6,20.009,0.24,21.088,0.083,21.325,0.072,21.298000000000002,0.062,21.366,0.052
1946,7,21.873,0.205,21.169,0.08,21.307,0.071,21.295,0.062,21.364,0.052
1946,8,21.761,0.292,21.278,0.076,21.298000000000002,0.07,21.29,0.062,21.353,0.051
1946,9,21.504,0.177,21.372,0.074,21.288,0.071,21.295,0.062,21.348,0.052
1946,10,20.767,0.176,21.437,0.073,21.284,0.07,21.299,0.063,21.342,0.053
1946,11,21.527,0.177,21.432,0.076,21.294,0.07,21.301000000000002,0.064,21.337,0.052
1946,12,21.579,0.212,21.605,0.067,21.275,0.071,21.3,0.064,21.335,0.052
1947,1,22.490000000000002,0.195,21.613,0.068,21.28,0.071,21.305,0.065,21.34,0.052
1947,2,21.792,0.184,21.608,0.07,21.281,0.07,21.313,0.066,21.339,0.052
1947,3,21.227,0.206,21.573,0.069,21.255,0.071,21.313,0.067,21.337,0.051
1947,4,20.581,0.213,21.558,0.076,21.252,0.071,21.308,0.068,21.345,0.05
1947,5,22.07,0.163,21.493,0.08,21.222,0.071,21.298000000000002,0.068,21.343,0.05
1947,6,22.085,0.159,21.428,0.086,21.229,0.071,21.291,0.068,21.354,0.051
1947,7,21.974,0.159,21.278,0.1,21.231,0.07,21.286,0.067,21.351,0.05
1947,8,21.702,0.176,21.287,0.105,21.226,0.072,21.275,0.068,21.352,0.049
1947,9,21.086,0.155,21.242,0.104,21.224,0.073,21.27,0.068,21.351,0.05
1947,10,20.580000000000002,0.243,21.254,0.109,21.216,0.072,21.269000000000002,0.068,21.35,0.049
1947,11,20.746,0.186,21.179000000000002,0.113,21.231,0.073,21.265,0.068,21.35,0.048
1947,12,20.802,0.244,21.088,0.118,21.201,0.074,21.267,0.069,21.351,0.047
1948,1,20.695,0.275,21.051000000000002,0.113,21.209,0.074,21.261,0.069,21.352,0.047
1948,2,21.889,0.213,21.075,0.108,21.186,0.075,21.252,0.068,21.357,0.046
1948,3,20.696,0.211,21.118,0.106,21.196,0.075,21.253,0.067,21.355,0.046
1948,4,20.718,0.163,21.215,0.093,21.197,0.077,21.263,0.066,21.356,0.046
1948,5,21.169,0.156,21.269000000000002,0.089,21.195,0.077,21.266000000000002,0.066,21.36,0.046
1948,6,21.003,0.145,21.333000000000002,0.084,21.189,0.079,21.276,0.065,21.361,0.045
1948,7,21.529,0.117,21.354,0.075,21.182,0.082,21.279,0.065,21.364,0.045
1948,8,21.992,0.111,21.213,0.075,21.199,0.083,21.277,0.065,21.367,0.045
1948,9,21.602,0.136,21.205000000000002,0.078,21.238,0.084,21.275,0.065,21.36,0.044
1948,10,21.734,0.153,21.159,0.076,21.251,0.082,21.275,0.064,21.355,0.044
1948,11,21.404,0.114,21.131,0.083,21.229,0.082,21.28,0.062,21.351,0.043
1948,12,21.567,0.168,21.032,0.087,21.258,0.08,21.283,0.061,21.345,0.043
1949,1,20.943,0.183,21.046,0.089,21.248,0.081,21.276,0.061,21.344,0.042
1949,2,20.195,0.208,21.033,0.089,21.226,0.082,21.275,0.059,21.346,0.042
1949,3,20.603,0.264,20.988,0.095,21.236,0.082,21.28,0.058,21.35,0.041
1949,4,20.166,0.191,20.96,0.1,21.244,0.083,21.288,0.057,21.353,0.041
1949,5,20.828,0.156,20.899,0.1,21.253,0.083,21.299,0.056,21.349,0.041
1949,6,19.823,0.209,20.902,0.11,21.255,0.081,21.298000000000002,0.056,21.352,0.041
1949,7,21.691,0.184,20.923000000000002,0.112,21.247,0.081,21.302,0.055,21.358,0.041
1949,8,21.843,0.176,20.974,0.121,21.243,0.081,21.302,0.055,21.365000000000002,0.041
1949,9,21.052,0.173,20.990000000000002,0.119,21.248,0.079,21.293,0.055,21.371,0.041
1949,10,21.403,0.181,21.058,0.121,21.255,0.078,21.292,0.055,21.375,0.04
1949,11,20.675,0.155,21.181,0.126,21.245,0.077,21.283,0.054,21.384,0.04
1949,12,21.597,0.218,21.249,0.122,21.232,0.078,21.286,0.054,21.382,0.04
1950,1,21.201,0.174,21.235,0.12,21.218,0.076,21.289,0.053,21.385,0.041
1950,2,20.808,0.269,21.2,0.12,21.21,0.075,21.296,0.053,21.386,0.04
1950,3,20.791,0.273,21.277,0.117,21.221,0.074,21.299,0.052,21.383,0.041
1950,4,20.983,0.229,21.208000000000002,0.12,21.23,0.071,21.296,0.051,21.386,0.04
1950,5,22.301000000000002,0.184,21.23,0.126,21.231,0.069,21.291,0.051,21.383,0.041
1950,6,20.643,0.193,21.192,0.12,21.240000000000002,0.068,21.285,0.051,21.378,0.041
1950,7,21.523,0.165,21.184,0.13,21.239,0.066,21.287,0.051,21.379,0.041
1950,8,21.425,0.183,21.244,0.125,21.208000000000002,0.065,21.284,0.051,21.373,0.041
1950,9,21.978,0.133,21.379,0.121,21.234,0.064,21.291,0.051,21.37,0.04
1950,10,20.565,0.194,21.35,0.109,21.263,0.063,21.299,0.051,21.367,0.04
1950,11,20.948,0.18,21.223,0.109,21.261,0.064,21.294,0.052,21.366,0.04
1950,12,21.132,0.303,21.314,0.106,21.27,0.063,21.289,0.052,21.362000000000002,0.04
1951,1,21.11,0.274,21.293,0.103,21.271,0.064,21.285,0.052,21.37,0.04
1951,2,21.531,0.196,21.21,0.106,21.246,0.063,21.297,0.052,21.372,0.04
1951,3,22.414,0.2,21.222,0.102,21.240000000000002,0.063,21.305,0.052,21.378,0.039
1951,4,20.628,0.118,21.278,0.101,21.237000000000002,0.062,21.316,0.052,21.38,0.039
1951,5,20.777,0.35,21.373,0.097,21.236,0.061,21.308,0.052,21.38,0.04
1951,6,21.736,0.261,21.419,0.082,21.241,0.062,21.312,0.052,21.381,0.039
1951,7,21.278,0.246,21.494,0.069,21.245,0.062,21.309,0.053,21.378,0.038
1951,8,20.429000000000002,0.163,21.497,0.065,21.252,0.059,21.297,0.053,21.377,0.038
1951,9,22.112000000000002,0.278,21.422,0.064,21.271,0.055,21.288,0.055,21.381,0.038
1951,10,21.241,0.196,21.452,0.066,21.293,0.054,21.286,0.054,21.389,0.037
1951,11,22.094,0.232,21.511,0.072,21.304000000000002,0.053,21.278,0.053,21.389,0.037
1951,12,21.68,0.171,21.476,0.063,21.32,0.053,21.273,0.052,21.39,0.037
1952,1,22.006,0.131,21.465,0.051,21.323,0.052,21.266000000000002,0.052,21.39,0.037
1952,2,21.566,0.189,21.532,0.046,21.323,0.053,21.262,0.051,21.394000000000002,0.037
1952,3,21.514,0.134,21.499,0.049,21.331,0.052,21.259,0.05,21.392,0.037
1952,4,20.992,0.109,21.489,0.051,21.332,0.05,21.273,0.049,21.391000000000002,0.038
1952,5,21.485,0.124,21.383,0.059,21.344,0.05,21.268,0.049,21.385,0.037
1952,6,21.312,0.118,21.354,0.058,21.343,0.049,21.278,0.051,21.388,0.038
1952,7,21.153,0.179,21.238,0.06,21.346,0.047,21.264,0.049,21.389,0.038
1952,8,21.228,0.145,21.111,0.06,21.366,0.044,21.263,0.049,21.384,0.037
1952,9,21.716,0.134,21.174,0.065,21.373,0.041,21.265,0.05,21.381,0.037
1952,10,21.124,0.164,21.295,0.068,21.377,0.042,21.279,0.049,21.382,0.037
1952,11,20.816,0.122,21.261,0.067,21.352,0.041,21.291,0.047,21.386,0.037
1952,12,21.336,0.125,21.28,0.065,21.37,0.04,21.302,0.045,21.388,0.037
1953,1,20.609,0.182,21.316,0.065,21.364,0.04,21.308,0.043,21.386,0.037
1953,2,20.04,0.15,21.256,0.063,21.381,0.041,21.31,0.041,21.389,0.036
1953,3,22.281,0.182,21.213,0.064,21.386,0.04,21.32,0.04,21.388,0.036
1953,4,22.441,0.166,21.251,0.063,21.401,0.041,21.334,0.041,21.386,0.035
1953,5,21.081,0.166,21.292,0.069,21.393,0.044,21.356,0.04,21.392,0.035
1953,6,21.538,0.143,21.339,0.072,21.389,0.042,21.362000000000002,0.04,21.395,0.035
1953,7,21.584,0.185,21.385,0.073,21.388,0.039,21.367,0.039,21.396,0.034
1953,8,20.502,0.126,21.435,0.065,21.395,0.039,21.367,0.038,21.399,0.034
1953,9,21.207,0.118,21.39,0.062,21.372,0.037,21.356,0.037,21.4,0.032
1953,10,21.579,0.185,21.311,0.066,21.381,0.041,21.352,0.037,21.401,0.031
1953,11,21.308,0.167,21.342,0.067,21.387,0.04,21.355,0.036,21.404,0.03
1953,12,21.901,0.167,21.28,0.07,21.366,0.041,21.352,0.036,21.406,0.03
1954,1,21.153,0.151,21.305,0.067,21.371,0.041,21.361,0.036,21.403,0.029
1954,2,20.648,0.173,21.418,0.069,21.369,0.042,21.373,0.035,21.404,0.03
1954,3,21.740000000000002,0.203,21.445,0.071,21.34,0.043,21.386,0.034,21.407,0.029
1954,4,21.490000000000002,0.283,21.435,0.073,21.328,0.042,21.402,0.034,21.412,0.03
1954,5,21.452,0.138,21.442,0.066,21.302,0.043,21.408,0.034,21.418,0.03
1954,6,20.798000000000002,0.298,21.411,0.059,21.292,0.04,21.425,0.033,21.422,0.03
1954,7,21.887,0.147,21.431,0.056,21.285,0.037,21.428,0.034,21.426000000000002,0.03
1954,8,21.849,0.142,21.545,0.066,21.28,0.035,21.432,0.035,21.426000000000002,0.029
1954,9,21.536,0.24,21.502,0.061,21.27,0.035,21.441,0.033,21.425,0.029
1954,10,21.459,0.136,21.477,0.052,21.292,0.035,21.442,0.032,21.42,0.029
1954,11,21.391000000000002,0.128,21.423000000000002,0.047,21.292,0.037,21.461,0.032,21.414,0.029
1954,12,21.528,0.153,21.499,0.047,21.325,0.039,21.455000000000002,0.03,21.412,0.028
1955,1,21.394000000000002,0.116,21.439,0.047,21.31,0.039,21.463,0.03,21.414,0.028
1955,2,22.02,0.202,21.490000000000002,0.05,21.316,0.038,21.466,0.03,21.421,0.028
1955,3,21.214,0.2,21.553,0.055,21.31,0.04,21.47,0.029,21.423000000000002,0.028
1955,4,21.192,0.144,21.55,0.062,21.327,0.043,21.472,0.029,21.421,0.028
1955,5,20.808,0.212,21.476,0.076,21.352,0.04,21.451,0.03,21.425,0.028
1955,6,21.711,0.13,21.42,0.086,21.363,0.036,21.45,0.03,21.422,0.027
1955,7,21.164,0.147,21.395,0.078,21.378,0.033,21.45,0.029,21.42,0.028
1955,8,22.462,0.228,21.385,0.081,21.411,0.029,21.442,0.03,21.417,0.027
1955,9,22.295,0.168,21.37,0.068,21.405,0.027,21.436,0.029,21.422,0.028
1955,10,21.424,0.223,21.369,0.078,21.406,0.028,21.447,0.029,21.429000000000002,0.028
1955,11,20.494,0.281,21.4,0.086,21.451,0.028,21.445,0.029,21.432,0.028
1955,12,20.856,0.181,21.294,0.092,21.455000000000002,0.029,21.447,0.028,21.434,0.028
1956,1,21.102,0.153,21.328,0.093,21.462,0.029,21.453,0.026,21.433,0.029
1956,2,21.902,0.241,21.15,0.094,21.488,0.03,21.453,0.025,21.437,0.028
1956,3,21.03,0.176,20.989,0.097,21.473,0.03,21.448,0.025,21.443,0.028
1956,4,21.182,0.284,20.912,0.083,21.467,0.029,21.462,0.025,21.452,0.028
1956,5,21.172,0.272,20.919,0.071,21.475,0.027,21.467,0.025,21.447,0.029
1956,6,20.449,0.265,20.937,0.065,21.463,0.025,21.464,0.024,21.454,0.028
1956,7,21.563,0.221,20.977,0.06,21.477,0.025,21.461,0.024,21.451,0.029
1956,8,20.335,0.143,20.925,0.055,21.495,0.025,21.465,0.025,21.447,0.029
1956,9,20.359,0.165,20.915,0.057,21.502,0.024,21.467,0.026,21.446,0.03
1956,10,20.5,0.163,21.009,0.043,21.51,0.024,21.479,0.024,21.444,0.03
1956,11,20.574,0.214,21.034,0.048,21.512,0.024,21.477,0.023,21.444,0.03
1956,12,21.076,0.269,21.271,0.052,21.53,0.025,21.479,0.023,21.44,0.03
1957,1,21.575,0.237,21.16,0.066,21.534,0.026,21.475,0.023,21.437,0.03
1957,2,21.277,0.182,21.267,0.071,21.54,0.027,21.475,0.023,21.433,0.03
1957,3,20.918,0.195,21.349,0.093,21.55,0.025,21.472,0.024,21.428,0.029
1957,4,22.308,0.162,21.488,0.108,21.552,0.024,21.475,0.024,21.435,0.03
1957,5,21.47,0.233,21.63,0.123,21.578,0.025,21.472,0.024,21.435,0.03
1957,6,23.295,0.223,21.71,0.11,21.567,0.024,21.485,0.025,21.432,0.031
1957,7,20.229,0.35,21.701,0.105,21.579,0.024,21.492,0.026,21.428,0.031
1957,8,21.618,0.182,21.767,0.109,21.566,0.026,21.493,0.025,21.424,0.032
1957,9,21.345,0.402,21.848,0.104,21.566,0.026,21.492,0.025,21.425,0.032
1957,10,22.171,0.252,21.862000000000002,0.104,21.566,0.027,21.494,0.027,21.436,0.032
1957,11,22.278,0.393,22.057,0.118,21.549,0.028,21.507,0.028,21.441,0.032
1957,12,22.031,0.34,21.928,0.122,21.53,0.03,21.508,0.029,21.443,0.031
1958,1,21.471,0.239,22.078,0.088,21.537,0.03,21.512,0.029,21.449,0.031
1958,2,22.069,0.31,22.115000000000002,0.078,21.503,0.031,21.526,0.03,21.449,0.031
1958,3,21.893,0.133,22.027,0.079,21.485,0.032,21.523,0.031,21.453,0.031
1958,4,22.478,0.272,21.947,0.087,21.493,0.031,21.51,0.03,21.459,0.031
1958,5,23.811,0.207,21.907,0.072,21.497,0.033,21.518,0.032,21.456,0.031
1958,6,21.743,0.267,21.838,0.069,21.506,0.036,21.515,0.033,21.46,0.031
1958,7,22.032,0.348,21.88,0.063,21.517,0.035,21.512,0.033,21.456,0.031
1958,8,22.054000000000002,0.25,21.851,0.055,21.511,0.036,21.521,0.034,21.45,0.032
1958,9,20.293,0.142,21.874,0.05,21.525,0.037,21.524,0.033,21.448,0.032
1958,10,21.215,0.168,21.833000000000002,0.043,21.542,0.038,21.526,0.034,21.446,0.033
1958,11,21.79,0.179,21.646,0.051,21.546,0.04,21.528,0.035,21.447,0.033
1958,12,21.212,0.248,21.659,0.047,21.563,0.042,21.528,0.035,21.444,0.033
1959,1,21.975,0.208,21.663,0.047,21.551000000000002,0.042,21.53,0.035,21.451,0.033
1959,2,21.717,0.206,21.679000000000002,0.053,21.56,0.046,21.534,0.036,21.458000000000002,0.033
1959,3,22.169,0.322,21.832,0.062,21.595,0.045,21.534,0.036,21.46,0.033
1959,4,21.98,0.331,21.865000000000002,0.058,21.631,0.046,21.536,0.037,21.465,0.033
1959,5,21.569,0.188,21.959,0.054,21.651,0.044,21.537,0.037,21.47,0.033
1959,6,21.9,0.178,21.933,0.058,21.667,0.043,21.545,0.038,21.475,0.033
1959,7,22.082,0.213,21.942,0.062,21.666,0.044,21.55,0.037,21.477,0.033
1959,8,22.246,0.283,21.9,0.058,21.671,0.045,21.551000000000002,0.037,21.479,0.032
1959,9,22.132,0.202,21.823,0.086,21.674,0.049,21.556,0.036,21.476,0.033
1959,10,21.604,0.193,21.759,0.103,21.657,0.047,21.547,0.036,21.48,0.033
1959,11,22.919,0.149,21.609,0.116,21.651,0.051,21.546,0.035,21.485,0.033
1959,12,20.898,0.154,21.499,0.121,21.645,0.054,21.538,0.034,21.484,0.032
1960,1,22.089,0.188,21.455000000000002,0.105,21.674,0.055,21.539,0.035,21.486,0.032
1960,2,21.213,0.286,21.306,0.111,21.67,0.056,21.546,0.035,21.493,0.032
1960,3,21.243,0.168,21.227,0.107,21.673000000000002,0.061,21.547,0.035,21.496,0.032
1960,4,21.215,0.223,21.252,0.105,21.661,0.065,21.546,0.036,21.498,0.032
1960,5,19.769000000000002,0.26,21.073,0.113,21.662,0.064,21.558,0.036,21.493,0.032
1960,6,20.574,0.244,21.11,0.116,21.653,0.061,21.559,0.036,21.501,0.032
1960,7,21.563,0.165,21.085,0.106,21.646,0.059,21.554000000000002,0.037,21.5,0.032
1960,8,20.452,0.214,21.112000000000002,0.107,21.64,0.058,21.55,0.037,21.499,0.032
1960,9,21.183,0.138,21.164,0.102,21.641000000000002,0.059,21.552,0.038,21.495,0.032
1960,10,21.909,0.171,21.248,0.104,21.614,0.059,21.56,0.039,21.502,0.032
1960,11,20.766000000000002,0.203,21.386,0.103,21.584,0.062,21.57,0.041,21.504,0.032
1960,12,21.349,0.213,21.457,0.086,21.575,0.064,21.579,0.041,21.506,0.032
1961,1,21.787,0.23,21.4,0.09,21.562,0.062,21.581,0.04,21.511,0.032
1961,2,21.539,0.201,21.434,0.097,21.554000000000002,0.064,21.578,0.041,21.513,0.031
1961,3,21.86,0.136,21.539,0.088,21.576,0.065,21.582,0.041,21.511,0.032
1961,4,22.23,0.297,21.602,0.095,21.586,0.064,21.588,0.043,21.513,0.032
1961,5,21.416,0.278,21.686,0.085,21.582,0.063,21.585,0.043,21.515,0.032
1961,6,21.429000000000002,0.286,21.743,0.079,21.593,0.061,21.596,0.044,21.51,0.033
1961,7,20.88,0.214,21.72,0.079,21.583000000000002,0.06,21.593,0.045,21.509,0.033
1961,8,20.863,0.296,21.723,0.085,21.573,0.062,21.597,0.046,21.516000000000002,0.034
1961,9,22.438,0.167,21.662,0.097,21.565,0.062,21.604,0.048,21.516000000000002,0.034
1961,10,22.672,0.285,21.585,0.113,21.562,0.066,21.603,0.048,21.519000000000002,0.034
1961,11,21.773,0.179,21.558,0.122,21.562,0.067,21.61,0.048,21.513,0.034
1961,12,22.025,0.158,21.685,0.111,21.56,0.067,21.607,0.048,21.512,0.034
1962,1,21.51,0.223,21.776,0.106,21.566,0.065,21.608,0.048,21.507,0.034
1962,2,21.577,0.216,21.814,0.097,21.561,0.067,21.605,0.047,21.506,0.035
1962,3,21.126,0.283,21.743,0.113,21.562,0.065,21.598,0.047,21.504,0.035
1962,4,21.312,0.177,21.64,0.12,21.542,0.063,21.596,0.047,21.504,0.035
1962,5,21.085,0.212,21.688,0.133,21.514,0.061,21.601,0.049,21.506,0.035
1962,6,22.961,0.304,21.641000000000002,0.134,21.508,0.06,21.585,0.051,21.508,0.035
1962,7,21.966,0.18,21.602,0.137,21.499,0.06,21.591,0.052,21.509,0.035
1962,8,21.323,0.263,21.613,0.135,21.526,0.059,21.586,0.053,21.514,0.035
1962,9,21.581,0.364,21.681,0.124,21.529,0.057,21.586,0.055,21.517,0.035
1962,10,21.434,0.314,21.644000000000002,0.118,21.525,0.057,21.593,0.056,21.52,0.035
1962,11,22.352,0.156,21.724,0.125,21.566,0.057,21.591,0.056,21.526,0.036
1962,12,21.46,0.212,21.576,0.119,21.587,0.055,21.585,0.054,21.534,0.035
1963,1,21.049,0.265,21.514,0.12,21.572,0.056,21.589,0.052,21.542,0.035
1963,2,21.701,0.159,21.536,0.125,21.597,0.058,21.588,0.051,21.549,0.035
1963,3,21.942,0.189,21.54,0.127,21.619,0.059,21.587,0.051,21.548000000000002,0.036
1963,4,20.875,0.248,21.57,0.122,21.626,0.06,21.584,0.052,21.548000000000002,0.036
1963,5,22.038,0.192,21.502,0.12,21.642,0.062,21.556,0.053,21.557,0.036
1963,6,21.186,0.188,21.537,0.111,21.653,0.059,21.557,0.053,21.56,0.036
1963,7,21.227,0.24,21.567,0.101,21.645,0.058,21.546,0.054,21.567,0.036
1963,8,21.593,0.185,21.516000000000002,0.096,21.644000000000002,0.058,21.534,0.056,21.576,0.037
1963,9,21.62,0.409,21.498,0.083,21.639,0.059,21.539,0.058,21.578,0.037
1963,10,21.802,0.207,21.575,0.073,21.633,0.061,21.541,0.057,21.580000000000002,0.037
1963,11,21.536,0.195,21.532,0.066,21.625,0.059,21.539,0.057,21.580000000000002,0.037
1963,12,21.878,0.163,21.586,0.057,21.629,0.056,21.536,0.055,21.579,0.037
1964,1,21.41,0.223,21.686,0.056,21.634,0.053,21.542,0.055,21.577,0.036
1964,2,21.086,0.217,21.714,0.045,21.633,0.052,21.542,0.055,21.577,0.037
1964,3,21.73,0.199,21.763,0.067,21.614,0.055,21.534,0.057,21.577,0.037
1964,4,21.8,0.31,21.644000000000002,0.078,21.575,0.052,21.529,0.058,21.575,0.037
1964,5,21.521,0.246,21.618,0.077,21.569,0.054,21.532,0.059,21.575,0.037
1964,6,21.832,0.158,21.508,0.072,21.547,0.056,21.524,0.059,21.575,0.037
1964,7,22.43,0.301,21.521,0.08,21.55,0.056,21.527,0.059,21.576,0.037
1964,8,21.929000000000002,0.23,21.667,0.079,21.539,0.053,21.527,0.061,21.576,0.037
1964,9,22.208000000000002,0.219,21.639,0.077,21.521,0.05,21.512,0.061,21.574,0.037
1964,10,20.372,0.117,21.573,0.07,21.534,0.052,21.518,0.061,21.572,0.037
1964,11,21.226,0.152,21.634,0.068,21.551000000000002,0.053,21.509,0.061,21.568,0.037
1964,12,20.55,0.111,21.633,0.074,21.525,0.054,21.512,0.061,21.567,0.036
1965,1,21.574,0.183,21.482,0.063,21.508,0.054,21.51,0.06,21.565,0.036
1965,2,22.835,0.182,21.485,0.068,21.502,0.056,21.52,0.06,21.562,0.036
1965,3,21.388,0.191,21.513,0.065,21.498,0.056,21.522000000000002,0.059,21.561,0.036
1965,4,21.016000000000002,0.207,21.675,0.079,21.525,0.057,21.524,0.058,21.562,0.036
1965,5,22.243000000000002,0.155,21.717,0.094,21.519000000000002,0.058,21.536,0.059,21.567,0.036
1965,6,21.830000000000002,0.228,21.835,0.099,21.516000000000002,0.059,21.551000000000002,0.058,21.566,0.036
1965,7,20.614,0.355,21.815,0.089,21.532,0.059,21.549,0.058,21.575,0.037
1965,8,21.969,0.127,21.703,0.086,21.536,0.06,21.556,0.059,21.572,0.037
1965,9,22.536,0.246,21.717,0.1,21.534,0.058,21.555,0.059,21.573,0.037
1965,10,22.314,0.268,21.789,0.1,21.555,0.06,21.557,0.059,21.568,0.038
1965,11,21.734,0.268,21.676000000000002,0.111,21.527,0.06,21.562,0.06,21.573,0.038
1965,12,21.973,0.132,21.666,0.127,21.539,0.059,21.565,0.059,21.574,0.038
1966,1,21.327,0.188,21.713,0.108,21.53,0.061,21.569,0.058,21.57,0.038
1966,2,21.494,0.12,21.617,0.115,21.514,0.063,21.573,0.058,21.566,0.038
1966,3,21.556,0.196,21.511,0.129,21.503,0.07,21.573,0.058,21.566,0.038
1966,4,21.875,0.278,21.346,0.117,21.496,0.071,21.564,0.057,21.565,0.038
1966,5,20.887,0.241,21.321,0.103,21.496,0.07,21.563,0.057,21.565,0.039
1966,6,21.718,0.294,21.215,0.104,21.48,0.069,21.556,0.056,21.567,0.039
1966,7,21.17,0.16,21.245,0.103,21.5,0.072,21.558,0.056,21.567,0.038
1966,8,20.821,0.221,21.196,0.102,21.511,0.07,21.568,0.055,21.571,0.038
1966,9,21.266000000000002,0.296,21.072,0.105,21.503,0.072,21.565,0.056,21.574,0.038
1966,10,20.330000000000002,0.142,21.087,0.093,21.495,0.069,21.56,0.056,21.574,0.038
1966,11,21.438,0.156,21.188,0.094,21.502,0.067,21.55,0.057,21.575,0.038
1966,12,20.692,0.094,21.163,0.091,21.488,0.068,21.544,0.057,21.580000000000002,0.038
1967,1,21.696,0.13,21.145,0.103,21.487000000000002,0.067,21.538,0.058,21.581,0.038
1967,2,20.904,0.222,21.154,0.107,21.494,0.07,21.536,0.058,21.585,0.038
1967,3,20.071,0.174,21.162,0.096,21.461,0.072,21.535,0.056,21.586,0.038
1967,4,22.056,0.278,21.391000000000002,0.091,21.495,0.073,21.534,0.057,21.582,0.038
1967,5,22.093,0.201,21.436,0.092,21.504,0.073,21.54,0.057,21.582,0.037
1967,6,21.423000000000002,0.161,21.487000000000002,0.091,21.517,0.075,21.531,0.056,21.572,0.038
1967,7,20.944,0.333,21.513,0.085,21.521,0.072,21.526,0.056,21.576,0.038
1967,8,20.938,0.305,21.597,0.096,21.514,0.071,21.535,0.056,21.580000000000002,0.038
1967,9,21.355,0.23,21.742,0.097,21.516000000000002,0.071,21.542,0.054,21.579,0.038
1967,10,23.087,0.172,21.748,0.09,21.523,0.07,21.546,0.055,21.580000000000002,0.039
1967,11,21.976,0.163,21.607,0.087,21.506,0.073,21.544,0.055,21.579,0.039
1967,12,21.299,0.101,21.644000000000002,0.086,21.515,0.075,21.559,0.055,21.579,0.038
1968,1,22.014,0.093,21.625,0.072,21.527,0.071,21.572,0.054,21.580000000000002,0.037
1968,2,21.902,0.157,21.597,0.075,21.515,0.074,21.573,0.054,21.581,0.037
1968,3,21.817,0.23,21.565,0.083,21.491,0.072,21.573,0.053,21.582,0.037
1968,4,22.134,0.195,21.425,0.089,21.489,0.072,21.587,0.053,21.578,0.038
1968,5,20.397,0.201,21.389,0.079,21.482,0.071,21.595,0.053,21.573,0.038
1968,6,21.861,0.191,21.354,0.078,21.477,0.072,21.605,0.053,21.571,0.039
1968,7,20.72,0.165,21.405,0.087,21.492,0.071,21.623,0.053,21.568,0.039
1968,8,20.605,0.223,21.39,0.101,21.501,0.07,21.63,0.055,21.565,0.039
1968,9,20.975,0.298,21.347,0.116,21.507,0.07,21.632,0.056,21.566,0.038
1968,10,21.403,0.174,21.277,0.117,21.494,0.07,21.633,0.056,21.565,0.038
1968,11,21.544,0.168,21.404,0.109,21.501,0.07,21.632,0.055,21.562,0.038
1968,12,20.882,0.111,21.335,0.109,21.482,0.068,21.63,0.055,21.562,0.038
1969,1,22.62,0.141,21.469,0.103,21.482,0.07,21.624,0.055,21.565,0.037
1969,2,21.726,0.187,21.614,0.1,21.503,0.067,21.62,0.054,21.565,0.037
1969,3,21.292,0.262,21.556,0.089,21.516000000000002,0.064,21.62,0.054,21.565,0.038
1969,4,21.295,0.186,21.639,0.085,21.544,0.065,21.614,0.052,21.564,0.038
1969,5,21.921,0.167,21.655,0.085,21.531,0.065,21.613,0.052,21.561,0.039
1969,6,21.04,0.181,21.695,0.088,21.54,0.065,21.605,0.052,21.563,0.04
1969,7,22.331,0.248,21.625,0.079,21.526,0.066,21.601,0.05,21.562,0.04
1969,8,22.338,0.201,21.685,0.083,21.533,0.068,21.601,0.052,21.56,0.04
1969,9,20.275,0.22,21.7,0.076,21.548000000000002,0.067,21.592,0.051,21.56,0.039
1969,10,22.402,0.115,21.714,0.095,21.533,0.066,21.596,0.05,21.561,0.039
1969,11,21.743,0.141,21.656,0.098,21.529,0.065,21.59,0.05,21.561,0.039
1969,12,21.354,0.136,21.767,0.112,21.538,0.063,21.596,0.051,21.569,0.039
1970,1,21.784,0.131,21.682,0.103,21.544,0.061,21.591,0.049,21.569,0.038
1970,2,22.448,0.111,21.594,0.114,21.568,0.059,21.579,0.049,21.571,0.038
1970,3,21.473,0.216,21.662,0.111,21.586,0.055,21.575,0.048,21.576,0.038
1970,4,21.461,0.342,21.642,0.122,21.568,0.056,21.578,0.046,21.580000000000002,0.037
1970,5,21.229,0.2,21.608,0.112,21.57,0.055,21.577,0.046,21.594,0.037
1970,6,22.371,0.32,21.634,0.107,21.602,0.053,21.572,0.047,21.6,0.037
1970,7,21.311,0.139,21.673000000000002,0.104,21.612000000000002,0.052,21.595,0.047,21.601,0.037
1970,8,21.282,0.264,21.637,0.104,21.61,0.051,21.593,0.048,21.61,0.037
1970,9,21.084,0.177,21.674,0.099,21.613,0.051,21.593,0.049,21.618,0.037
1970,10,22.169,0.163,21.646,0.091,21.619,0.049,21.576,0.049,21.618,0.037
1970,11,21.328,0.183,21.65,0.087,21.664,0.05,21.575,0.048,21.627,0.037
1970,12,21.663,0.115,21.501,0.089,21.671,0.05,21.569,0.048,21.631,0.037
1971,1,22.262,0.189,21.486,0.097,21.715,0.049,21.559,0.047,21.633,0.037
1971,2,22.005,0.238,21.554000000000002,0.083,21.747,0.05,21.554000000000002,0.047,21.634,0.036
1971,3,21.923000000000002,0.137,21.637,0.082,21.761,0.046,21.55,0.047,21.63,0.036
1971,4,21.118,0.251,21.624,0.081,21.77,0.044,21.543,0.046,21.633,0.037
1971,5,21.285,0.186,21.565,0.088,21.768,0.043,21.545,0.046,21.636,0.037
1971,6,20.577,0.142,21.533,0.085,21.779,0.043,21.538,0.045,21.636,0.037
1971,7,21.14,0.216,21.411,0.084,21.748,0.041,21.542,0.042,21.642,0.036
1971,8,22.096,0.178,21.354,0.073,21.73,0.041,21.545,0.039,21.648,0.035
1971,9,22.073,0.252,21.28,0.064,21.736,0.038,21.544,0.038,21.651,0.036
1971,10,22.018,0.112,21.282,0.062,21.732,0.038,21.545,0.038,21.647000000000002,0.035
1971,11,20.619,0.129,21.329,0.061,21.725,0.038,21.539,0.038,21.644000000000002,0.035
1971,12,21.276,0.156,21.442,0.07,21.721,0.038,21.553,0.037,21.644000000000002,0.035
1972,1,20.798000000000002,0.143,21.458000000000002,0.071,21.716,0.037,21.553,0.037,21.648,0.035
1972,2,21.324,0.163,21.478,0.06,21.709,0.037,21.565,0.037,21.649,0.034
1972,3,21.03,0.236,21.508,0.054,21.722,0.035,21.574,0.038,21.649,0.034
1972,4,21.143,0.175,21.508,0.056,21.697,0.034,21.568,0.036,21.65,0.033
1972,5,21.858,0.183,21.632,0.053,21.675,0.033,21.562,0.035,21.653,0.033
1972,6,21.927,0.246,21.797,0.05,21.674,0.034,21.559,0.034,21.642,0.033
1972,7,21.339,0.264,21.947,0.054,21.662,0.034,21.561,0.033,21.637,0.033
1972,8,22.335,0.187,21.985,0.041,21.643,0.035,21.575,0.034,21.644000000000002,0.033
1972,9,22.432,0.322,22.062,0.037,21.634,0.034,21.572,0.034,21.644000000000002,0.032
1972,10,22.015,0.308,22.176000000000002,0.042,21.632,0.033,21.566,0.034,21.643,0.032
1972,11,22.11,0.181,22.279,0.046,21.648,0.031,21.567,0.033,21.645,0.032
1972,12,23.248,0.118,22.309,0.057,21.63,0.035,21.574,0.033,21.649,0.032
1973,1,22.599,0.171,22.478,0.054,21.663,0.038,21.571,0.033,21.652,0.031
1973,2,21.778,0.185,22.494,0.043,21.671,0.042,21.574,0.034,21.66,0.031
1973,3,21.964,0.197,22.444,0.05,21.695,0.046,21.577,0.034,21.661,0.03
1973,4,22.513,0.256,22.437,0.047,21.664,0.047,21.573,0.034,21.66,0.031
1973,5,23.085,0.179,22.381,0.052,21.668,0.046,21.589,0.034,21.661,0.03
1973,6,22.294,0.193,22.239,0.053,21.661,0.046,21.585,0.034,21.663,0.03
1973,7,23.36,0.201,22.086,0.052,21.626,0.048,21.59,0.035,21.661,0.03
1973,8,22.535,0.319,21.989,0.062,21.608,0.049,21.596,0.034,21.666,0.03
1973,9,21.832,0.102,21.965,0.072,21.594,0.049,21.592,0.034,21.673000000000002,0.03
1973,10,21.929000000000002,0.255,21.844,0.097,21.591,0.047,21.589,0.033,21.675,0.03
1973,11,21.438,0.113,21.711,0.106,21.589,0.049,21.586,0.034,21.676000000000002,0.029
1973,12,21.537,0.139,21.586,0.105,21.594,0.05,21.587,0.034,21.676000000000002,0.029
1974,1,20.764,0.175,21.474,0.088,21.602,0.047,21.589,0.034,21.672,0.028
1974,2,20.619,0.191,21.422,0.086,21.587,0.045,21.589,0.033,21.674,0.028
1974,3,21.67,0.224,21.36,0.089,21.571,0.044,21.595,0.034,21.669,0.028
1974,4,21.065,0.203,21.274,0.088,21.545,0.045,21.599,0.033,21.668,0.027
1974,5,21.496,0.173,21.191,0.085,21.548000000000002,0.046,21.591,0.036,21.671,0.027
1974,6,20.786,0.174,21.168,0.098,21.565,0.046,21.602,0.037,21.67,0.027
1974,7,22.018,0.153,21.194,0.107,21.581,0.048,21.597,0.039,21.665,0.027
1974,8,21.906,0.224,21.252,0.116,21.597,0.048,21.594,0.038,21.665,0.027
1974,9,21.089,0.269,21.192,0.1,21.6,0.046,21.608,0.039,21.658,0.027
1974,10,20.896,0.16,21.213,0.097,21.602,0.047,21.603,0.039,21.663,0.027
1974,11,20.446,0.183,21.268,0.092,21.596,0.045,21.613,0.039,21.667,0.027
1974,12,21.259,0.232,21.311,0.085,21.580000000000002,0.046,21.625,0.039,21.672,0.027
1975,1,21.074,0.241,21.419,0.09,21.578,0.047,21.627,0.04,21.676000000000002,0.026
1975,2,21.32,0.17,21.407,0.099,21.582,0.05,21.622,0.039,21.674,0.026
1975,3,20.945,0.22,21.524,0.104,21.558,0.05,21.63,0.04,21.679000000000002,0.026
1975,4,21.321,0.167,21.475,0.108,21.564,0.053,21.637,0.042,21.681,0.025
1975,5,22.16,0.139,21.572,0.104,21.563,0.056,21.652,0.042,21.681,0.025
1975,6,21.303,0.298,21.571,0.1,21.546,0.056,21.649,0.044,21.677,0.025
1975,7,23.308,0.32,21.492,0.098,21.53,0.056,21.653,0.045,21.682,0.026
1975,8,21.761,0.427,21.458000000000002,0.097,21.537,0.057,21.663,0.047,21.684,0.026
1975,9,22.495,0.248,21.471,0.093,21.541,0.058,21.68,0.047,21.679000000000002,0.025
1975,10,20.314,0.115,21.442,0.096,21.527,0.06,21.679000000000002,0.047,21.675,0.025
1975,11,21.608,0.096,21.355,0.106,21.515,0.063,21.692,0.047,21.676000000000002,0.025
1975,12,21.249,0.145,21.321,0.094,21.498,0.063,21.698,0.048,21.675,0.025
1976,1,20.125,0.147,21.183,0.081,21.465,0.065,21.698,0.048,21.677,0.024
1976,2,20.912,0.212,21.134,0.115,21.446,0.065,21.695,0.048,21.68,0.024
1976,3,21.095,0.126,21.02,0.125,21.423000000000002,0.065,21.686,0.049,21.686,0.024
1976,4,20.973,0.214,21.032,0.114,21.408,0.065,21.703,0.049,21.688,0.024
1976,5,21.113,0.313,20.962,0.113,21.403,0.064,21.71,0.049,21.695,0.025
1976,6,20.895,0.242,21.053,0.116,21.395,0.066,21.717,0.049,21.696,0.025
1976,7,21.656,0.509,21.185,0.115,21.43,0.065,21.726,0.049,21.698,0.025
1976,8,21.177,0.516,21.303,0.114,21.447,0.065,21.728,0.048,21.699,0.025
1976,9,21.118,0.149,21.309,0.115,21.453,0.067,21.737000000000002,0.048,21.704,0.025
1976,10,20.46,0.208,21.336,0.099,21.465,0.066,21.734,0.048,21.706,0.024
1976,11,20.772,0.134,21.365000000000002,0.115,21.456,0.069,21.737000000000002,0.047,21.707,0.024
1976,12,22.337,0.127,21.371,0.112,21.482,0.067,21.745,0.047,21.711,0.024
1977,1,21.712,0.101,21.337,0.079,21.478,0.068,21.758,0.048,21.712,0.024
1977,2,22.330000000000002,0.205,21.452,0.068,21.479,0.068,21.763,0.049,21.714,0.025
1977,3,21.169,0.158,21.443,0.073,21.494,0.07,21.763,0.048,21.717,0.025
1977,4,21.299,0.125,21.601,0.082,21.509,0.07,21.766000000000002,0.048,21.719,0.024
1977,5,21.451,0.433,21.711,0.087,21.55,0.069,21.766000000000002,0.047,21.718,0.024
1977,6,20.97,0.174,21.701,0.089,21.577,0.07,21.752,0.049,21.722,0.024
1977,7,21.244,0.188,21.696,0.087,21.592,0.071,21.747,0.051,21.726,0.024
1977,8,22.564,0.25,21.682,0.082,21.601,0.072,21.754,0.051,21.729,0.024
1977,9,21.005,0.217,21.771,0.081,21.625,0.073,21.746,0.052,21.732,0.024
1977,10,22.361,0.193,21.798000000000002,0.083,21.641000000000002,0.074,21.739,0.052,21.73,0.024
1977,11,22.085,0.119,21.877,0.094,21.656,0.075,21.745,0.053,21.731,0.023
1977,12,22.219,0.192,21.904,0.095,21.667,0.077,21.739,0.054,21.734,0.023
1978,1,21.652,0.13,21.914,0.112,21.642,0.077,21.732,0.054,21.737000000000002,0.024
1978,2,22.169,0.146,21.814,0.105,21.656,0.083,21.748,0.054,21.736,0.024
1978,3,22.231,0.154,21.767,0.106,21.666,0.085,21.748,0.054,21.738,0.024
1978,4,21.62,0.203,21.656,0.102,21.695,0.086,21.732,0.052,21.738,0.024
1978,5,22.408,0.196,21.579,0.1,21.716,0.085,21.726,0.052,21.749,0.024
1978,6,21.284,0.147,21.484,0.099,21.735,0.085,21.721,0.053,21.752,0.023
1978,7,21.365000000000002,0.377,21.585,0.095,21.77,0.085,21.7,0.053,21.761,0.023
1978,8,21.373,0.175,21.541,0.089,21.783,0.083,21.701,0.053,21.769000000000002,0.023
1978,9,20.441,0.27,21.523,0.088,21.779,0.084,21.714,0.054,21.777,0.022
1978,10,21.021,0.13,21.536,0.088,21.814,0.083,21.717,0.053,21.787,0.022
1978,11,21.162,0.15,21.416,0.1,21.832,0.084,21.721,0.052,21.787,0.022
1978,12,21.084,0.167,21.506,0.101,21.841,0.082,21.723,0.053,21.789,0.022
1979,1,22.862000000000002,0.077,21.54,0.085,21.849,0.075,21.72,0.052,21.785,0.022
1979,2,21.639,0.146,21.586,0.083,21.869,0.07,21.728,0.052,21.787,0.021
1979,3,22.018,0.162,21.716,0.088,21.902,0.071,21.718,0.052,21.788,0.022
1979,4,21.774,0.162,21.781,0.093,21.923000000000002,0.071,21.722,0.052,21.791,0.022
1979,5,20.972,0.379,21.926000000000002,0.095,21.926000000000002,0.069,21.729,0.053,21.794,0.022
1979,6,22.363,0.243,22.076,0.094,21.924,0.069,21.736,0.052,21.793,0.022
1979,7,21.769000000000002,0.161,22.004,0.091,21.936,0.069,21.728,0.052,21.789,0.022
1979,8,21.933,0.27,22.019000000000002,0.09,21.929000000000002,0.069,21.728,0.053,21.782,0.022
1979,9,22.001,0.161,22.049,0.091,21.926000000000002,0.069,21.724,0.053,21.791,0.022
1979,10,21.799,0.166,22.094,0.103,21.93,0.069,21.731,0.053,21.79,0.023
1979,11,22.902,0.184,22.267,0.102,21.936,0.071,21.744,0.053,21.789,0.023
1979,12,22.885,0.099,22.237000000000002,0.124,21.925,0.073,21.749,0.053,21.792,0.023
1980,1,22.0,0.237,22.237000000000002,0.129,21.916,0.076,21.76,0.054,21.795,0.024
1980,2,21.809,0.23,22.291,0.148,21.925,0.078,21.77,0.055,21.79,0.024
1980,3,22.385,0.35,22.383,0.156,21.935,0.077,21.782,0.054,21.795,0.024
1980,4,22.313,0.391,22.406,0.166,21.914,0.077,21.785,0.053,21.797,0.025
1980,5,23.05,0.177,22.403,0.175,21.927,0.077,21.785,0.053,21.803,0.026
1980,6,21.992,0.341,22.36,0.178,21.932,0.076,21.781,0.053,21.799,0.026
1980,7,21.774,0.183,22.381,0.168,21.934,0.074,21.769000000000002,0.056,21.803,0.026
1980,8,22.583,0.432,22.37,0.154,21.958000000000002,0.074,21.775,0.058,21.804000000000002,0.027
1980,9,23.098,0.131,22.242,0.143,21.955000000000002,0.074,21.766000000000002,0.058,21.807,0.026
1980,10,22.076,0.148,22.306,0.125,21.938,0.072,21.774,0.058,21.807,0.027
1980,11,22.876,0.141,22.234,0.113,21.936,0.072,21.777,0.058,21.815,0.027
1980,12,22.366,0.104,22.187,0.09,21.944,0.074,21.781,0.058,21.82,0.028
1981,1,22.251,0.191,22.22,0.082,21.936,0.07,21.794,0.058,21.82,0.028
1981,2,21.679000000000002,0.137,22.201,0.066,21.957,0.07,21.806,0.057,21.822,0.028
1981,3,20.851,0.229,22.201,0.067,22.006,0.07,21.822,0.056,21.822,0.029
1981,4,23.078,0.154,22.171,0.057,22.027,0.069,21.832,0.054,21.826,0.029
1981,5,22.177,0.155,22.014,0.051,22.038,0.068,21.846,0.054,21.830000000000002,0.029
1981,6,21.433,0.14,22.0,0.051,22.051000000000002,0.067,21.855,0.052,21.841,0.028
1981,7,22.17,0.14,22.013,0.046,22.009,0.066,21.854,0.048,21.846,0.029
1981,8,22.352,0.119,22.032,0.051,22.008,0.066,21.854,0.044,21.846,0.028
1981,9,23.105,0.235,22.042,0.046,21.983,0.065,21.863,0.043,21.847,0.027
1981,10,21.708000000000002,0.154,21.915,0.051,21.978,0.064,21.868,0.044,21.852,0.027
1981,11,20.992,0.162,21.887,0.066,22.001,0.064,21.875,0.044,21.857,0.027
1981,12,22.206,0.183,21.791,0.079,21.989,0.066,21.87,0.044,21.859,0.028
1982,1,22.398,0.202,21.672,0.089,21.978,0.068,21.871,0.044,21.861,0.028
1982,2,21.915,0.135,21.734,0.101,21.978,0.067,21.862000000000002,0.043,21.864,0.028
1982,3,20.971,0.148,21.606,0.094,21.953,0.067,21.86,0.042,21.87,0.028
1982,4,21.555,0.221,21.557,0.106,21.952,0.069,21.87,0.042,21.875,0.028
1982,5,21.842,0.26,21.711,0.11,21.938,0.071,21.874,0.041,21.877,0.028
1982,6,20.277,0.253,21.739,0.101,21.92,0.073,21.886,0.041,21.877,0.027
1982,7,20.740000000000002,0.214,21.687,0.098,21.927,0.072,21.891000000000002,0.042,21.881,0.028
1982,8,23.103,0.235,21.830000000000002,0.09,21.939,0.069,21.884,0.042,21.879,0.028
1982,9,21.564,0.126,21.92,0.087,21.94,0.064,21.893,0.042,21.876,0.027
1982,10,21.119,0.183,21.839,0.075,21.929000000000002,0.06,21.894000000000002,0.042,21.872,0.028
1982,11,22.845,0.202,21.875,0.072,21.914,0.058,21.895,0.041,21.866,0.029
1982,12,22.542,0.201,21.999,0.079,21.895,0.059,21.893,0.04,21.857,0.03
1983,1,21.771,0.093,22.01,0.079,21.895,0.059,21.903,0.04,21.856,0.03
1983,2,23.635,0.127,21.971,0.076,21.894000000000002,0.057,21.899,0.041,21.854,0.029
1983,3,22.043,0.188,22.122,0.084,21.866,0.057,21.899,0.041,21.854,0.029
1983,4,20.586,0.253,22.223,0.095,21.854,0.058,21.904,0.042,21.855,0.028
1983,5,22.279,0.193,22.137,0.095,21.839,0.059,21.909,0.042,21.853,0.028
1983,6,21.765,0.246,22.078,0.108,21.828,0.057,21.92,0.041,21.85,0.028
1983,7,20.873,0.178,21.962,0.101,21.818,0.056,21.932,0.04,21.847,0.028
1983,8,22.629,0.164,21.789,0.105,21.829,0.057,21.941,0.039,21.847,0.028
1983,9,23.378,0.281,21.662,0.094,21.866,0.054,21.962,0.038,21.847,0.028
1983,10,22.327,0.3,21.738,0.078,21.851,0.054,21.985,0.038,21.844,0.028
1983,11,21.818,0.168,21.744,0.067,21.86,0.053,21.988,0.039,21.848,0.029
1983,12,21.829,0.195,21.733,0.062,21.869,0.052,21.991,0.039,21.846,0.029
1984,1,20.385,0.268,21.75,0.056,21.858,0.05,21.98,0.039,21.853,0.03
1984,2,21.554000000000002,0.133,21.691,0.051,21.839,0.048,21.985,0.039,21.858,0.03
1984,3,20.517,0.144,21.455000000000002,0.052,21.825,0.046,21.981,0.041,21.855,0.029
1984,4,21.497,0.276,21.406,0.05,21.813,0.048,21.983,0.04,21.857,0.029
1984,5,22.351,0.121,21.425,0.055,21.823,0.05,21.997,0.04,21.86,0.028
1984,6,21.634,0.215,21.425,0.056,21.815,0.049,21.985,0.042,21.864,0.028
1984,7,21.077,0.257,21.593,0.063,21.806,0.048,21.981,0.042,21.863,0.028
1984,8,21.924,0.166,21.673000000000002,0.073,21.796,0.047,21.971,0.042,21.862000000000002,0.028
1984,9,20.551000000000002,0.214,21.835,0.069,21.794,0.046,21.973,0.042,21.865000000000002,0.028
1984,10,21.733,0.209,21.848,0.073,21.811,0.044,21.977,0.044,21.871,0.028
1984,11,22.051000000000002,0.141,21.830000000000002,0.08,21.811,0.044,21.965,0.045,21.878,0.027
1984,12,21.822,0.187,21.765,0.092,21.846,0.045,21.959,0.046,21.883,0.028
1985,1,22.409,0.181,21.824,0.088,21.865000000000002,0.046,21.962,0.045,21.887,0.028
1985,2,22.51,0.199,21.875,0.095,21.843,0.044,21.958000000000002,0.044,21.887,0.029
1985,3,22.466,0.105,21.944,0.095,21.852,0.043,21.961,0.042,21.887,0.028
1985,4,21.646,0.225,21.913,0.104,21.874,0.044,21.957,0.041,21.886,0.027
1985,5,22.131,0.19,21.906,0.11,21.864,0.045,21.955000000000002,0.041,21.884,0.027
1985,6,20.865000000000002,0.26,21.896,0.091,21.854,0.046,21.949,0.039,21.887,0.027
1985,7,21.781,0.198,21.837,0.091,21.873,0.046,21.954,0.038,21.882,0.027
1985,8,22.538,0.146,21.821,0.086,21.839,0.048,21.946,0.036,21.886,0.028
1985,9,21.371,0.258,21.87,0.084,21.843,0.046,21.934,0.037,21.888,0.028
1985,10,21.362000000000002,0.353,21.913,0.074,21.87,0.044,21.935,0.037,21.894000000000002,0.028
1985,11,21.972,0.183,21.963,0.065,21.883,0.043,21.939,0.037,21.897000000000002,0.028
1985,12,21.698,0.197,22.056,0.062,21.896,0.042,21.943,0.037,21.898,0.029
1986,1,21.705000000000002,0.224,22.036,0.077,21.927,0.041,21.942,0.037,21.905,0.029
1986,2,22.318,0.154,21.924,0.086,21.925,0.04,21.948,0.037,21.909,0.029
1986,3,23.048000000000002,0.125,21.997,0.084,21.918,0.039,21.957,0.036,21.912,0.029
1986,4,22.169,0.131,21.967,0.088,21.942,0.038,21.948,0.036,21.914,0.028
1986,5,22.732,0.192,21.937,0.092,21.937,0.04,21.95,0.036,21.919,0.028
1986,6,21.974,0.265,21.936,0.083,21.932,0.039,21.965,0.036,21.93,0.027
1986,7,21.539,0.198,21.95,0.086,21.95,0.038,21.966,0.035,21.934,0.026
1986,8,21.198,0.225,21.866,0.081,21.962,0.037,21.964,0.034,21.94,0.025
1986,9,22.245,0.204,21.683,0.078,21.979,0.037,21.958000000000002,0.033,21.945,0.024
1986,10,21.008,0.203,21.715,0.073,21.987000000000002,0.036,21.97,0.033,21.953,0.025
1986,11,21.611,0.114,21.643,0.071,21.994,0.036,21.977,0.033,21.957,0.025
1986,12,21.684,0.198,21.679000000000002,0.067,21.981,0.038,21.972,0.034,21.955000000000002,0.026
1987,1,21.875,0.136,21.704,0.066,21.985,0.036,21.964,0.034,21.953,0.026
1987,2,21.306,0.132,21.754,0.055,21.965,0.036,21.965,0.034,21.954,0.026
1987,3,20.859,0.142,21.740000000000002,0.047,21.993,0.035,21.978,0.033,21.954,0.025
1987,4,22.547,0.126,21.861,0.054,22.002,0.036,21.984,0.033,21.956,0.025
1987,5,21.87,0.197,21.915,0.064,21.993,0.037,21.988,0.032,21.958000000000002,0.025
1987,6,22.405,0.144,21.937,0.071,21.997,0.036,22.001,0.032,21.961,0.024
1987,7,21.842,0.262,22.02,0.08,21.997,0.037,22.014,0.032,21.961,0.024
1987,8,21.797,0.175,22.046,0.096,21.978,0.04,22.005,0.031,21.957,0.024
1987,9,22.074,0.213,22.165,0.088,21.981,0.04,22.005,0.031,21.965,0.024
1987,10,22.462,0.14,22.136,0.082,21.984,0.042,22.005,0.031,21.965,0.024
1987,11,22.26,0.187,22.235,0.088,21.996,0.044,21.987000000000002,0.032,21.967,0.024
1987,12,21.954,0.152,22.246,0.082,22.003,0.046,21.976,0.032,21.969,0.024
1988,1,22.861,0.179,22.323,0.07,22.012,0.047,21.979,0.033,21.973,0.024
1988,2,21.619,0.182,22.383,0.076,21.997,0.048,21.961,0.033,21.976,0.024
1988,3,22.294,0.237,22.453,0.066,22.002,0.048,21.959,0.031,21.978,0.024
1988,4,22.195,0.136,22.562,0.074,22.017,0.05,21.977,0.03,21.981,0.024
1988,5,23.056,0.162,22.501,0.07,22.038,0.052,21.98,0.029,21.984,0.024
1988,6,22.544,0.209,22.465,0.072,22.058,0.051,21.979,0.029,21.989,0.024
1988,7,22.765,0.166,22.35,0.067,22.066,0.05,21.994,0.029,21.992,0.023
1988,8,22.51,0.266,22.405,0.061,22.068,0.05,21.992,0.029,22.0,0.023
1988,9,22.918,0.158,22.34,0.078,22.049,0.05,21.979,0.03,22.011,0.022
1988,10,23.774,0.252,22.321,0.092,22.046,0.051,21.97,0.03,22.017,0.022
1988,11,21.524,0.153,22.297,0.088,22.04,0.052,21.975,0.03,22.02,0.022
1988,12,21.516000000000002,0.166,22.158,0.096,22.062,0.053,21.969,0.03,22.023,0.022
1989,1,21.487000000000002,0.207,22.037,0.09,22.073,0.051,21.987000000000002,0.029,22.023,0.022
1989,2,22.276,0.137,21.889,0.081,22.089,0.049,21.988,0.028,22.024,0.022
1989,3,21.52,0.202,21.834,0.083,22.091,0.047,21.991,0.026,22.024,0.022
1989,4,21.968,0.2,21.707,0.08,22.126,0.047,21.992,0.025,22.02,0.022
1989,5,22.76,0.213,21.703,0.082,22.131,0.048,21.991,0.025,22.029,0.023
1989,6,20.879,0.181,21.751,0.073,22.13,0.048,21.991,0.026,22.027,0.023
1989,7,21.311,0.149,21.828,0.074,22.121,0.049,21.999,0.025,22.03,0.023
1989,8,20.729,0.11,21.75,0.074,22.134,0.049,21.995,0.024,22.033,0.023
1989,9,22.259,0.12,21.848,0.067,22.161,0.048,22.006,0.023,22.037,0.023
1989,10,22.249,0.244,21.833000000000002,0.072,22.158,0.044,22.011,0.023,22.04,0.024
1989,11,21.482,0.204,21.844,0.08,22.164,0.045,22.011,0.023,22.029,0.024
1989,12,22.089,0.179,21.875,0.076,22.156,0.043,22.018,0.023,22.02,0.024
1990,1,22.414,0.142,21.961,0.074,22.164,0.041,22.014,0.023,22.016000000000002,0.023
1990,2,21.343,0.101,22.034,0.074,22.166,0.042,22.004,0.024,22.015,0.023
1990,3,22.688,0.141,21.989,0.075,22.158,0.04,21.991,0.023,22.011,0.023
1990,4,21.796,0.18,21.988,0.068,22.136,0.039,21.986,0.023,22.008,0.022
1990,5,22.888,0.16,22.136,0.064,22.11,0.038,21.983,0.024,21.999,0.022
1990,6,21.256,0.188,22.2,0.064,22.097,0.039,21.992,0.025,21.995,0.023
1990,7,22.338,0.191,22.182,0.062,22.086,0.038,21.995,0.025,21.997,0.022
1990,8,21.604,0.29,22.271,0.07,22.083000000000002,0.036,21.997,0.024,21.994,0.022
1990,9,21.719,0.45,22.206,0.064,22.074,0.036,22.011,0.025,21.995,0.023
1990,10,22.241,0.094,22.225,0.059,22.084,0.035,22.014,0.026,21.993,0.022
1990,11,23.25,0.266,22.183,0.053,22.078,0.035,22.016000000000002,0.027,21.989,0.023
1990,12,22.865000000000002,0.197,22.35,0.05,22.062,0.035,22.014,0.027,21.986,0.023
1991,1,22.189,0.129,22.34,0.046,22.061,0.033,22.015,0.026,21.989,0.023
1991,2,22.418,0.122,22.385,0.04,22.059,0.033,22.012,0.025,21.990000000000002,0.023
1991,3,21.91,0.157,22.437,0.052,22.041,0.033,22.001,0.025,21.990000000000002,0.023
1991,4,22.022000000000002,0.145,22.513,0.059,21.999,0.031,21.995,0.025,21.984,0.023
1991,5,22.387,0.219,22.4,0.063,22.012,0.032,21.992,0.025,21.982,0.023
1991,6,23.258,0.169,22.295,0.069,22.006,0.031,22.005,0.024,21.985,0.023
1991,7,22.217,0.125,22.228,0.07,22.024,0.032,22.015,0.024,21.985,0.022
1991,8,22.147,0.298,22.196,0.073,22.014,0.031,22.025,0.022,21.983,0.023
1991,9,22.344,0.192,22.246,0.071,22.004,0.028,22.027,0.022,21.982,0.023
1991,10,23.144000000000002,0.205,22.272,0.076,21.997,0.025,22.038,0.022,21.978,0.023
1991,11,21.903,0.166,22.263,0.064,21.989,0.026,22.04,0.022,21.979,0.023
1991,12,21.597,0.156,22.148,0.063,22.001,0.025,22.041,0.022,21.975,0.023
1992,1,21.39,0.161,22.157,0.065,22.012,0.025,22.036,0.022,21.972,0.024
1992,2,22.03,0.111,22.141000000000002,0.058,22.025,0.024,22.046,0.022,21.968,0.024
1992,3,22.518,0.19,22.079,0.058,22.019000000000002,0.024,22.047,0.021,21.971,0.024
1992,4,22.332,0.218,21.912,0.044,22.02,0.022,22.041,0.022,21.979,0.023
1992,5,22.273,0.118,21.808,0.044,22.029,0.022,22.042,0.022,21.985,0.022
1992,6,21.877,0.237,21.775,0.033,22.038,0.02,22.036,0.022,21.992,0.023
1992,7,22.328,0.124,21.844,0.039,22.031,0.021,22.031,0.023,21.998,0.023
1992,8,21.955000000000002,0.164,21.791,0.038,22.03,0.021,22.031,0.023,21.994,0.023
1992,9,21.598,0.211,21.73,0.043,22.002,0.021,22.038,0.023,21.999,0.023
1992,10,21.14,0.166,21.77,0.037,21.989,0.021,22.036,0.023,22.005,0.023
1992,11,20.654,0.262,21.801000000000002,0.035,21.97,0.023,22.039,0.022,22.006,0.023
1992,12,21.208000000000002,0.321,21.779,0.037,21.981,0.022,22.045,0.022,22.007,0.023
1993,1,22.211,0.216,21.81,0.04,21.978,0.021,22.042,0.022,22.009,0.023
1993,2,21.402,0.203,21.847,0.048,21.998,0.023,22.054000000000002,0.023,22.004,0.023
1993,3,21.783,0.143,21.867,0.059,22.019000000000002,0.023,22.058,0.023,22.001,0.023
1993,4,22.813,0.165,21.875,0.063,22.011,0.024,22.057,0.023,22.008,0.022
1993,5,22.648,0.112,22.015,0.066,21.994,0.024,22.06,0.023,22.011,0.022
1993,6,21.611,0.2,22.009,0.07,21.97,0.024,22.057,0.023,22.014,0.022
1993,7,22.693,0.125,22.039,0.075,21.964,0.023,22.053,0.022,22.021,0.022
1993,8,22.407,0.163,22.06,0.069,21.957,0.023,22.059,0.021,22.02,0.022
1993,9,21.839,0.223,21.990000000000002,0.067,21.953,0.023,22.06,0.02,22.018,0.023
1993,10,21.236,0.205,21.885,0.066,21.944,0.024,22.049,0.02,22.013,0.022
1993,11,22.327,0.232,21.855,0.065,21.943,0.023,22.053,0.02,22.016000000000002,0.022
1993,12,21.138,0.142,21.855,0.063,21.949,0.025,22.055,0.02,22.02,0.022
1994,1,22.566,0.232,21.794,0.066,21.956,0.025,22.067,0.021,22.027,0.022
1994,2,21.66,0.242,21.719,0.062,21.962,0.025,22.062,0.022,22.031,0.022
1994,3,20.945,0.281,21.723,0.063,21.963,0.025,22.067,0.022,22.036,0.022
1994,4,21.546,0.248,21.811,0.064,21.95,0.025,22.058,0.023,22.04,0.022
1994,5,22.289,0.251,21.789,0.07,21.948,0.025,22.06,0.025,22.039,0.022
1994,6,21.613,0.181,21.911,0.071,21.952,0.025,22.069,0.025,22.041,0.022
1994,7,21.955000000000002,0.113,21.861,0.083,21.951,0.027,22.078,0.025,22.045,0.023
1994,8,21.515,0.119,21.834,0.083,21.958000000000002,0.027,22.094,0.025,22.044,0.023
1994,9,21.889,0.123,21.835,0.07,21.933,0.029,22.101,0.026,22.049,0.023
1994,10,22.29,0.184,21.794,0.064,21.924,0.028,22.102,0.027,22.055,0.024
1994,11,22.061,0.116,21.746,0.06,21.921,0.029,22.093,0.027,22.055,0.024
1994,12,22.607,0.104,21.775,0.053,21.916,0.029,22.082,0.026,22.057,0.024
1995,1,21.959,0.121,21.789,0.045,21.898,0.03,22.069,0.026,22.056,0.024
1995,2,21.341,0.137,21.898,0.051,21.895,0.03,22.072,0.027,22.056,0.023
1995,3,20.954,0.194,21.987000000000002,0.046,21.917,0.029,22.062,0.028,22.056,0.023
1995,4,21.051000000000002,0.204,21.945,0.045,21.936,0.03,22.06,0.029,22.066,0.024
1995,5,21.715,0.252,21.957,0.037,21.968,0.03,22.043,0.029,22.07,0.024
1995,6,21.964,0.139,21.859,0.034,21.992,0.033,22.04,0.03,22.077,0.024
1995,7,22.123,0.153,21.848,0.033,21.998,0.035,22.041,0.029,22.081,0.024
1995,8,22.826,0.116,21.902,0.032,22.025,0.034,22.043,0.031,22.080000000000002,0.025
1995,9,22.956,0.19,21.963,0.04,22.041,0.034,22.056,0.031,22.086,0.025
1995,10,21.783,0.22,22.002,0.045,22.03,0.033,22.05,0.032,22.093,0.024
1995,11,22.202,0.198,22.05,0.05,22.041,0.034,22.04,0.032,22.095,0.025
1995,12,21.44,0.154,22.189,0.057,22.052,0.033,22.03,0.033,22.099,0.025
1996,1,21.826,0.204,22.231,0.061,22.045,0.033,22.035,0.035,22.104,0.024
1996,2,21.98,0.154,22.204,0.069,22.059,0.033,22.031,0.036,22.103,0.024
1996,3,21.694,0.131,22.159,0.065,22.078,0.032,22.022000000000002,0.037,22.099,0.024
1996,4,21.512,0.139,22.207,0.061,22.1,0.033,22.02,0.037,22.095,0.024
1996,5,22.29,0.137,22.173000000000002,0.061,22.093,0.034,22.013,0.037,22.088,0.025
1996,6,23.633,0.184,22.206,0.065,22.105,0.035,22.005,0.038,22.083000000000002,0.025
1996,7,22.63,0.165,22.161,0.069,22.11,0.038,22.005,0.038,22.084,0.025
1996,8,22.498,0.098,22.205000000000002,0.071,22.11,0.04,22.003,0.039,22.091,0.025
1996,9,22.421,0.148,22.149,0.07,22.13,0.039,22.006,0.039,22.094,0.025
1996,10,22.359,0.176,22.172,0.07,22.119,0.038,21.986,0.038,22.103,0.025
1996,11,21.794,0.179,22.151,0.077,22.13,0.037,21.981,0.039,22.109,0.025
1996,12,21.835,0.219,21.984,0.078,22.137,0.037,21.977,0.039,22.11,0.025
1997,1,21.29,0.121,21.867,0.072,22.145,0.037,21.98,0.04,22.11,0.026
1997,2,22.505,0.157,21.806,0.072,22.163,0.038,21.971,0.041,22.119,0.026
1997,3,21.018,0.165,21.849,0.067,22.182,0.038,21.965,0.041,22.124,0.026
1997,4,21.797,0.156,21.842,0.061,22.184,0.041,21.973,0.039,22.123,0.026
1997,5,22.037,0.181,21.906,0.055,22.156,0.041,21.981,0.039,22.131,0.026
1997,6,21.621,0.206,21.974,0.055,22.126,0.042,21.983,0.037,22.122,0.026
1997,7,21.233,0.246,22.083000000000002,0.056,22.108,0.042,21.982,0.036,22.123,0.027
1997,8,21.763,0.127,22.124,0.058,22.114,0.044,21.983,0.036,22.127,0.026
1997,9,22.932000000000002,0.113,22.267,0.057,22.122,0.044,21.993,0.036,22.13,0.027
1997,10,22.282,0.113,22.299,0.053,22.131,0.044,22.005,0.036,22.132,0.027
1997,11,22.555,0.193,22.405,0.051,22.116,0.044,22.025,0.037,22.133,0.028
1997,12,22.662,0.096,22.46,0.048,22.099,0.045,22.037,0.039,22.133,0.029
1998,1,22.592,0.157,22.543,0.042,22.104,0.045,22.039,0.04,22.133,0.029
1998,2,23.003,0.108,22.669,0.045,22.087,0.045,22.048000000000002,0.039,22.131,0.029
1998,3,22.731,0.098,22.674,0.046,22.093,0.045,22.043,0.038,22.13,0.029
1998,4,22.179000000000002,0.119,22.694,0.051,22.089,0.045,22.04,0.038,22.126,0.029
1998,5,23.312,0.151,22.641000000000002,0.058,22.085,0.048,22.042,0.037,22.123,0.03
1998,6,22.273,0.16,22.572,0.065,22.09,0.051,22.049,0.037,22.123,0.03
1998,7,22.231,0.169,22.596,0.074,22.106,0.055,22.048000000000002,0.038,22.121,0.03
1998,8,23.277,0.117,22.486,0.083,22.106,0.056,22.047,0.037,22.115000000000002,0.03
1998,9,22.994,0.096,22.438,0.089,22.092,0.058,22.056,0.038,22.115000000000002,0.031
1998,10,22.523,0.21,22.327,0.089,22.096,0.057,22.057,0.038,22.113,0.031
1998,11,21.91,0.069,22.297,0.091,22.083000000000002,0.058,22.057,0.038,22.115000000000002,0.031
1998,12,21.837,0.173,22.28,0.093,22.062,0.058,22.071,0.039,22.116,0.032
1999,1,22.878,0.21,22.293,0.087,22.054000000000002,0.058,22.068,0.039,22.119,0.032
1999,2,21.691,0.159,22.239,0.086,22.044,0.057,22.074,0.04,22.119,0.033
1999,3,22.15,0.152,22.241,0.086,22.048000000000002,0.057,22.081,0.039,22.121,0.033
1999,4,20.843,0.189,22.232,0.089,22.022000000000002,0.059,22.089,0.039,22.122,0.034
1999,5,22.962,0.136,22.104,0.095,22.014,0.059,22.086,0.039,22.118000000000002,0.034
1999,6,22.065,0.101,22.019000000000002,0.091,22.002,0.059,22.091,0.039,22.124,0.035
1999,7,22.388,0.078,21.854,0.079,22.009,0.06,22.092,0.039,22.129,0.035
1999,8,22.632,0.118,21.853,0.08,21.983,0.063,22.093,0.04,22.143,0.036
1999,9,23.014,0.119,21.792,0.076,21.997,0.062,22.091,0.041,22.146,0.036
1999,10,22.412,0.271,21.853,0.081,22.022000000000002,0.061,22.099,0.042,22.145,0.037
1999,11,20.382,0.141,21.676000000000002,0.083,22.042,0.059,22.1,0.043,22.154,0.037
1999,12,20.817,0.132,21.582,0.087,22.049,0.056,22.096,0.044,22.156,0.037
2000,1,20.89,0.145,21.585,0.085,22.065,0.054,22.098,0.044,22.155,0.037
2000,2,21.682,0.156,21.519000000000002,0.088,22.071,0.055,22.107,0.044,22.16,0.037
2000,3,21.414,0.105,21.544,0.088,22.068,0.056,22.12,0.044,22.157,0.037
2000,4,21.581,0.214,21.47,0.081,22.073,0.054,22.145,0.044,22.162,0.038
2000,5,20.837,0.149,21.604,0.083,22.083000000000002,0.055,22.157,0.043,22.16,0.038
2000,6,20.936,0.125,21.679000000000002,0.086,22.083000000000002,0.057,22.162,0.045,22.163,0.039
2000,7,22.417,0.095,21.837,0.096,22.079,0.057,22.168,0.045,22.164,0.038
2000,8,21.84,0.153,21.86,0.091,22.071,0.057,22.162,0.045,22.165,0.039
2000,9,23.32,0.149,21.812,0.092,22.046,0.057,22.162,0.047,22.166,0.039
2000,10,21.521,0.137,21.827,0.08,22.049,0.055,22.171,0.048,22.162,0.039
2000,11,21.988,0.199,21.887,0.074,22.042,0.055,22.174,0.049,22.154,0.039
2000,12,21.715,0.159,22.004,0.079,22.045,0.056,22.185,0.051,22.148,0.039
2001,1,22.788,0.189,21.981,0.084,22.051000000000002,0.056,22.193,0.051,22.149,0.04
2001,2,21.956,0.166,21.987000000000002,0.082,22.035,0.054,22.194,0.052,22.146,0.04
2001,3,20.845,0.124,21.933,0.083,22.033,0.055,22.198,0.053,22.141000000000002,0.041
2001,4,21.757,0.196,21.87,0.085,22.013,0.055,22.195,0.053,22.137,0.041
2001,5,21.553,0.087,21.814,0.077,22.022000000000002,0.055,22.185,0.053,22.131,0.042
2001,6,22.34,0.211,21.768,0.068,22.036,0.055,22.161,0.053,22.122,0.043
2001,7,22.142,0.147,21.676000000000002,0.063,22.026,0.054,22.154,0.054,22.122,0.043
2001,8,21.923000000000002,0.165,21.592,0.068,22.038,0.054,22.156,0.053,22.125,0.043
2001,9,22.663,0.217,21.676000000000002,0.065,22.032,0.053,22.161,0.054,22.123,0.043
2001,10,20.769000000000002,0.142,21.804000000000002,0.066,22.059,0.053,22.167,0.055,22.119,0.043
2001,11,21.313,0.147,21.946,0.063,22.042,0.053,22.179000000000002,0.055,22.12,0.044
2001,12,21.165,0.15,21.92,0.063,22.045,0.054,22.18,0.055,22.119,0.044
2002,1,21.687,0.217,21.924,0.073,22.04,0.055,22.185,0.056,22.12,0.044
2002,2,20.945,0.196,21.939,0.059,22.024,0.056,22.191,0.056,22.118000000000002,0.045
2002,3,21.859,0.101,21.948,0.057,22.0,0.058,22.2,0.057,22.11,0.045
2002,4,23.293,0.106,22.1,0.05,22.015,0.059,22.206,0.057,22.107,0.045
2002,5,23.259,0.101,22.253,0.05,22.044,0.061,22.219,0.057,22.104,0.046
2002,6,22.027,0.121,22.375,0.051,22.066,0.062,22.209,0.057,22.101,0.046
2002,7,22.191,0.208,22.433,0.051,22.088,0.06,22.216,0.056,22.097,0.046
2002,8,22.092,0.157,22.565,0.048,22.1,0.059,22.223,0.057,22.098,0.046
2002,9,22.782,0.178,22.509,0.052,22.119,0.06,22.223,0.057,22.103,0.047
2002,10,22.592,0.179,22.435,0.054,22.159,0.059,22.228,0.058,22.109,0.047
2002,11,23.144000000000002,0.122,22.404,0.061,22.198,0.059,22.227,0.059,22.119,0.047
2002,12,22.634,0.173,22.437,0.063,22.225,0.06,22.221,0.06,22.126,0.048
2003,1,22.381,0.134,22.47,0.068,22.232,0.06,22.223,0.06,22.131,0.048
2003,2,22.526,0.13,22.490000000000002,0.078,22.237000000000002,0.059,22.208000000000002,0.059,22.135,0.048
2003,3,21.191,0.157,22.498,0.071,22.23,0.061,22.203,0.06,22.137,0.049
2003,4,22.405,0.131,22.394000000000002,0.085,22.253,0.064,22.195,0.06,22.137,0.05
2003,5,22.882,0.163,22.333000000000002,0.086,22.263,0.066,22.186,0.06,22.138,0.05
2003,6,22.425,0.154,22.341,0.089,22.28,0.066,22.189,0.061,22.141000000000002,0.051
2003,7,22.585,0.203,22.331,0.091,22.279,0.065,22.189,0.06,22.143,0.051
2003,8,22.338,0.177,22.319,0.091,22.282,0.067,22.17,0.06,22.147,0.052
2003,9,22.87,0.206,22.37,0.085,22.304000000000002,0.067,22.171,0.061,22.157,0.052
2003,10,21.351,0.18,22.374,0.09,22.294,0.07,22.177,0.061,22.164,0.053
2003,11,22.409,0.131,22.297,0.091,22.286,0.07,22.176000000000002,0.061,22.165,0.053
2003,12,22.727,0.182,22.284,0.093,22.26,0.071,22.176000000000002,0.061,22.17,0.053
2004,1,22.26,0.161,22.241,0.09,22.254,0.072,22.171,0.061,22.17,0.053
2004,2,22.382,0.182,22.183,0.086,22.269000000000002,0.07,22.175,0.061,22.17,0.054
2004,3,21.801000000000002,0.16,22.076,0.088,22.274,0.07,22.174,0.061,22.176000000000002,0.054
2004,4,22.453,0.122,22.240000000000002,0.096,22.313,0.07,22.186,0.061,22.181,0.055
2004,5,21.962,0.163,22.215,0.099,22.345,0.07,22.177,0.061,22.186,0.054
2004,6,22.271,0.18,22.167,0.101,22.358,0.07,22.179000000000002,0.062,22.187,0.055
2004,7,22.071,0.17,22.163,0.092,22.36,0.069,22.18,0.062,22.188,0.055
2004,8,21.64,0.119,22.166,0.087,22.4,0.068,22.192,0.063,22.189,0.055
2004,9,21.585,0.219,22.228,0.086,22.403,0.07,22.191,0.063,22.194,0.056
2004,10,23.323,0.242,22.356,0.088,22.389,0.071,22.189,0.063,22.199,0.056
2004,11,22.1,0.149,22.457,0.095,22.396,0.072,22.215,0.063,22.204,0.056
2004,12,22.156,0.173,22.481,0.097,22.368000000000002,0.073,22.229,0.063,22.204,0.056
2005,1,22.212,0.2,22.541,0.088,22.366,0.072,22.241,0.062,22.203,0.057
2005,2,22.417,0.164,22.586,0.088,22.376,0.072,22.248,0.062,22.211,0.057
2005,3,22.542,0.107,22.696,0.087,22.378,0.071,22.252,0.063,22.217,0.057
2005,4,23.999,0.215,22.662,0.085,22.383,0.075,22.264,0.062,22.217,0.057
2005,5,23.172,0.143,22.7,0.09,22.371,0.076,22.277,0.063,22.218,0.058
2005,6,22.552,0.25,22.748,0.095,22.359,0.076,22.286,0.063,22.221,0.058
2005,7,22.798000000000002,0.142,22.792,0.099,22.367,0.075,22.288,0.063,22.221,0.058
2005,8,22.182,0.15,22.771,0.101,22.345,0.074,22.288,0.063,22.219,0.058
2005,9,22.905,0.196,22.735,0.101,22.36,0.075,22.276,0.064,22.215,0.059
2005,10,22.906,0.229,22.499,0.103,22.342,0.076,22.275,0.065,22.225,0.059
2005,11,22.561,0.202,22.325,0.099,22.330000000000002,0.077,22.269000000000002,0.064,22.231,0.059
2005,12,22.734,0.192,22.177,0.098,22.334,0.077,22.265,0.063,22.236,0.06
2006,1,22.732,0.172,22.094,0.097,22.327,0.074,22.263,0.063,22.237000000000002,0.06
2006,2,22.169,0.223,22.145,0.091,22.306,0.073,22.26,0.063,22.241,0.06
2006,3,22.108,0.099,22.152,0.096,22.309,0.073,22.26,0.065,22.247,0.061
2006,4,21.164,0.171,22.167,0.092,22.341,0.073,22.255,0.066,22.255,0.061
2006,5,21.083000000000002,0.231,22.224,0.088,22.331,0.073,22.248,0.067,22.261,0.062
2006,6,20.781,0.176,22.157,0.083,22.316,0.072,22.239,0.067,22.258,0.062
2006,7,21.798000000000002,0.165,22.082,0.084,22.316,0.071,22.240000000000002,0.068,22.258,0.062
2006,8,22.803,0.149,22.179000000000002,0.073,22.313,0.071,22.247,0.068,22.257,0.063
2006,9,22.98,0.214,22.173000000000002,0.078,22.317,0.071,22.241,0.067,22.254,0.063
2006,10,23.096,0.17,22.281,0.079,22.314,0.071,22.253,0.067,22.25,0.063
2006,11,23.243000000000002,0.145,22.495,0.077,22.312,0.072,22.259,0.067,22.252,0.063
2006,12,21.932,0.139,22.462,0.078,22.312,0.073,22.261,0.067,22.254,0.063
2007,1,21.822,0.136,22.483,0.076,22.319,0.072,22.26,0.067,22.259,0.064
2007,2,23.334,0.172,22.473,0.082,22.361,0.073,22.265,0.066,22.257,0.064
2007,3,22.045,0.19,22.466,0.076,22.382,0.072,22.254,0.068,22.265,0.064
2007,4,22.459,0.216,22.453,0.078,22.362000000000002,0.07,22.241,0.069,22.265,0.065
2007,5,23.652,0.144,22.383,0.078,22.386,0.068,22.227,0.07,22.267,0.065
2007,6,20.376,0.145,22.379,0.079,22.392,0.067,22.219,0.071,22.269000000000002,0.065
2007,7,22.061,0.168,22.47,0.074,22.394000000000002,0.067,22.213,0.071,22.277,0.065
2007,8,22.681,0.155,22.293,0.074,22.396,0.067,22.213,0.072,22.282,0.065
2007,9,22.893,0.107,22.297,0.077,22.385,0.068,22.213,0.072,22.282,0.065
2007,10,22.942,0.219,22.198,0.076,22.368000000000002,0.068,22.213,0.073,22.285,0.065
2007,11,22.403,0.226,22.078,0.076,22.355,0.068,22.212,0.073,22.284,0.065
2007,12,21.884,0.177,22.268,0.078,22.347,0.068,22.214,0.073,22.284,0.066
2008,1,22.91,0.207,22.275,0.076,22.344,0.069,22.222,0.072,22.286,0.065
2008,2,21.209,0.088,22.142,0.079,22.339,0.071,22.221,0.073,22.283,0.065
2008,3,22.089,0.191,22.154,0.084,22.322,0.071,22.231,0.073,22.282,0.065
2008,4,21.276,0.18,22.183,0.078,22.296,0.069,22.233,0.074,22.289,0.065
2008,5,22.211,0.165,22.134,0.072,22.274,0.066,22.234,0.074,22.284,0.066
2008,6,22.657,0.096,22.13,0.066,22.251,0.065,22.233,0.075,22.283,0.066
2008,7,22.144000000000002,0.154,22.075,0.068,22.247,0.064,22.238,0.075,22.285,0.066
2008,8,21.089,0.158,22.158,0.075,22.238,0.063,22.246,0.075,22.279,0.066
2008,9,23.039,0.179,22.152,0.071,22.215,0.064,22.258,0.076,22.276,0.066
2008,10,23.283,0.119,22.233,0.073,22.216,0.063,22.272,0.076,22.279,0.066
2008,11,21.814,0.152,22.205000000000002,0.07,22.211,0.065,22.272,0.075,22.281,0.066
2008,12,21.841,0.183,22.172,0.076,22.217,0.065,22.269000000000002,0.074,22.288,0.065
2009,1,22.25,0.147,22.201,0.08,22.226,0.066,22.272,0.074,22.294,0.065
2009,2,22.207,0.11,22.455000000000002,0.093,22.225,0.068,22.266000000000002,0.075,22.299,0.065
2009,3,22.017,0.112,22.442,0.095,22.208000000000002,0.067,22.271,0.075,22.303,0.065
2009,4,22.251,0.188,22.345,0.091,22.193,0.066,22.272,0.075,22.311,0.065
2009,5,21.863,0.217,22.487000000000002,0.09,22.173000000000002,0.066,22.285,0.076,22.309,0.065
2009,6,22.266000000000002,0.257,22.544,0.089,22.163,0.065,22.283,0.076,22.308,0.065
2009,7,22.497,0.168,22.552,0.086,22.161,0.065,22.283,0.075,22.311,0.065
2009,8,24.138,0.238,22.581,0.085,22.129,0.065,22.285,0.075,22.308,0.065
2009,9,22.884,0.188,22.569,0.082,22.106,0.067,22.297,0.075,22.307,0.065
2009,10,22.113,0.146,22.63,0.083,22.094,0.067,22.298000000000002,0.074,22.312,0.065
2009,11,23.523,0.115,22.675,0.079,22.058,0.069,22.309,0.074,22.321,0.065
2009,12,22.52,0.114,22.655,0.078,22.07,0.07,22.312,0.073,22.336,0.065
2010,1,22.35,0.146,22.668,0.081,22.06,0.071,22.308,0.073,22.345,0.065
2010,2,22.556,0.174,22.478,0.074,22.051000000000002,0.073,22.316,0.074,22.349,0.065
2010,3,21.869,0.155,22.393,0.067,22.049,0.075,22.313,0.074,22.351,0.065
2010,4,22.979,0.14,22.333000000000002,0.068,22.043,0.072,22.289,0.075,22.357,0.065
2010,5,22.41,0.177,22.144000000000002,0.066,22.053,0.071,22.278,0.075,22.359,0.065
2010,6,22.018,0.191,22.042,0.066,22.069,0.07,22.281,0.076,22.366,0.065
2010,7,22.66,0.211,22.058,0.067,22.077,0.07,22.275,0.076,22.367,0.066
2010,8,21.854,0.172,21.978,0.068,22.097,0.072,22.276,0.076,22.372,0.066
2010,9,21.867,0.222,21.886,0.073,22.101,0.073,22.268,0.076,22.375,0.067
2010,10,21.392,0.125,21.735,0.073,22.125,0.073,22.28,0.075,22.379,0.067
2010,11,21.25,0.132,21.603,0.079,22.137,0.073,22.287,0.074,22.387,0.066
2010,12,21.301000000000002,0.193,21.53,0.087,22.132,0.075,22.286,0.073,22.387,0.066
2011,1,22.544,0.231,21.502,0.089,22.149,0.077,22.282,0.073,,
2011,2,21.593,0.138,21.578,0.094,22.187,0.079,22.287,0.073,,
2011,3,20.768,0.187,21.583000000000002,0.087,22.207,0.08,22.296,0.073,,
2011,4,21.17,0.161,21.653,0.081,22.204,0.079,22.315,0.073,,
2011,5,20.816,0.205,21.718,0.094,22.213,0.079,22.338,0.074,,
2011,6,21.148,0.176,21.722,0.094,22.221,0.078,22.356,0.074,,
2011,7,22.32,0.24,21.649,0.096,22.227,0.079,22.363,0.075,,
2011,8,22.764,0.199,21.637,0.092,22.219,0.08,22.358,0.076,,
2011,9,21.933,0.197,21.624,0.089,22.224,0.081,22.348,0.075,,
2011,10,22.224,0.134,21.672,0.094,22.231,0.081,22.334,0.074,,
2011,11,22.034,0.22,21.729,0.091,22.258,0.081,22.325,0.074,,
2011,12,21.35,0.154,21.727,0.091,22.255,0.081,22.328,0.074,,
2012,1,21.666,0.157,21.654,0.091,22.247,0.082,22.333000000000002,0.074,,
2012,2,21.445,0.198,21.601,0.098,22.21,0.081,22.322,0.074,,
2012,3,20.617,0.194,21.673000000000002,0.099,22.211,0.082,22.330000000000002,0.075,,
2012,4,21.751,0.163,21.7,0.102,22.234,0.083,22.324,0.075,,
2012,5,21.499,0.2,21.781,0.1,22.232,0.084,22.315,0.076,,
2012,6,21.121,0.131,21.909,0.105,22.232,0.085,22.329,0.076,,
2012,7,21.449,0.164,22.052,0.103,22.223,0.086,22.339,0.076,,
2012,8,22.124,0.225,22.132,0.103,22.235,0.086,22.34,0.077,,
2012,9,22.801000000000002,0.163,22.274,0.104,22.241,0.087,22.34,0.077,,
2012,10,22.546,0.158,22.353,0.099,22.209,0.088,22.342,0.076,,
2012,11,23.008,0.163,22.474,0.098,22.2,0.089,22.342,0.075,,
2012,12,22.876,0.216,22.577,0.108,22.215,0.091,22.348,0.074,,
2013,1,23.39,0.179,22.719,0.113,22.206,0.091,22.349,0.074,,
2013,2,22.409,0.21,22.822,0.115,22.214,0.091,22.359,0.074,,
2013,3,22.317,0.293,22.941,0.119,22.215,0.091,22.361,0.074,,
2013,4,22.701,0.177,22.988,0.123,22.263,0.091,22.382,0.075,,
2013,5,22.946,0.208,22.934,0.12,22.3,0.092,22.382,0.075,,
2013,6,22.352,0.25,22.891000000000002,0.118,22.322,0.093,22.376,0.075,,
2013,7,23.155,0.141,22.824,0.125,22.317,0.092,22.381,0.076,,
2013,8,23.361,0.249,22.768,0.128,22.337,0.092,22.387,0.076,,
2013,9,24.236,0.188,22.768,0.12,22.377,0.091,22.381,0.076,,
2013,10,23.1,0.128,22.765,0.118,22.415,0.093,22.381,0.076,,
2013,11,22.361,0.171,22.81,0.113,22.465,0.092,22.386,0.075,,
2013,12,22.361,0.212,22.787,0.103,22.494,0.092,22.399,0.074,,
2014,1,22.593,0.222,22.69,0.098,22.5,0.094,22.416,0.073,,
2014,2,21.726,0.225,22.572,0.099,22.491,0.095,22.422,0.073,,
2014,3,22.326,0.209,22.465,0.094,22.488,0.095,22.432,0.073,,
2014,4,22.661,0.161,22.497,0.101,22.474,0.094,22.436,0.073,,
2014,5,23.488,0.142,22.583,0.109,22.477,0.093,22.441,0.074,,
2014,6,22.07,0.21,22.599,0.11,22.493000000000002,0.094,22.438,0.074,,
2014,7,21.998,0.15,22.53,0.109,22.504,0.092,22.443,0.074,,
2014,8,21.948,0.143,22.66,0.106,22.515,0.091,22.424,0.074,,
2014,9,22.95,0.157,22.653,0.103,22.555,0.091,22.423000000000002,0.074,,
2014,10,23.484,0.168,22.52,0.106,22.553,0.092,22.435,0.074,,
2014,11,23.386,0.189,22.386,0.107,22.572,0.092,22.427,0.074,,
2014,12,22.558,0.213,22.454,0.104,22.588,0.092,22.444,0.073,,
2015,1,21.761,0.2,22.463,0.115,22.618000000000002,0.093,22.448,0.074,,
2015,2,23.287,0.162,22.495,0.115,22.63,0.093,22.449,0.073,,
2015,3,22.245,0.193,22.41,0.109,22.632,0.093,22.45,0.074,,
2015,4,21.065,0.34,22.478,0.106,22.64,0.093,22.45,0.074,,
2015,5,21.883,0.254,22.482,0.102,22.631,0.092,22.442,0.075,,
2015,6,22.883,0.182,22.489,0.107,22.627,0.092,22.447,0.075,,
2015,7,22.115000000000002,0.166,22.53,0.105,22.62,0.092,22.446,0.075,,
2015,8,22.325,0.145,22.489,0.103,22.62,0.088,22.456,0.076,,
2015,9,21.927,0.159,22.564,0.107,22.622,0.086,22.473,0.076,,
2015,10,24.310000000000002,0.169,22.766000000000002,0.104,22.639,0.086,22.483,0.076,,
2015,11,23.431,0.139,22.926000000000002,0.104,22.626,0.086,22.505,0.076,,
2015,12,22.642,0.217,22.925,0.098,22.619,0.084,22.508,0.075,,
2016,1,22.254,0.19,22.974,0.093,22.614,0.083,,,,
2016,2,22.785,0.212,22.966,0.093,22.587,0.084,,,,
2016,3,23.146,0.236,22.949,0.096,22.554000000000002,0.083,,,,
2016,4,23.494,0.209,22.705000000000002,0.087,22.558,0.083,,,,
2016,5,23.797,0.203,22.605,0.084,22.558,0.082,,,,
2016,6,22.875,0.206,22.579,0.086,22.577,0.08,,,,
2016,7,22.7,0.161,22.584,0.081,22.605,0.079,,,,
2016,8,22.235,0.167,22.528,0.078,22.624,0.076,,,,
2016,9,21.715,0.12,22.517,0.08,22.64,0.074,,,,
2016,10,21.388,0.18,22.363,0.087,22.641000000000002,0.075,,,,
2016,11,22.23,0.253,22.264,0.09,22.625,0.076,,,,
2016,12,22.330000000000002,0.177,22.197,0.091,22.621,0.076,,,,
2017,1,22.319,0.19,22.246,0.096,22.639,0.076,,,,
2017,2,22.113,0.17,22.294,0.102,22.638,0.075,,,,
2017,3,23.012,0.175,22.393,0.097,22.634,0.076,,,,
2017,4,21.645,0.199,22.533,0.104,22.635,0.074,,,,
2017,5,22.606,0.192,22.55,0.101,22.623,0.072,,,,
2017,6,22.075,0.217,22.579,0.092,22.655,0.071,,,,
2017,7,23.288,0.136,22.63,0.087,22.674,0.072,,,,
2017,8,22.805,0.13,22.656,0.081,22.663,0.071,,,,
2017,9,22.91,0.192,22.607,0.077,22.659,0.071,,,,
2017,10,23.067,0.227,22.783,0.076,22.692,0.069,,,,
2017,11,22.429000000000002,0.155,22.747,0.078,22.683,0.069,,,,
2017,12,22.678,0.108,22.733,0.079,22.679000000000002,0.069,,,,
2018,1,22.929000000000002,0.133,22.697,0.073,22.686,0.069,,,,
2018,2,22.428,0.117,22.608,0.086,22.697,0.069,,,,
2018,3,22.427,0.246,22.556,0.085,22.732,0.072,,,,
2018,4,23.751,0.207,22.577,0.085,22.703,0.072,,,,
2018,5,22.173000000000002,0.271,22.572,0.086,22.71,0.072,,,,
2018,6,21.914,0.196,22.641000000000002,0.085,22.694,0.069,,,,
2018,7,22.85,0.118,22.749,0.088,,,,,,
2018,8,21.737000000000002,0.275,22.79,0.095,,,,,,
2018,9,22.285,0.194,22.861,0.095,,,,,,
2018,10,23.322,0.152,22.774,0.094,,,,,,
2018,11,22.366,0.19,22.8,0.091,,,,,,
2018,12,23.516000000000002,0.105,22.794,0.092,,,,,,
2019,1,24.221,0.104,22.812,0.097,,,,,,
2019,2,22.913,0.158,22.828,0.088,,,,,,
2019,3,23.282,0.246,22.862000000000002,0.089,,,,,,
2019,4,22.71,0.195,22.882,0.096,,,,,,
2019,5,22.489,0.254,22.905,0.094,,,,,,
2019,6,21.841,0.225,22.986,0.103,,,,,,
2019,7,23.065,0.132,22.876,0.106,,,,,,
2019,8,21.924,0.144,22.85,0.104,,,,,,
2019,9,22.689,0.192,22.744,0.098,,,,,,
2019,10,23.568,0.191,22.772,0.098,,,,,,
2019,11,22.641000000000002,0.134,22.679000000000002,0.096,,,,,,
2019,12,24.489,0.204,22.743000000000002,0.09,,,,,,
2020,1,22.903,0.143,22.703,0.097,,,,,,
2020,2,22.602,0.144,22.792,0.099,,,,,,
2020,3,22.01,0.165,22.902,0.102,,,,,,
2020,4,23.048000000000002,0.184,22.817,0.099,,,,,,
2020,5,21.363,0.228,22.917,0.102,,,,,,
2020,6,22.617,0.219,22.684,0.093,,,,,,
2020,7,22.580000000000002,0.19,,,,,,,,
2020,8,22.992,0.168,,,,,,,,
2020,9,24.006,0.219,,,,,,,,
2020,10,22.553,0.154,,,,,,,,
2020,11,23.846,0.176,,,,,,,,
2020,12,21.689,0.224,,,,,,,,
