STRUCTURE,STRUCTURE_ID,STRUCTURE_NAME,ACTION,FREQ,Frequency,INDICATOR,Indicator,GEO_PICT,Pacific Island Countries and territories,SEX,Sex,AGE,Age,URBANIZATION,Urbanization,INCOME,Income,EDUCATION,Education level,OCCUPATION,Occupation,COMPOSITE_BREAKDOWN,Composite breakdown,DISABILITY,Disability,TIME_PERIOD,Time,OBS_VALUE,Observation value,UNIT_MEASURE,Unit of measure,REPORTING_TYPE,Reporting type,NATURE,Nature,DATA_SOURCE,Data source,OBS_STATUS,Observation Status,OBS_COMMENT,Comment
DATAFLOW,SPC:DF_BP50_5(1.0),Blue Pacific 2050: Climate Change And Disasters (Thematic Area 5),I,A,Annual,SPC_7_b_1,"Installed renewable electricity-generating capacity (watts per
            capita)",MH,Marshall Islands,_T,Total,_T,All ages,_T,National,_T,Total,_T,All education levels,_T,All occupations,TRE_ALL,Type of renewable energy: All,_T,No breakdown by disability,2000,,0.738,,WPC,Watt per capita,G,Global,E,Estimated,Renewable electricity generating capacity from IRENA's electricity capacity database. Population data from the United Nations World Population Prospects.,,,,Year-end value for installed capacity (watts) and mid-year for population,
DATAFLOW,SPC:DF_BP50_5(1.0),Blue Pacific 2050: Climate Change And Disasters (Thematic Area 5),I,A,Annual,SPC_7_b_1,"Installed renewable electricity-generating capacity (watts per
            capita)",MH,Marshall Islands,_T,Total,_T,All ages,_T,National,_T,Total,_T,All education levels,_T,All occupations,TRE_ALL,Type of renewable energy: All,_T,No breakdown by disability,2001,,0.735,,WPC,Watt per capita,G,Global,E,Estimated,Renewable electricity generating capacity from IRENA's electricity capacity database. Population data from the United Nations World Population Prospects.,,,,Year-end value for installed capacity (watts) and mid-year for population,
DATAFLOW,SPC:DF_BP50_5(1.0),Blue Pacific 2050: Climate Change And Disasters (Thematic Area 5),I,A,Annual,SPC_7_b_1,"Installed renewable electricity-generating capacity (watts per
            capita)",MH,Marshall Islands,_T,Total,_T,All ages,_T,National,_T,Total,_T,All education levels,_T,All occupations,TRE_ALL,Type of renewable energy: All,_T,No breakdown by disability,2002,,0.734,,WPC,Watt per capita,G,Global,E,Estimated,Renewable electricity generating capacity from IRENA's electricity capacity database. Population data from the United Nations World Population Prospects.,,,,Year-end value for installed capacity (watts) and mid-year for population,
DATAFLOW,SPC:DF_BP50_5(1.0),Blue Pacific 2050: Climate Change And Disasters (Thematic Area 5),I,A,Annual,SPC_7_b_1,"Installed renewable electricity-generating capacity (watts per
            capita)",MH,Marshall Islands,_T,Total,_T,All ages,_T,National,_T,Total,_T,All education levels,_T,All occupations,TRE_ALL,Type of renewable energy: All,_T,No breakdown by disability,2003,,0.734,,WPC,Watt per capita,G,Global,E,Estimated,Renewable electricity generating capacity from IRENA's electricity capacity database. Population data from the United Nations World Population Prospects.,,,,Year-end value for installed capacity (watts) and mid-year for population,
DATAFLOW,SPC:DF_BP50_5(1.0),Blue Pacific 2050: Climate Change And Disasters (Thematic Area 5),I,A,Annual,SPC_7_b_1,"Installed renewable electricity-generating capacity (watts per
            capita)",MH,Marshall Islands,_T,Total,_T,All ages,_T,National,_T,Total,_T,All education levels,_T,All occupations,TRE_ALL,Type of renewable energy: All,_T,No breakdown by disability,2004,,1.286,,WPC,Watt per capita,G,Global,E,Estimated,Renewable electricity generating capacity from IRENA's electricity capacity database. Population data from the United Nations World Population Prospects.,,,,Year-end value for installed capacity (watts) and mid-year for population,
DATAFLOW,SPC:DF_BP50_5(1.0),Blue Pacific 2050: Climate Change And Disasters (Thematic Area 5),I,A,Annual,SPC_7_b_1,"Installed renewable electricity-generating capacity (watts per
            capita)",MH,Marshall Islands,_T,Total,_T,All ages,_T,National,_T,Total,_T,All education levels,_T,All occupations,TRE_ALL,Type of renewable energy: All,_T,No breakdown by disability,2005,,1.288,,WPC,Watt per capita,G,Global,E,Estimated,Renewable electricity generating capacity from IRENA's electricity capacity database. Population data from the United Nations World Population Prospects.,,,,Year-end value for installed capacity (watts) and mid-year for population,
DATAFLOW,SPC:DF_BP50_5(1.0),Blue Pacific 2050: Climate Change And Disasters (Thematic Area 5),I,A,Annual,SPC_7_b_1,"Installed renewable electricity-generating capacity (watts per
            capita)",MH,Marshall Islands,_T,Total,_T,All ages,_T,National,_T,Total,_T,All education levels,_T,All occupations,TRE_ALL,Type of renewable energy: All,_T,No breakdown by disability,2006,,1.291,,WPC,Watt per capita,G,Global,E,Estimated,Renewable electricity generating capacity from IRENA's electricity capacity database. Population data from the United Nations World Population Prospects.,,,,Year-end value for installed capacity (watts) and mid-year for population,
DATAFLOW,SPC:DF_BP50_5(1.0),Blue Pacific 2050: Climate Change And Disasters (Thematic Area 5),I,A,Annual,SPC_7_b_1,"Installed renewable electricity-generating capacity (watts per
            capita)",MH,Marshall Islands,_T,Total,_T,All ages,_T,National,_T,Total,_T,All education levels,_T,All occupations,TRE_ALL,Type of renewable energy: All,_T,No breakdown by disability,2007,,1.295,,WPC,Watt per capita,G,Global,E,Estimated,Renewable electricity generating capacity from IRENA's electricity capacity database. Population data from the United Nations World Population Prospects.,,,,Year-end value for installed capacity (watts) and mid-year for population,
DATAFLOW,SPC:DF_BP50_5(1.0),Blue Pacific 2050: Climate Change And Disasters (Thematic Area 5),I,A,Annual,SPC_7_b_1,"Installed renewable electricity-generating capacity (watts per
            capita)",MH,Marshall Islands,_T,Total,_T,All ages,_T,National,_T,Total,_T,All education levels,_T,All occupations,TRE_ALL,Type of renewable energy: All,_T,No breakdown by disability,2008,,2.787,,WPC,Watt per capita,G,Global,E,Estimated,Renewable electricity generating capacity from IRENA's electricity capacity database. Population data from the United Nations World Population Prospects.,,,,Year-end value for installed capacity (watts) and mid-year for population,
DATAFLOW,SPC:DF_BP50_5(1.0),Blue Pacific 2050: Climate Change And Disasters (Thematic Area 5),I,A,Annual,SPC_7_b_1,"Installed renewable electricity-generating capacity (watts per
            capita)",MH,Marshall Islands,_T,Total,_T,All ages,_T,National,_T,Total,_T,All education levels,_T,All occupations,TRE_ALL,Type of renewable energy: All,_T,No breakdown by disability,2009,,4.945,,WPC,Watt per capita,G,Global,E,Estimated,Renewable electricity generating capacity from IRENA's electricity capacity database. Population data from the United Nations World Population Prospects.,,,,Year-end value for installed capacity (watts) and mid-year for population,
DATAFLOW,SPC:DF_BP50_5(1.0),Blue Pacific 2050: Climate Change And Disasters (Thematic Area 5),I,A,Annual,SPC_7_b_1,"Installed renewable electricity-generating capacity (watts per
            capita)",MH,Marshall Islands,_T,Total,_T,All ages,_T,National,_T,Total,_T,All education levels,_T,All occupations,TRE_ALL,Type of renewable energy: All,_T,No breakdown by disability,2010,,5.897,,WPC,Watt per capita,G,Global,E,Estimated,Renewable electricity generating capacity from IRENA's electricity capacity database. Population data from the United Nations World Population Prospects.,,,,Year-end value for installed capacity (watts) and mid-year for population,
DATAFLOW,SPC:DF_BP50_5(1.0),Blue Pacific 2050: Climate Change And Disasters (Thematic Area 5),I,A,Annual,SPC_7_b_1,"Installed renewable electricity-generating capacity (watts per
            capita)",MH,Marshall Islands,_T,Total,_T,All ages,_T,National,_T,Total,_T,All education levels,_T,All occupations,TRE_ALL,Type of renewable energy: All,_T,No breakdown by disability,2011,,6.135,,WPC,Watt per capita,G,Global,E,Estimated,Renewable electricity generating capacity from IRENA's electricity capacity database. Population data from the United Nations World Population Prospects.,,,,Year-end value for installed capacity (watts) and mid-year for population,
DATAFLOW,SPC:DF_BP50_5(1.0),Blue Pacific 2050: Climate Change And Disasters (Thematic Area 5),I,A,Annual,SPC_7_b_1,"Installed renewable electricity-generating capacity (watts per
            capita)",MH,Marshall Islands,_T,Total,_T,All ages,_T,National,_T,Total,_T,All education levels,_T,All occupations,TRE_ALL,Type of renewable energy: All,_T,No breakdown by disability,2012,,8.084,,WPC,Watt per capita,G,Global,E,Estimated,Renewable electricity generating capacity from IRENA's electricity capacity database. Population data from the United Nations World Population Prospects.,,,,Year-end value for installed capacity (watts) and mid-year for population,
DATAFLOW,SPC:DF_BP50_5(1.0),Blue Pacific 2050: Climate Change And Disasters (Thematic Area 5),I,A,Annual,SPC_7_b_1,"Installed renewable electricity-generating capacity (watts per
            capita)",MH,Marshall Islands,_T,Total,_T,All ages,_T,National,_T,Total,_T,All education levels,_T,All occupations,TRE_ALL,Type of renewable energy: All,_T,No breakdown by disability,2013,,11.723,,WPC,Watt per capita,G,Global,E,Estimated,Renewable electricity generating capacity from IRENA's electricity capacity database. Population data from the United Nations World Population Prospects.,,,,Year-end value for installed capacity (watts) and mid-year for population,
DATAFLOW,SPC:DF_BP50_5(1.0),Blue Pacific 2050: Climate Change And Disasters (Thematic Area 5),I,A,Annual,SPC_7_b_1,"Installed renewable electricity-generating capacity (watts per
            capita)",MH,Marshall Islands,_T,Total,_T,All ages,_T,National,_T,Total,_T,All education levels,_T,All occupations,TRE_ALL,Type of renewable energy: All,_T,No breakdown by disability,2014,,20.528,,WPC,Watt per capita,G,Global,E,Estimated,Renewable electricity generating capacity from IRENA's electricity capacity database. Population data from the United Nations World Population Prospects.,,,,Year-end value for installed capacity (watts) and mid-year for population,
DATAFLOW,SPC:DF_BP50_5(1.0),Blue Pacific 2050: Climate Change And Disasters (Thematic Area 5),I,A,Annual,SPC_7_b_1,"Installed renewable electricity-generating capacity (watts per
            capita)",MH,Marshall Islands,_T,Total,_T,All ages,_T,National,_T,Total,_T,All education levels,_T,All occupations,TRE_ALL,Type of renewable energy: All,_T,No breakdown by disability,2015,,20.947,,WPC,Watt per capita,G,Global,E,Estimated,Renewable electricity generating capacity from IRENA's electricity capacity database. Population data from the United Nations World Population Prospects.,,,,Year-end value for installed capacity (watts) and mid-year for population,
DATAFLOW,SPC:DF_BP50_5(1.0),Blue Pacific 2050: Climate Change And Disasters (Thematic Area 5),I,A,Annual,SPC_7_b_1,"Installed renewable electricity-generating capacity (watts per
            capita)",MH,Marshall Islands,_T,Total,_T,All ages,_T,National,_T,Total,_T,All education levels,_T,All occupations,TRE_ALL,Type of renewable energy: All,_T,No breakdown by disability,2016,,33.831,,WPC,Watt per capita,G,Global,E,Estimated,Renewable electricity generating capacity from IRENA's electricity capacity database. Population data from the United Nations World Population Prospects.,,,,Year-end value for installed capacity (watts) and mid-year for population,
DATAFLOW,SPC:DF_BP50_5(1.0),Blue Pacific 2050: Climate Change And Disasters (Thematic Area 5),I,A,Annual,SPC_7_b_1,"Installed renewable electricity-generating capacity (watts per
            capita)",MH,Marshall Islands,_T,Total,_T,All ages,_T,National,_T,Total,_T,All education levels,_T,All occupations,TRE_ALL,Type of renewable energy: All,_T,No breakdown by disability,2017,,35.921,,WPC,Watt per capita,G,Global,E,Estimated,Renewable electricity generating capacity from IRENA's electricity capacity database. Population data from the United Nations World Population Prospects.,,,,Year-end value for installed capacity (watts) and mid-year for population,
DATAFLOW,SPC:DF_BP50_5(1.0),Blue Pacific 2050: Climate Change And Disasters (Thematic Area 5),I,A,Annual,SPC_7_b_1,"Installed renewable electricity-generating capacity (watts per
            capita)",MH,Marshall Islands,_T,Total,_T,All ages,_T,National,_T,Total,_T,All education levels,_T,All occupations,TRE_ALL,Type of renewable energy: All,_T,No breakdown by disability,2018,,37.226,,WPC,Watt per capita,G,Global,E,Estimated,Renewable electricity generating capacity from IRENA's electricity capacity database. Population data from the United Nations World Population Prospects.,,,,Year-end value for installed capacity (watts) and mid-year for population,
DATAFLOW,SPC:DF_BP50_5(1.0),Blue Pacific 2050: Climate Change And Disasters (Thematic Area 5),I,A,Annual,SPC_7_b_1,"Installed renewable electricity-generating capacity (watts per
            capita)",MH,Marshall Islands,_T,Total,_T,All ages,_T,National,_T,Total,_T,All education levels,_T,All occupations,TRE_ALL,Type of renewable energy: All,_T,No breakdown by disability,2019,,38.276,,WPC,Watt per capita,G,Global,E,Estimated,Renewable electricity generating capacity from IRENA's electricity capacity database. Population data from the United Nations World Population Prospects.,,,,Year-end value for installed capacity (watts) and mid-year for population,
DATAFLOW,SPC:DF_BP50_5(1.0),Blue Pacific 2050: Climate Change And Disasters (Thematic Area 5),I,A,Annual,SPC_7_b_1,"Installed renewable electricity-generating capacity (watts per
            capita)",MH,Marshall Islands,_T,Total,_T,All ages,_T,National,_T,Total,_T,All education levels,_T,All occupations,TRE_ALL,Type of renewable energy: All,_T,No breakdown by disability,2020,,39.435,,WPC,Watt per capita,G,Global,E,Estimated,Renewable electricity generating capacity from IRENA's electricity capacity database. Population data from the United Nations World Population Prospects.,,,,Year-end value for installed capacity (watts) and mid-year for population,
DATAFLOW,SPC:DF_BP50_5(1.0),Blue Pacific 2050: Climate Change And Disasters (Thematic Area 5),I,A,Annual,SPC_7_b_1,"Installed renewable electricity-generating capacity (watts per
            capita)",MH,Marshall Islands,_T,Total,_T,All ages,_T,National,_T,Total,_T,All education levels,_T,All occupations,TRE_ALL,Type of renewable energy: All,_T,No breakdown by disability,2021,,40.713,,WPC,Watt per capita,G,Global,E,Estimated,Renewable electricity generating capacity from IRENA's electricity capacity database. Population data from the United Nations World Population Prospects.,,,,Year-end value for installed capacity (watts) and mid-year for population,
DATAFLOW,SPC:DF_BP50_5(1.0),Blue Pacific 2050: Climate Change And Disasters (Thematic Area 5),I,A,Annual,SPC_7_b_1,"Installed renewable electricity-generating capacity (watts per
            capita)",MH,Marshall Islands,_T,Total,_T,All ages,_T,National,_T,Total,_T,All education levels,_T,All occupations,TRE_ALL,Type of renewable energy: All,_T,No breakdown by disability,2022,,42.82,,WPC,Watt per capita,G,Global,E,Estimated,Renewable electricity generating capacity from IRENA's electricity capacity database. Population data from the United Nations World Population Prospects.,,,,Year-end value for installed capacity (watts) and mid-year for population,
DATAFLOW,SPC:DF_BP50_5(1.0),Blue Pacific 2050: Climate Change And Disasters (Thematic Area 5),I,A,Annual,EG_FEC_RNEW,Renewable energy share in the total final energy consumption,PG,Papua New Guinea,_T,Total,_T,All ages,_T,National,_T,Total,_T,All education levels,_T,All occupations,_Z,Not applicable,_T,No breakdown by disability,2000,,66.38,,PERCENT,percent,G,Global,E,Estimated,"Energy Balances, UN Statistics Division (2024)",,,,,
DATAFLOW,SPC:DF_BP50_5(1.0),Blue Pacific 2050: Climate Change And Disasters (Thematic Area 5),I,A,Annual,EG_FEC_RNEW,Renewable energy share in the total final energy consumption,PG,Papua New Guinea,_T,Total,_T,All ages,_T,National,_T,Total,_T,All education levels,_T,All occupations,_Z,Not applicable,_T,No breakdown by disability,2001,,63.44,,PERCENT,percent,G,Global,E,Estimated,"Energy Balances, UN Statistics Division (2024)",,,,,
DATAFLOW,SPC:DF_BP50_5(1.0),Blue Pacific 2050: Climate Change And Disasters (Thematic Area 5),I,A,Annual,EG_FEC_RNEW,Renewable energy share in the total final energy consumption,PG,Papua New Guinea,_T,Total,_T,All ages,_T,National,_T,Total,_T,All education levels,_T,All occupations,_Z,Not applicable,_T,No breakdown by disability,2002,,62.49,,PERCENT,percent,G,Global,E,Estimated,"Energy Balances, UN Statistics Division (2024)",,,,,
DATAFLOW,SPC:DF_BP50_5(1.0),Blue Pacific 2050: Climate Change And Disasters (Thematic Area 5),I,A,Annual,EG_FEC_RNEW,Renewable energy share in the total final energy consumption,PG,Papua New Guinea,_T,Total,_T,All ages,_T,National,_T,Total,_T,All education levels,_T,All occupations,_Z,Not applicable,_T,No breakdown by disability,2003,,60.52,,PERCENT,percent,G,Global,E,Estimated,"Energy Balances, UN Statistics Division (2024)",,,,,
DATAFLOW,SPC:DF_BP50_5(1.0),Blue Pacific 2050: Climate Change And Disasters (Thematic Area 5),I,A,Annual,EG_FEC_RNEW,Renewable energy share in the total final energy consumption,PG,Papua New Guinea,_T,Total,_T,All ages,_T,National,_T,Total,_T,All education levels,_T,All occupations,_Z,Not applicable,_T,No breakdown by disability,2004,,57.6,,PERCENT,percent,G,Global,E,Estimated,"Energy Balances, UN Statistics Division (2024)",,,,,
DATAFLOW,SPC:DF_BP50_5(1.0),Blue Pacific 2050: Climate Change And Disasters (Thematic Area 5),I,A,Annual,EG_FEC_RNEW,Renewable energy share in the total final energy consumption,PG,Papua New Guinea,_T,Total,_T,All ages,_T,National,_T,Total,_T,All education levels,_T,All occupations,_Z,Not applicable,_T,No breakdown by disability,2005,,58.56,,PERCENT,percent,G,Global,E,Estimated,"Energy Balances, UN Statistics Division (2024)",,,,,
DATAFLOW,SPC:DF_BP50_5(1.0),Blue Pacific 2050: Climate Change And Disasters (Thematic Area 5),I,A,Annual,EG_FEC_RNEW,Renewable energy share in the total final energy consumption,PG,Papua New Guinea,_T,Total,_T,All ages,_T,National,_T,Total,_T,All education levels,_T,All occupations,_Z,Not applicable,_T,No breakdown by disability,2006,,58.86,,PERCENT,percent,G,Global,E,Estimated,"Energy Balances, UN Statistics Division (2024)",,,,,
DATAFLOW,SPC:DF_BP50_5(1.0),Blue Pacific 2050: Climate Change And Disasters (Thematic Area 5),I,A,Annual,EG_FEC_RNEW,Renewable energy share in the total final energy consumption,PG,Papua New Guinea,_T,Total,_T,All ages,_T,National,_T,Total,_T,All education levels,_T,All occupations,_Z,Not applicable,_T,No breakdown by disability,2007,,56.92,,PERCENT,percent,G,Global,E,Estimated,"Energy Balances, UN Statistics Division (2024)",,,,,
DATAFLOW,SPC:DF_BP50_5(1.0),Blue Pacific 2050: Climate Change And Disasters (Thematic Area 5),I,A,Annual,EG_FEC_RNEW,Renewable energy share in the total final energy consumption,PG,Papua New Guinea,_T,Total,_T,All ages,_T,National,_T,Total,_T,All education levels,_T,All occupations,_Z,Not applicable,_T,No breakdown by disability,2008,,56.85,,PERCENT,percent,G,Global,E,Estimated,"Energy Balances, UN Statistics Division (2024)",,,,,
DATAFLOW,SPC:DF_BP50_5(1.0),Blue Pacific 2050: Climate Change And Disasters (Thematic Area 5),I,A,Annual,EG_FEC_RNEW,Renewable energy share in the total final energy consumption,PG,Papua New Guinea,_T,Total,_T,All ages,_T,National,_T,Total,_T,All education levels,_T,All occupations,_Z,Not applicable,_T,No breakdown by disability,2009,,55.99,,PERCENT,percent,G,Global,E,Estimated,"Energy Balances, UN Statistics Division (2024)",,,,,
DATAFLOW,SPC:DF_BP50_5(1.0),Blue Pacific 2050: Climate Change And Disasters (Thematic Area 5),I,A,Annual,EG_FEC_RNEW,Renewable energy share in the total final energy consumption,PG,Papua New Guinea,_T,Total,_T,All ages,_T,National,_T,Total,_T,All education levels,_T,All occupations,_Z,Not applicable,_T,No breakdown by disability,2010,,55.19,,PERCENT,percent,G,Global,E,Estimated,"Energy Balances, UN Statistics Division (2024)",,,,,
DATAFLOW,SPC:DF_BP50_5(1.0),Blue Pacific 2050: Climate Change And Disasters (Thematic Area 5),I,A,Annual,EG_FEC_RNEW,Renewable energy share in the total final energy consumption,PG,Papua New Guinea,_T,Total,_T,All ages,_T,National,_T,Total,_T,All education levels,_T,All occupations,_Z,Not applicable,_T,No breakdown by disability,2011,,54.63,,PERCENT,percent,G,Global,E,Estimated,"Energy Balances, UN Statistics Division (2024)",,,,,
DATAFLOW,SPC:DF_BP50_5(1.0),Blue Pacific 2050: Climate Change And Disasters (Thematic Area 5),I,A,Annual,EG_FEC_RNEW,Renewable energy share in the total final energy consumption,PG,Papua New Guinea,_T,Total,_T,All ages,_T,National,_T,Total,_T,All education levels,_T,All occupations,_Z,Not applicable,_T,No breakdown by disability,2012,,55.29,,PERCENT,percent,G,Global,E,Estimated,"Energy Balances, UN Statistics Division (2024)",,,,,
DATAFLOW,SPC:DF_BP50_5(1.0),Blue Pacific 2050: Climate Change And Disasters (Thematic Area 5),I,A,Annual,EG_FEC_RNEW,Renewable energy share in the total final energy consumption,PG,Papua New Guinea,_T,Total,_T,All ages,_T,National,_T,Total,_T,All education levels,_T,All occupations,_Z,Not applicable,_T,No breakdown by disability,2013,,56.38,,PERCENT,percent,G,Global,E,Estimated,"Energy Balances, UN Statistics Division (2024)",,,,,
DATAFLOW,SPC:DF_BP50_5(1.0),Blue Pacific 2050: Climate Change And Disasters (Thematic Area 5),I,A,Annual,EG_FEC_RNEW,Renewable energy share in the total final energy consumption,PG,Papua New Guinea,_T,Total,_T,All ages,_T,National,_T,Total,_T,All education levels,_T,All occupations,_Z,Not applicable,_T,No breakdown by disability,2014,,54.91,,PERCENT,percent,G,Global,E,Estimated,"Energy Balances, UN Statistics Division (2024)",,,,,
DATAFLOW,SPC:DF_BP50_5(1.0),Blue Pacific 2050: Climate Change And Disasters (Thematic Area 5),I,A,Annual,EG_FEC_RNEW,Renewable energy share in the total final energy consumption,PG,Papua New Guinea,_T,Total,_T,All ages,_T,National,_T,Total,_T,All education levels,_T,All occupations,_Z,Not applicable,_T,No breakdown by disability,2015,,53.28,,PERCENT,percent,G,Global,E,Estimated,"Energy Balances, UN Statistics Division (2024)",,,,,
DATAFLOW,SPC:DF_BP50_5(1.0),Blue Pacific 2050: Climate Change And Disasters (Thematic Area 5),I,A,Annual,EG_FEC_RNEW,Renewable energy share in the total final energy consumption,PG,Papua New Guinea,_T,Total,_T,All ages,_T,National,_T,Total,_T,All education levels,_T,All occupations,_Z,Not applicable,_T,No breakdown by disability,2016,,52.72,,PERCENT,percent,G,Global,E,Estimated,"Energy Balances, UN Statistics Division (2024)",,,,,
DATAFLOW,SPC:DF_BP50_5(1.0),Blue Pacific 2050: Climate Change And Disasters (Thematic Area 5),I,A,Annual,EG_FEC_RNEW,Renewable energy share in the total final energy consumption,PG,Papua New Guinea,_T,Total,_T,All ages,_T,National,_T,Total,_T,All education levels,_T,All occupations,_Z,Not applicable,_T,No breakdown by disability,2017,,52.52,,PERCENT,percent,G,Global,E,Estimated,"Energy Balances, UN Statistics Division (2024)",,,,,
DATAFLOW,SPC:DF_BP50_5(1.0),Blue Pacific 2050: Climate Change And Disasters (Thematic Area 5),I,A,Annual,EG_FEC_RNEW,Renewable energy share in the total final energy consumption,PG,Papua New Guinea,_T,Total,_T,All ages,_T,National,_T,Total,_T,All education levels,_T,All occupations,_Z,Not applicable,_T,No breakdown by disability,2018,,51.19,,PERCENT,percent,G,Global,E,Estimated,"Energy Balances, UN Statistics Division (2024)",,,,,
DATAFLOW,SPC:DF_BP50_5(1.0),Blue Pacific 2050: Climate Change And Disasters (Thematic Area 5),I,A,Annual,EG_FEC_RNEW,Renewable energy share in the total final energy consumption,PG,Papua New Guinea,_T,Total,_T,All ages,_T,National,_T,Total,_T,All education levels,_T,All occupations,_Z,Not applicable,_T,No breakdown by disability,2019,,51.09,,PERCENT,percent,G,Global,E,Estimated,"Energy Balances, UN Statistics Division (2024)",,,,,
DATAFLOW,SPC:DF_BP50_5(1.0),Blue Pacific 2050: Climate Change And Disasters (Thematic Area 5),I,A,Annual,EG_FEC_RNEW,Renewable energy share in the total final energy consumption,PG,Papua New Guinea,_T,Total,_T,All ages,_T,National,_T,Total,_T,All education levels,_T,All occupations,_Z,Not applicable,_T,No breakdown by disability,2020,,51.39,,PERCENT,percent,G,Global,E,Estimated,"Energy Balances, UN Statistics Division (2024)",,,,,
DATAFLOW,SPC:DF_BP50_5(1.0),Blue Pacific 2050: Climate Change And Disasters (Thematic Area 5),I,A,Annual,EG_FEC_RNEW,Renewable energy share in the total final energy consumption,PG,Papua New Guinea,_T,Total,_T,All ages,_T,National,_T,Total,_T,All education levels,_T,All occupations,_Z,Not applicable,_T,No breakdown by disability,2021,,51.62,,PERCENT,percent,G,Global,E,Estimated,"Energy Balances, UN Statistics Division (2024)",,,,,
DATAFLOW,SPC:DF_BP50_5(1.0),Blue Pacific 2050: Climate Change And Disasters (Thematic Area 5),I,A,Annual,EG_FEC_RNEW,Renewable energy share in the total final energy consumption,PG,Papua New Guinea,_T,Total,_T,All ages,_T,National,_T,Total,_T,All education levels,_T,All occupations,_Z,Not applicable,_T,No breakdown by disability,2022,,50.78,,PERCENT,percent,G,Global,E,Estimated,"Energy Balances, UN Statistics Division (2024)",,,,,
DATAFLOW,SPC:DF_BP50_5(1.0),Blue Pacific 2050: Climate Change And Disasters (Thematic Area 5),I,A,Annual,EG_FEC_RNEW,Renewable energy share in the total final energy consumption,VU,Vanuatu,_T,Total,_T,All ages,_T,National,_T,Total,_T,All education levels,_T,All occupations,_Z,Not applicable,_T,No breakdown by disability,2000,,49.49,,PERCENT,percent,G,Global,E,Estimated,"Energy Balances, UN Statistics Division (2024)",,,,,
DATAFLOW,SPC:DF_BP50_5(1.0),Blue Pacific 2050: Climate Change And Disasters (Thematic Area 5),I,A,Annual,EG_FEC_RNEW,Renewable energy share in the total final energy consumption,VU,Vanuatu,_T,Total,_T,All ages,_T,National,_T,Total,_T,All education levels,_T,All occupations,_Z,Not applicable,_T,No breakdown by disability,2001,,51.26,,PERCENT,percent,G,Global,E,Estimated,"Energy Balances, UN Statistics Division (2024)",,,,,
DATAFLOW,SPC:DF_BP50_5(1.0),Blue Pacific 2050: Climate Change And Disasters (Thematic Area 5),I,A,Annual,EG_FEC_RNEW,Renewable energy share in the total final energy consumption,VU,Vanuatu,_T,Total,_T,All ages,_T,National,_T,Total,_T,All education levels,_T,All occupations,_Z,Not applicable,_T,No breakdown by disability,2002,,53.33,,PERCENT,percent,G,Global,E,Estimated,"Energy Balances, UN Statistics Division (2024)",,,,,
DATAFLOW,SPC:DF_BP50_5(1.0),Blue Pacific 2050: Climate Change And Disasters (Thematic Area 5),I,A,Annual,EG_FEC_RNEW,Renewable energy share in the total final energy consumption,VU,Vanuatu,_T,Total,_T,All ages,_T,National,_T,Total,_T,All education levels,_T,All occupations,_Z,Not applicable,_T,No breakdown by disability,2003,,52.73,,PERCENT,percent,G,Global,E,Estimated,"Energy Balances, UN Statistics Division (2024)",,,,,
DATAFLOW,SPC:DF_BP50_5(1.0),Blue Pacific 2050: Climate Change And Disasters (Thematic Area 5),I,A,Annual,EG_FEC_RNEW,Renewable energy share in the total final energy consumption,VU,Vanuatu,_T,Total,_T,All ages,_T,National,_T,Total,_T,All education levels,_T,All occupations,_Z,Not applicable,_T,No breakdown by disability,2004,,55.36,,PERCENT,percent,G,Global,E,Estimated,"Energy Balances, UN Statistics Division (2024)",,,,,
DATAFLOW,SPC:DF_BP50_5(1.0),Blue Pacific 2050: Climate Change And Disasters (Thematic Area 5),I,A,Annual,EG_FEC_RNEW,Renewable energy share in the total final energy consumption,VU,Vanuatu,_T,Total,_T,All ages,_T,National,_T,Total,_T,All education levels,_T,All occupations,_Z,Not applicable,_T,No breakdown by disability,2005,,54.91,,PERCENT,percent,G,Global,E,Estimated,"Energy Balances, UN Statistics Division (2024)",,,,,
DATAFLOW,SPC:DF_BP50_5(1.0),Blue Pacific 2050: Climate Change And Disasters (Thematic Area 5),I,A,Annual,EG_FEC_RNEW,Renewable energy share in the total final energy consumption,VU,Vanuatu,_T,Total,_T,All ages,_T,National,_T,Total,_T,All education levels,_T,All occupations,_Z,Not applicable,_T,No breakdown by disability,2006,,55.28,,PERCENT,percent,G,Global,E,Estimated,"Energy Balances, UN Statistics Division (2024)",,,,,
DATAFLOW,SPC:DF_BP50_5(1.0),Blue Pacific 2050: Climate Change And Disasters (Thematic Area 5),I,A,Annual,EG_FEC_RNEW,Renewable energy share in the total final energy consumption,VU,Vanuatu,_T,Total,_T,All ages,_T,National,_T,Total,_T,All education levels,_T,All occupations,_Z,Not applicable,_T,No breakdown by disability,2007,,51.61,,PERCENT,percent,G,Global,E,Estimated,"Energy Balances, UN Statistics Division (2024)",,,,,
DATAFLOW,SPC:DF_BP50_5(1.0),Blue Pacific 2050: Climate Change And Disasters (Thematic Area 5),I,A,Annual,EG_FEC_RNEW,Renewable energy share in the total final energy consumption,VU,Vanuatu,_T,Total,_T,All ages,_T,National,_T,Total,_T,All education levels,_T,All occupations,_Z,Not applicable,_T,No breakdown by disability,2008,,52.06,,PERCENT,percent,G,Global,E,Estimated,"Energy Balances, UN Statistics Division (2024)",,,,,
DATAFLOW,SPC:DF_BP50_5(1.0),Blue Pacific 2050: Climate Change And Disasters (Thematic Area 5),I,A,Annual,EG_FEC_RNEW,Renewable energy share in the total final energy consumption,VU,Vanuatu,_T,Total,_T,All ages,_T,National,_T,Total,_T,All education levels,_T,All occupations,_Z,Not applicable,_T,No breakdown by disability,2009,,38.66,,PERCENT,percent,G,Global,E,Estimated,"Energy Balances, UN Statistics Division (2024)",,,,,
DATAFLOW,SPC:DF_BP50_5(1.0),Blue Pacific 2050: Climate Change And Disasters (Thematic Area 5),I,A,Annual,EG_FEC_RNEW,Renewable energy share in the total final energy consumption,VU,Vanuatu,_T,Total,_T,All ages,_T,National,_T,Total,_T,All education levels,_T,All occupations,_Z,Not applicable,_T,No breakdown by disability,2010,,38.08,,PERCENT,percent,G,Global,E,Estimated,"Energy Balances, UN Statistics Division (2024)",,,,,
DATAFLOW,SPC:DF_BP50_5(1.0),Blue Pacific 2050: Climate Change And Disasters (Thematic Area 5),I,A,Annual,EG_FEC_RNEW,Renewable energy share in the total final energy consumption,VU,Vanuatu,_T,Total,_T,All ages,_T,National,_T,Total,_T,All education levels,_T,All occupations,_Z,Not applicable,_T,No breakdown by disability,2011,,35.75,,PERCENT,percent,G,Global,E,Estimated,"Energy Balances, UN Statistics Division (2024)",,,,,
DATAFLOW,SPC:DF_BP50_5(1.0),Blue Pacific 2050: Climate Change And Disasters (Thematic Area 5),I,A,Annual,EG_FEC_RNEW,Renewable energy share in the total final energy consumption,VU,Vanuatu,_T,Total,_T,All ages,_T,National,_T,Total,_T,All education levels,_T,All occupations,_Z,Not applicable,_T,No breakdown by disability,2012,,38.98,,PERCENT,percent,G,Global,E,Estimated,"Energy Balances, UN Statistics Division (2024)",,,,,
DATAFLOW,SPC:DF_BP50_5(1.0),Blue Pacific 2050: Climate Change And Disasters (Thematic Area 5),I,A,Annual,EG_FEC_RNEW,Renewable energy share in the total final energy consumption,VU,Vanuatu,_T,Total,_T,All ages,_T,National,_T,Total,_T,All education levels,_T,All occupations,_Z,Not applicable,_T,No breakdown by disability,2013,,40.92,,PERCENT,percent,G,Global,E,Estimated,"Energy Balances, UN Statistics Division (2024)",,,,,
DATAFLOW,SPC:DF_BP50_5(1.0),Blue Pacific 2050: Climate Change And Disasters (Thematic Area 5),I,A,Annual,EG_FEC_RNEW,Renewable energy share in the total final energy consumption,VU,Vanuatu,_T,Total,_T,All ages,_T,National,_T,Total,_T,All education levels,_T,All occupations,_Z,Not applicable,_T,No breakdown by disability,2014,,31.51,,PERCENT,percent,G,Global,E,Estimated,"Energy Balances, UN Statistics Division (2024)",,,,,
DATAFLOW,SPC:DF_BP50_5(1.0),Blue Pacific 2050: Climate Change And Disasters (Thematic Area 5),I,A,Annual,EG_FEC_RNEW,Renewable energy share in the total final energy consumption,VU,Vanuatu,_T,Total,_T,All ages,_T,National,_T,Total,_T,All education levels,_T,All occupations,_Z,Not applicable,_T,No breakdown by disability,2015,,35.62,,PERCENT,percent,G,Global,E,Estimated,"Energy Balances, UN Statistics Division (2024)",,,,,
DATAFLOW,SPC:DF_BP50_5(1.0),Blue Pacific 2050: Climate Change And Disasters (Thematic Area 5),I,A,Annual,EG_FEC_RNEW,Renewable energy share in the total final energy consumption,VU,Vanuatu,_T,Total,_T,All ages,_T,National,_T,Total,_T,All education levels,_T,All occupations,_Z,Not applicable,_T,No breakdown by disability,2016,,33.1,,PERCENT,percent,G,Global,E,Estimated,"Energy Balances, UN Statistics Division (2024)",,,,,
DATAFLOW,SPC:DF_BP50_5(1.0),Blue Pacific 2050: Climate Change And Disasters (Thematic Area 5),I,A,Annual,EG_FEC_RNEW,Renewable energy share in the total final energy consumption,VU,Vanuatu,_T,Total,_T,All ages,_T,National,_T,Total,_T,All education levels,_T,All occupations,_Z,Not applicable,_T,No breakdown by disability,2017,,35.35,,PERCENT,percent,G,Global,E,Estimated,"Energy Balances, UN Statistics Division (2024)",,,,,
DATAFLOW,SPC:DF_BP50_5(1.0),Blue Pacific 2050: Climate Change And Disasters (Thematic Area 5),I,A,Annual,EG_FEC_RNEW,Renewable energy share in the total final energy consumption,VU,Vanuatu,_T,Total,_T,All ages,_T,National,_T,Total,_T,All education levels,_T,All occupations,_Z,Not applicable,_T,No breakdown by disability,2018,,29.4,,PERCENT,percent,G,Global,E,Estimated,"Energy Balances, UN Statistics Division (2024)",,,,,
DATAFLOW,SPC:DF_BP50_5(1.0),Blue Pacific 2050: Climate Change And Disasters (Thematic Area 5),I,A,Annual,EG_FEC_RNEW,Renewable energy share in the total final energy consumption,VU,Vanuatu,_T,Total,_T,All ages,_T,National,_T,Total,_T,All education levels,_T,All occupations,_Z,Not applicable,_T,No breakdown by disability,2019,,31.52,,PERCENT,percent,G,Global,E,Estimated,"Energy Balances, UN Statistics Division (2024)",,,,,
DATAFLOW,SPC:DF_BP50_5(1.0),Blue Pacific 2050: Climate Change And Disasters (Thematic Area 5),I,A,Annual,EG_FEC_RNEW,Renewable energy share in the total final energy consumption,VU,Vanuatu,_T,Total,_T,All ages,_T,National,_T,Total,_T,All education levels,_T,All occupations,_Z,Not applicable,_T,No breakdown by disability,2020,,25.91,,PERCENT,percent,G,Global,E,Estimated,"Energy Balances, UN Statistics Division (2024)",,,,,
DATAFLOW,SPC:DF_BP50_5(1.0),Blue Pacific 2050: Climate Change And Disasters (Thematic Area 5),I,A,Annual,EG_FEC_RNEW,Renewable energy share in the total final energy consumption,VU,Vanuatu,_T,Total,_T,All ages,_T,National,_T,Total,_T,All education levels,_T,All occupations,_Z,Not applicable,_T,No breakdown by disability,2021,,24.25,,PERCENT,percent,G,Global,E,Estimated,"Energy Balances, UN Statistics Division (2024)",,,,,
DATAFLOW,SPC:DF_BP50_5(1.0),Blue Pacific 2050: Climate Change And Disasters (Thematic Area 5),I,A,Annual,EG_FEC_RNEW,Renewable energy share in the total final energy consumption,VU,Vanuatu,_T,Total,_T,All ages,_T,National,_T,Total,_T,All education levels,_T,All occupations,_Z,Not applicable,_T,No breakdown by disability,2022,,27.56,,PERCENT,percent,G,Global,E,Estimated,"Energy Balances, UN Statistics Division (2024)",,,,,
DATAFLOW,SPC:DF_BP50_5(1.0),Blue Pacific 2050: Climate Change And Disasters (Thematic Area 5),I,A,Annual,EG_FEC_RNEW,Renewable energy share in the total final energy consumption,FJ,Fiji,_T,Total,_T,All ages,_T,National,_T,Total,_T,All education levels,_T,All occupations,_Z,Not applicable,_T,No breakdown by disability,2000,,50.06,,PERCENT,percent,G,Global,E,Estimated,"Energy Balances, UN Statistics Division (2024)",,,,,
DATAFLOW,SPC:DF_BP50_5(1.0),Blue Pacific 2050: Climate Change And Disasters (Thematic Area 5),I,A,Annual,EG_FEC_RNEW,Renewable energy share in the total final energy consumption,FJ,Fiji,_T,Total,_T,All ages,_T,National,_T,Total,_T,All education levels,_T,All occupations,_Z,Not applicable,_T,No breakdown by disability,2001,,40.44,,PERCENT,percent,G,Global,E,Estimated,"Energy Balances, UN Statistics Division (2024)",,,,,
DATAFLOW,SPC:DF_BP50_5(1.0),Blue Pacific 2050: Climate Change And Disasters (Thematic Area 5),I,A,Annual,EG_FEC_RNEW,Renewable energy share in the total final energy consumption,FJ,Fiji,_T,Total,_T,All ages,_T,National,_T,Total,_T,All education levels,_T,All occupations,_Z,Not applicable,_T,No breakdown by disability,2002,,48.98,,PERCENT,percent,G,Global,E,Estimated,"Energy Balances, UN Statistics Division (2024)",,,,,
DATAFLOW,SPC:DF_BP50_5(1.0),Blue Pacific 2050: Climate Change And Disasters (Thematic Area 5),I,A,Annual,EG_FEC_RNEW,Renewable energy share in the total final energy consumption,FJ,Fiji,_T,Total,_T,All ages,_T,National,_T,Total,_T,All education levels,_T,All occupations,_Z,Not applicable,_T,No breakdown by disability,2003,,40.83,,PERCENT,percent,G,Global,E,Estimated,"Energy Balances, UN Statistics Division (2024)",,,,,
DATAFLOW,SPC:DF_BP50_5(1.0),Blue Pacific 2050: Climate Change And Disasters (Thematic Area 5),I,A,Annual,EG_FEC_RNEW,Renewable energy share in the total final energy consumption,FJ,Fiji,_T,Total,_T,All ages,_T,National,_T,Total,_T,All education levels,_T,All occupations,_Z,Not applicable,_T,No breakdown by disability,2004,,35.72,,PERCENT,percent,G,Global,E,Estimated,"Energy Balances, UN Statistics Division (2024)",,,,,
DATAFLOW,SPC:DF_BP50_5(1.0),Blue Pacific 2050: Climate Change And Disasters (Thematic Area 5),I,A,Annual,EG_FEC_RNEW,Renewable energy share in the total final energy consumption,FJ,Fiji,_T,Total,_T,All ages,_T,National,_T,Total,_T,All education levels,_T,All occupations,_Z,Not applicable,_T,No breakdown by disability,2005,,40.02,,PERCENT,percent,G,Global,E,Estimated,"Energy Balances, UN Statistics Division (2024)",,,,,
DATAFLOW,SPC:DF_BP50_5(1.0),Blue Pacific 2050: Climate Change And Disasters (Thematic Area 5),I,A,Annual,EG_FEC_RNEW,Renewable energy share in the total final energy consumption,FJ,Fiji,_T,Total,_T,All ages,_T,National,_T,Total,_T,All education levels,_T,All occupations,_Z,Not applicable,_T,No breakdown by disability,2006,,39.07,,PERCENT,percent,G,Global,E,Estimated,"Energy Balances, UN Statistics Division (2024)",,,,,
DATAFLOW,SPC:DF_BP50_5(1.0),Blue Pacific 2050: Climate Change And Disasters (Thematic Area 5),I,A,Annual,EG_FEC_RNEW,Renewable energy share in the total final energy consumption,FJ,Fiji,_T,Total,_T,All ages,_T,National,_T,Total,_T,All education levels,_T,All occupations,_Z,Not applicable,_T,No breakdown by disability,2007,,36.04,,PERCENT,percent,G,Global,E,Estimated,"Energy Balances, UN Statistics Division (2024)",,,,,
DATAFLOW,SPC:DF_BP50_5(1.0),Blue Pacific 2050: Climate Change And Disasters (Thematic Area 5),I,A,Annual,EG_FEC_RNEW,Renewable energy share in the total final energy consumption,FJ,Fiji,_T,Total,_T,All ages,_T,National,_T,Total,_T,All education levels,_T,All occupations,_Z,Not applicable,_T,No breakdown by disability,2008,,42.13,,PERCENT,percent,G,Global,E,Estimated,"Energy Balances, UN Statistics Division (2024)",,,,,
DATAFLOW,SPC:DF_BP50_5(1.0),Blue Pacific 2050: Climate Change And Disasters (Thematic Area 5),I,A,Annual,EG_FEC_RNEW,Renewable energy share in the total final energy consumption,FJ,Fiji,_T,Total,_T,All ages,_T,National,_T,Total,_T,All education levels,_T,All occupations,_Z,Not applicable,_T,No breakdown by disability,2009,,41.62,,PERCENT,percent,G,Global,E,Estimated,"Energy Balances, UN Statistics Division (2024)",,,,,
DATAFLOW,SPC:DF_BP50_5(1.0),Blue Pacific 2050: Climate Change And Disasters (Thematic Area 5),I,A,Annual,EG_FEC_RNEW,Renewable energy share in the total final energy consumption,FJ,Fiji,_T,Total,_T,All ages,_T,National,_T,Total,_T,All education levels,_T,All occupations,_Z,Not applicable,_T,No breakdown by disability,2010,,27.95,,PERCENT,percent,G,Global,E,Estimated,"Energy Balances, UN Statistics Division (2024)",,,,,
DATAFLOW,SPC:DF_BP50_5(1.0),Blue Pacific 2050: Climate Change And Disasters (Thematic Area 5),I,A,Annual,EG_FEC_RNEW,Renewable energy share in the total final energy consumption,FJ,Fiji,_T,Total,_T,All ages,_T,National,_T,Total,_T,All education levels,_T,All occupations,_Z,Not applicable,_T,No breakdown by disability,2011,,33.38,,PERCENT,percent,G,Global,E,Estimated,"Energy Balances, UN Statistics Division (2024)",,,,,
DATAFLOW,SPC:DF_BP50_5(1.0),Blue Pacific 2050: Climate Change And Disasters (Thematic Area 5),I,A,Annual,EG_FEC_RNEW,Renewable energy share in the total final energy consumption,FJ,Fiji,_T,Total,_T,All ages,_T,National,_T,Total,_T,All education levels,_T,All occupations,_Z,Not applicable,_T,No breakdown by disability,2012,,33.26,,PERCENT,percent,G,Global,E,Estimated,"Energy Balances, UN Statistics Division (2024)",,,,,
DATAFLOW,SPC:DF_BP50_5(1.0),Blue Pacific 2050: Climate Change And Disasters (Thematic Area 5),I,A,Annual,EG_FEC_RNEW,Renewable energy share in the total final energy consumption,FJ,Fiji,_T,Total,_T,All ages,_T,National,_T,Total,_T,All education levels,_T,All occupations,_Z,Not applicable,_T,No breakdown by disability,2013,,32.81,,PERCENT,percent,G,Global,E,Estimated,"Energy Balances, UN Statistics Division (2024)",,,,,
DATAFLOW,SPC:DF_BP50_5(1.0),Blue Pacific 2050: Climate Change And Disasters (Thematic Area 5),I,A,Annual,EG_FEC_RNEW,Renewable energy share in the total final energy consumption,FJ,Fiji,_T,Total,_T,All ages,_T,National,_T,Total,_T,All education levels,_T,All occupations,_Z,Not applicable,_T,No breakdown by disability,2014,,33.17,,PERCENT,percent,G,Global,E,Estimated,"Energy Balances, UN Statistics Division (2024)",,,,,
DATAFLOW,SPC:DF_BP50_5(1.0),Blue Pacific 2050: Climate Change And Disasters (Thematic Area 5),I,A,Annual,EG_FEC_RNEW,Renewable energy share in the total final energy consumption,FJ,Fiji,_T,Total,_T,All ages,_T,National,_T,Total,_T,All education levels,_T,All occupations,_Z,Not applicable,_T,No breakdown by disability,2015,,28.55,,PERCENT,percent,G,Global,E,Estimated,"Energy Balances, UN Statistics Division (2024)",,,,,
DATAFLOW,SPC:DF_BP50_5(1.0),Blue Pacific 2050: Climate Change And Disasters (Thematic Area 5),I,A,Annual,EG_FEC_RNEW,Renewable energy share in the total final energy consumption,FJ,Fiji,_T,Total,_T,All ages,_T,National,_T,Total,_T,All education levels,_T,All occupations,_Z,Not applicable,_T,No breakdown by disability,2016,,24.64,,PERCENT,percent,G,Global,E,Estimated,"Energy Balances, UN Statistics Division (2024)",,,,,
DATAFLOW,SPC:DF_BP50_5(1.0),Blue Pacific 2050: Climate Change And Disasters (Thematic Area 5),I,A,Annual,EG_FEC_RNEW,Renewable energy share in the total final energy consumption,FJ,Fiji,_T,Total,_T,All ages,_T,National,_T,Total,_T,All education levels,_T,All occupations,_Z,Not applicable,_T,No breakdown by disability,2017,,26.03,,PERCENT,percent,G,Global,E,Estimated,"Energy Balances, UN Statistics Division (2024)",,,,,
DATAFLOW,SPC:DF_BP50_5(1.0),Blue Pacific 2050: Climate Change And Disasters (Thematic Area 5),I,A,Annual,EG_FEC_RNEW,Renewable energy share in the total final energy consumption,FJ,Fiji,_T,Total,_T,All ages,_T,National,_T,Total,_T,All education levels,_T,All occupations,_Z,Not applicable,_T,No breakdown by disability,2018,,24.41,,PERCENT,percent,G,Global,E,Estimated,"Energy Balances, UN Statistics Division (2024)",,,,,
DATAFLOW,SPC:DF_BP50_5(1.0),Blue Pacific 2050: Climate Change And Disasters (Thematic Area 5),I,A,Annual,EG_FEC_RNEW,Renewable energy share in the total final energy consumption,FJ,Fiji,_T,Total,_T,All ages,_T,National,_T,Total,_T,All education levels,_T,All occupations,_Z,Not applicable,_T,No breakdown by disability,2019,,24.78,,PERCENT,percent,G,Global,E,Estimated,"Energy Balances, UN Statistics Division (2024)",,,,,
DATAFLOW,SPC:DF_BP50_5(1.0),Blue Pacific 2050: Climate Change And Disasters (Thematic Area 5),I,A,Annual,EG_FEC_RNEW,Renewable energy share in the total final energy consumption,FJ,Fiji,_T,Total,_T,All ages,_T,National,_T,Total,_T,All education levels,_T,All occupations,_Z,Not applicable,_T,No breakdown by disability,2020,,25.03,,PERCENT,percent,G,Global,E,Estimated,"Energy Balances, UN Statistics Division (2024)",,,,,
DATAFLOW,SPC:DF_BP50_5(1.0),Blue Pacific 2050: Climate Change And Disasters (Thematic Area 5),I,A,Annual,EG_FEC_RNEW,Renewable energy share in the total final energy consumption,FJ,Fiji,_T,Total,_T,All ages,_T,National,_T,Total,_T,All education levels,_T,All occupations,_Z,Not applicable,_T,No breakdown by disability,2021,,29.92,,PERCENT,percent,G,Global,E,Estimated,"Energy Balances, UN Statistics Division (2024)",,,,,
DATAFLOW,SPC:DF_BP50_5(1.0),Blue Pacific 2050: Climate Change And Disasters (Thematic Area 5),I,A,Annual,EG_FEC_RNEW,Renewable energy share in the total final energy consumption,FJ,Fiji,_T,Total,_T,All ages,_T,National,_T,Total,_T,All education levels,_T,All occupations,_Z,Not applicable,_T,No breakdown by disability,2022,,26.67,,PERCENT,percent,G,Global,E,Estimated,"Energy Balances, UN Statistics Division (2024)",,,,,
DATAFLOW,SPC:DF_BP50_5(1.0),Blue Pacific 2050: Climate Change And Disasters (Thematic Area 5),I,A,Annual,SPC_7_b_1,"Installed renewable electricity-generating capacity (watts per
            capita)",VU,Vanuatu,_T,Total,_T,All ages,_T,National,_T,Total,_T,All education levels,_T,All occupations,TRE_ALL,Type of renewable energy: All,_T,No breakdown by disability,2000,,3.124,,WPC,Watt per capita,G,Global,E,Estimated,Renewable electricity generating capacity from IRENA's electricity capacity database. Population data from the United Nations World Population Prospects.,,,,Year-end value for installed capacity (watts) and mid-year for population,
DATAFLOW,SPC:DF_BP50_5(1.0),Blue Pacific 2050: Climate Change And Disasters (Thematic Area 5),I,A,Annual,SPC_7_b_1,"Installed renewable electricity-generating capacity (watts per
            capita)",VU,Vanuatu,_T,Total,_T,All ages,_T,National,_T,Total,_T,All education levels,_T,All occupations,TRE_ALL,Type of renewable energy: All,_T,No breakdown by disability,2001,,3.045,,WPC,Watt per capita,G,Global,E,Estimated,Renewable electricity generating capacity from IRENA's electricity capacity database. Population data from the United Nations World Population Prospects.,,,,Year-end value for installed capacity (watts) and mid-year for population,
DATAFLOW,SPC:DF_BP50_5(1.0),Blue Pacific 2050: Climate Change And Disasters (Thematic Area 5),I,A,Annual,SPC_7_b_1,"Installed renewable electricity-generating capacity (watts per
            capita)",VU,Vanuatu,_T,Total,_T,All ages,_T,National,_T,Total,_T,All education levels,_T,All occupations,TRE_ALL,Type of renewable energy: All,_T,No breakdown by disability,2002,,2.968,,WPC,Watt per capita,G,Global,E,Estimated,Renewable electricity generating capacity from IRENA's electricity capacity database. Population data from the United Nations World Population Prospects.,,,,Year-end value for installed capacity (watts) and mid-year for population,
DATAFLOW,SPC:DF_BP50_5(1.0),Blue Pacific 2050: Climate Change And Disasters (Thematic Area 5),I,A,Annual,SPC_7_b_1,"Installed renewable electricity-generating capacity (watts per
            capita)",VU,Vanuatu,_T,Total,_T,All ages,_T,National,_T,Total,_T,All education levels,_T,All occupations,TRE_ALL,Type of renewable energy: All,_T,No breakdown by disability,2003,,2.895,,WPC,Watt per capita,G,Global,E,Estimated,Renewable electricity generating capacity from IRENA's electricity capacity database. Population data from the United Nations World Population Prospects.,,,,Year-end value for installed capacity (watts) and mid-year for population,
DATAFLOW,SPC:DF_BP50_5(1.0),Blue Pacific 2050: Climate Change And Disasters (Thematic Area 5),I,A,Annual,SPC_7_b_1,"Installed renewable electricity-generating capacity (watts per
            capita)",VU,Vanuatu,_T,Total,_T,All ages,_T,National,_T,Total,_T,All education levels,_T,All occupations,TRE_ALL,Type of renewable energy: All,_T,No breakdown by disability,2004,,2.825,,WPC,Watt per capita,G,Global,E,Estimated,Renewable electricity generating capacity from IRENA's electricity capacity database. Population data from the United Nations World Population Prospects.,,,,Year-end value for installed capacity (watts) and mid-year for population,
DATAFLOW,SPC:DF_BP50_5(1.0),Blue Pacific 2050: Climate Change And Disasters (Thematic Area 5),I,A,Annual,SPC_7_b_1,"Installed renewable electricity-generating capacity (watts per
            capita)",VU,Vanuatu,_T,Total,_T,All ages,_T,National,_T,Total,_T,All education levels,_T,All occupations,TRE_ALL,Type of renewable energy: All,_T,No breakdown by disability,2005,,2.757,,WPC,Watt per capita,G,Global,E,Estimated,Renewable electricity generating capacity from IRENA's electricity capacity database. Population data from the United Nations World Population Prospects.,,,,Year-end value for installed capacity (watts) and mid-year for population,
DATAFLOW,SPC:DF_BP50_5(1.0),Blue Pacific 2050: Climate Change And Disasters (Thematic Area 5),I,A,Annual,SPC_7_b_1,"Installed renewable electricity-generating capacity (watts per
            capita)",VU,Vanuatu,_T,Total,_T,All ages,_T,National,_T,Total,_T,All education levels,_T,All occupations,TRE_ALL,Type of renewable energy: All,_T,No breakdown by disability,2006,,2.692,,WPC,Watt per capita,G,Global,E,Estimated,Renewable electricity generating capacity from IRENA's electricity capacity database. Population data from the United Nations World Population Prospects.,,,,Year-end value for installed capacity (watts) and mid-year for population,
DATAFLOW,SPC:DF_BP50_5(1.0),Blue Pacific 2050: Climate Change And Disasters (Thematic Area 5),I,A,Annual,SPC_7_b_1,"Installed renewable electricity-generating capacity (watts per
            capita)",VU,Vanuatu,_T,Total,_T,All ages,_T,National,_T,Total,_T,All education levels,_T,All occupations,TRE_ALL,Type of renewable energy: All,_T,No breakdown by disability,2007,,2.628,,WPC,Watt per capita,G,Global,E,Estimated,Renewable electricity generating capacity from IRENA's electricity capacity database. Population data from the United Nations World Population Prospects.,,,,Year-end value for installed capacity (watts) and mid-year for population,
DATAFLOW,SPC:DF_BP50_5(1.0),Blue Pacific 2050: Climate Change And Disasters (Thematic Area 5),I,A,Annual,SPC_7_b_1,"Installed renewable electricity-generating capacity (watts per
            capita)",VU,Vanuatu,_T,Total,_T,All ages,_T,National,_T,Total,_T,All education levels,_T,All occupations,TRE_ALL,Type of renewable energy: All,_T,No breakdown by disability,2008,,15.666,,WPC,Watt per capita,G,Global,E,Estimated,Renewable electricity generating capacity from IRENA's electricity capacity database. Population data from the United Nations World Population Prospects.,,,,Year-end value for installed capacity (watts) and mid-year for population,
DATAFLOW,SPC:DF_BP50_5(1.0),Blue Pacific 2050: Climate Change And Disasters (Thematic Area 5),I,A,Annual,SPC_7_b_1,"Installed renewable electricity-generating capacity (watts per
            capita)",VU,Vanuatu,_T,Total,_T,All ages,_T,National,_T,Total,_T,All education levels,_T,All occupations,TRE_ALL,Type of renewable energy: All,_T,No breakdown by disability,2009,,17.961,,WPC,Watt per capita,G,Global,E,Estimated,Renewable electricity generating capacity from IRENA's electricity capacity database. Population data from the United Nations World Population Prospects.,,,,Year-end value for installed capacity (watts) and mid-year for population,
DATAFLOW,SPC:DF_BP50_5(1.0),Blue Pacific 2050: Climate Change And Disasters (Thematic Area 5),I,A,Annual,SPC_7_b_1,"Installed renewable electricity-generating capacity (watts per
            capita)",VU,Vanuatu,_T,Total,_T,All ages,_T,National,_T,Total,_T,All education levels,_T,All occupations,TRE_ALL,Type of renewable energy: All,_T,No breakdown by disability,2010,,17.539,,WPC,Watt per capita,G,Global,E,Estimated,Renewable electricity generating capacity from IRENA's electricity capacity database. Population data from the United Nations World Population Prospects.,,,,Year-end value for installed capacity (watts) and mid-year for population,
DATAFLOW,SPC:DF_BP50_5(1.0),Blue Pacific 2050: Climate Change And Disasters (Thematic Area 5),I,A,Annual,SPC_7_b_1,"Installed renewable electricity-generating capacity (watts per
            capita)",VU,Vanuatu,_T,Total,_T,All ages,_T,National,_T,Total,_T,All education levels,_T,All occupations,TRE_ALL,Type of renewable energy: All,_T,No breakdown by disability,2011,,28.222,,WPC,Watt per capita,G,Global,E,Estimated,Renewable electricity generating capacity from IRENA's electricity capacity database. Population data from the United Nations World Population Prospects.,,,,Year-end value for installed capacity (watts) and mid-year for population,
DATAFLOW,SPC:DF_BP50_5(1.0),Blue Pacific 2050: Climate Change And Disasters (Thematic Area 5),I,A,Annual,SPC_7_b_1,"Installed renewable electricity-generating capacity (watts per
            capita)",VU,Vanuatu,_T,Total,_T,All ages,_T,National,_T,Total,_T,All education levels,_T,All occupations,TRE_ALL,Type of renewable energy: All,_T,No breakdown by disability,2012,,27.717,,WPC,Watt per capita,G,Global,E,Estimated,Renewable electricity generating capacity from IRENA's electricity capacity database. Population data from the United Nations World Population Prospects.,,,,Year-end value for installed capacity (watts) and mid-year for population,
DATAFLOW,SPC:DF_BP50_5(1.0),Blue Pacific 2050: Climate Change And Disasters (Thematic Area 5),I,A,Annual,SPC_7_b_1,"Installed renewable electricity-generating capacity (watts per
            capita)",VU,Vanuatu,_T,Total,_T,All ages,_T,National,_T,Total,_T,All education levels,_T,All occupations,TRE_ALL,Type of renewable energy: All,_T,No breakdown by disability,2013,,27.124,,WPC,Watt per capita,G,Global,E,Estimated,Renewable electricity generating capacity from IRENA's electricity capacity database. Population data from the United Nations World Population Prospects.,,,,Year-end value for installed capacity (watts) and mid-year for population,
DATAFLOW,SPC:DF_BP50_5(1.0),Blue Pacific 2050: Climate Change And Disasters (Thematic Area 5),I,A,Annual,SPC_7_b_1,"Installed renewable electricity-generating capacity (watts per
            capita)",VU,Vanuatu,_T,Total,_T,All ages,_T,National,_T,Total,_T,All education levels,_T,All occupations,TRE_ALL,Type of renewable energy: All,_T,No breakdown by disability,2014,,29.13,,WPC,Watt per capita,G,Global,E,Estimated,Renewable electricity generating capacity from IRENA's electricity capacity database. Population data from the United Nations World Population Prospects.,,,,Year-end value for installed capacity (watts) and mid-year for population,
DATAFLOW,SPC:DF_BP50_5(1.0),Blue Pacific 2050: Climate Change And Disasters (Thematic Area 5),I,A,Annual,SPC_7_b_1,"Installed renewable electricity-generating capacity (watts per
            capita)",VU,Vanuatu,_T,Total,_T,All ages,_T,National,_T,Total,_T,All education levels,_T,All occupations,TRE_ALL,Type of renewable energy: All,_T,No breakdown by disability,2015,,28.882,,WPC,Watt per capita,G,Global,E,Estimated,Renewable electricity generating capacity from IRENA's electricity capacity database. Population data from the United Nations World Population Prospects.,,,,Year-end value for installed capacity (watts) and mid-year for population,
DATAFLOW,SPC:DF_BP50_5(1.0),Blue Pacific 2050: Climate Change And Disasters (Thematic Area 5),I,A,Annual,SPC_7_b_1,"Installed renewable electricity-generating capacity (watts per
            capita)",VU,Vanuatu,_T,Total,_T,All ages,_T,National,_T,Total,_T,All education levels,_T,All occupations,TRE_ALL,Type of renewable energy: All,_T,No breakdown by disability,2016,,32.851,,WPC,Watt per capita,G,Global,E,Estimated,Renewable electricity generating capacity from IRENA's electricity capacity database. Population data from the United Nations World Population Prospects.,,,,Year-end value for installed capacity (watts) and mid-year for population,
DATAFLOW,SPC:DF_BP50_5(1.0),Blue Pacific 2050: Climate Change And Disasters (Thematic Area 5),I,A,Annual,SPC_7_b_1,"Installed renewable electricity-generating capacity (watts per
            capita)",VU,Vanuatu,_T,Total,_T,All ages,_T,National,_T,Total,_T,All education levels,_T,All occupations,TRE_ALL,Type of renewable energy: All,_T,No breakdown by disability,2017,,34.213,,WPC,Watt per capita,G,Global,E,Estimated,Renewable electricity generating capacity from IRENA's electricity capacity database. Population data from the United Nations World Population Prospects.,,,,Year-end value for installed capacity (watts) and mid-year for population,
DATAFLOW,SPC:DF_BP50_5(1.0),Blue Pacific 2050: Climate Change And Disasters (Thematic Area 5),I,A,Annual,SPC_7_b_1,"Installed renewable electricity-generating capacity (watts per
            capita)",VU,Vanuatu,_T,Total,_T,All ages,_T,National,_T,Total,_T,All education levels,_T,All occupations,TRE_ALL,Type of renewable energy: All,_T,No breakdown by disability,2018,,38.517,,WPC,Watt per capita,G,Global,E,Estimated,Renewable electricity generating capacity from IRENA's electricity capacity database. Population data from the United Nations World Population Prospects.,,,,Year-end value for installed capacity (watts) and mid-year for population,
DATAFLOW,SPC:DF_BP50_5(1.0),Blue Pacific 2050: Climate Change And Disasters (Thematic Area 5),I,A,Annual,SPC_7_b_1,"Installed renewable electricity-generating capacity (watts per
            capita)",VU,Vanuatu,_T,Total,_T,All ages,_T,National,_T,Total,_T,All education levels,_T,All occupations,TRE_ALL,Type of renewable energy: All,_T,No breakdown by disability,2019,,39.313,,WPC,Watt per capita,G,Global,E,Estimated,Renewable electricity generating capacity from IRENA's electricity capacity database. Population data from the United Nations World Population Prospects.,,,,Year-end value for installed capacity (watts) and mid-year for population,
DATAFLOW,SPC:DF_BP50_5(1.0),Blue Pacific 2050: Climate Change And Disasters (Thematic Area 5),I,A,Annual,SPC_7_b_1,"Installed renewable electricity-generating capacity (watts per
            capita)",VU,Vanuatu,_T,Total,_T,All ages,_T,National,_T,Total,_T,All education levels,_T,All occupations,TRE_ALL,Type of renewable energy: All,_T,No breakdown by disability,2020,,38.847,,WPC,Watt per capita,G,Global,E,Estimated,Renewable electricity generating capacity from IRENA's electricity capacity database. Population data from the United Nations World Population Prospects.,,,,Year-end value for installed capacity (watts) and mid-year for population,
DATAFLOW,SPC:DF_BP50_5(1.0),Blue Pacific 2050: Climate Change And Disasters (Thematic Area 5),I,A,Annual,SPC_7_b_1,"Installed renewable electricity-generating capacity (watts per
            capita)",VU,Vanuatu,_T,Total,_T,All ages,_T,National,_T,Total,_T,All education levels,_T,All occupations,TRE_ALL,Type of renewable energy: All,_T,No breakdown by disability,2021,,37.883,,WPC,Watt per capita,G,Global,E,Estimated,Renewable electricity generating capacity from IRENA's electricity capacity database. Population data from the United Nations World Population Prospects.,,,,Year-end value for installed capacity (watts) and mid-year for population,
DATAFLOW,SPC:DF_BP50_5(1.0),Blue Pacific 2050: Climate Change And Disasters (Thematic Area 5),I,A,Annual,SPC_7_b_1,"Installed renewable electricity-generating capacity (watts per
            capita)",VU,Vanuatu,_T,Total,_T,All ages,_T,National,_T,Total,_T,All education levels,_T,All occupations,TRE_ALL,Type of renewable energy: All,_T,No breakdown by disability,2022,,37.13,,WPC,Watt per capita,G,Global,E,Estimated,Renewable electricity generating capacity from IRENA's electricity capacity database. Population data from the United Nations World Population Prospects.,,,,Year-end value for installed capacity (watts) and mid-year for population,
DATAFLOW,SPC:DF_BP50_5(1.0),Blue Pacific 2050: Climate Change And Disasters (Thematic Area 5),I,A,Annual,SPC_7_b_1,"Installed renewable electricity-generating capacity (watts per
            capita)",FM,Micronesia (Federated States of),_T,Total,_T,All ages,_T,National,_T,Total,_T,All education levels,_T,All occupations,TRE_ALL,Type of renewable energy: All,_T,No breakdown by disability,2000,,19.336,,WPC,Watt per capita,G,Global,E,Estimated,Renewable electricity generating capacity from IRENA's electricity capacity database. Population data from the United Nations World Population Prospects.,,,,Year-end value for installed capacity (watts) and mid-year for population,
DATAFLOW,SPC:DF_BP50_5(1.0),Blue Pacific 2050: Climate Change And Disasters (Thematic Area 5),I,A,Annual,SPC_7_b_1,"Installed renewable electricity-generating capacity (watts per
            capita)",FM,Micronesia (Federated States of),_T,Total,_T,All ages,_T,National,_T,Total,_T,All education levels,_T,All occupations,TRE_ALL,Type of renewable energy: All,_T,No breakdown by disability,2001,,19.295,,WPC,Watt per capita,G,Global,E,Estimated,Renewable electricity generating capacity from IRENA's electricity capacity database. Population data from the United Nations World Population Prospects.,,,,Year-end value for installed capacity (watts) and mid-year for population,
DATAFLOW,SPC:DF_BP50_5(1.0),Blue Pacific 2050: Climate Change And Disasters (Thematic Area 5),I,A,Annual,SPC_7_b_1,"Installed renewable electricity-generating capacity (watts per
            capita)",FM,Micronesia (Federated States of),_T,Total,_T,All ages,_T,National,_T,Total,_T,All education levels,_T,All occupations,TRE_ALL,Type of renewable energy: All,_T,No breakdown by disability,2002,,19.287,,WPC,Watt per capita,G,Global,E,Estimated,Renewable electricity generating capacity from IRENA's electricity capacity database. Population data from the United Nations World Population Prospects.,,,,Year-end value for installed capacity (watts) and mid-year for population,
DATAFLOW,SPC:DF_BP50_5(1.0),Blue Pacific 2050: Climate Change And Disasters (Thematic Area 5),I,A,Annual,SPC_7_b_1,"Installed renewable electricity-generating capacity (watts per
            capita)",FM,Micronesia (Federated States of),_T,Total,_T,All ages,_T,National,_T,Total,_T,All education levels,_T,All occupations,TRE_ALL,Type of renewable energy: All,_T,No breakdown by disability,2003,,0.894,,WPC,Watt per capita,G,Global,E,Estimated,Renewable electricity generating capacity from IRENA's electricity capacity database. Population data from the United Nations World Population Prospects.,,,,Year-end value for installed capacity (watts) and mid-year for population,
DATAFLOW,SPC:DF_BP50_5(1.0),Blue Pacific 2050: Climate Change And Disasters (Thematic Area 5),I,A,Annual,SPC_7_b_1,"Installed renewable electricity-generating capacity (watts per
            capita)",FM,Micronesia (Federated States of),_T,Total,_T,All ages,_T,National,_T,Total,_T,All education levels,_T,All occupations,TRE_ALL,Type of renewable energy: All,_T,No breakdown by disability,2004,,0.897,,WPC,Watt per capita,G,Global,E,Estimated,Renewable electricity generating capacity from IRENA's electricity capacity database. Population data from the United Nations World Population Prospects.,,,,Year-end value for installed capacity (watts) and mid-year for population,
DATAFLOW,SPC:DF_BP50_5(1.0),Blue Pacific 2050: Climate Change And Disasters (Thematic Area 5),I,A,Annual,SPC_7_b_1,"Installed renewable electricity-generating capacity (watts per
            capita)",FM,Micronesia (Federated States of),_T,Total,_T,All ages,_T,National,_T,Total,_T,All education levels,_T,All occupations,TRE_ALL,Type of renewable energy: All,_T,No breakdown by disability,2005,,0.901,,WPC,Watt per capita,G,Global,E,Estimated,Renewable electricity generating capacity from IRENA's electricity capacity database. Population data from the United Nations World Population Prospects.,,,,Year-end value for installed capacity (watts) and mid-year for population,
DATAFLOW,SPC:DF_BP50_5(1.0),Blue Pacific 2050: Climate Change And Disasters (Thematic Area 5),I,A,Annual,SPC_7_b_1,"Installed renewable electricity-generating capacity (watts per
            capita)",FM,Micronesia (Federated States of),_T,Total,_T,All ages,_T,National,_T,Total,_T,All education levels,_T,All occupations,TRE_ALL,Type of renewable energy: All,_T,No breakdown by disability,2006,,0.907,,WPC,Watt per capita,G,Global,E,Estimated,Renewable electricity generating capacity from IRENA's electricity capacity database. Population data from the United Nations World Population Prospects.,,,,Year-end value for installed capacity (watts) and mid-year for population,
DATAFLOW,SPC:DF_BP50_5(1.0),Blue Pacific 2050: Climate Change And Disasters (Thematic Area 5),I,A,Annual,SPC_7_b_1,"Installed renewable electricity-generating capacity (watts per
            capita)",FM,Micronesia (Federated States of),_T,Total,_T,All ages,_T,National,_T,Total,_T,All education levels,_T,All occupations,TRE_ALL,Type of renewable energy: All,_T,No breakdown by disability,2007,,1.643,,WPC,Watt per capita,G,Global,E,Estimated,Renewable electricity generating capacity from IRENA's electricity capacity database. Population data from the United Nations World Population Prospects.,,,,Year-end value for installed capacity (watts) and mid-year for population,
DATAFLOW,SPC:DF_BP50_5(1.0),Blue Pacific 2050: Climate Change And Disasters (Thematic Area 5),I,A,Annual,SPC_7_b_1,"Installed renewable electricity-generating capacity (watts per
            capita)",FM,Micronesia (Federated States of),_T,Total,_T,All ages,_T,National,_T,Total,_T,All education levels,_T,All occupations,TRE_ALL,Type of renewable energy: All,_T,No breakdown by disability,2008,,2.162,,WPC,Watt per capita,G,Global,E,Estimated,Renewable electricity generating capacity from IRENA's electricity capacity database. Population data from the United Nations World Population Prospects.,,,,Year-end value for installed capacity (watts) and mid-year for population,
DATAFLOW,SPC:DF_BP50_5(1.0),Blue Pacific 2050: Climate Change And Disasters (Thematic Area 5),I,A,Annual,SPC_7_b_1,"Installed renewable electricity-generating capacity (watts per
            capita)",FM,Micronesia (Federated States of),_T,Total,_T,All ages,_T,National,_T,Total,_T,All education levels,_T,All occupations,TRE_ALL,Type of renewable energy: All,_T,No breakdown by disability,2009,,4.895,,WPC,Watt per capita,G,Global,E,Estimated,Renewable electricity generating capacity from IRENA's electricity capacity database. Population data from the United Nations World Population Prospects.,,,,Year-end value for installed capacity (watts) and mid-year for population,
DATAFLOW,SPC:DF_BP50_5(1.0),Blue Pacific 2050: Climate Change And Disasters (Thematic Area 5),I,A,Annual,SPC_7_b_1,"Installed renewable electricity-generating capacity (watts per
            capita)",FM,Micronesia (Federated States of),_T,Total,_T,All ages,_T,National,_T,Total,_T,All education levels,_T,All occupations,TRE_ALL,Type of renewable energy: All,_T,No breakdown by disability,2010,,4.908,,WPC,Watt per capita,G,Global,E,Estimated,Renewable electricity generating capacity from IRENA's electricity capacity database. Population data from the United Nations World Population Prospects.,,,,Year-end value for installed capacity (watts) and mid-year for population,
DATAFLOW,SPC:DF_BP50_5(1.0),Blue Pacific 2050: Climate Change And Disasters (Thematic Area 5),I,A,Annual,SPC_7_b_1,"Installed renewable electricity-generating capacity (watts per
            capita)",FM,Micronesia (Federated States of),_T,Total,_T,All ages,_T,National,_T,Total,_T,All education levels,_T,All occupations,TRE_ALL,Type of renewable energy: All,_T,No breakdown by disability,2011,,4.894,,WPC,Watt per capita,G,Global,E,Estimated,Renewable electricity generating capacity from IRENA's electricity capacity database. Population data from the United Nations World Population Prospects.,,,,Year-end value for installed capacity (watts) and mid-year for population,
DATAFLOW,SPC:DF_BP50_5(1.0),Blue Pacific 2050: Climate Change And Disasters (Thematic Area 5),I,A,Annual,SPC_7_b_1,"Installed renewable electricity-generating capacity (watts per
            capita)",FM,Micronesia (Federated States of),_T,Total,_T,All ages,_T,National,_T,Total,_T,All education levels,_T,All occupations,TRE_ALL,Type of renewable energy: All,_T,No breakdown by disability,2012,,4.878,,WPC,Watt per capita,G,Global,E,Estimated,Renewable electricity generating capacity from IRENA's electricity capacity database. Population data from the United Nations World Population Prospects.,,,,Year-end value for installed capacity (watts) and mid-year for population,
DATAFLOW,SPC:DF_BP50_5(1.0),Blue Pacific 2050: Climate Change And Disasters (Thematic Area 5),I,A,Annual,SPC_7_b_1,"Installed renewable electricity-generating capacity (watts per
            capita)",FM,Micronesia (Federated States of),_T,Total,_T,All ages,_T,National,_T,Total,_T,All education levels,_T,All occupations,TRE_ALL,Type of renewable energy: All,_T,No breakdown by disability,2013,,6.298,,WPC,Watt per capita,G,Global,E,Estimated,Renewable electricity generating capacity from IRENA's electricity capacity database. Population data from the United Nations World Population Prospects.,,,,Year-end value for installed capacity (watts) and mid-year for population,
DATAFLOW,SPC:DF_BP50_5(1.0),Blue Pacific 2050: Climate Change And Disasters (Thematic Area 5),I,A,Annual,SPC_7_b_1,"Installed renewable electricity-generating capacity (watts per
            capita)",FM,Micronesia (Federated States of),_T,Total,_T,All ages,_T,National,_T,Total,_T,All education levels,_T,All occupations,TRE_ALL,Type of renewable energy: All,_T,No breakdown by disability,2014,,17.042,,WPC,Watt per capita,G,Global,E,Estimated,Renewable electricity generating capacity from IRENA's electricity capacity database. Population data from the United Nations World Population Prospects.,,,,Year-end value for installed capacity (watts) and mid-year for population,
DATAFLOW,SPC:DF_BP50_5(1.0),Blue Pacific 2050: Climate Change And Disasters (Thematic Area 5),I,A,Annual,SPC_7_b_1,"Installed renewable electricity-generating capacity (watts per
            capita)",FM,Micronesia (Federated States of),_T,Total,_T,All ages,_T,National,_T,Total,_T,All education levels,_T,All occupations,TRE_ALL,Type of renewable energy: All,_T,No breakdown by disability,2015,,16.974,,WPC,Watt per capita,G,Global,E,Estimated,Renewable electricity generating capacity from IRENA's electricity capacity database. Population data from the United Nations World Population Prospects.,,,,Year-end value for installed capacity (watts) and mid-year for population,
DATAFLOW,SPC:DF_BP50_5(1.0),Blue Pacific 2050: Climate Change And Disasters (Thematic Area 5),I,A,Annual,SPC_7_b_1,"Installed renewable electricity-generating capacity (watts per
            capita)",FM,Micronesia (Federated States of),_T,Total,_T,All ages,_T,National,_T,Total,_T,All education levels,_T,All occupations,TRE_ALL,Type of renewable energy: All,_T,No breakdown by disability,2016,,22.361,,WPC,Watt per capita,G,Global,E,Estimated,Renewable electricity generating capacity from IRENA's electricity capacity database. Population data from the United Nations World Population Prospects.,,,,Year-end value for installed capacity (watts) and mid-year for population,
DATAFLOW,SPC:DF_BP50_5(1.0),Blue Pacific 2050: Climate Change And Disasters (Thematic Area 5),I,A,Annual,SPC_7_b_1,"Installed renewable electricity-generating capacity (watts per
            capita)",FM,Micronesia (Federated States of),_T,Total,_T,All ages,_T,National,_T,Total,_T,All education levels,_T,All occupations,TRE_ALL,Type of renewable energy: All,_T,No breakdown by disability,2017,,22.258,,WPC,Watt per capita,G,Global,E,Estimated,Renewable electricity generating capacity from IRENA's electricity capacity database. Population data from the United Nations World Population Prospects.,,,,Year-end value for installed capacity (watts) and mid-year for population,
DATAFLOW,SPC:DF_BP50_5(1.0),Blue Pacific 2050: Climate Change And Disasters (Thematic Area 5),I,A,Annual,SPC_7_b_1,"Installed renewable electricity-generating capacity (watts per
            capita)",FM,Micronesia (Federated States of),_T,Total,_T,All ages,_T,National,_T,Total,_T,All education levels,_T,All occupations,TRE_ALL,Type of renewable energy: All,_T,No breakdown by disability,2018,,36.501,,WPC,Watt per capita,G,Global,E,Estimated,Renewable electricity generating capacity from IRENA's electricity capacity database. Population data from the United Nations World Population Prospects.,,,,Year-end value for installed capacity (watts) and mid-year for population,
DATAFLOW,SPC:DF_BP50_5(1.0),Blue Pacific 2050: Climate Change And Disasters (Thematic Area 5),I,A,Annual,SPC_7_b_1,"Installed renewable electricity-generating capacity (watts per
            capita)",FM,Micronesia (Federated States of),_T,Total,_T,All ages,_T,National,_T,Total,_T,All education levels,_T,All occupations,TRE_ALL,Type of renewable energy: All,_T,No breakdown by disability,2019,,39.945,,WPC,Watt per capita,G,Global,E,Estimated,Renewable electricity generating capacity from IRENA's electricity capacity database. Population data from the United Nations World Population Prospects.,,,,Year-end value for installed capacity (watts) and mid-year for population,
DATAFLOW,SPC:DF_BP50_5(1.0),Blue Pacific 2050: Climate Change And Disasters (Thematic Area 5),I,A,Annual,SPC_7_b_1,"Installed renewable electricity-generating capacity (watts per
            capita)",FM,Micronesia (Federated States of),_T,Total,_T,All ages,_T,National,_T,Total,_T,All education levels,_T,All occupations,TRE_ALL,Type of renewable energy: All,_T,No breakdown by disability,2020,,39.686,,WPC,Watt per capita,G,Global,E,Estimated,Renewable electricity generating capacity from IRENA's electricity capacity database. Population data from the United Nations World Population Prospects.,,,,Year-end value for installed capacity (watts) and mid-year for population,
DATAFLOW,SPC:DF_BP50_5(1.0),Blue Pacific 2050: Climate Change And Disasters (Thematic Area 5),I,A,Annual,SPC_7_b_1,"Installed renewable electricity-generating capacity (watts per
            capita)",FM,Micronesia (Federated States of),_T,Total,_T,All ages,_T,National,_T,Total,_T,All education levels,_T,All occupations,TRE_ALL,Type of renewable energy: All,_T,No breakdown by disability,2021,,39.326,,WPC,Watt per capita,G,Global,E,Estimated,Renewable electricity generating capacity from IRENA's electricity capacity database. Population data from the United Nations World Population Prospects.,,,,Year-end value for installed capacity (watts) and mid-year for population,
DATAFLOW,SPC:DF_BP50_5(1.0),Blue Pacific 2050: Climate Change And Disasters (Thematic Area 5),I,A,Annual,SPC_7_b_1,"Installed renewable electricity-generating capacity (watts per
            capita)",FM,Micronesia (Federated States of),_T,Total,_T,All ages,_T,National,_T,Total,_T,All education levels,_T,All occupations,TRE_ALL,Type of renewable energy: All,_T,No breakdown by disability,2022,,38.97,,WPC,Watt per capita,G,Global,E,Estimated,Renewable electricity generating capacity from IRENA's electricity capacity database. Population data from the United Nations World Population Prospects.,,,,Year-end value for installed capacity (watts) and mid-year for population,
DATAFLOW,SPC:DF_BP50_5(1.0),Blue Pacific 2050: Climate Change And Disasters (Thematic Area 5),I,A,Annual,SPC_7_b_1,"Installed renewable electricity-generating capacity (watts per
            capita)",NR,Nauru,_T,Total,_T,All ages,_T,National,_T,Total,_T,All education levels,_T,All occupations,TRE_ALL,Type of renewable energy: All,_T,No breakdown by disability,2000,,0,,WPC,Watt per capita,G,Global,E,Estimated,Renewable electricity generating capacity from IRENA's electricity capacity database. Population data from the United Nations World Population Prospects.,,,,Year-end value for installed capacity (watts) and mid-year for population,
DATAFLOW,SPC:DF_BP50_5(1.0),Blue Pacific 2050: Climate Change And Disasters (Thematic Area 5),I,A,Annual,SPC_7_b_1,"Installed renewable electricity-generating capacity (watts per
            capita)",NR,Nauru,_T,Total,_T,All ages,_T,National,_T,Total,_T,All education levels,_T,All occupations,TRE_ALL,Type of renewable energy: All,_T,No breakdown by disability,2001,,0,,WPC,Watt per capita,G,Global,E,Estimated,Renewable electricity generating capacity from IRENA's electricity capacity database. Population data from the United Nations World Population Prospects.,,,,Year-end value for installed capacity (watts) and mid-year for population,
DATAFLOW,SPC:DF_BP50_5(1.0),Blue Pacific 2050: Climate Change And Disasters (Thematic Area 5),I,A,Annual,SPC_7_b_1,"Installed renewable electricity-generating capacity (watts per
            capita)",NR,Nauru,_T,Total,_T,All ages,_T,National,_T,Total,_T,All education levels,_T,All occupations,TRE_ALL,Type of renewable energy: All,_T,No breakdown by disability,2002,,0,,WPC,Watt per capita,G,Global,E,Estimated,Renewable electricity generating capacity from IRENA's electricity capacity database. Population data from the United Nations World Population Prospects.,,,,Year-end value for installed capacity (watts) and mid-year for population,
DATAFLOW,SPC:DF_BP50_5(1.0),Blue Pacific 2050: Climate Change And Disasters (Thematic Area 5),I,A,Annual,SPC_7_b_1,"Installed renewable electricity-generating capacity (watts per
            capita)",NR,Nauru,_T,Total,_T,All ages,_T,National,_T,Total,_T,All education levels,_T,All occupations,TRE_ALL,Type of renewable energy: All,_T,No breakdown by disability,2003,,0,,WPC,Watt per capita,G,Global,E,Estimated,Renewable electricity generating capacity from IRENA's electricity capacity database. Population data from the United Nations World Population Prospects.,,,,Year-end value for installed capacity (watts) and mid-year for population,
DATAFLOW,SPC:DF_BP50_5(1.0),Blue Pacific 2050: Climate Change And Disasters (Thematic Area 5),I,A,Annual,SPC_7_b_1,"Installed renewable electricity-generating capacity (watts per
            capita)",NR,Nauru,_T,Total,_T,All ages,_T,National,_T,Total,_T,All education levels,_T,All occupations,TRE_ALL,Type of renewable energy: All,_T,No breakdown by disability,2004,,0,,WPC,Watt per capita,G,Global,E,Estimated,Renewable electricity generating capacity from IRENA's electricity capacity database. Population data from the United Nations World Population Prospects.,,,,Year-end value for installed capacity (watts) and mid-year for population,
DATAFLOW,SPC:DF_BP50_5(1.0),Blue Pacific 2050: Climate Change And Disasters (Thematic Area 5),I,A,Annual,SPC_7_b_1,"Installed renewable electricity-generating capacity (watts per
            capita)",NR,Nauru,_T,Total,_T,All ages,_T,National,_T,Total,_T,All education levels,_T,All occupations,TRE_ALL,Type of renewable energy: All,_T,No breakdown by disability,2005,,0,,WPC,Watt per capita,G,Global,E,Estimated,Renewable electricity generating capacity from IRENA's electricity capacity database. Population data from the United Nations World Population Prospects.,,,,Year-end value for installed capacity (watts) and mid-year for population,
DATAFLOW,SPC:DF_BP50_5(1.0),Blue Pacific 2050: Climate Change And Disasters (Thematic Area 5),I,A,Annual,SPC_7_b_1,"Installed renewable electricity-generating capacity (watts per
            capita)",NR,Nauru,_T,Total,_T,All ages,_T,National,_T,Total,_T,All education levels,_T,All occupations,TRE_ALL,Type of renewable energy: All,_T,No breakdown by disability,2006,,3.886,,WPC,Watt per capita,G,Global,E,Estimated,Renewable electricity generating capacity from IRENA's electricity capacity database. Population data from the United Nations World Population Prospects.,,,,Year-end value for installed capacity (watts) and mid-year for population,
DATAFLOW,SPC:DF_BP50_5(1.0),Blue Pacific 2050: Climate Change And Disasters (Thematic Area 5),I,A,Annual,SPC_7_b_1,"Installed renewable electricity-generating capacity (watts per
            capita)",NR,Nauru,_T,Total,_T,All ages,_T,National,_T,Total,_T,All education levels,_T,All occupations,TRE_ALL,Type of renewable energy: All,_T,No breakdown by disability,2007,,3.896,,WPC,Watt per capita,G,Global,E,Estimated,Renewable electricity generating capacity from IRENA's electricity capacity database. Population data from the United Nations World Population Prospects.,,,,Year-end value for installed capacity (watts) and mid-year for population,
DATAFLOW,SPC:DF_BP50_5(1.0),Blue Pacific 2050: Climate Change And Disasters (Thematic Area 5),I,A,Annual,SPC_7_b_1,"Installed renewable electricity-generating capacity (watts per
            capita)",NR,Nauru,_T,Total,_T,All ages,_T,National,_T,Total,_T,All education levels,_T,All occupations,TRE_ALL,Type of renewable energy: All,_T,No breakdown by disability,2008,,3.905,,WPC,Watt per capita,G,Global,E,Estimated,Renewable electricity generating capacity from IRENA's electricity capacity database. Population data from the United Nations World Population Prospects.,,,,Year-end value for installed capacity (watts) and mid-year for population,
DATAFLOW,SPC:DF_BP50_5(1.0),Blue Pacific 2050: Climate Change And Disasters (Thematic Area 5),I,A,Annual,SPC_7_b_1,"Installed renewable electricity-generating capacity (watts per
            capita)",NR,Nauru,_T,Total,_T,All ages,_T,National,_T,Total,_T,All education levels,_T,All occupations,TRE_ALL,Type of renewable energy: All,_T,No breakdown by disability,2009,,3.909,,WPC,Watt per capita,G,Global,E,Estimated,Renewable electricity generating capacity from IRENA's electricity capacity database. Population data from the United Nations World Population Prospects.,,,,Year-end value for installed capacity (watts) and mid-year for population,
DATAFLOW,SPC:DF_BP50_5(1.0),Blue Pacific 2050: Climate Change And Disasters (Thematic Area 5),I,A,Annual,SPC_7_b_1,"Installed renewable electricity-generating capacity (watts per
            capita)",NR,Nauru,_T,Total,_T,All ages,_T,National,_T,Total,_T,All education levels,_T,All occupations,TRE_ALL,Type of renewable energy: All,_T,No breakdown by disability,2010,,3.906,,WPC,Watt per capita,G,Global,E,Estimated,Renewable electricity generating capacity from IRENA's electricity capacity database. Population data from the United Nations World Population Prospects.,,,,Year-end value for installed capacity (watts) and mid-year for population,
DATAFLOW,SPC:DF_BP50_5(1.0),Blue Pacific 2050: Climate Change And Disasters (Thematic Area 5),I,A,Annual,SPC_7_b_1,"Installed renewable electricity-generating capacity (watts per
            capita)",NR,Nauru,_T,Total,_T,All ages,_T,National,_T,Total,_T,All education levels,_T,All occupations,TRE_ALL,Type of renewable energy: All,_T,No breakdown by disability,2011,,3.89,,WPC,Watt per capita,G,Global,E,Estimated,Renewable electricity generating capacity from IRENA's electricity capacity database. Population data from the United Nations World Population Prospects.,,,,Year-end value for installed capacity (watts) and mid-year for population,
DATAFLOW,SPC:DF_BP50_5(1.0),Blue Pacific 2050: Climate Change And Disasters (Thematic Area 5),I,A,Annual,SPC_7_b_1,"Installed renewable electricity-generating capacity (watts per
            capita)",NR,Nauru,_T,Total,_T,All ages,_T,National,_T,Total,_T,All education levels,_T,All occupations,TRE_ALL,Type of renewable energy: All,_T,No breakdown by disability,2012,,6.702,,WPC,Watt per capita,G,Global,E,Estimated,Renewable electricity generating capacity from IRENA's electricity capacity database. Population data from the United Nations World Population Prospects.,,,,Year-end value for installed capacity (watts) and mid-year for population,
DATAFLOW,SPC:DF_BP50_5(1.0),Blue Pacific 2050: Climate Change And Disasters (Thematic Area 5),I,A,Annual,SPC_7_b_1,"Installed renewable electricity-generating capacity (watts per
            capita)",NR,Nauru,_T,Total,_T,All ages,_T,National,_T,Total,_T,All education levels,_T,All occupations,TRE_ALL,Type of renewable energy: All,_T,No breakdown by disability,2013,,19.637,,WPC,Watt per capita,G,Global,E,Estimated,Renewable electricity generating capacity from IRENA's electricity capacity database. Population data from the United Nations World Population Prospects.,,,,Year-end value for installed capacity (watts) and mid-year for population,
DATAFLOW,SPC:DF_BP50_5(1.0),Blue Pacific 2050: Climate Change And Disasters (Thematic Area 5),I,A,Annual,SPC_7_b_1,"Installed renewable electricity-generating capacity (watts per
            capita)",NR,Nauru,_T,Total,_T,All ages,_T,National,_T,Total,_T,All education levels,_T,All occupations,TRE_ALL,Type of renewable energy: All,_T,No breakdown by disability,2014,,19.196,,WPC,Watt per capita,G,Global,E,Estimated,Renewable electricity generating capacity from IRENA's electricity capacity database. Population data from the United Nations World Population Prospects.,,,,Year-end value for installed capacity (watts) and mid-year for population,
DATAFLOW,SPC:DF_BP50_5(1.0),Blue Pacific 2050: Climate Change And Disasters (Thematic Area 5),I,A,Annual,SPC_7_b_1,"Installed renewable electricity-generating capacity (watts per
            capita)",NR,Nauru,_T,Total,_T,All ages,_T,National,_T,Total,_T,All education levels,_T,All occupations,TRE_ALL,Type of renewable energy: All,_T,No breakdown by disability,2015,,18.775,,WPC,Watt per capita,G,Global,E,Estimated,Renewable electricity generating capacity from IRENA's electricity capacity database. Population data from the United Nations World Population Prospects.,,,,Year-end value for installed capacity (watts) and mid-year for population,
DATAFLOW,SPC:DF_BP50_5(1.0),Blue Pacific 2050: Climate Change And Disasters (Thematic Area 5),I,A,Annual,SPC_7_b_1,"Installed renewable electricity-generating capacity (watts per
            capita)",NR,Nauru,_T,Total,_T,All ages,_T,National,_T,Total,_T,All education levels,_T,All occupations,TRE_ALL,Type of renewable energy: All,_T,No breakdown by disability,2016,,62.079,,WPC,Watt per capita,G,Global,E,Estimated,Renewable electricity generating capacity from IRENA's electricity capacity database. Population data from the United Nations World Population Prospects.,,,,Year-end value for installed capacity (watts) and mid-year for population,
DATAFLOW,SPC:DF_BP50_5(1.0),Blue Pacific 2050: Climate Change And Disasters (Thematic Area 5),I,A,Annual,SPC_7_b_1,"Installed renewable electricity-generating capacity (watts per
            capita)",NR,Nauru,_T,Total,_T,All ages,_T,National,_T,Total,_T,All education levels,_T,All occupations,TRE_ALL,Type of renewable energy: All,_T,No breakdown by disability,2017,,60.863,,WPC,Watt per capita,G,Global,E,Estimated,Renewable electricity generating capacity from IRENA's electricity capacity database. Population data from the United Nations World Population Prospects.,,,,Year-end value for installed capacity (watts) and mid-year for population,
DATAFLOW,SPC:DF_BP50_5(1.0),Blue Pacific 2050: Climate Change And Disasters (Thematic Area 5),I,A,Annual,SPC_7_b_1,"Installed renewable electricity-generating capacity (watts per
            capita)",NR,Nauru,_T,Total,_T,All ages,_T,National,_T,Total,_T,All education levels,_T,All occupations,TRE_ALL,Type of renewable energy: All,_T,No breakdown by disability,2018,,69.02,,WPC,Watt per capita,G,Global,E,Estimated,Renewable electricity generating capacity from IRENA's electricity capacity database. Population data from the United Nations World Population Prospects.,,,,Year-end value for installed capacity (watts) and mid-year for population,
DATAFLOW,SPC:DF_BP50_5(1.0),Blue Pacific 2050: Climate Change And Disasters (Thematic Area 5),I,A,Annual,SPC_7_b_1,"Installed renewable electricity-generating capacity (watts per
            capita)",NR,Nauru,_T,Total,_T,All ages,_T,National,_T,Total,_T,All education levels,_T,All occupations,TRE_ALL,Type of renewable energy: All,_T,No breakdown by disability,2019,,204.088,,WPC,Watt per capita,G,Global,E,Estimated,Renewable electricity generating capacity from IRENA's electricity capacity database. Population data from the United Nations World Population Prospects.,,,,Year-end value for installed capacity (watts) and mid-year for population,
DATAFLOW,SPC:DF_BP50_5(1.0),Blue Pacific 2050: Climate Change And Disasters (Thematic Area 5),I,A,Annual,SPC_7_b_1,"Installed renewable electricity-generating capacity (watts per
            capita)",NR,Nauru,_T,Total,_T,All ages,_T,National,_T,Total,_T,All education levels,_T,All occupations,TRE_ALL,Type of renewable energy: All,_T,No breakdown by disability,2020,,201.462,,WPC,Watt per capita,G,Global,E,Estimated,Renewable electricity generating capacity from IRENA's electricity capacity database. Population data from the United Nations World Population Prospects.,,,,Year-end value for installed capacity (watts) and mid-year for population,
DATAFLOW,SPC:DF_BP50_5(1.0),Blue Pacific 2050: Climate Change And Disasters (Thematic Area 5),I,A,Annual,SPC_7_b_1,"Installed renewable electricity-generating capacity (watts per
            capita)",NR,Nauru,_T,Total,_T,All ages,_T,National,_T,Total,_T,All education levels,_T,All occupations,TRE_ALL,Type of renewable energy: All,_T,No breakdown by disability,2021,,232.036,,WPC,Watt per capita,G,Global,E,Estimated,Renewable electricity generating capacity from IRENA's electricity capacity database. Population data from the United Nations World Population Prospects.,,,,Year-end value for installed capacity (watts) and mid-year for population,
DATAFLOW,SPC:DF_BP50_5(1.0),Blue Pacific 2050: Climate Change And Disasters (Thematic Area 5),I,A,Annual,SPC_7_b_1,"Installed renewable electricity-generating capacity (watts per
            capita)",NR,Nauru,_T,Total,_T,All ages,_T,National,_T,Total,_T,All education levels,_T,All occupations,TRE_ALL,Type of renewable energy: All,_T,No breakdown by disability,2022,,249.684,,WPC,Watt per capita,G,Global,E,Estimated,Renewable electricity generating capacity from IRENA's electricity capacity database. Population data from the United Nations World Population Prospects.,,,,Year-end value for installed capacity (watts) and mid-year for population,
DATAFLOW,SPC:DF_BP50_5(1.0),Blue Pacific 2050: Climate Change And Disasters (Thematic Area 5),I,A,Annual,EG_FEC_RNEW,Renewable energy share in the total final energy consumption,SB,Solomon Islands,_T,Total,_T,All ages,_T,National,_T,Total,_T,All education levels,_T,All occupations,_Z,Not applicable,_T,No breakdown by disability,2000,,55.26,,PERCENT,percent,G,Global,E,Estimated,"Energy Balances, UN Statistics Division (2024)",,,,,
DATAFLOW,SPC:DF_BP50_5(1.0),Blue Pacific 2050: Climate Change And Disasters (Thematic Area 5),I,A,Annual,EG_FEC_RNEW,Renewable energy share in the total final energy consumption,SB,Solomon Islands,_T,Total,_T,All ages,_T,National,_T,Total,_T,All education levels,_T,All occupations,_Z,Not applicable,_T,No breakdown by disability,2001,,54.14,,PERCENT,percent,G,Global,E,Estimated,"Energy Balances, UN Statistics Division (2024)",,,,,
DATAFLOW,SPC:DF_BP50_5(1.0),Blue Pacific 2050: Climate Change And Disasters (Thematic Area 5),I,A,Annual,EG_FEC_RNEW,Renewable energy share in the total final energy consumption,SB,Solomon Islands,_T,Total,_T,All ages,_T,National,_T,Total,_T,All education levels,_T,All occupations,_Z,Not applicable,_T,No breakdown by disability,2002,,52.82,,PERCENT,percent,G,Global,E,Estimated,"Energy Balances, UN Statistics Division (2024)",,,,,
DATAFLOW,SPC:DF_BP50_5(1.0),Blue Pacific 2050: Climate Change And Disasters (Thematic Area 5),I,A,Annual,EG_FEC_RNEW,Renewable energy share in the total final energy consumption,SB,Solomon Islands,_T,Total,_T,All ages,_T,National,_T,Total,_T,All education levels,_T,All occupations,_Z,Not applicable,_T,No breakdown by disability,2003,,51.46,,PERCENT,percent,G,Global,E,Estimated,"Energy Balances, UN Statistics Division (2024)",,,,,
DATAFLOW,SPC:DF_BP50_5(1.0),Blue Pacific 2050: Climate Change And Disasters (Thematic Area 5),I,A,Annual,EG_FEC_RNEW,Renewable energy share in the total final energy consumption,SB,Solomon Islands,_T,Total,_T,All ages,_T,National,_T,Total,_T,All education levels,_T,All occupations,_Z,Not applicable,_T,No breakdown by disability,2004,,49.91,,PERCENT,percent,G,Global,E,Estimated,"Energy Balances, UN Statistics Division (2024)",,,,,
DATAFLOW,SPC:DF_BP50_5(1.0),Blue Pacific 2050: Climate Change And Disasters (Thematic Area 5),I,A,Annual,EG_FEC_RNEW,Renewable energy share in the total final energy consumption,SB,Solomon Islands,_T,Total,_T,All ages,_T,National,_T,Total,_T,All education levels,_T,All occupations,_Z,Not applicable,_T,No breakdown by disability,2005,,49.7,,PERCENT,percent,G,Global,E,Estimated,"Energy Balances, UN Statistics Division (2024)",,,,,
DATAFLOW,SPC:DF_BP50_5(1.0),Blue Pacific 2050: Climate Change And Disasters (Thematic Area 5),I,A,Annual,EG_FEC_RNEW,Renewable energy share in the total final energy consumption,SB,Solomon Islands,_T,Total,_T,All ages,_T,National,_T,Total,_T,All education levels,_T,All occupations,_Z,Not applicable,_T,No breakdown by disability,2006,,48.93,,PERCENT,percent,G,Global,E,Estimated,"Energy Balances, UN Statistics Division (2024)",,,,,
DATAFLOW,SPC:DF_BP50_5(1.0),Blue Pacific 2050: Climate Change And Disasters (Thematic Area 5),I,A,Annual,EG_FEC_RNEW,Renewable energy share in the total final energy consumption,SB,Solomon Islands,_T,Total,_T,All ages,_T,National,_T,Total,_T,All education levels,_T,All occupations,_Z,Not applicable,_T,No breakdown by disability,2007,,47.42,,PERCENT,percent,G,Global,E,Estimated,"Energy Balances, UN Statistics Division (2024)",,,,,
DATAFLOW,SPC:DF_BP50_5(1.0),Blue Pacific 2050: Climate Change And Disasters (Thematic Area 5),I,A,Annual,EG_FEC_RNEW,Renewable energy share in the total final energy consumption,SB,Solomon Islands,_T,Total,_T,All ages,_T,National,_T,Total,_T,All education levels,_T,All occupations,_Z,Not applicable,_T,No breakdown by disability,2008,,46.69,,PERCENT,percent,G,Global,E,Estimated,"Energy Balances, UN Statistics Division (2024)",,,,,
DATAFLOW,SPC:DF_BP50_5(1.0),Blue Pacific 2050: Climate Change And Disasters (Thematic Area 5),I,A,Annual,EG_FEC_RNEW,Renewable energy share in the total final energy consumption,SB,Solomon Islands,_T,Total,_T,All ages,_T,National,_T,Total,_T,All education levels,_T,All occupations,_Z,Not applicable,_T,No breakdown by disability,2009,,45.79,,PERCENT,percent,G,Global,E,Estimated,"Energy Balances, UN Statistics Division (2024)",,,,,
DATAFLOW,SPC:DF_BP50_5(1.0),Blue Pacific 2050: Climate Change And Disasters (Thematic Area 5),I,A,Annual,EG_FEC_RNEW,Renewable energy share in the total final energy consumption,SB,Solomon Islands,_T,Total,_T,All ages,_T,National,_T,Total,_T,All education levels,_T,All occupations,_Z,Not applicable,_T,No breakdown by disability,2010,,45.07,,PERCENT,percent,G,Global,E,Estimated,"Energy Balances, UN Statistics Division (2024)",,,,,
DATAFLOW,SPC:DF_BP50_5(1.0),Blue Pacific 2050: Climate Change And Disasters (Thematic Area 5),I,A,Annual,EG_FEC_RNEW,Renewable energy share in the total final energy consumption,SB,Solomon Islands,_T,Total,_T,All ages,_T,National,_T,Total,_T,All education levels,_T,All occupations,_Z,Not applicable,_T,No breakdown by disability,2011,,43.61,,PERCENT,percent,G,Global,E,Estimated,"Energy Balances, UN Statistics Division (2024)",,,,,
DATAFLOW,SPC:DF_BP50_5(1.0),Blue Pacific 2050: Climate Change And Disasters (Thematic Area 5),I,A,Annual,EG_FEC_RNEW,Renewable energy share in the total final energy consumption,SB,Solomon Islands,_T,Total,_T,All ages,_T,National,_T,Total,_T,All education levels,_T,All occupations,_Z,Not applicable,_T,No breakdown by disability,2012,,43.82,,PERCENT,percent,G,Global,E,Estimated,"Energy Balances, UN Statistics Division (2024)",,,,,
DATAFLOW,SPC:DF_BP50_5(1.0),Blue Pacific 2050: Climate Change And Disasters (Thematic Area 5),I,A,Annual,EG_FEC_RNEW,Renewable energy share in the total final energy consumption,SB,Solomon Islands,_T,Total,_T,All ages,_T,National,_T,Total,_T,All education levels,_T,All occupations,_Z,Not applicable,_T,No breakdown by disability,2013,,41.83,,PERCENT,percent,G,Global,E,Estimated,"Energy Balances, UN Statistics Division (2024)",,,,,
DATAFLOW,SPC:DF_BP50_5(1.0),Blue Pacific 2050: Climate Change And Disasters (Thematic Area 5),I,A,Annual,EG_FEC_RNEW,Renewable energy share in the total final energy consumption,SB,Solomon Islands,_T,Total,_T,All ages,_T,National,_T,Total,_T,All education levels,_T,All occupations,_Z,Not applicable,_T,No breakdown by disability,2014,,45.89,,PERCENT,percent,G,Global,E,Estimated,"Energy Balances, UN Statistics Division (2024)",,,,,
DATAFLOW,SPC:DF_BP50_5(1.0),Blue Pacific 2050: Climate Change And Disasters (Thematic Area 5),I,A,Annual,EG_FEC_RNEW,Renewable energy share in the total final energy consumption,SB,Solomon Islands,_T,Total,_T,All ages,_T,National,_T,Total,_T,All education levels,_T,All occupations,_Z,Not applicable,_T,No breakdown by disability,2015,,48.64,,PERCENT,percent,G,Global,E,Estimated,"Energy Balances, UN Statistics Division (2024)",,,,,
DATAFLOW,SPC:DF_BP50_5(1.0),Blue Pacific 2050: Climate Change And Disasters (Thematic Area 5),I,A,Annual,EG_FEC_RNEW,Renewable energy share in the total final energy consumption,SB,Solomon Islands,_T,Total,_T,All ages,_T,National,_T,Total,_T,All education levels,_T,All occupations,_Z,Not applicable,_T,No breakdown by disability,2016,,48.7,,PERCENT,percent,G,Global,E,Estimated,"Energy Balances, UN Statistics Division (2024)",,,,,
DATAFLOW,SPC:DF_BP50_5(1.0),Blue Pacific 2050: Climate Change And Disasters (Thematic Area 5),I,A,Annual,EG_FEC_RNEW,Renewable energy share in the total final energy consumption,SB,Solomon Islands,_T,Total,_T,All ages,_T,National,_T,Total,_T,All education levels,_T,All occupations,_Z,Not applicable,_T,No breakdown by disability,2017,,48.98,,PERCENT,percent,G,Global,E,Estimated,"Energy Balances, UN Statistics Division (2024)",,,,,
DATAFLOW,SPC:DF_BP50_5(1.0),Blue Pacific 2050: Climate Change And Disasters (Thematic Area 5),I,A,Annual,EG_FEC_RNEW,Renewable energy share in the total final energy consumption,SB,Solomon Islands,_T,Total,_T,All ages,_T,National,_T,Total,_T,All education levels,_T,All occupations,_Z,Not applicable,_T,No breakdown by disability,2018,,48.64,,PERCENT,percent,G,Global,E,Estimated,"Energy Balances, UN Statistics Division (2024)",,,,,
DATAFLOW,SPC:DF_BP50_5(1.0),Blue Pacific 2050: Climate Change And Disasters (Thematic Area 5),I,A,Annual,EG_FEC_RNEW,Renewable energy share in the total final energy consumption,SB,Solomon Islands,_T,Total,_T,All ages,_T,National,_T,Total,_T,All education levels,_T,All occupations,_Z,Not applicable,_T,No breakdown by disability,2019,,48.36,,PERCENT,percent,G,Global,E,Estimated,"Energy Balances, UN Statistics Division (2024)",,,,,
DATAFLOW,SPC:DF_BP50_5(1.0),Blue Pacific 2050: Climate Change And Disasters (Thematic Area 5),I,A,Annual,EG_FEC_RNEW,Renewable energy share in the total final energy consumption,SB,Solomon Islands,_T,Total,_T,All ages,_T,National,_T,Total,_T,All education levels,_T,All occupations,_Z,Not applicable,_T,No breakdown by disability,2020,,49.03,,PERCENT,percent,G,Global,E,Estimated,"Energy Balances, UN Statistics Division (2024)",,,,,
DATAFLOW,SPC:DF_BP50_5(1.0),Blue Pacific 2050: Climate Change And Disasters (Thematic Area 5),I,A,Annual,EG_FEC_RNEW,Renewable energy share in the total final energy consumption,SB,Solomon Islands,_T,Total,_T,All ages,_T,National,_T,Total,_T,All education levels,_T,All occupations,_Z,Not applicable,_T,No breakdown by disability,2021,,49.13,,PERCENT,percent,G,Global,E,Estimated,"Energy Balances, UN Statistics Division (2024)",,,,,
DATAFLOW,SPC:DF_BP50_5(1.0),Blue Pacific 2050: Climate Change And Disasters (Thematic Area 5),I,A,Annual,EG_FEC_RNEW,Renewable energy share in the total final energy consumption,SB,Solomon Islands,_T,Total,_T,All ages,_T,National,_T,Total,_T,All education levels,_T,All occupations,_Z,Not applicable,_T,No breakdown by disability,2022,,50.08,,PERCENT,percent,G,Global,E,Estimated,"Energy Balances, UN Statistics Division (2024)",,,,,
DATAFLOW,SPC:DF_BP50_5(1.0),Blue Pacific 2050: Climate Change And Disasters (Thematic Area 5),I,A,Annual,EG_FEC_RNEW,Renewable energy share in the total final energy consumption,NR,Nauru,_T,Total,_T,All ages,_T,National,_T,Total,_T,All education levels,_T,All occupations,_Z,Not applicable,_T,No breakdown by disability,2000,,0,,PERCENT,percent,G,Global,E,Estimated,"Energy Balances, UN Statistics Division (2024)",,,,,
DATAFLOW,SPC:DF_BP50_5(1.0),Blue Pacific 2050: Climate Change And Disasters (Thematic Area 5),I,A,Annual,EG_FEC_RNEW,Renewable energy share in the total final energy consumption,NR,Nauru,_T,Total,_T,All ages,_T,National,_T,Total,_T,All education levels,_T,All occupations,_Z,Not applicable,_T,No breakdown by disability,2001,,0,,PERCENT,percent,G,Global,E,Estimated,"Energy Balances, UN Statistics Division (2024)",,,,,
DATAFLOW,SPC:DF_BP50_5(1.0),Blue Pacific 2050: Climate Change And Disasters (Thematic Area 5),I,A,Annual,EG_FEC_RNEW,Renewable energy share in the total final energy consumption,NR,Nauru,_T,Total,_T,All ages,_T,National,_T,Total,_T,All education levels,_T,All occupations,_Z,Not applicable,_T,No breakdown by disability,2002,,0,,PERCENT,percent,G,Global,E,Estimated,"Energy Balances, UN Statistics Division (2024)",,,,,
DATAFLOW,SPC:DF_BP50_5(1.0),Blue Pacific 2050: Climate Change And Disasters (Thematic Area 5),I,A,Annual,EG_FEC_RNEW,Renewable energy share in the total final energy consumption,NR,Nauru,_T,Total,_T,All ages,_T,National,_T,Total,_T,All education levels,_T,All occupations,_Z,Not applicable,_T,No breakdown by disability,2003,,0,,PERCENT,percent,G,Global,E,Estimated,"Energy Balances, UN Statistics Division (2024)",,,,,
DATAFLOW,SPC:DF_BP50_5(1.0),Blue Pacific 2050: Climate Change And Disasters (Thematic Area 5),I,A,Annual,EG_FEC_RNEW,Renewable energy share in the total final energy consumption,NR,Nauru,_T,Total,_T,All ages,_T,National,_T,Total,_T,All education levels,_T,All occupations,_Z,Not applicable,_T,No breakdown by disability,2004,,0,,PERCENT,percent,G,Global,E,Estimated,"Energy Balances, UN Statistics Division (2024)",,,,,
DATAFLOW,SPC:DF_BP50_5(1.0),Blue Pacific 2050: Climate Change And Disasters (Thematic Area 5),I,A,Annual,EG_FEC_RNEW,Renewable energy share in the total final energy consumption,NR,Nauru,_T,Total,_T,All ages,_T,National,_T,Total,_T,All education levels,_T,All occupations,_Z,Not applicable,_T,No breakdown by disability,2005,,0,,PERCENT,percent,G,Global,E,Estimated,"Energy Balances, UN Statistics Division (2024)",,,,,
DATAFLOW,SPC:DF_BP50_5(1.0),Blue Pacific 2050: Climate Change And Disasters (Thematic Area 5),I,A,Annual,EG_FEC_RNEW,Renewable energy share in the total final energy consumption,NR,Nauru,_T,Total,_T,All ages,_T,National,_T,Total,_T,All education levels,_T,All occupations,_Z,Not applicable,_T,No breakdown by disability,2006,,0.07,,PERCENT,percent,G,Global,E,Estimated,"Energy Balances, UN Statistics Division (2024)",,,,,
DATAFLOW,SPC:DF_BP50_5(1.0),Blue Pacific 2050: Climate Change And Disasters (Thematic Area 5),I,A,Annual,EG_FEC_RNEW,Renewable energy share in the total final energy consumption,NR,Nauru,_T,Total,_T,All ages,_T,National,_T,Total,_T,All education levels,_T,All occupations,_Z,Not applicable,_T,No breakdown by disability,2007,,0.08,,PERCENT,percent,G,Global,E,Estimated,"Energy Balances, UN Statistics Division (2024)",,,,,
DATAFLOW,SPC:DF_BP50_5(1.0),Blue Pacific 2050: Climate Change And Disasters (Thematic Area 5),I,A,Annual,EG_FEC_RNEW,Renewable energy share in the total final energy consumption,NR,Nauru,_T,Total,_T,All ages,_T,National,_T,Total,_T,All education levels,_T,All occupations,_Z,Not applicable,_T,No breakdown by disability,2008,,0.08,,PERCENT,percent,G,Global,E,Estimated,"Energy Balances, UN Statistics Division (2024)",,,,,
DATAFLOW,SPC:DF_BP50_5(1.0),Blue Pacific 2050: Climate Change And Disasters (Thematic Area 5),I,A,Annual,EG_FEC_RNEW,Renewable energy share in the total final energy consumption,NR,Nauru,_T,Total,_T,All ages,_T,National,_T,Total,_T,All education levels,_T,All occupations,_Z,Not applicable,_T,No breakdown by disability,2009,,0.04,,PERCENT,percent,G,Global,E,Estimated,"Energy Balances, UN Statistics Division (2024)",,,,,
DATAFLOW,SPC:DF_BP50_5(1.0),Blue Pacific 2050: Climate Change And Disasters (Thematic Area 5),I,A,Annual,EG_FEC_RNEW,Renewable energy share in the total final energy consumption,NR,Nauru,_T,Total,_T,All ages,_T,National,_T,Total,_T,All education levels,_T,All occupations,_Z,Not applicable,_T,No breakdown by disability,2010,,0.03,,PERCENT,percent,G,Global,E,Estimated,"Energy Balances, UN Statistics Division (2024)",,,,,
DATAFLOW,SPC:DF_BP50_5(1.0),Blue Pacific 2050: Climate Change And Disasters (Thematic Area 5),I,A,Annual,EG_FEC_RNEW,Renewable energy share in the total final energy consumption,NR,Nauru,_T,Total,_T,All ages,_T,National,_T,Total,_T,All education levels,_T,All occupations,_Z,Not applicable,_T,No breakdown by disability,2011,,0.05,,PERCENT,percent,G,Global,E,Estimated,"Energy Balances, UN Statistics Division (2024)",,,,,
DATAFLOW,SPC:DF_BP50_5(1.0),Blue Pacific 2050: Climate Change And Disasters (Thematic Area 5),I,A,Annual,EG_FEC_RNEW,Renewable energy share in the total final energy consumption,NR,Nauru,_T,Total,_T,All ages,_T,National,_T,Total,_T,All education levels,_T,All occupations,_Z,Not applicable,_T,No breakdown by disability,2012,,0.07,,PERCENT,percent,G,Global,E,Estimated,"Energy Balances, UN Statistics Division (2024)",,,,,
DATAFLOW,SPC:DF_BP50_5(1.0),Blue Pacific 2050: Climate Change And Disasters (Thematic Area 5),I,A,Annual,EG_FEC_RNEW,Renewable energy share in the total final energy consumption,NR,Nauru,_T,Total,_T,All ages,_T,National,_T,Total,_T,All education levels,_T,All occupations,_Z,Not applicable,_T,No breakdown by disability,2013,,0.06,,PERCENT,percent,G,Global,E,Estimated,"Energy Balances, UN Statistics Division (2024)",,,,,
DATAFLOW,SPC:DF_BP50_5(1.0),Blue Pacific 2050: Climate Change And Disasters (Thematic Area 5),I,A,Annual,EG_FEC_RNEW,Renewable energy share in the total final energy consumption,NR,Nauru,_T,Total,_T,All ages,_T,National,_T,Total,_T,All education levels,_T,All occupations,_Z,Not applicable,_T,No breakdown by disability,2014,,0.05,,PERCENT,percent,G,Global,E,Estimated,"Energy Balances, UN Statistics Division (2024)",,,,,
DATAFLOW,SPC:DF_BP50_5(1.0),Blue Pacific 2050: Climate Change And Disasters (Thematic Area 5),I,A,Annual,EG_FEC_RNEW,Renewable energy share in the total final energy consumption,NR,Nauru,_T,Total,_T,All ages,_T,National,_T,Total,_T,All education levels,_T,All occupations,_Z,Not applicable,_T,No breakdown by disability,2015,,0.1,,PERCENT,percent,G,Global,E,Estimated,"Energy Balances, UN Statistics Division (2024)",,,,,
DATAFLOW,SPC:DF_BP50_5(1.0),Blue Pacific 2050: Climate Change And Disasters (Thematic Area 5),I,A,Annual,EG_FEC_RNEW,Renewable energy share in the total final energy consumption,NR,Nauru,_T,Total,_T,All ages,_T,National,_T,Total,_T,All education levels,_T,All occupations,_Z,Not applicable,_T,No breakdown by disability,2016,,0.18,,PERCENT,percent,G,Global,E,Estimated,"Energy Balances, UN Statistics Division (2024)",,,,,
DATAFLOW,SPC:DF_BP50_5(1.0),Blue Pacific 2050: Climate Change And Disasters (Thematic Area 5),I,A,Annual,EG_FEC_RNEW,Renewable energy share in the total final energy consumption,NR,Nauru,_T,Total,_T,All ages,_T,National,_T,Total,_T,All education levels,_T,All occupations,_Z,Not applicable,_T,No breakdown by disability,2017,,0.6,,PERCENT,percent,G,Global,E,Estimated,"Energy Balances, UN Statistics Division (2024)",,,,,
DATAFLOW,SPC:DF_BP50_5(1.0),Blue Pacific 2050: Climate Change And Disasters (Thematic Area 5),I,A,Annual,EG_FEC_RNEW,Renewable energy share in the total final energy consumption,NR,Nauru,_T,Total,_T,All ages,_T,National,_T,Total,_T,All education levels,_T,All occupations,_Z,Not applicable,_T,No breakdown by disability,2018,,0.66,,PERCENT,percent,G,Global,E,Estimated,"Energy Balances, UN Statistics Division (2024)",,,,,
DATAFLOW,SPC:DF_BP50_5(1.0),Blue Pacific 2050: Climate Change And Disasters (Thematic Area 5),I,A,Annual,EG_FEC_RNEW,Renewable energy share in the total final energy consumption,NR,Nauru,_T,Total,_T,All ages,_T,National,_T,Total,_T,All education levels,_T,All occupations,_Z,Not applicable,_T,No breakdown by disability,2019,,0.59,,PERCENT,percent,G,Global,E,Estimated,"Energy Balances, UN Statistics Division (2024)",,,,,
DATAFLOW,SPC:DF_BP50_5(1.0),Blue Pacific 2050: Climate Change And Disasters (Thematic Area 5),I,A,Annual,EG_FEC_RNEW,Renewable energy share in the total final energy consumption,NR,Nauru,_T,Total,_T,All ages,_T,National,_T,Total,_T,All education levels,_T,All occupations,_Z,Not applicable,_T,No breakdown by disability,2020,,1.34,,PERCENT,percent,G,Global,E,Estimated,"Energy Balances, UN Statistics Division (2024)",,,,,
DATAFLOW,SPC:DF_BP50_5(1.0),Blue Pacific 2050: Climate Change And Disasters (Thematic Area 5),I,A,Annual,EG_FEC_RNEW,Renewable energy share in the total final energy consumption,NR,Nauru,_T,Total,_T,All ages,_T,National,_T,Total,_T,All education levels,_T,All occupations,_Z,Not applicable,_T,No breakdown by disability,2021,,1.72,,PERCENT,percent,G,Global,E,Estimated,"Energy Balances, UN Statistics Division (2024)",,,,,
DATAFLOW,SPC:DF_BP50_5(1.0),Blue Pacific 2050: Climate Change And Disasters (Thematic Area 5),I,A,Annual,EG_FEC_RNEW,Renewable energy share in the total final energy consumption,NR,Nauru,_T,Total,_T,All ages,_T,National,_T,Total,_T,All education levels,_T,All occupations,_Z,Not applicable,_T,No breakdown by disability,2022,,1.75,,PERCENT,percent,G,Global,E,Estimated,"Energy Balances, UN Statistics Division (2024)",,,,,
DATAFLOW,SPC:DF_BP50_5(1.0),Blue Pacific 2050: Climate Change And Disasters (Thematic Area 5),I,A,Annual,EG_FEC_RNEW,Renewable energy share in the total final energy consumption,TV,Tuvalu,_T,Total,_T,All ages,_T,National,_T,Total,_T,All education levels,_T,All occupations,_Z,Not applicable,_T,No breakdown by disability,2000,,0.04,,PERCENT,percent,G,Global,E,Estimated,"Energy Balances, UN Statistics Division (2024)",,,,,
DATAFLOW,SPC:DF_BP50_5(1.0),Blue Pacific 2050: Climate Change And Disasters (Thematic Area 5),I,A,Annual,EG_FEC_RNEW,Renewable energy share in the total final energy consumption,TV,Tuvalu,_T,Total,_T,All ages,_T,National,_T,Total,_T,All education levels,_T,All occupations,_Z,Not applicable,_T,No breakdown by disability,2001,,0.03,,PERCENT,percent,G,Global,E,Estimated,"Energy Balances, UN Statistics Division (2024)",,,,,
DATAFLOW,SPC:DF_BP50_5(1.0),Blue Pacific 2050: Climate Change And Disasters (Thematic Area 5),I,A,Annual,EG_FEC_RNEW,Renewable energy share in the total final energy consumption,TV,Tuvalu,_T,Total,_T,All ages,_T,National,_T,Total,_T,All education levels,_T,All occupations,_Z,Not applicable,_T,No breakdown by disability,2002,,0.02,,PERCENT,percent,G,Global,E,Estimated,"Energy Balances, UN Statistics Division (2024)",,,,,
DATAFLOW,SPC:DF_BP50_5(1.0),Blue Pacific 2050: Climate Change And Disasters (Thematic Area 5),I,A,Annual,EG_FEC_RNEW,Renewable energy share in the total final energy consumption,TV,Tuvalu,_T,Total,_T,All ages,_T,National,_T,Total,_T,All education levels,_T,All occupations,_Z,Not applicable,_T,No breakdown by disability,2003,,0.03,,PERCENT,percent,G,Global,E,Estimated,"Energy Balances, UN Statistics Division (2024)",,,,,
DATAFLOW,SPC:DF_BP50_5(1.0),Blue Pacific 2050: Climate Change And Disasters (Thematic Area 5),I,A,Annual,EG_FEC_RNEW,Renewable energy share in the total final energy consumption,TV,Tuvalu,_T,Total,_T,All ages,_T,National,_T,Total,_T,All education levels,_T,All occupations,_Z,Not applicable,_T,No breakdown by disability,2004,,0.02,,PERCENT,percent,G,Global,E,Estimated,"Energy Balances, UN Statistics Division (2024)",,,,,
DATAFLOW,SPC:DF_BP50_5(1.0),Blue Pacific 2050: Climate Change And Disasters (Thematic Area 5),I,A,Annual,EG_FEC_RNEW,Renewable energy share in the total final energy consumption,TV,Tuvalu,_T,Total,_T,All ages,_T,National,_T,Total,_T,All education levels,_T,All occupations,_Z,Not applicable,_T,No breakdown by disability,2005,,0.02,,PERCENT,percent,G,Global,E,Estimated,"Energy Balances, UN Statistics Division (2024)",,,,,
DATAFLOW,SPC:DF_BP50_5(1.0),Blue Pacific 2050: Climate Change And Disasters (Thematic Area 5),I,A,Annual,EG_FEC_RNEW,Renewable energy share in the total final energy consumption,TV,Tuvalu,_T,Total,_T,All ages,_T,National,_T,Total,_T,All education levels,_T,All occupations,_Z,Not applicable,_T,No breakdown by disability,2006,,0.02,,PERCENT,percent,G,Global,E,Estimated,"Energy Balances, UN Statistics Division (2024)",,,,,
DATAFLOW,SPC:DF_BP50_5(1.0),Blue Pacific 2050: Climate Change And Disasters (Thematic Area 5),I,A,Annual,EG_FEC_RNEW,Renewable energy share in the total final energy consumption,TV,Tuvalu,_T,Total,_T,All ages,_T,National,_T,Total,_T,All education levels,_T,All occupations,_Z,Not applicable,_T,No breakdown by disability,2007,,0.02,,PERCENT,percent,G,Global,E,Estimated,"Energy Balances, UN Statistics Division (2024)",,,,,
DATAFLOW,SPC:DF_BP50_5(1.0),Blue Pacific 2050: Climate Change And Disasters (Thematic Area 5),I,A,Annual,EG_FEC_RNEW,Renewable energy share in the total final energy consumption,TV,Tuvalu,_T,Total,_T,All ages,_T,National,_T,Total,_T,All education levels,_T,All occupations,_Z,Not applicable,_T,No breakdown by disability,2008,,0.2,,PERCENT,percent,G,Global,E,Estimated,"Energy Balances, UN Statistics Division (2024)",,,,,
DATAFLOW,SPC:DF_BP50_5(1.0),Blue Pacific 2050: Climate Change And Disasters (Thematic Area 5),I,A,Annual,EG_FEC_RNEW,Renewable energy share in the total final energy consumption,TV,Tuvalu,_T,Total,_T,All ages,_T,National,_T,Total,_T,All education levels,_T,All occupations,_Z,Not applicable,_T,No breakdown by disability,2009,,0.25,,PERCENT,percent,G,Global,E,Estimated,"Energy Balances, UN Statistics Division (2024)",,,,,
DATAFLOW,SPC:DF_BP50_5(1.0),Blue Pacific 2050: Climate Change And Disasters (Thematic Area 5),I,A,Annual,EG_FEC_RNEW,Renewable energy share in the total final energy consumption,TV,Tuvalu,_T,Total,_T,All ages,_T,National,_T,Total,_T,All education levels,_T,All occupations,_Z,Not applicable,_T,No breakdown by disability,2010,,0.45,,PERCENT,percent,G,Global,E,Estimated,"Energy Balances, UN Statistics Division (2024)",,,,,
DATAFLOW,SPC:DF_BP50_5(1.0),Blue Pacific 2050: Climate Change And Disasters (Thematic Area 5),I,A,Annual,EG_FEC_RNEW,Renewable energy share in the total final energy consumption,TV,Tuvalu,_T,Total,_T,All ages,_T,National,_T,Total,_T,All education levels,_T,All occupations,_Z,Not applicable,_T,No breakdown by disability,2011,,0.21,,PERCENT,percent,G,Global,E,Estimated,"Energy Balances, UN Statistics Division (2024)",,,,,
DATAFLOW,SPC:DF_BP50_5(1.0),Blue Pacific 2050: Climate Change And Disasters (Thematic Area 5),I,A,Annual,EG_FEC_RNEW,Renewable energy share in the total final energy consumption,TV,Tuvalu,_T,Total,_T,All ages,_T,National,_T,Total,_T,All education levels,_T,All occupations,_Z,Not applicable,_T,No breakdown by disability,2012,,0.27,,PERCENT,percent,G,Global,E,Estimated,"Energy Balances, UN Statistics Division (2024)",,,,,
DATAFLOW,SPC:DF_BP50_5(1.0),Blue Pacific 2050: Climate Change And Disasters (Thematic Area 5),I,A,Annual,EG_FEC_RNEW,Renewable energy share in the total final energy consumption,TV,Tuvalu,_T,Total,_T,All ages,_T,National,_T,Total,_T,All education levels,_T,All occupations,_Z,Not applicable,_T,No breakdown by disability,2013,,0.7,,PERCENT,percent,G,Global,E,Estimated,"Energy Balances, UN Statistics Division (2024)",,,,,
DATAFLOW,SPC:DF_BP50_5(1.0),Blue Pacific 2050: Climate Change And Disasters (Thematic Area 5),I,A,Annual,EG_FEC_RNEW,Renewable energy share in the total final energy consumption,TV,Tuvalu,_T,Total,_T,All ages,_T,National,_T,Total,_T,All education levels,_T,All occupations,_Z,Not applicable,_T,No breakdown by disability,2014,,0.65,,PERCENT,percent,G,Global,E,Estimated,"Energy Balances, UN Statistics Division (2024)",,,,,
DATAFLOW,SPC:DF_BP50_5(1.0),Blue Pacific 2050: Climate Change And Disasters (Thematic Area 5),I,A,Annual,EG_FEC_RNEW,Renewable energy share in the total final energy consumption,TV,Tuvalu,_T,Total,_T,All ages,_T,National,_T,Total,_T,All education levels,_T,All occupations,_Z,Not applicable,_T,No breakdown by disability,2015,,2.98,,PERCENT,percent,G,Global,E,Estimated,"Energy Balances, UN Statistics Division (2024)",,,,,
DATAFLOW,SPC:DF_BP50_5(1.0),Blue Pacific 2050: Climate Change And Disasters (Thematic Area 5),I,A,Annual,EG_FEC_RNEW,Renewable energy share in the total final energy consumption,TV,Tuvalu,_T,Total,_T,All ages,_T,National,_T,Total,_T,All education levels,_T,All occupations,_Z,Not applicable,_T,No breakdown by disability,2016,,7.27,,PERCENT,percent,G,Global,E,Estimated,"Energy Balances, UN Statistics Division (2024)",,,,,
DATAFLOW,SPC:DF_BP50_5(1.0),Blue Pacific 2050: Climate Change And Disasters (Thematic Area 5),I,A,Annual,EG_FEC_RNEW,Renewable energy share in the total final energy consumption,TV,Tuvalu,_T,Total,_T,All ages,_T,National,_T,Total,_T,All education levels,_T,All occupations,_Z,Not applicable,_T,No breakdown by disability,2017,,6.98,,PERCENT,percent,G,Global,E,Estimated,"Energy Balances, UN Statistics Division (2024)",,,,,
DATAFLOW,SPC:DF_BP50_5(1.0),Blue Pacific 2050: Climate Change And Disasters (Thematic Area 5),I,A,Annual,EG_FEC_RNEW,Renewable energy share in the total final energy consumption,TV,Tuvalu,_T,Total,_T,All ages,_T,National,_T,Total,_T,All education levels,_T,All occupations,_Z,Not applicable,_T,No breakdown by disability,2018,,6.03,,PERCENT,percent,G,Global,E,Estimated,"Energy Balances, UN Statistics Division (2024)",,,,,
DATAFLOW,SPC:DF_BP50_5(1.0),Blue Pacific 2050: Climate Change And Disasters (Thematic Area 5),I,A,Annual,EG_FEC_RNEW,Renewable energy share in the total final energy consumption,TV,Tuvalu,_T,Total,_T,All ages,_T,National,_T,Total,_T,All education levels,_T,All occupations,_Z,Not applicable,_T,No breakdown by disability,2019,,6.12,,PERCENT,percent,G,Global,E,Estimated,"Energy Balances, UN Statistics Division (2024)",,,,,
DATAFLOW,SPC:DF_BP50_5(1.0),Blue Pacific 2050: Climate Change And Disasters (Thematic Area 5),I,A,Annual,EG_FEC_RNEW,Renewable energy share in the total final energy consumption,TV,Tuvalu,_T,Total,_T,All ages,_T,National,_T,Total,_T,All education levels,_T,All occupations,_Z,Not applicable,_T,No breakdown by disability,2020,,6.31,,PERCENT,percent,G,Global,E,Estimated,"Energy Balances, UN Statistics Division (2024)",,,,,
DATAFLOW,SPC:DF_BP50_5(1.0),Blue Pacific 2050: Climate Change And Disasters (Thematic Area 5),I,A,Annual,EG_FEC_RNEW,Renewable energy share in the total final energy consumption,TV,Tuvalu,_T,Total,_T,All ages,_T,National,_T,Total,_T,All education levels,_T,All occupations,_Z,Not applicable,_T,No breakdown by disability,2021,,5.38,,PERCENT,percent,G,Global,E,Estimated,"Energy Balances, UN Statistics Division (2024)",,,,,
DATAFLOW,SPC:DF_BP50_5(1.0),Blue Pacific 2050: Climate Change And Disasters (Thematic Area 5),I,A,Annual,EG_FEC_RNEW,Renewable energy share in the total final energy consumption,TV,Tuvalu,_T,Total,_T,All ages,_T,National,_T,Total,_T,All education levels,_T,All occupations,_Z,Not applicable,_T,No breakdown by disability,2022,,5.52,,PERCENT,percent,G,Global,E,Estimated,"Energy Balances, UN Statistics Division (2024)",,,,,
DATAFLOW,SPC:DF_BP50_5(1.0),Blue Pacific 2050: Climate Change And Disasters (Thematic Area 5),I,A,Annual,SPC_7_b_1,"Installed renewable electricity-generating capacity (watts per
            capita)",TO,Tonga,_T,Total,_T,All ages,_T,National,_T,Total,_T,All education levels,_T,All occupations,TRE_ALL,Type of renewable energy: All,_T,No breakdown by disability,2000,,0.556,,WPC,Watt per capita,G,Global,E,Estimated,Renewable electricity generating capacity from IRENA's electricity capacity database. Population data from the United Nations World Population Prospects.,,,,Year-end value for installed capacity (watts) and mid-year for population,
DATAFLOW,SPC:DF_BP50_5(1.0),Blue Pacific 2050: Climate Change And Disasters (Thematic Area 5),I,A,Annual,SPC_7_b_1,"Installed renewable electricity-generating capacity (watts per
            capita)",TO,Tonga,_T,Total,_T,All ages,_T,National,_T,Total,_T,All education levels,_T,All occupations,TRE_ALL,Type of renewable energy: All,_T,No breakdown by disability,2001,,0.552,,WPC,Watt per capita,G,Global,E,Estimated,Renewable electricity generating capacity from IRENA's electricity capacity database. Population data from the United Nations World Population Prospects.,,,,Year-end value for installed capacity (watts) and mid-year for population,
DATAFLOW,SPC:DF_BP50_5(1.0),Blue Pacific 2050: Climate Change And Disasters (Thematic Area 5),I,A,Annual,SPC_7_b_1,"Installed renewable electricity-generating capacity (watts per
            capita)",TO,Tonga,_T,Total,_T,All ages,_T,National,_T,Total,_T,All education levels,_T,All occupations,TRE_ALL,Type of renewable energy: All,_T,No breakdown by disability,2002,,0.809,,WPC,Watt per capita,G,Global,E,Estimated,Renewable electricity generating capacity from IRENA's electricity capacity database. Population data from the United Nations World Population Prospects.,,,,Year-end value for installed capacity (watts) and mid-year for population,
DATAFLOW,SPC:DF_BP50_5(1.0),Blue Pacific 2050: Climate Change And Disasters (Thematic Area 5),I,A,Annual,SPC_7_b_1,"Installed renewable electricity-generating capacity (watts per
            capita)",TO,Tonga,_T,Total,_T,All ages,_T,National,_T,Total,_T,All education levels,_T,All occupations,TRE_ALL,Type of renewable energy: All,_T,No breakdown by disability,2003,,0.805,,WPC,Watt per capita,G,Global,E,Estimated,Renewable electricity generating capacity from IRENA's electricity capacity database. Population data from the United Nations World Population Prospects.,,,,Year-end value for installed capacity (watts) and mid-year for population,
DATAFLOW,SPC:DF_BP50_5(1.0),Blue Pacific 2050: Climate Change And Disasters (Thematic Area 5),I,A,Annual,SPC_7_b_1,"Installed renewable electricity-generating capacity (watts per
            capita)",TO,Tonga,_T,Total,_T,All ages,_T,National,_T,Total,_T,All education levels,_T,All occupations,TRE_ALL,Type of renewable energy: All,_T,No breakdown by disability,2004,,0.8,,WPC,Watt per capita,G,Global,E,Estimated,Renewable electricity generating capacity from IRENA's electricity capacity database. Population data from the United Nations World Population Prospects.,,,,Year-end value for installed capacity (watts) and mid-year for population,
DATAFLOW,SPC:DF_BP50_5(1.0),Blue Pacific 2050: Climate Change And Disasters (Thematic Area 5),I,A,Annual,SPC_7_b_1,"Installed renewable electricity-generating capacity (watts per
            capita)",TO,Tonga,_T,Total,_T,All ages,_T,National,_T,Total,_T,All education levels,_T,All occupations,TRE_ALL,Type of renewable energy: All,_T,No breakdown by disability,2005,,0.795,,WPC,Watt per capita,G,Global,E,Estimated,Renewable electricity generating capacity from IRENA's electricity capacity database. Population data from the United Nations World Population Prospects.,,,,Year-end value for installed capacity (watts) and mid-year for population,
DATAFLOW,SPC:DF_BP50_5(1.0),Blue Pacific 2050: Climate Change And Disasters (Thematic Area 5),I,A,Annual,SPC_7_b_1,"Installed renewable electricity-generating capacity (watts per
            capita)",TO,Tonga,_T,Total,_T,All ages,_T,National,_T,Total,_T,All education levels,_T,All occupations,TRE_ALL,Type of renewable energy: All,_T,No breakdown by disability,2006,,1.045,,WPC,Watt per capita,G,Global,E,Estimated,Renewable electricity generating capacity from IRENA's electricity capacity database. Population data from the United Nations World Population Prospects.,,,,Year-end value for installed capacity (watts) and mid-year for population,
DATAFLOW,SPC:DF_BP50_5(1.0),Blue Pacific 2050: Climate Change And Disasters (Thematic Area 5),I,A,Annual,SPC_7_b_1,"Installed renewable electricity-generating capacity (watts per
            capita)",TO,Tonga,_T,Total,_T,All ages,_T,National,_T,Total,_T,All education levels,_T,All occupations,TRE_ALL,Type of renewable energy: All,_T,No breakdown by disability,2007,,1.041,,WPC,Watt per capita,G,Global,E,Estimated,Renewable electricity generating capacity from IRENA's electricity capacity database. Population data from the United Nations World Population Prospects.,,,,Year-end value for installed capacity (watts) and mid-year for population,
DATAFLOW,SPC:DF_BP50_5(1.0),Blue Pacific 2050: Climate Change And Disasters (Thematic Area 5),I,A,Annual,SPC_7_b_1,"Installed renewable electricity-generating capacity (watts per
            capita)",TO,Tonga,_T,Total,_T,All ages,_T,National,_T,Total,_T,All education levels,_T,All occupations,TRE_ALL,Type of renewable energy: All,_T,No breakdown by disability,2008,,1.038,,WPC,Watt per capita,G,Global,E,Estimated,Renewable electricity generating capacity from IRENA's electricity capacity database. Population data from the United Nations World Population Prospects.,,,,Year-end value for installed capacity (watts) and mid-year for population,
DATAFLOW,SPC:DF_BP50_5(1.0),Blue Pacific 2050: Climate Change And Disasters (Thematic Area 5),I,A,Annual,SPC_7_b_1,"Installed renewable electricity-generating capacity (watts per
            capita)",TO,Tonga,_T,Total,_T,All ages,_T,National,_T,Total,_T,All education levels,_T,All occupations,TRE_ALL,Type of renewable energy: All,_T,No breakdown by disability,2009,,1.12,,WPC,Watt per capita,G,Global,E,Estimated,Renewable electricity generating capacity from IRENA's electricity capacity database. Population data from the United Nations World Population Prospects.,,,,Year-end value for installed capacity (watts) and mid-year for population,
DATAFLOW,SPC:DF_BP50_5(1.0),Blue Pacific 2050: Climate Change And Disasters (Thematic Area 5),I,A,Annual,SPC_7_b_1,"Installed renewable electricity-generating capacity (watts per
            capita)",TO,Tonga,_T,Total,_T,All ages,_T,National,_T,Total,_T,All education levels,_T,All occupations,TRE_ALL,Type of renewable energy: All,_T,No breakdown by disability,2010,,1.118,,WPC,Watt per capita,G,Global,E,Estimated,Renewable electricity generating capacity from IRENA's electricity capacity database. Population data from the United Nations World Population Prospects.,,,,Year-end value for installed capacity (watts) and mid-year for population,
DATAFLOW,SPC:DF_BP50_5(1.0),Blue Pacific 2050: Climate Change And Disasters (Thematic Area 5),I,A,Annual,SPC_7_b_1,"Installed renewable electricity-generating capacity (watts per
            capita)",TO,Tonga,_T,Total,_T,All ages,_T,National,_T,Total,_T,All education levels,_T,All occupations,TRE_ALL,Type of renewable energy: All,_T,No breakdown by disability,2011,,2.788,,WPC,Watt per capita,G,Global,E,Estimated,Renewable electricity generating capacity from IRENA's electricity capacity database. Population data from the United Nations World Population Prospects.,,,,Year-end value for installed capacity (watts) and mid-year for population,
DATAFLOW,SPC:DF_BP50_5(1.0),Blue Pacific 2050: Climate Change And Disasters (Thematic Area 5),I,A,Annual,SPC_7_b_1,"Installed renewable electricity-generating capacity (watts per
            capita)",TO,Tonga,_T,Total,_T,All ages,_T,National,_T,Total,_T,All education levels,_T,All occupations,TRE_ALL,Type of renewable energy: All,_T,No breakdown by disability,2012,,18.418,,WPC,Watt per capita,G,Global,E,Estimated,Renewable electricity generating capacity from IRENA's electricity capacity database. Population data from the United Nations World Population Prospects.,,,,Year-end value for installed capacity (watts) and mid-year for population,
DATAFLOW,SPC:DF_BP50_5(1.0),Blue Pacific 2050: Climate Change And Disasters (Thematic Area 5),I,A,Annual,SPC_7_b_1,"Installed renewable electricity-generating capacity (watts per
            capita)",TO,Tonga,_T,Total,_T,All ages,_T,National,_T,Total,_T,All education levels,_T,All occupations,TRE_ALL,Type of renewable energy: All,_T,No breakdown by disability,2013,,24.335,,WPC,Watt per capita,G,Global,E,Estimated,Renewable electricity generating capacity from IRENA's electricity capacity database. Population data from the United Nations World Population Prospects.,,,,Year-end value for installed capacity (watts) and mid-year for population,
DATAFLOW,SPC:DF_BP50_5(1.0),Blue Pacific 2050: Climate Change And Disasters (Thematic Area 5),I,A,Annual,SPC_7_b_1,"Installed renewable electricity-generating capacity (watts per
            capita)",TO,Tonga,_T,Total,_T,All ages,_T,National,_T,Total,_T,All education levels,_T,All occupations,TRE_ALL,Type of renewable energy: All,_T,No breakdown by disability,2014,,24.487,,WPC,Watt per capita,G,Global,E,Estimated,Renewable electricity generating capacity from IRENA's electricity capacity database. Population data from the United Nations World Population Prospects.,,,,Year-end value for installed capacity (watts) and mid-year for population,
DATAFLOW,SPC:DF_BP50_5(1.0),Blue Pacific 2050: Climate Change And Disasters (Thematic Area 5),I,A,Annual,SPC_7_b_1,"Installed renewable electricity-generating capacity (watts per
            capita)",TO,Tonga,_T,Total,_T,All ages,_T,National,_T,Total,_T,All education levels,_T,All occupations,TRE_ALL,Type of renewable energy: All,_T,No breakdown by disability,2015,,34.47,,WPC,Watt per capita,G,Global,E,Estimated,Renewable electricity generating capacity from IRENA's electricity capacity database. Population data from the United Nations World Population Prospects.,,,,Year-end value for installed capacity (watts) and mid-year for population,
DATAFLOW,SPC:DF_BP50_5(1.0),Blue Pacific 2050: Climate Change And Disasters (Thematic Area 5),I,A,Annual,SPC_7_b_1,"Installed renewable electricity-generating capacity (watts per
            capita)",TO,Tonga,_T,Total,_T,All ages,_T,National,_T,Total,_T,All education levels,_T,All occupations,TRE_ALL,Type of renewable energy: All,_T,No breakdown by disability,2016,,42.287,,WPC,Watt per capita,G,Global,E,Estimated,Renewable electricity generating capacity from IRENA's electricity capacity database. Population data from the United Nations World Population Prospects.,,,,Year-end value for installed capacity (watts) and mid-year for population,
DATAFLOW,SPC:DF_BP50_5(1.0),Blue Pacific 2050: Climate Change And Disasters (Thematic Area 5),I,A,Annual,SPC_7_b_1,"Installed renewable electricity-generating capacity (watts per
            capita)",TO,Tonga,_T,Total,_T,All ages,_T,National,_T,Total,_T,All education levels,_T,All occupations,TRE_ALL,Type of renewable energy: All,_T,No breakdown by disability,2017,,62.961,,WPC,Watt per capita,G,Global,E,Estimated,Renewable electricity generating capacity from IRENA's electricity capacity database. Population data from the United Nations World Population Prospects.,,,,Year-end value for installed capacity (watts) and mid-year for population,
DATAFLOW,SPC:DF_BP50_5(1.0),Blue Pacific 2050: Climate Change And Disasters (Thematic Area 5),I,A,Annual,SPC_7_b_1,"Installed renewable electricity-generating capacity (watts per
            capita)",TO,Tonga,_T,Total,_T,All ages,_T,National,_T,Total,_T,All education levels,_T,All occupations,TRE_ALL,Type of renewable energy: All,_T,No breakdown by disability,2018,,65.782,,WPC,Watt per capita,G,Global,E,Estimated,Renewable electricity generating capacity from IRENA's electricity capacity database. Population data from the United Nations World Population Prospects.,,,,Year-end value for installed capacity (watts) and mid-year for population,
DATAFLOW,SPC:DF_BP50_5(1.0),Blue Pacific 2050: Climate Change And Disasters (Thematic Area 5),I,A,Annual,SPC_7_b_1,"Installed renewable electricity-generating capacity (watts per
            capita)",TO,Tonga,_T,Total,_T,All ages,_T,National,_T,Total,_T,All education levels,_T,All occupations,TRE_ALL,Type of renewable energy: All,_T,No breakdown by disability,2019,,78.294,,WPC,Watt per capita,G,Global,E,Estimated,Renewable electricity generating capacity from IRENA's electricity capacity database. Population data from the United Nations World Population Prospects.,,,,Year-end value for installed capacity (watts) and mid-year for population,
DATAFLOW,SPC:DF_BP50_5(1.0),Blue Pacific 2050: Climate Change And Disasters (Thematic Area 5),I,A,Annual,SPC_7_b_1,"Installed renewable electricity-generating capacity (watts per
            capita)",TO,Tonga,_T,Total,_T,All ages,_T,National,_T,Total,_T,All education levels,_T,All occupations,TRE_ALL,Type of renewable energy: All,_T,No breakdown by disability,2020,,78.068,,WPC,Watt per capita,G,Global,E,Estimated,Renewable electricity generating capacity from IRENA's electricity capacity database. Population data from the United Nations World Population Prospects.,,,,Year-end value for installed capacity (watts) and mid-year for population,
DATAFLOW,SPC:DF_BP50_5(1.0),Blue Pacific 2050: Climate Change And Disasters (Thematic Area 5),I,A,Annual,SPC_7_b_1,"Installed renewable electricity-generating capacity (watts per
            capita)",TO,Tonga,_T,Total,_T,All ages,_T,National,_T,Total,_T,All education levels,_T,All occupations,TRE_ALL,Type of renewable energy: All,_T,No breakdown by disability,2021,,77.506,,WPC,Watt per capita,G,Global,E,Estimated,Renewable electricity generating capacity from IRENA's electricity capacity database. Population data from the United Nations World Population Prospects.,,,,Year-end value for installed capacity (watts) and mid-year for population,
DATAFLOW,SPC:DF_BP50_5(1.0),Blue Pacific 2050: Climate Change And Disasters (Thematic Area 5),I,A,Annual,SPC_7_b_1,"Installed renewable electricity-generating capacity (watts per
            capita)",TO,Tonga,_T,Total,_T,All ages,_T,National,_T,Total,_T,All education levels,_T,All occupations,TRE_ALL,Type of renewable energy: All,_T,No breakdown by disability,2022,,141.468,,WPC,Watt per capita,G,Global,E,Estimated,Renewable electricity generating capacity from IRENA's electricity capacity database. Population data from the United Nations World Population Prospects.,,,,Year-end value for installed capacity (watts) and mid-year for population,
DATAFLOW,SPC:DF_BP50_5(1.0),Blue Pacific 2050: Climate Change And Disasters (Thematic Area 5),I,A,Annual,EG_FEC_RNEW,Renewable energy share in the total final energy consumption,NC,New Caledonia,_T,Total,_T,All ages,_T,National,_T,Total,_T,All education levels,_T,All occupations,_Z,Not applicable,_T,No breakdown by disability,2000,,7.54,,PERCENT,percent,G,Global,E,Estimated,"Energy Balances, UN Statistics Division (2024)",,,,,
DATAFLOW,SPC:DF_BP50_5(1.0),Blue Pacific 2050: Climate Change And Disasters (Thematic Area 5),I,A,Annual,EG_FEC_RNEW,Renewable energy share in the total final energy consumption,NC,New Caledonia,_T,Total,_T,All ages,_T,National,_T,Total,_T,All education levels,_T,All occupations,_Z,Not applicable,_T,No breakdown by disability,2001,,6.72,,PERCENT,percent,G,Global,E,Estimated,"Energy Balances, UN Statistics Division (2024)",,,,,
DATAFLOW,SPC:DF_BP50_5(1.0),Blue Pacific 2050: Climate Change And Disasters (Thematic Area 5),I,A,Annual,EG_FEC_RNEW,Renewable energy share in the total final energy consumption,NC,New Caledonia,_T,Total,_T,All ages,_T,National,_T,Total,_T,All education levels,_T,All occupations,_Z,Not applicable,_T,No breakdown by disability,2002,,5.28,,PERCENT,percent,G,Global,E,Estimated,"Energy Balances, UN Statistics Division (2024)",,,,,
DATAFLOW,SPC:DF_BP50_5(1.0),Blue Pacific 2050: Climate Change And Disasters (Thematic Area 5),I,A,Annual,EG_FEC_RNEW,Renewable energy share in the total final energy consumption,NC,New Caledonia,_T,Total,_T,All ages,_T,National,_T,Total,_T,All education levels,_T,All occupations,_Z,Not applicable,_T,No breakdown by disability,2003,,4.93,,PERCENT,percent,G,Global,E,Estimated,"Energy Balances, UN Statistics Division (2024)",,,,,
DATAFLOW,SPC:DF_BP50_5(1.0),Blue Pacific 2050: Climate Change And Disasters (Thematic Area 5),I,A,Annual,EG_FEC_RNEW,Renewable energy share in the total final energy consumption,NC,New Caledonia,_T,Total,_T,All ages,_T,National,_T,Total,_T,All education levels,_T,All occupations,_Z,Not applicable,_T,No breakdown by disability,2004,,5.2,,PERCENT,percent,G,Global,E,Estimated,"Energy Balances, UN Statistics Division (2024)",,,,,
DATAFLOW,SPC:DF_BP50_5(1.0),Blue Pacific 2050: Climate Change And Disasters (Thematic Area 5),I,A,Annual,EG_FEC_RNEW,Renewable energy share in the total final energy consumption,NC,New Caledonia,_T,Total,_T,All ages,_T,National,_T,Total,_T,All education levels,_T,All occupations,_Z,Not applicable,_T,No breakdown by disability,2005,,5.08,,PERCENT,percent,G,Global,E,Estimated,"Energy Balances, UN Statistics Division (2024)",,,,,
DATAFLOW,SPC:DF_BP50_5(1.0),Blue Pacific 2050: Climate Change And Disasters (Thematic Area 5),I,A,Annual,EG_FEC_RNEW,Renewable energy share in the total final energy consumption,NC,New Caledonia,_T,Total,_T,All ages,_T,National,_T,Total,_T,All education levels,_T,All occupations,_Z,Not applicable,_T,No breakdown by disability,2006,,4.52,,PERCENT,percent,G,Global,E,Estimated,"Energy Balances, UN Statistics Division (2024)",,,,,
DATAFLOW,SPC:DF_BP50_5(1.0),Blue Pacific 2050: Climate Change And Disasters (Thematic Area 5),I,A,Annual,EG_FEC_RNEW,Renewable energy share in the total final energy consumption,NC,New Caledonia,_T,Total,_T,All ages,_T,National,_T,Total,_T,All education levels,_T,All occupations,_Z,Not applicable,_T,No breakdown by disability,2007,,5.82,,PERCENT,percent,G,Global,E,Estimated,"Energy Balances, UN Statistics Division (2024)",,,,,
DATAFLOW,SPC:DF_BP50_5(1.0),Blue Pacific 2050: Climate Change And Disasters (Thematic Area 5),I,A,Annual,EG_FEC_RNEW,Renewable energy share in the total final energy consumption,NC,New Caledonia,_T,Total,_T,All ages,_T,National,_T,Total,_T,All education levels,_T,All occupations,_Z,Not applicable,_T,No breakdown by disability,2008,,7.78,,PERCENT,percent,G,Global,E,Estimated,"Energy Balances, UN Statistics Division (2024)",,,,,
DATAFLOW,SPC:DF_BP50_5(1.0),Blue Pacific 2050: Climate Change And Disasters (Thematic Area 5),I,A,Annual,EG_FEC_RNEW,Renewable energy share in the total final energy consumption,NC,New Caledonia,_T,Total,_T,All ages,_T,National,_T,Total,_T,All education levels,_T,All occupations,_Z,Not applicable,_T,No breakdown by disability,2009,,6.95,,PERCENT,percent,G,Global,E,Estimated,"Energy Balances, UN Statistics Division (2024)",,,,,
DATAFLOW,SPC:DF_BP50_5(1.0),Blue Pacific 2050: Climate Change And Disasters (Thematic Area 5),I,A,Annual,EG_FEC_RNEW,Renewable energy share in the total final energy consumption,NC,New Caledonia,_T,Total,_T,All ages,_T,National,_T,Total,_T,All education levels,_T,All occupations,_Z,Not applicable,_T,No breakdown by disability,2010,,4.85,,PERCENT,percent,G,Global,E,Estimated,"Energy Balances, UN Statistics Division (2024)",,,,,
DATAFLOW,SPC:DF_BP50_5(1.0),Blue Pacific 2050: Climate Change And Disasters (Thematic Area 5),I,A,Annual,EG_FEC_RNEW,Renewable energy share in the total final energy consumption,NC,New Caledonia,_T,Total,_T,All ages,_T,National,_T,Total,_T,All education levels,_T,All occupations,_Z,Not applicable,_T,No breakdown by disability,2011,,5.93,,PERCENT,percent,G,Global,E,Estimated,"Energy Balances, UN Statistics Division (2024)",,,,,
DATAFLOW,SPC:DF_BP50_5(1.0),Blue Pacific 2050: Climate Change And Disasters (Thematic Area 5),I,A,Annual,EG_FEC_RNEW,Renewable energy share in the total final energy consumption,NC,New Caledonia,_T,Total,_T,All ages,_T,National,_T,Total,_T,All education levels,_T,All occupations,_Z,Not applicable,_T,No breakdown by disability,2012,,6.17,,PERCENT,percent,G,Global,E,Estimated,"Energy Balances, UN Statistics Division (2024)",,,,,
DATAFLOW,SPC:DF_BP50_5(1.0),Blue Pacific 2050: Climate Change And Disasters (Thematic Area 5),I,A,Annual,EG_FEC_RNEW,Renewable energy share in the total final energy consumption,NC,New Caledonia,_T,Total,_T,All ages,_T,National,_T,Total,_T,All education levels,_T,All occupations,_Z,Not applicable,_T,No breakdown by disability,2013,,6.56,,PERCENT,percent,G,Global,E,Estimated,"Energy Balances, UN Statistics Division (2024)",,,,,
DATAFLOW,SPC:DF_BP50_5(1.0),Blue Pacific 2050: Climate Change And Disasters (Thematic Area 5),I,A,Annual,EG_FEC_RNEW,Renewable energy share in the total final energy consumption,NC,New Caledonia,_T,Total,_T,All ages,_T,National,_T,Total,_T,All education levels,_T,All occupations,_Z,Not applicable,_T,No breakdown by disability,2014,,4.29,,PERCENT,percent,G,Global,E,Estimated,"Energy Balances, UN Statistics Division (2024)",,,,,
DATAFLOW,SPC:DF_BP50_5(1.0),Blue Pacific 2050: Climate Change And Disasters (Thematic Area 5),I,A,Annual,EG_FEC_RNEW,Renewable energy share in the total final energy consumption,NC,New Caledonia,_T,Total,_T,All ages,_T,National,_T,Total,_T,All education levels,_T,All occupations,_Z,Not applicable,_T,No breakdown by disability,2015,,5.09,,PERCENT,percent,G,Global,E,Estimated,"Energy Balances, UN Statistics Division (2024)",,,,,
DATAFLOW,SPC:DF_BP50_5(1.0),Blue Pacific 2050: Climate Change And Disasters (Thematic Area 5),I,A,Annual,EG_FEC_RNEW,Renewable energy share in the total final energy consumption,NC,New Caledonia,_T,Total,_T,All ages,_T,National,_T,Total,_T,All education levels,_T,All occupations,_Z,Not applicable,_T,No breakdown by disability,2016,,3.7,,PERCENT,percent,G,Global,E,Estimated,"Energy Balances, UN Statistics Division (2024)",,,,,
DATAFLOW,SPC:DF_BP50_5(1.0),Blue Pacific 2050: Climate Change And Disasters (Thematic Area 5),I,A,Annual,EG_FEC_RNEW,Renewable energy share in the total final energy consumption,NC,New Caledonia,_T,Total,_T,All ages,_T,National,_T,Total,_T,All education levels,_T,All occupations,_Z,Not applicable,_T,No breakdown by disability,2017,,5.1,,PERCENT,percent,G,Global,E,Estimated,"Energy Balances, UN Statistics Division (2024)",,,,,
DATAFLOW,SPC:DF_BP50_5(1.0),Blue Pacific 2050: Climate Change And Disasters (Thematic Area 5),I,A,Annual,EG_FEC_RNEW,Renewable energy share in the total final energy consumption,NC,New Caledonia,_T,Total,_T,All ages,_T,National,_T,Total,_T,All education levels,_T,All occupations,_Z,Not applicable,_T,No breakdown by disability,2018,,4.63,,PERCENT,percent,G,Global,E,Estimated,"Energy Balances, UN Statistics Division (2024)",,,,,
DATAFLOW,SPC:DF_BP50_5(1.0),Blue Pacific 2050: Climate Change And Disasters (Thematic Area 5),I,A,Annual,EG_FEC_RNEW,Renewable energy share in the total final energy consumption,NC,New Caledonia,_T,Total,_T,All ages,_T,National,_T,Total,_T,All education levels,_T,All occupations,_Z,Not applicable,_T,No breakdown by disability,2019,,5.24,,PERCENT,percent,G,Global,E,Estimated,"Energy Balances, UN Statistics Division (2024)",,,,,
DATAFLOW,SPC:DF_BP50_5(1.0),Blue Pacific 2050: Climate Change And Disasters (Thematic Area 5),I,A,Annual,EG_FEC_RNEW,Renewable energy share in the total final energy consumption,NC,New Caledonia,_T,Total,_T,All ages,_T,National,_T,Total,_T,All education levels,_T,All occupations,_Z,Not applicable,_T,No breakdown by disability,2020,,6.06,,PERCENT,percent,G,Global,E,Estimated,"Energy Balances, UN Statistics Division (2024)",,,,,
DATAFLOW,SPC:DF_BP50_5(1.0),Blue Pacific 2050: Climate Change And Disasters (Thematic Area 5),I,A,Annual,EG_FEC_RNEW,Renewable energy share in the total final energy consumption,NC,New Caledonia,_T,Total,_T,All ages,_T,National,_T,Total,_T,All education levels,_T,All occupations,_Z,Not applicable,_T,No breakdown by disability,2021,,8.33,,PERCENT,percent,G,Global,E,Estimated,"Energy Balances, UN Statistics Division (2024)",,,,,
DATAFLOW,SPC:DF_BP50_5(1.0),Blue Pacific 2050: Climate Change And Disasters (Thematic Area 5),I,A,Annual,EG_FEC_RNEW,Renewable energy share in the total final energy consumption,NC,New Caledonia,_T,Total,_T,All ages,_T,National,_T,Total,_T,All education levels,_T,All occupations,_Z,Not applicable,_T,No breakdown by disability,2022,,9.6,,PERCENT,percent,G,Global,E,Estimated,"Energy Balances, UN Statistics Division (2024)",,,,,
DATAFLOW,SPC:DF_BP50_5(1.0),Blue Pacific 2050: Climate Change And Disasters (Thematic Area 5),I,A,Annual,SPC_7_b_1,"Installed renewable electricity-generating capacity (watts per
            capita)",FJ,Fiji,_T,Total,_T,All ages,_T,National,_T,Total,_T,All education levels,_T,All occupations,TRE_ALL,Type of renewable energy: All,_T,No breakdown by disability,2000,,130.393,,WPC,Watt per capita,G,Global,E,Estimated,Renewable electricity generating capacity from IRENA's electricity capacity database. Population data from the United Nations World Population Prospects.,,,,Year-end value for installed capacity (watts) and mid-year for population,
DATAFLOW,SPC:DF_BP50_5(1.0),Blue Pacific 2050: Climate Change And Disasters (Thematic Area 5),I,A,Annual,SPC_7_b_1,"Installed renewable electricity-generating capacity (watts per
            capita)",FJ,Fiji,_T,Total,_T,All ages,_T,National,_T,Total,_T,All education levels,_T,All occupations,TRE_ALL,Type of renewable energy: All,_T,No breakdown by disability,2001,,129.075,,WPC,Watt per capita,G,Global,E,Estimated,Renewable electricity generating capacity from IRENA's electricity capacity database. Population data from the United Nations World Population Prospects.,,,,Year-end value for installed capacity (watts) and mid-year for population,
DATAFLOW,SPC:DF_BP50_5(1.0),Blue Pacific 2050: Climate Change And Disasters (Thematic Area 5),I,A,Annual,SPC_7_b_1,"Installed renewable electricity-generating capacity (watts per
            capita)",FJ,Fiji,_T,Total,_T,All ages,_T,National,_T,Total,_T,All education levels,_T,All occupations,TRE_ALL,Type of renewable energy: All,_T,No breakdown by disability,2002,,127.808,,WPC,Watt per capita,G,Global,E,Estimated,Renewable electricity generating capacity from IRENA's electricity capacity database. Population data from the United Nations World Population Prospects.,,,,Year-end value for installed capacity (watts) and mid-year for population,
DATAFLOW,SPC:DF_BP50_5(1.0),Blue Pacific 2050: Climate Change And Disasters (Thematic Area 5),I,A,Annual,SPC_7_b_1,"Installed renewable electricity-generating capacity (watts per
            capita)",FJ,Fiji,_T,Total,_T,All ages,_T,National,_T,Total,_T,All education levels,_T,All occupations,TRE_ALL,Type of renewable energy: All,_T,No breakdown by disability,2003,,126.602,,WPC,Watt per capita,G,Global,E,Estimated,Renewable electricity generating capacity from IRENA's electricity capacity database. Population data from the United Nations World Population Prospects.,,,,Year-end value for installed capacity (watts) and mid-year for population,
DATAFLOW,SPC:DF_BP50_5(1.0),Blue Pacific 2050: Climate Change And Disasters (Thematic Area 5),I,A,Annual,SPC_7_b_1,"Installed renewable electricity-generating capacity (watts per
            capita)",FJ,Fiji,_T,Total,_T,All ages,_T,National,_T,Total,_T,All education levels,_T,All occupations,TRE_ALL,Type of renewable energy: All,_T,No breakdown by disability,2004,,132.844,,WPC,Watt per capita,G,Global,E,Estimated,Renewable electricity generating capacity from IRENA's electricity capacity database. Population data from the United Nations World Population Prospects.,,,,Year-end value for installed capacity (watts) and mid-year for population,
DATAFLOW,SPC:DF_BP50_5(1.0),Blue Pacific 2050: Climate Change And Disasters (Thematic Area 5),I,A,Annual,SPC_7_b_1,"Installed renewable electricity-generating capacity (watts per
            capita)",FJ,Fiji,_T,Total,_T,All ages,_T,National,_T,Total,_T,All education levels,_T,All occupations,TRE_ALL,Type of renewable energy: All,_T,No breakdown by disability,2005,,131.673,,WPC,Watt per capita,G,Global,E,Estimated,Renewable electricity generating capacity from IRENA's electricity capacity database. Population data from the United Nations World Population Prospects.,,,,Year-end value for installed capacity (watts) and mid-year for population,
DATAFLOW,SPC:DF_BP50_5(1.0),Blue Pacific 2050: Climate Change And Disasters (Thematic Area 5),I,A,Annual,SPC_7_b_1,"Installed renewable electricity-generating capacity (watts per
            capita)",FJ,Fiji,_T,Total,_T,All ages,_T,National,_T,Total,_T,All education levels,_T,All occupations,TRE_ALL,Type of renewable energy: All,_T,No breakdown by disability,2006,,144.19,,WPC,Watt per capita,G,Global,E,Estimated,Renewable electricity generating capacity from IRENA's electricity capacity database. Population data from the United Nations World Population Prospects.,,,,Year-end value for installed capacity (watts) and mid-year for population,
DATAFLOW,SPC:DF_BP50_5(1.0),Blue Pacific 2050: Climate Change And Disasters (Thematic Area 5),I,A,Annual,SPC_7_b_1,"Installed renewable electricity-generating capacity (watts per
            capita)",FJ,Fiji,_T,Total,_T,All ages,_T,National,_T,Total,_T,All education levels,_T,All occupations,TRE_ALL,Type of renewable energy: All,_T,No breakdown by disability,2007,,154.39,,WPC,Watt per capita,G,Global,E,Estimated,Renewable electricity generating capacity from IRENA's electricity capacity database. Population data from the United Nations World Population Prospects.,,,,Year-end value for installed capacity (watts) and mid-year for population,
DATAFLOW,SPC:DF_BP50_5(1.0),Blue Pacific 2050: Climate Change And Disasters (Thematic Area 5),I,A,Annual,SPC_7_b_1,"Installed renewable electricity-generating capacity (watts per
            capita)",FJ,Fiji,_T,Total,_T,All ages,_T,National,_T,Total,_T,All education levels,_T,All occupations,TRE_ALL,Type of renewable energy: All,_T,No breakdown by disability,2008,,163.417,,WPC,Watt per capita,G,Global,E,Estimated,Renewable electricity generating capacity from IRENA's electricity capacity database. Population data from the United Nations World Population Prospects.,,,,Year-end value for installed capacity (watts) and mid-year for population,
DATAFLOW,SPC:DF_BP50_5(1.0),Blue Pacific 2050: Climate Change And Disasters (Thematic Area 5),I,A,Annual,SPC_7_b_1,"Installed renewable electricity-generating capacity (watts per
            capita)",FJ,Fiji,_T,Total,_T,All ages,_T,National,_T,Total,_T,All education levels,_T,All occupations,TRE_ALL,Type of renewable energy: All,_T,No breakdown by disability,2009,,162.599,,WPC,Watt per capita,G,Global,E,Estimated,Renewable electricity generating capacity from IRENA's electricity capacity database. Population data from the United Nations World Population Prospects.,,,,Year-end value for installed capacity (watts) and mid-year for population,
DATAFLOW,SPC:DF_BP50_5(1.0),Blue Pacific 2050: Climate Change And Disasters (Thematic Area 5),I,A,Annual,SPC_7_b_1,"Installed renewable electricity-generating capacity (watts per
            capita)",FJ,Fiji,_T,Total,_T,All ages,_T,National,_T,Total,_T,All education levels,_T,All occupations,TRE_ALL,Type of renewable energy: All,_T,No breakdown by disability,2010,,162.015,,WPC,Watt per capita,G,Global,E,Estimated,Renewable electricity generating capacity from IRENA's electricity capacity database. Population data from the United Nations World Population Prospects.,,,,Year-end value for installed capacity (watts) and mid-year for population,
DATAFLOW,SPC:DF_BP50_5(1.0),Blue Pacific 2050: Climate Change And Disasters (Thematic Area 5),I,A,Annual,SPC_7_b_1,"Installed renewable electricity-generating capacity (watts per
            capita)",FJ,Fiji,_T,Total,_T,All ages,_T,National,_T,Total,_T,All education levels,_T,All occupations,TRE_ALL,Type of renewable energy: All,_T,No breakdown by disability,2011,,161.488,,WPC,Watt per capita,G,Global,E,Estimated,Renewable electricity generating capacity from IRENA's electricity capacity database. Population data from the United Nations World Population Prospects.,,,,Year-end value for installed capacity (watts) and mid-year for population,
DATAFLOW,SPC:DF_BP50_5(1.0),Blue Pacific 2050: Climate Change And Disasters (Thematic Area 5),I,A,Annual,SPC_7_b_1,"Installed renewable electricity-generating capacity (watts per
            capita)",FJ,Fiji,_T,Total,_T,All ages,_T,National,_T,Total,_T,All education levels,_T,All occupations,TRE_ALL,Type of renewable energy: All,_T,No breakdown by disability,2012,,210.015,,WPC,Watt per capita,G,Global,E,Estimated,Renewable electricity generating capacity from IRENA's electricity capacity database. Population data from the United Nations World Population Prospects.,,,,Year-end value for installed capacity (watts) and mid-year for population,
DATAFLOW,SPC:DF_BP50_5(1.0),Blue Pacific 2050: Climate Change And Disasters (Thematic Area 5),I,A,Annual,SPC_7_b_1,"Installed renewable electricity-generating capacity (watts per
            capita)",FJ,Fiji,_T,Total,_T,All ages,_T,National,_T,Total,_T,All education levels,_T,All occupations,TRE_ALL,Type of renewable energy: All,_T,No breakdown by disability,2013,,208.994,,WPC,Watt per capita,G,Global,E,Estimated,Renewable electricity generating capacity from IRENA's electricity capacity database. Population data from the United Nations World Population Prospects.,,,,Year-end value for installed capacity (watts) and mid-year for population,
DATAFLOW,SPC:DF_BP50_5(1.0),Blue Pacific 2050: Climate Change And Disasters (Thematic Area 5),I,A,Annual,SPC_7_b_1,"Installed renewable electricity-generating capacity (watts per
            capita)",FJ,Fiji,_T,Total,_T,All ages,_T,National,_T,Total,_T,All education levels,_T,All occupations,TRE_ALL,Type of renewable energy: All,_T,No breakdown by disability,2014,,209.129,,WPC,Watt per capita,G,Global,E,Estimated,Renewable electricity generating capacity from IRENA's electricity capacity database. Population data from the United Nations World Population Prospects.,,,,Year-end value for installed capacity (watts) and mid-year for population,
DATAFLOW,SPC:DF_BP50_5(1.0),Blue Pacific 2050: Climate Change And Disasters (Thematic Area 5),I,A,Annual,SPC_7_b_1,"Installed renewable electricity-generating capacity (watts per
            capita)",FJ,Fiji,_T,Total,_T,All ages,_T,National,_T,Total,_T,All education levels,_T,All occupations,TRE_ALL,Type of renewable energy: All,_T,No breakdown by disability,2015,,210.91,,WPC,Watt per capita,G,Global,E,Estimated,Renewable electricity generating capacity from IRENA's electricity capacity database. Population data from the United Nations World Population Prospects.,,,,Year-end value for installed capacity (watts) and mid-year for population,
DATAFLOW,SPC:DF_BP50_5(1.0),Blue Pacific 2050: Climate Change And Disasters (Thematic Area 5),I,A,Annual,SPC_7_b_1,"Installed renewable electricity-generating capacity (watts per
            capita)",FJ,Fiji,_T,Total,_T,All ages,_T,National,_T,Total,_T,All education levels,_T,All occupations,TRE_ALL,Type of renewable energy: All,_T,No breakdown by disability,2016,,212.822,,WPC,Watt per capita,G,Global,E,Estimated,Renewable electricity generating capacity from IRENA's electricity capacity database. Population data from the United Nations World Population Prospects.,,,,Year-end value for installed capacity (watts) and mid-year for population,
DATAFLOW,SPC:DF_BP50_5(1.0),Blue Pacific 2050: Climate Change And Disasters (Thematic Area 5),I,A,Annual,SPC_7_b_1,"Installed renewable electricity-generating capacity (watts per
            capita)",FJ,Fiji,_T,Total,_T,All ages,_T,National,_T,Total,_T,All education levels,_T,All occupations,TRE_ALL,Type of renewable energy: All,_T,No breakdown by disability,2017,,228.457,,WPC,Watt per capita,G,Global,E,Estimated,Renewable electricity generating capacity from IRENA's electricity capacity database. Population data from the United Nations World Population Prospects.,,,,Year-end value for installed capacity (watts) and mid-year for population,
DATAFLOW,SPC:DF_BP50_5(1.0),Blue Pacific 2050: Climate Change And Disasters (Thematic Area 5),I,A,Annual,SPC_7_b_1,"Installed renewable electricity-generating capacity (watts per
            capita)",FJ,Fiji,_T,Total,_T,All ages,_T,National,_T,Total,_T,All education levels,_T,All occupations,TRE_ALL,Type of renewable energy: All,_T,No breakdown by disability,2018,,229.085,,WPC,Watt per capita,G,Global,E,Estimated,Renewable electricity generating capacity from IRENA's electricity capacity database. Population data from the United Nations World Population Prospects.,,,,Year-end value for installed capacity (watts) and mid-year for population,
DATAFLOW,SPC:DF_BP50_5(1.0),Blue Pacific 2050: Climate Change And Disasters (Thematic Area 5),I,A,Annual,SPC_7_b_1,"Installed renewable electricity-generating capacity (watts per
            capita)",FJ,Fiji,_T,Total,_T,All ages,_T,National,_T,Total,_T,All education levels,_T,All occupations,TRE_ALL,Type of renewable energy: All,_T,No breakdown by disability,2019,,229.32,,WPC,Watt per capita,G,Global,E,Estimated,Renewable electricity generating capacity from IRENA's electricity capacity database. Population data from the United Nations World Population Prospects.,,,,Year-end value for installed capacity (watts) and mid-year for population,
DATAFLOW,SPC:DF_BP50_5(1.0),Blue Pacific 2050: Climate Change And Disasters (Thematic Area 5),I,A,Annual,SPC_7_b_1,"Installed renewable electricity-generating capacity (watts per
            capita)",FJ,Fiji,_T,Total,_T,All ages,_T,National,_T,Total,_T,All education levels,_T,All occupations,TRE_ALL,Type of renewable energy: All,_T,No breakdown by disability,2020,,229.214,,WPC,Watt per capita,G,Global,E,Estimated,Renewable electricity generating capacity from IRENA's electricity capacity database. Population data from the United Nations World Population Prospects.,,,,Year-end value for installed capacity (watts) and mid-year for population,
DATAFLOW,SPC:DF_BP50_5(1.0),Blue Pacific 2050: Climate Change And Disasters (Thematic Area 5),I,A,Annual,SPC_7_b_1,"Installed renewable electricity-generating capacity (watts per
            capita)",FJ,Fiji,_T,Total,_T,All ages,_T,National,_T,Total,_T,All education levels,_T,All occupations,TRE_ALL,Type of renewable energy: All,_T,No breakdown by disability,2021,,236.817,,WPC,Watt per capita,G,Global,E,Estimated,Renewable electricity generating capacity from IRENA's electricity capacity database. Population data from the United Nations World Population Prospects.,,,,Year-end value for installed capacity (watts) and mid-year for population,
DATAFLOW,SPC:DF_BP50_5(1.0),Blue Pacific 2050: Climate Change And Disasters (Thematic Area 5),I,A,Annual,SPC_7_b_1,"Installed renewable electricity-generating capacity (watts per
            capita)",FJ,Fiji,_T,Total,_T,All ages,_T,National,_T,Total,_T,All education levels,_T,All occupations,TRE_ALL,Type of renewable energy: All,_T,No breakdown by disability,2022,,235.979,,WPC,Watt per capita,G,Global,E,Estimated,Renewable electricity generating capacity from IRENA's electricity capacity database. Population data from the United Nations World Population Prospects.,,,,Year-end value for installed capacity (watts) and mid-year for population,
DATAFLOW,SPC:DF_BP50_5(1.0),Blue Pacific 2050: Climate Change And Disasters (Thematic Area 5),I,A,Annual,SPC_7_b_1,"Installed renewable electricity-generating capacity (watts per
            capita)",PG,Papua New Guinea,_T,Total,_T,All ages,_T,National,_T,Total,_T,All education levels,_T,All occupations,TRE_ALL,Type of renewable energy: All,_T,No breakdown by disability,2000,,38.606,,WPC,Watt per capita,G,Global,E,Estimated,Renewable electricity generating capacity from IRENA's electricity capacity database. Population data from the United Nations World Population Prospects.,,,,Year-end value for installed capacity (watts) and mid-year for population,
DATAFLOW,SPC:DF_BP50_5(1.0),Blue Pacific 2050: Climate Change And Disasters (Thematic Area 5),I,A,Annual,SPC_7_b_1,"Installed renewable electricity-generating capacity (watts per
            capita)",PG,Papua New Guinea,_T,Total,_T,All ages,_T,National,_T,Total,_T,All education levels,_T,All occupations,TRE_ALL,Type of renewable energy: All,_T,No breakdown by disability,2001,,37.373,,WPC,Watt per capita,G,Global,E,Estimated,Renewable electricity generating capacity from IRENA's electricity capacity database. Population data from the United Nations World Population Prospects.,,,,Year-end value for installed capacity (watts) and mid-year for population,
DATAFLOW,SPC:DF_BP50_5(1.0),Blue Pacific 2050: Climate Change And Disasters (Thematic Area 5),I,A,Annual,SPC_7_b_1,"Installed renewable electricity-generating capacity (watts per
            capita)",PG,Papua New Guinea,_T,Total,_T,All ages,_T,National,_T,Total,_T,All education levels,_T,All occupations,TRE_ALL,Type of renewable energy: All,_T,No breakdown by disability,2002,,36.142,,WPC,Watt per capita,G,Global,E,Estimated,Renewable electricity generating capacity from IRENA's electricity capacity database. Population data from the United Nations World Population Prospects.,,,,Year-end value for installed capacity (watts) and mid-year for population,
DATAFLOW,SPC:DF_BP50_5(1.0),Blue Pacific 2050: Climate Change And Disasters (Thematic Area 5),I,A,Annual,SPC_7_b_1,"Installed renewable electricity-generating capacity (watts per
            capita)",PG,Papua New Guinea,_T,Total,_T,All ages,_T,National,_T,Total,_T,All education levels,_T,All occupations,TRE_ALL,Type of renewable energy: All,_T,No breakdown by disability,2003,,35.99,,WPC,Watt per capita,G,Global,E,Estimated,Renewable electricity generating capacity from IRENA's electricity capacity database. Population data from the United Nations World Population Prospects.,,,,Year-end value for installed capacity (watts) and mid-year for population,
DATAFLOW,SPC:DF_BP50_5(1.0),Blue Pacific 2050: Climate Change And Disasters (Thematic Area 5),I,A,Annual,SPC_7_b_1,"Installed renewable electricity-generating capacity (watts per
            capita)",PG,Papua New Guinea,_T,Total,_T,All ages,_T,National,_T,Total,_T,All education levels,_T,All occupations,TRE_ALL,Type of renewable energy: All,_T,No breakdown by disability,2004,,34.837,,WPC,Watt per capita,G,Global,E,Estimated,Renewable electricity generating capacity from IRENA's electricity capacity database. Population data from the United Nations World Population Prospects.,,,,Year-end value for installed capacity (watts) and mid-year for population,
DATAFLOW,SPC:DF_BP50_5(1.0),Blue Pacific 2050: Climate Change And Disasters (Thematic Area 5),I,A,Annual,SPC_7_b_1,"Installed renewable electricity-generating capacity (watts per
            capita)",PG,Papua New Guinea,_T,Total,_T,All ages,_T,National,_T,Total,_T,All education levels,_T,All occupations,TRE_ALL,Type of renewable energy: All,_T,No breakdown by disability,2005,,38.351,,WPC,Watt per capita,G,Global,E,Estimated,Renewable electricity generating capacity from IRENA's electricity capacity database. Population data from the United Nations World Population Prospects.,,,,Year-end value for installed capacity (watts) and mid-year for population,
DATAFLOW,SPC:DF_BP50_5(1.0),Blue Pacific 2050: Climate Change And Disasters (Thematic Area 5),I,A,Annual,SPC_7_b_1,"Installed renewable electricity-generating capacity (watts per
            capita)",PG,Papua New Guinea,_T,Total,_T,All ages,_T,National,_T,Total,_T,All education levels,_T,All occupations,TRE_ALL,Type of renewable energy: All,_T,No breakdown by disability,2006,,37.154,,WPC,Watt per capita,G,Global,E,Estimated,Renewable electricity generating capacity from IRENA's electricity capacity database. Population data from the United Nations World Population Prospects.,,,,Year-end value for installed capacity (watts) and mid-year for population,
DATAFLOW,SPC:DF_BP50_5(1.0),Blue Pacific 2050: Climate Change And Disasters (Thematic Area 5),I,A,Annual,SPC_7_b_1,"Installed renewable electricity-generating capacity (watts per
            capita)",PG,Papua New Guinea,_T,Total,_T,All ages,_T,National,_T,Total,_T,All education levels,_T,All occupations,TRE_ALL,Type of renewable energy: All,_T,No breakdown by disability,2007,,40.057,,WPC,Watt per capita,G,Global,E,Estimated,Renewable electricity generating capacity from IRENA's electricity capacity database. Population data from the United Nations World Population Prospects.,,,,Year-end value for installed capacity (watts) and mid-year for population,
DATAFLOW,SPC:DF_BP50_5(1.0),Blue Pacific 2050: Climate Change And Disasters (Thematic Area 5),I,A,Annual,SPC_7_b_1,"Installed renewable electricity-generating capacity (watts per
            capita)",PG,Papua New Guinea,_T,Total,_T,All ages,_T,National,_T,Total,_T,All education levels,_T,All occupations,TRE_ALL,Type of renewable energy: All,_T,No breakdown by disability,2008,,39.96,,WPC,Watt per capita,G,Global,E,Estimated,Renewable electricity generating capacity from IRENA's electricity capacity database. Population data from the United Nations World Population Prospects.,,,,Year-end value for installed capacity (watts) and mid-year for population,
DATAFLOW,SPC:DF_BP50_5(1.0),Blue Pacific 2050: Climate Change And Disasters (Thematic Area 5),I,A,Annual,SPC_7_b_1,"Installed renewable electricity-generating capacity (watts per
            capita)",PG,Papua New Guinea,_T,Total,_T,All ages,_T,National,_T,Total,_T,All education levels,_T,All occupations,TRE_ALL,Type of renewable energy: All,_T,No breakdown by disability,2009,,39.032,,WPC,Watt per capita,G,Global,E,Estimated,Renewable electricity generating capacity from IRENA's electricity capacity database. Population data from the United Nations World Population Prospects.,,,,Year-end value for installed capacity (watts) and mid-year for population,
DATAFLOW,SPC:DF_BP50_5(1.0),Blue Pacific 2050: Climate Change And Disasters (Thematic Area 5),I,A,Annual,SPC_7_b_1,"Installed renewable electricity-generating capacity (watts per
            capita)",PG,Papua New Guinea,_T,Total,_T,All ages,_T,National,_T,Total,_T,All education levels,_T,All occupations,TRE_ALL,Type of renewable energy: All,_T,No breakdown by disability,2010,,38.932,,WPC,Watt per capita,G,Global,E,Estimated,Renewable electricity generating capacity from IRENA's electricity capacity database. Population data from the United Nations World Population Prospects.,,,,Year-end value for installed capacity (watts) and mid-year for population,
DATAFLOW,SPC:DF_BP50_5(1.0),Blue Pacific 2050: Climate Change And Disasters (Thematic Area 5),I,A,Annual,SPC_7_b_1,"Installed renewable electricity-generating capacity (watts per
            capita)",PG,Papua New Guinea,_T,Total,_T,All ages,_T,National,_T,Total,_T,All education levels,_T,All occupations,TRE_ALL,Type of renewable energy: All,_T,No breakdown by disability,2011,,37.818,,WPC,Watt per capita,G,Global,E,Estimated,Renewable electricity generating capacity from IRENA's electricity capacity database. Population data from the United Nations World Population Prospects.,,,,Year-end value for installed capacity (watts) and mid-year for population,
DATAFLOW,SPC:DF_BP50_5(1.0),Blue Pacific 2050: Climate Change And Disasters (Thematic Area 5),I,A,Annual,SPC_7_b_1,"Installed renewable electricity-generating capacity (watts per
            capita)",PG,Papua New Guinea,_T,Total,_T,All ages,_T,National,_T,Total,_T,All education levels,_T,All occupations,TRE_ALL,Type of renewable energy: All,_T,No breakdown by disability,2012,,38.191,,WPC,Watt per capita,G,Global,E,Estimated,Renewable electricity generating capacity from IRENA's electricity capacity database. Population data from the United Nations World Population Prospects.,,,,Year-end value for installed capacity (watts) and mid-year for population,
DATAFLOW,SPC:DF_BP50_5(1.0),Blue Pacific 2050: Climate Change And Disasters (Thematic Area 5),I,A,Annual,SPC_7_b_1,"Installed renewable electricity-generating capacity (watts per
            capita)",PG,Papua New Guinea,_T,Total,_T,All ages,_T,National,_T,Total,_T,All education levels,_T,All occupations,TRE_ALL,Type of renewable energy: All,_T,No breakdown by disability,2013,,37.407,,WPC,Watt per capita,G,Global,E,Estimated,Renewable electricity generating capacity from IRENA's electricity capacity database. Population data from the United Nations World Population Prospects.,,,,Year-end value for installed capacity (watts) and mid-year for population,
DATAFLOW,SPC:DF_BP50_5(1.0),Blue Pacific 2050: Climate Change And Disasters (Thematic Area 5),I,A,Annual,SPC_7_b_1,"Installed renewable electricity-generating capacity (watts per
            capita)",PG,Papua New Guinea,_T,Total,_T,All ages,_T,National,_T,Total,_T,All education levels,_T,All occupations,TRE_ALL,Type of renewable energy: All,_T,No breakdown by disability,2014,,36.471,,WPC,Watt per capita,G,Global,E,Estimated,Renewable electricity generating capacity from IRENA's electricity capacity database. Population data from the United Nations World Population Prospects.,,,,Year-end value for installed capacity (watts) and mid-year for population,
DATAFLOW,SPC:DF_BP50_5(1.0),Blue Pacific 2050: Climate Change And Disasters (Thematic Area 5),I,A,Annual,SPC_7_b_1,"Installed renewable electricity-generating capacity (watts per
            capita)",PG,Papua New Guinea,_T,Total,_T,All ages,_T,National,_T,Total,_T,All education levels,_T,All occupations,TRE_ALL,Type of renewable energy: All,_T,No breakdown by disability,2015,,37.69,,WPC,Watt per capita,G,Global,E,Estimated,Renewable electricity generating capacity from IRENA's electricity capacity database. Population data from the United Nations World Population Prospects.,,,,Year-end value for installed capacity (watts) and mid-year for population,
DATAFLOW,SPC:DF_BP50_5(1.0),Blue Pacific 2050: Climate Change And Disasters (Thematic Area 5),I,A,Annual,SPC_7_b_1,"Installed renewable electricity-generating capacity (watts per
            capita)",PG,Papua New Guinea,_T,Total,_T,All ages,_T,National,_T,Total,_T,All education levels,_T,All occupations,TRE_ALL,Type of renewable energy: All,_T,No breakdown by disability,2016,,36.811,,WPC,Watt per capita,G,Global,E,Estimated,Renewable electricity generating capacity from IRENA's electricity capacity database. Population data from the United Nations World Population Prospects.,,,,Year-end value for installed capacity (watts) and mid-year for population,
DATAFLOW,SPC:DF_BP50_5(1.0),Blue Pacific 2050: Climate Change And Disasters (Thematic Area 5),I,A,Annual,SPC_7_b_1,"Installed renewable electricity-generating capacity (watts per
            capita)",PG,Papua New Guinea,_T,Total,_T,All ages,_T,National,_T,Total,_T,All education levels,_T,All occupations,TRE_ALL,Type of renewable energy: All,_T,No breakdown by disability,2017,,35.936,,WPC,Watt per capita,G,Global,E,Estimated,Renewable electricity generating capacity from IRENA's electricity capacity database. Population data from the United Nations World Population Prospects.,,,,Year-end value for installed capacity (watts) and mid-year for population,
DATAFLOW,SPC:DF_BP50_5(1.0),Blue Pacific 2050: Climate Change And Disasters (Thematic Area 5),I,A,Annual,SPC_7_b_1,"Installed renewable electricity-generating capacity (watts per
            capita)",PG,Papua New Guinea,_T,Total,_T,All ages,_T,National,_T,Total,_T,All education levels,_T,All occupations,TRE_ALL,Type of renewable energy: All,_T,No breakdown by disability,2018,,35.117,,WPC,Watt per capita,G,Global,E,Estimated,Renewable electricity generating capacity from IRENA's electricity capacity database. Population data from the United Nations World Population Prospects.,,,,Year-end value for installed capacity (watts) and mid-year for population,
DATAFLOW,SPC:DF_BP50_5(1.0),Blue Pacific 2050: Climate Change And Disasters (Thematic Area 5),I,A,Annual,SPC_7_b_1,"Installed renewable electricity-generating capacity (watts per
            capita)",PG,Papua New Guinea,_T,Total,_T,All ages,_T,National,_T,Total,_T,All education levels,_T,All occupations,TRE_ALL,Type of renewable energy: All,_T,No breakdown by disability,2019,,34.514,,WPC,Watt per capita,G,Global,E,Estimated,Renewable electricity generating capacity from IRENA's electricity capacity database. Population data from the United Nations World Population Prospects.,,,,Year-end value for installed capacity (watts) and mid-year for population,
DATAFLOW,SPC:DF_BP50_5(1.0),Blue Pacific 2050: Climate Change And Disasters (Thematic Area 5),I,A,Annual,SPC_7_b_1,"Installed renewable electricity-generating capacity (watts per
            capita)",PG,Papua New Guinea,_T,Total,_T,All ages,_T,National,_T,Total,_T,All education levels,_T,All occupations,TRE_ALL,Type of renewable energy: All,_T,No breakdown by disability,2020,,33.793,,WPC,Watt per capita,G,Global,E,Estimated,Renewable electricity generating capacity from IRENA's electricity capacity database. Population data from the United Nations World Population Prospects.,,,,Year-end value for installed capacity (watts) and mid-year for population,
DATAFLOW,SPC:DF_BP50_5(1.0),Blue Pacific 2050: Climate Change And Disasters (Thematic Area 5),I,A,Annual,SPC_7_b_1,"Installed renewable electricity-generating capacity (watts per
            capita)",PG,Papua New Guinea,_T,Total,_T,All ages,_T,National,_T,Total,_T,All education levels,_T,All occupations,TRE_ALL,Type of renewable energy: All,_T,No breakdown by disability,2021,,33.168,,WPC,Watt per capita,G,Global,E,Estimated,Renewable electricity generating capacity from IRENA's electricity capacity database. Population data from the United Nations World Population Prospects.,,,,Year-end value for installed capacity (watts) and mid-year for population,
DATAFLOW,SPC:DF_BP50_5(1.0),Blue Pacific 2050: Climate Change And Disasters (Thematic Area 5),I,A,Annual,SPC_7_b_1,"Installed renewable electricity-generating capacity (watts per
            capita)",PG,Papua New Guinea,_T,Total,_T,All ages,_T,National,_T,Total,_T,All education levels,_T,All occupations,TRE_ALL,Type of renewable energy: All,_T,No breakdown by disability,2022,,32.856,,WPC,Watt per capita,G,Global,E,Estimated,Renewable electricity generating capacity from IRENA's electricity capacity database. Population data from the United Nations World Population Prospects.,,,,Year-end value for installed capacity (watts) and mid-year for population,
DATAFLOW,SPC:DF_BP50_5(1.0),Blue Pacific 2050: Climate Change And Disasters (Thematic Area 5),I,A,Annual,SPC_7_b_1,"Installed renewable electricity-generating capacity (watts per
            capita)",NU,Niue,_T,Total,_T,All ages,_T,National,_T,Total,_T,All education levels,_T,All occupations,TRE_ALL,Type of renewable energy: All,_T,No breakdown by disability,2000,,0,,WPC,Watt per capita,G,Global,E,Estimated,Renewable electricity generating capacity from IRENA's electricity capacity database. Population data from the United Nations World Population Prospects.,,,,Year-end value for installed capacity (watts) and mid-year for population,
DATAFLOW,SPC:DF_BP50_5(1.0),Blue Pacific 2050: Climate Change And Disasters (Thematic Area 5),I,A,Annual,SPC_7_b_1,"Installed renewable electricity-generating capacity (watts per
            capita)",NU,Niue,_T,Total,_T,All ages,_T,National,_T,Total,_T,All education levels,_T,All occupations,TRE_ALL,Type of renewable energy: All,_T,No breakdown by disability,2001,,0,,WPC,Watt per capita,G,Global,E,Estimated,Renewable electricity generating capacity from IRENA's electricity capacity database. Population data from the United Nations World Population Prospects.,,,,Year-end value for installed capacity (watts) and mid-year for population,
DATAFLOW,SPC:DF_BP50_5(1.0),Blue Pacific 2050: Climate Change And Disasters (Thematic Area 5),I,A,Annual,SPC_7_b_1,"Installed renewable electricity-generating capacity (watts per
            capita)",NU,Niue,_T,Total,_T,All ages,_T,National,_T,Total,_T,All education levels,_T,All occupations,TRE_ALL,Type of renewable energy: All,_T,No breakdown by disability,2002,,0,,WPC,Watt per capita,G,Global,E,Estimated,Renewable electricity generating capacity from IRENA's electricity capacity database. Population data from the United Nations World Population Prospects.,,,,Year-end value for installed capacity (watts) and mid-year for population,
DATAFLOW,SPC:DF_BP50_5(1.0),Blue Pacific 2050: Climate Change And Disasters (Thematic Area 5),I,A,Annual,SPC_7_b_1,"Installed renewable electricity-generating capacity (watts per
            capita)",NU,Niue,_T,Total,_T,All ages,_T,National,_T,Total,_T,All education levels,_T,All occupations,TRE_ALL,Type of renewable energy: All,_T,No breakdown by disability,2003,,0,,WPC,Watt per capita,G,Global,E,Estimated,Renewable electricity generating capacity from IRENA's electricity capacity database. Population data from the United Nations World Population Prospects.,,,,Year-end value for installed capacity (watts) and mid-year for population,
DATAFLOW,SPC:DF_BP50_5(1.0),Blue Pacific 2050: Climate Change And Disasters (Thematic Area 5),I,A,Annual,SPC_7_b_1,"Installed renewable electricity-generating capacity (watts per
            capita)",NU,Niue,_T,Total,_T,All ages,_T,National,_T,Total,_T,All education levels,_T,All occupations,TRE_ALL,Type of renewable energy: All,_T,No breakdown by disability,2004,,0,,WPC,Watt per capita,G,Global,E,Estimated,Renewable electricity generating capacity from IRENA's electricity capacity database. Population data from the United Nations World Population Prospects.,,,,Year-end value for installed capacity (watts) and mid-year for population,
DATAFLOW,SPC:DF_BP50_5(1.0),Blue Pacific 2050: Climate Change And Disasters (Thematic Area 5),I,A,Annual,SPC_7_b_1,"Installed renewable electricity-generating capacity (watts per
            capita)",NU,Niue,_T,Total,_T,All ages,_T,National,_T,Total,_T,All education levels,_T,All occupations,TRE_ALL,Type of renewable energy: All,_T,No breakdown by disability,2005,,0,,WPC,Watt per capita,G,Global,E,Estimated,Renewable electricity generating capacity from IRENA's electricity capacity database. Population data from the United Nations World Population Prospects.,,,,Year-end value for installed capacity (watts) and mid-year for population,
DATAFLOW,SPC:DF_BP50_5(1.0),Blue Pacific 2050: Climate Change And Disasters (Thematic Area 5),I,A,Annual,SPC_7_b_1,"Installed renewable electricity-generating capacity (watts per
            capita)",NU,Niue,_T,Total,_T,All ages,_T,National,_T,Total,_T,All education levels,_T,All occupations,TRE_ALL,Type of renewable energy: All,_T,No breakdown by disability,2006,,0,,WPC,Watt per capita,G,Global,E,Estimated,Renewable electricity generating capacity from IRENA's electricity capacity database. Population data from the United Nations World Population Prospects.,,,,Year-end value for installed capacity (watts) and mid-year for population,
DATAFLOW,SPC:DF_BP50_5(1.0),Blue Pacific 2050: Climate Change And Disasters (Thematic Area 5),I,A,Annual,SPC_7_b_1,"Installed renewable electricity-generating capacity (watts per
            capita)",NU,Niue,_T,Total,_T,All ages,_T,National,_T,Total,_T,All education levels,_T,All occupations,TRE_ALL,Type of renewable energy: All,_T,No breakdown by disability,2007,,0,,WPC,Watt per capita,G,Global,E,Estimated,Renewable electricity generating capacity from IRENA's electricity capacity database. Population data from the United Nations World Population Prospects.,,,,Year-end value for installed capacity (watts) and mid-year for population,
DATAFLOW,SPC:DF_BP50_5(1.0),Blue Pacific 2050: Climate Change And Disasters (Thematic Area 5),I,A,Annual,SPC_7_b_1,"Installed renewable electricity-generating capacity (watts per
            capita)",NU,Niue,_T,Total,_T,All ages,_T,National,_T,Total,_T,All education levels,_T,All occupations,TRE_ALL,Type of renewable energy: All,_T,No breakdown by disability,2008,,0,,WPC,Watt per capita,G,Global,E,Estimated,Renewable electricity generating capacity from IRENA's electricity capacity database. Population data from the United Nations World Population Prospects.,,,,Year-end value for installed capacity (watts) and mid-year for population,
DATAFLOW,SPC:DF_BP50_5(1.0),Blue Pacific 2050: Climate Change And Disasters (Thematic Area 5),I,A,Annual,SPC_7_b_1,"Installed renewable electricity-generating capacity (watts per
            capita)",NU,Niue,_T,Total,_T,All ages,_T,National,_T,Total,_T,All education levels,_T,All occupations,TRE_ALL,Type of renewable energy: All,_T,No breakdown by disability,2009,,30.303,,WPC,Watt per capita,G,Global,E,Estimated,Renewable electricity generating capacity from IRENA's electricity capacity database. Population data from the United Nations World Population Prospects.,,,,Year-end value for installed capacity (watts) and mid-year for population,
DATAFLOW,SPC:DF_BP50_5(1.0),Blue Pacific 2050: Climate Change And Disasters (Thematic Area 5),I,A,Annual,SPC_7_b_1,"Installed renewable electricity-generating capacity (watts per
            capita)",NU,Niue,_T,Total,_T,All ages,_T,National,_T,Total,_T,All education levels,_T,All occupations,TRE_ALL,Type of renewable energy: All,_T,No breakdown by disability,2010,,30.353,,WPC,Watt per capita,G,Global,E,Estimated,Renewable electricity generating capacity from IRENA's electricity capacity database. Population data from the United Nations World Population Prospects.,,,,Year-end value for installed capacity (watts) and mid-year for population,
DATAFLOW,SPC:DF_BP50_5(1.0),Blue Pacific 2050: Climate Change And Disasters (Thematic Area 5),I,A,Annual,SPC_7_b_1,"Installed renewable electricity-generating capacity (watts per
            capita)",NU,Niue,_T,Total,_T,All ages,_T,National,_T,Total,_T,All education levels,_T,All occupations,TRE_ALL,Type of renewable energy: All,_T,No breakdown by disability,2011,,30.37,,WPC,Watt per capita,G,Global,E,Estimated,Renewable electricity generating capacity from IRENA's electricity capacity database. Population data from the United Nations World Population Prospects.,,,,Year-end value for installed capacity (watts) and mid-year for population,
DATAFLOW,SPC:DF_BP50_5(1.0),Blue Pacific 2050: Climate Change And Disasters (Thematic Area 5),I,A,Annual,SPC_7_b_1,"Installed renewable electricity-generating capacity (watts per
            capita)",NU,Niue,_T,Total,_T,All ages,_T,National,_T,Total,_T,All education levels,_T,All occupations,TRE_ALL,Type of renewable energy: All,_T,No breakdown by disability,2012,,30.336,,WPC,Watt per capita,G,Global,E,Estimated,Renewable electricity generating capacity from IRENA's electricity capacity database. Population data from the United Nations World Population Prospects.,,,,Year-end value for installed capacity (watts) and mid-year for population,
DATAFLOW,SPC:DF_BP50_5(1.0),Blue Pacific 2050: Climate Change And Disasters (Thematic Area 5),I,A,Annual,SPC_7_b_1,"Installed renewable electricity-generating capacity (watts per
            capita)",NU,Niue,_T,Total,_T,All ages,_T,National,_T,Total,_T,All education levels,_T,All occupations,TRE_ALL,Type of renewable energy: All,_T,No breakdown by disability,2013,,30.137,,WPC,Watt per capita,G,Global,E,Estimated,Renewable electricity generating capacity from IRENA's electricity capacity database. Population data from the United Nations World Population Prospects.,,,,Year-end value for installed capacity (watts) and mid-year for population,
DATAFLOW,SPC:DF_BP50_5(1.0),Blue Pacific 2050: Climate Change And Disasters (Thematic Area 5),I,A,Annual,SPC_7_b_1,"Installed renewable electricity-generating capacity (watts per
            capita)",NU,Niue,_T,Total,_T,All ages,_T,National,_T,Total,_T,All education levels,_T,All occupations,TRE_ALL,Type of renewable energy: All,_T,No breakdown by disability,2014,,186.034,,WPC,Watt per capita,G,Global,E,Estimated,Renewable electricity generating capacity from IRENA's electricity capacity database. Population data from the United Nations World Population Prospects.,,,,Year-end value for installed capacity (watts) and mid-year for population,
DATAFLOW,SPC:DF_BP50_5(1.0),Blue Pacific 2050: Climate Change And Disasters (Thematic Area 5),I,A,Annual,SPC_7_b_1,"Installed renewable electricity-generating capacity (watts per
            capita)",NU,Niue,_T,Total,_T,All ages,_T,National,_T,Total,_T,All education levels,_T,All occupations,TRE_ALL,Type of renewable energy: All,_T,No breakdown by disability,2015,,184.624,,WPC,Watt per capita,G,Global,E,Estimated,Renewable electricity generating capacity from IRENA's electricity capacity database. Population data from the United Nations World Population Prospects.,,,,Year-end value for installed capacity (watts) and mid-year for population,
DATAFLOW,SPC:DF_BP50_5(1.0),Blue Pacific 2050: Climate Change And Disasters (Thematic Area 5),I,A,Annual,SPC_7_b_1,"Installed renewable electricity-generating capacity (watts per
            capita)",NU,Niue,_T,Total,_T,All ages,_T,National,_T,Total,_T,All education levels,_T,All occupations,TRE_ALL,Type of renewable energy: All,_T,No breakdown by disability,2016,,183.235,,WPC,Watt per capita,G,Global,E,Estimated,Renewable electricity generating capacity from IRENA's electricity capacity database. Population data from the United Nations World Population Prospects.,,,,Year-end value for installed capacity (watts) and mid-year for population,
DATAFLOW,SPC:DF_BP50_5(1.0),Blue Pacific 2050: Climate Change And Disasters (Thematic Area 5),I,A,Annual,SPC_7_b_1,"Installed renewable electricity-generating capacity (watts per
            capita)",NU,Niue,_T,Total,_T,All ages,_T,National,_T,Total,_T,All education levels,_T,All occupations,TRE_ALL,Type of renewable energy: All,_T,No breakdown by disability,2017,,182.451,,WPC,Watt per capita,G,Global,E,Estimated,Renewable electricity generating capacity from IRENA's electricity capacity database. Population data from the United Nations World Population Prospects.,,,,Year-end value for installed capacity (watts) and mid-year for population,
DATAFLOW,SPC:DF_BP50_5(1.0),Blue Pacific 2050: Climate Change And Disasters (Thematic Area 5),I,A,Annual,SPC_7_b_1,"Installed renewable electricity-generating capacity (watts per
            capita)",NU,Niue,_T,Total,_T,All ages,_T,National,_T,Total,_T,All education levels,_T,All occupations,TRE_ALL,Type of renewable energy: All,_T,No breakdown by disability,2018,,180.71,,WPC,Watt per capita,G,Global,E,Estimated,Renewable electricity generating capacity from IRENA's electricity capacity database. Population data from the United Nations World Population Prospects.,,,,Year-end value for installed capacity (watts) and mid-year for population,
DATAFLOW,SPC:DF_BP50_5(1.0),Blue Pacific 2050: Climate Change And Disasters (Thematic Area 5),I,A,Annual,SPC_7_b_1,"Installed renewable electricity-generating capacity (watts per
            capita)",NU,Niue,_T,Total,_T,All ages,_T,National,_T,Total,_T,All education levels,_T,All occupations,TRE_ALL,Type of renewable energy: All,_T,No breakdown by disability,2019,,489.849,,WPC,Watt per capita,G,Global,E,Estimated,Renewable electricity generating capacity from IRENA's electricity capacity database. Population data from the United Nations World Population Prospects.,,,,Year-end value for installed capacity (watts) and mid-year for population,
DATAFLOW,SPC:DF_BP50_5(1.0),Blue Pacific 2050: Climate Change And Disasters (Thematic Area 5),I,A,Annual,SPC_7_b_1,"Installed renewable electricity-generating capacity (watts per
            capita)",NU,Niue,_T,Total,_T,All ages,_T,National,_T,Total,_T,All education levels,_T,All occupations,TRE_ALL,Type of renewable energy: All,_T,No breakdown by disability,2020,,484.552,,WPC,Watt per capita,G,Global,E,Estimated,Renewable electricity generating capacity from IRENA's electricity capacity database. Population data from the United Nations World Population Prospects.,,,,Year-end value for installed capacity (watts) and mid-year for population,
DATAFLOW,SPC:DF_BP50_5(1.0),Blue Pacific 2050: Climate Change And Disasters (Thematic Area 5),I,A,Annual,SPC_7_b_1,"Installed renewable electricity-generating capacity (watts per
            capita)",NU,Niue,_T,Total,_T,All ages,_T,National,_T,Total,_T,All education levels,_T,All occupations,TRE_ALL,Type of renewable energy: All,_T,No breakdown by disability,2021,,485.803,,WPC,Watt per capita,G,Global,E,Estimated,Renewable electricity generating capacity from IRENA's electricity capacity database. Population data from the United Nations World Population Prospects.,,,,Year-end value for installed capacity (watts) and mid-year for population,
DATAFLOW,SPC:DF_BP50_5(1.0),Blue Pacific 2050: Climate Change And Disasters (Thematic Area 5),I,A,Annual,SPC_7_b_1,"Installed renewable electricity-generating capacity (watts per
            capita)",NU,Niue,_T,Total,_T,All ages,_T,National,_T,Total,_T,All education levels,_T,All occupations,TRE_ALL,Type of renewable energy: All,_T,No breakdown by disability,2022,,486.556,,WPC,Watt per capita,G,Global,E,Estimated,Renewable electricity generating capacity from IRENA's electricity capacity database. Population data from the United Nations World Population Prospects.,,,,Year-end value for installed capacity (watts) and mid-year for population,
DATAFLOW,SPC:DF_BP50_5(1.0),Blue Pacific 2050: Climate Change And Disasters (Thematic Area 5),I,A,Annual,EG_FEC_RNEW,Renewable energy share in the total final energy consumption,KI,Kiribati,_T,Total,_T,All ages,_T,National,_T,Total,_T,All education levels,_T,All occupations,_Z,Not applicable,_T,No breakdown by disability,2000,,54.73,,PERCENT,percent,G,Global,E,Estimated,"Energy Balances, UN Statistics Division (2024)",,,,,
DATAFLOW,SPC:DF_BP50_5(1.0),Blue Pacific 2050: Climate Change And Disasters (Thematic Area 5),I,A,Annual,EG_FEC_RNEW,Renewable energy share in the total final energy consumption,KI,Kiribati,_T,Total,_T,All ages,_T,National,_T,Total,_T,All education levels,_T,All occupations,_Z,Not applicable,_T,No breakdown by disability,2001,,56.39,,PERCENT,percent,G,Global,E,Estimated,"Energy Balances, UN Statistics Division (2024)",,,,,
DATAFLOW,SPC:DF_BP50_5(1.0),Blue Pacific 2050: Climate Change And Disasters (Thematic Area 5),I,A,Annual,EG_FEC_RNEW,Renewable energy share in the total final energy consumption,KI,Kiribati,_T,Total,_T,All ages,_T,National,_T,Total,_T,All education levels,_T,All occupations,_Z,Not applicable,_T,No breakdown by disability,2002,,53.05,,PERCENT,percent,G,Global,E,Estimated,"Energy Balances, UN Statistics Division (2024)",,,,,
DATAFLOW,SPC:DF_BP50_5(1.0),Blue Pacific 2050: Climate Change And Disasters (Thematic Area 5),I,A,Annual,EG_FEC_RNEW,Renewable energy share in the total final energy consumption,KI,Kiribati,_T,Total,_T,All ages,_T,National,_T,Total,_T,All education levels,_T,All occupations,_Z,Not applicable,_T,No breakdown by disability,2003,,50.52,,PERCENT,percent,G,Global,E,Estimated,"Energy Balances, UN Statistics Division (2024)",,,,,
DATAFLOW,SPC:DF_BP50_5(1.0),Blue Pacific 2050: Climate Change And Disasters (Thematic Area 5),I,A,Annual,EG_FEC_RNEW,Renewable energy share in the total final energy consumption,KI,Kiribati,_T,Total,_T,All ages,_T,National,_T,Total,_T,All education levels,_T,All occupations,_Z,Not applicable,_T,No breakdown by disability,2004,,50.55,,PERCENT,percent,G,Global,E,Estimated,"Energy Balances, UN Statistics Division (2024)",,,,,
DATAFLOW,SPC:DF_BP50_5(1.0),Blue Pacific 2050: Climate Change And Disasters (Thematic Area 5),I,A,Annual,EG_FEC_RNEW,Renewable energy share in the total final energy consumption,KI,Kiribati,_T,Total,_T,All ages,_T,National,_T,Total,_T,All education levels,_T,All occupations,_Z,Not applicable,_T,No breakdown by disability,2005,,48.51,,PERCENT,percent,G,Global,E,Estimated,"Energy Balances, UN Statistics Division (2024)",,,,,
DATAFLOW,SPC:DF_BP50_5(1.0),Blue Pacific 2050: Climate Change And Disasters (Thematic Area 5),I,A,Annual,EG_FEC_RNEW,Renewable energy share in the total final energy consumption,KI,Kiribati,_T,Total,_T,All ages,_T,National,_T,Total,_T,All education levels,_T,All occupations,_Z,Not applicable,_T,No breakdown by disability,2006,,48.12,,PERCENT,percent,G,Global,E,Estimated,"Energy Balances, UN Statistics Division (2024)",,,,,
DATAFLOW,SPC:DF_BP50_5(1.0),Blue Pacific 2050: Climate Change And Disasters (Thematic Area 5),I,A,Annual,EG_FEC_RNEW,Renewable energy share in the total final energy consumption,KI,Kiribati,_T,Total,_T,All ages,_T,National,_T,Total,_T,All education levels,_T,All occupations,_Z,Not applicable,_T,No breakdown by disability,2007,,48.42,,PERCENT,percent,G,Global,E,Estimated,"Energy Balances, UN Statistics Division (2024)",,,,,
DATAFLOW,SPC:DF_BP50_5(1.0),Blue Pacific 2050: Climate Change And Disasters (Thematic Area 5),I,A,Annual,EG_FEC_RNEW,Renewable energy share in the total final energy consumption,KI,Kiribati,_T,Total,_T,All ages,_T,National,_T,Total,_T,All education levels,_T,All occupations,_Z,Not applicable,_T,No breakdown by disability,2008,,49.74,,PERCENT,percent,G,Global,E,Estimated,"Energy Balances, UN Statistics Division (2024)",,,,,
DATAFLOW,SPC:DF_BP50_5(1.0),Blue Pacific 2050: Climate Change And Disasters (Thematic Area 5),I,A,Annual,EG_FEC_RNEW,Renewable energy share in the total final energy consumption,KI,Kiribati,_T,Total,_T,All ages,_T,National,_T,Total,_T,All education levels,_T,All occupations,_Z,Not applicable,_T,No breakdown by disability,2009,,50.44,,PERCENT,percent,G,Global,E,Estimated,"Energy Balances, UN Statistics Division (2024)",,,,,
DATAFLOW,SPC:DF_BP50_5(1.0),Blue Pacific 2050: Climate Change And Disasters (Thematic Area 5),I,A,Annual,EG_FEC_RNEW,Renewable energy share in the total final energy consumption,KI,Kiribati,_T,Total,_T,All ages,_T,National,_T,Total,_T,All education levels,_T,All occupations,_Z,Not applicable,_T,No breakdown by disability,2010,,50.14,,PERCENT,percent,G,Global,E,Estimated,"Energy Balances, UN Statistics Division (2024)",,,,,
DATAFLOW,SPC:DF_BP50_5(1.0),Blue Pacific 2050: Climate Change And Disasters (Thematic Area 5),I,A,Annual,EG_FEC_RNEW,Renewable energy share in the total final energy consumption,KI,Kiribati,_T,Total,_T,All ages,_T,National,_T,Total,_T,All education levels,_T,All occupations,_Z,Not applicable,_T,No breakdown by disability,2011,,50.51,,PERCENT,percent,G,Global,E,Estimated,"Energy Balances, UN Statistics Division (2024)",,,,,
DATAFLOW,SPC:DF_BP50_5(1.0),Blue Pacific 2050: Climate Change And Disasters (Thematic Area 5),I,A,Annual,EG_FEC_RNEW,Renewable energy share in the total final energy consumption,KI,Kiribati,_T,Total,_T,All ages,_T,National,_T,Total,_T,All education levels,_T,All occupations,_Z,Not applicable,_T,No breakdown by disability,2012,,48.73,,PERCENT,percent,G,Global,E,Estimated,"Energy Balances, UN Statistics Division (2024)",,,,,
DATAFLOW,SPC:DF_BP50_5(1.0),Blue Pacific 2050: Climate Change And Disasters (Thematic Area 5),I,A,Annual,EG_FEC_RNEW,Renewable energy share in the total final energy consumption,KI,Kiribati,_T,Total,_T,All ages,_T,National,_T,Total,_T,All education levels,_T,All occupations,_Z,Not applicable,_T,No breakdown by disability,2013,,46.16,,PERCENT,percent,G,Global,E,Estimated,"Energy Balances, UN Statistics Division (2024)",,,,,
DATAFLOW,SPC:DF_BP50_5(1.0),Blue Pacific 2050: Climate Change And Disasters (Thematic Area 5),I,A,Annual,EG_FEC_RNEW,Renewable energy share in the total final energy consumption,KI,Kiribati,_T,Total,_T,All ages,_T,National,_T,Total,_T,All education levels,_T,All occupations,_Z,Not applicable,_T,No breakdown by disability,2014,,47.98,,PERCENT,percent,G,Global,E,Estimated,"Energy Balances, UN Statistics Division (2024)",,,,,
DATAFLOW,SPC:DF_BP50_5(1.0),Blue Pacific 2050: Climate Change And Disasters (Thematic Area 5),I,A,Annual,EG_FEC_RNEW,Renewable energy share in the total final energy consumption,KI,Kiribati,_T,Total,_T,All ages,_T,National,_T,Total,_T,All education levels,_T,All occupations,_Z,Not applicable,_T,No breakdown by disability,2015,,47.48,,PERCENT,percent,G,Global,E,Estimated,"Energy Balances, UN Statistics Division (2024)",,,,,
DATAFLOW,SPC:DF_BP50_5(1.0),Blue Pacific 2050: Climate Change And Disasters (Thematic Area 5),I,A,Annual,EG_FEC_RNEW,Renewable energy share in the total final energy consumption,KI,Kiribati,_T,Total,_T,All ages,_T,National,_T,Total,_T,All education levels,_T,All occupations,_Z,Not applicable,_T,No breakdown by disability,2016,,48.1,,PERCENT,percent,G,Global,E,Estimated,"Energy Balances, UN Statistics Division (2024)",,,,,
DATAFLOW,SPC:DF_BP50_5(1.0),Blue Pacific 2050: Climate Change And Disasters (Thematic Area 5),I,A,Annual,EG_FEC_RNEW,Renewable energy share in the total final energy consumption,KI,Kiribati,_T,Total,_T,All ages,_T,National,_T,Total,_T,All education levels,_T,All occupations,_Z,Not applicable,_T,No breakdown by disability,2017,,42.51,,PERCENT,percent,G,Global,E,Estimated,"Energy Balances, UN Statistics Division (2024)",,,,,
DATAFLOW,SPC:DF_BP50_5(1.0),Blue Pacific 2050: Climate Change And Disasters (Thematic Area 5),I,A,Annual,EG_FEC_RNEW,Renewable energy share in the total final energy consumption,KI,Kiribati,_T,Total,_T,All ages,_T,National,_T,Total,_T,All education levels,_T,All occupations,_Z,Not applicable,_T,No breakdown by disability,2018,,42.31,,PERCENT,percent,G,Global,E,Estimated,"Energy Balances, UN Statistics Division (2024)",,,,,
DATAFLOW,SPC:DF_BP50_5(1.0),Blue Pacific 2050: Climate Change And Disasters (Thematic Area 5),I,A,Annual,EG_FEC_RNEW,Renewable energy share in the total final energy consumption,KI,Kiribati,_T,Total,_T,All ages,_T,National,_T,Total,_T,All education levels,_T,All occupations,_Z,Not applicable,_T,No breakdown by disability,2019,,42.19,,PERCENT,percent,G,Global,E,Estimated,"Energy Balances, UN Statistics Division (2024)",,,,,
DATAFLOW,SPC:DF_BP50_5(1.0),Blue Pacific 2050: Climate Change And Disasters (Thematic Area 5),I,A,Annual,EG_FEC_RNEW,Renewable energy share in the total final energy consumption,KI,Kiribati,_T,Total,_T,All ages,_T,National,_T,Total,_T,All education levels,_T,All occupations,_Z,Not applicable,_T,No breakdown by disability,2020,,42.24,,PERCENT,percent,G,Global,E,Estimated,"Energy Balances, UN Statistics Division (2024)",,,,,
DATAFLOW,SPC:DF_BP50_5(1.0),Blue Pacific 2050: Climate Change And Disasters (Thematic Area 5),I,A,Annual,EG_FEC_RNEW,Renewable energy share in the total final energy consumption,KI,Kiribati,_T,Total,_T,All ages,_T,National,_T,Total,_T,All education levels,_T,All occupations,_Z,Not applicable,_T,No breakdown by disability,2021,,42.23,,PERCENT,percent,G,Global,E,Estimated,"Energy Balances, UN Statistics Division (2024)",,,,,
DATAFLOW,SPC:DF_BP50_5(1.0),Blue Pacific 2050: Climate Change And Disasters (Thematic Area 5),I,A,Annual,EG_FEC_RNEW,Renewable energy share in the total final energy consumption,KI,Kiribati,_T,Total,_T,All ages,_T,National,_T,Total,_T,All education levels,_T,All occupations,_Z,Not applicable,_T,No breakdown by disability,2022,,41.86,,PERCENT,percent,G,Global,E,Estimated,"Energy Balances, UN Statistics Division (2024)",,,,,
DATAFLOW,SPC:DF_BP50_5(1.0),Blue Pacific 2050: Climate Change And Disasters (Thematic Area 5),I,A,Annual,EG_FEC_RNEW,Renewable energy share in the total final energy consumption,TO,Tonga,_T,Total,_T,All ages,_T,National,_T,Total,_T,All education levels,_T,All occupations,_Z,Not applicable,_T,No breakdown by disability,2000,,2.48,,PERCENT,percent,G,Global,E,Estimated,"Energy Balances, UN Statistics Division (2024)",,,,,
DATAFLOW,SPC:DF_BP50_5(1.0),Blue Pacific 2050: Climate Change And Disasters (Thematic Area 5),I,A,Annual,EG_FEC_RNEW,Renewable energy share in the total final energy consumption,TO,Tonga,_T,Total,_T,All ages,_T,National,_T,Total,_T,All education levels,_T,All occupations,_Z,Not applicable,_T,No breakdown by disability,2001,,2.7,,PERCENT,percent,G,Global,E,Estimated,"Energy Balances, UN Statistics Division (2024)",,,,,
DATAFLOW,SPC:DF_BP50_5(1.0),Blue Pacific 2050: Climate Change And Disasters (Thematic Area 5),I,A,Annual,EG_FEC_RNEW,Renewable energy share in the total final energy consumption,TO,Tonga,_T,Total,_T,All ages,_T,National,_T,Total,_T,All education levels,_T,All occupations,_Z,Not applicable,_T,No breakdown by disability,2002,,2.48,,PERCENT,percent,G,Global,E,Estimated,"Energy Balances, UN Statistics Division (2024)",,,,,
DATAFLOW,SPC:DF_BP50_5(1.0),Blue Pacific 2050: Climate Change And Disasters (Thematic Area 5),I,A,Annual,EG_FEC_RNEW,Renewable energy share in the total final energy consumption,TO,Tonga,_T,Total,_T,All ages,_T,National,_T,Total,_T,All education levels,_T,All occupations,_Z,Not applicable,_T,No breakdown by disability,2003,,2.01,,PERCENT,percent,G,Global,E,Estimated,"Energy Balances, UN Statistics Division (2024)",,,,,
DATAFLOW,SPC:DF_BP50_5(1.0),Blue Pacific 2050: Climate Change And Disasters (Thematic Area 5),I,A,Annual,EG_FEC_RNEW,Renewable energy share in the total final energy consumption,TO,Tonga,_T,Total,_T,All ages,_T,National,_T,Total,_T,All education levels,_T,All occupations,_Z,Not applicable,_T,No breakdown by disability,2004,,2.15,,PERCENT,percent,G,Global,E,Estimated,"Energy Balances, UN Statistics Division (2024)",,,,,
DATAFLOW,SPC:DF_BP50_5(1.0),Blue Pacific 2050: Climate Change And Disasters (Thematic Area 5),I,A,Annual,EG_FEC_RNEW,Renewable energy share in the total final energy consumption,TO,Tonga,_T,Total,_T,All ages,_T,National,_T,Total,_T,All education levels,_T,All occupations,_Z,Not applicable,_T,No breakdown by disability,2005,,2.15,,PERCENT,percent,G,Global,E,Estimated,"Energy Balances, UN Statistics Division (2024)",,,,,
DATAFLOW,SPC:DF_BP50_5(1.0),Blue Pacific 2050: Climate Change And Disasters (Thematic Area 5),I,A,Annual,EG_FEC_RNEW,Renewable energy share in the total final energy consumption,TO,Tonga,_T,Total,_T,All ages,_T,National,_T,Total,_T,All education levels,_T,All occupations,_Z,Not applicable,_T,No breakdown by disability,2006,,1.86,,PERCENT,percent,G,Global,E,Estimated,"Energy Balances, UN Statistics Division (2024)",,,,,
DATAFLOW,SPC:DF_BP50_5(1.0),Blue Pacific 2050: Climate Change And Disasters (Thematic Area 5),I,A,Annual,EG_FEC_RNEW,Renewable energy share in the total final energy consumption,TO,Tonga,_T,Total,_T,All ages,_T,National,_T,Total,_T,All education levels,_T,All occupations,_Z,Not applicable,_T,No breakdown by disability,2007,,2.16,,PERCENT,percent,G,Global,E,Estimated,"Energy Balances, UN Statistics Division (2024)",,,,,
DATAFLOW,SPC:DF_BP50_5(1.0),Blue Pacific 2050: Climate Change And Disasters (Thematic Area 5),I,A,Annual,EG_FEC_RNEW,Renewable energy share in the total final energy consumption,TO,Tonga,_T,Total,_T,All ages,_T,National,_T,Total,_T,All education levels,_T,All occupations,_Z,Not applicable,_T,No breakdown by disability,2008,,2.37,,PERCENT,percent,G,Global,E,Estimated,"Energy Balances, UN Statistics Division (2024)",,,,,
DATAFLOW,SPC:DF_BP50_5(1.0),Blue Pacific 2050: Climate Change And Disasters (Thematic Area 5),I,A,Annual,EG_FEC_RNEW,Renewable energy share in the total final energy consumption,TO,Tonga,_T,Total,_T,All ages,_T,National,_T,Total,_T,All education levels,_T,All occupations,_Z,Not applicable,_T,No breakdown by disability,2009,,2.05,,PERCENT,percent,G,Global,E,Estimated,"Energy Balances, UN Statistics Division (2024)",,,,,
DATAFLOW,SPC:DF_BP50_5(1.0),Blue Pacific 2050: Climate Change And Disasters (Thematic Area 5),I,A,Annual,EG_FEC_RNEW,Renewable energy share in the total final energy consumption,TO,Tonga,_T,Total,_T,All ages,_T,National,_T,Total,_T,All education levels,_T,All occupations,_Z,Not applicable,_T,No breakdown by disability,2010,,0.96,,PERCENT,percent,G,Global,E,Estimated,"Energy Balances, UN Statistics Division (2024)",,,,,
DATAFLOW,SPC:DF_BP50_5(1.0),Blue Pacific 2050: Climate Change And Disasters (Thematic Area 5),I,A,Annual,EG_FEC_RNEW,Renewable energy share in the total final energy consumption,TO,Tonga,_T,Total,_T,All ages,_T,National,_T,Total,_T,All education levels,_T,All occupations,_Z,Not applicable,_T,No breakdown by disability,2011,,1.1,,PERCENT,percent,G,Global,E,Estimated,"Energy Balances, UN Statistics Division (2024)",,,,,
DATAFLOW,SPC:DF_BP50_5(1.0),Blue Pacific 2050: Climate Change And Disasters (Thematic Area 5),I,A,Annual,EG_FEC_RNEW,Renewable energy share in the total final energy consumption,TO,Tonga,_T,Total,_T,All ages,_T,National,_T,Total,_T,All education levels,_T,All occupations,_Z,Not applicable,_T,No breakdown by disability,2012,,1.1,,PERCENT,percent,G,Global,E,Estimated,"Energy Balances, UN Statistics Division (2024)",,,,,
DATAFLOW,SPC:DF_BP50_5(1.0),Blue Pacific 2050: Climate Change And Disasters (Thematic Area 5),I,A,Annual,EG_FEC_RNEW,Renewable energy share in the total final energy consumption,TO,Tonga,_T,Total,_T,All ages,_T,National,_T,Total,_T,All education levels,_T,All occupations,_Z,Not applicable,_T,No breakdown by disability,2013,,1.54,,PERCENT,percent,G,Global,E,Estimated,"Energy Balances, UN Statistics Division (2024)",,,,,
DATAFLOW,SPC:DF_BP50_5(1.0),Blue Pacific 2050: Climate Change And Disasters (Thematic Area 5),I,A,Annual,EG_FEC_RNEW,Renewable energy share in the total final energy consumption,TO,Tonga,_T,Total,_T,All ages,_T,National,_T,Total,_T,All education levels,_T,All occupations,_Z,Not applicable,_T,No breakdown by disability,2014,,1.68,,PERCENT,percent,G,Global,E,Estimated,"Energy Balances, UN Statistics Division (2024)",,,,,
DATAFLOW,SPC:DF_BP50_5(1.0),Blue Pacific 2050: Climate Change And Disasters (Thematic Area 5),I,A,Annual,EG_FEC_RNEW,Renewable energy share in the total final energy consumption,TO,Tonga,_T,Total,_T,All ages,_T,National,_T,Total,_T,All education levels,_T,All occupations,_Z,Not applicable,_T,No breakdown by disability,2015,,2,,PERCENT,percent,G,Global,E,Estimated,"Energy Balances, UN Statistics Division (2024)",,,,,
DATAFLOW,SPC:DF_BP50_5(1.0),Blue Pacific 2050: Climate Change And Disasters (Thematic Area 5),I,A,Annual,EG_FEC_RNEW,Renewable energy share in the total final energy consumption,TO,Tonga,_T,Total,_T,All ages,_T,National,_T,Total,_T,All education levels,_T,All occupations,_Z,Not applicable,_T,No breakdown by disability,2016,,1.7,,PERCENT,percent,G,Global,E,Estimated,"Energy Balances, UN Statistics Division (2024)",,,,,
DATAFLOW,SPC:DF_BP50_5(1.0),Blue Pacific 2050: Climate Change And Disasters (Thematic Area 5),I,A,Annual,EG_FEC_RNEW,Renewable energy share in the total final energy consumption,TO,Tonga,_T,Total,_T,All ages,_T,National,_T,Total,_T,All education levels,_T,All occupations,_Z,Not applicable,_T,No breakdown by disability,2017,,1.74,,PERCENT,percent,G,Global,E,Estimated,"Energy Balances, UN Statistics Division (2024)",,,,,
DATAFLOW,SPC:DF_BP50_5(1.0),Blue Pacific 2050: Climate Change And Disasters (Thematic Area 5),I,A,Annual,EG_FEC_RNEW,Renewable energy share in the total final energy consumption,TO,Tonga,_T,Total,_T,All ages,_T,National,_T,Total,_T,All education levels,_T,All occupations,_Z,Not applicable,_T,No breakdown by disability,2018,,1.69,,PERCENT,percent,G,Global,E,Estimated,"Energy Balances, UN Statistics Division (2024)",,,,,
DATAFLOW,SPC:DF_BP50_5(1.0),Blue Pacific 2050: Climate Change And Disasters (Thematic Area 5),I,A,Annual,EG_FEC_RNEW,Renewable energy share in the total final energy consumption,TO,Tonga,_T,Total,_T,All ages,_T,National,_T,Total,_T,All education levels,_T,All occupations,_Z,Not applicable,_T,No breakdown by disability,2019,,1.68,,PERCENT,percent,G,Global,E,Estimated,"Energy Balances, UN Statistics Division (2024)",,,,,
DATAFLOW,SPC:DF_BP50_5(1.0),Blue Pacific 2050: Climate Change And Disasters (Thematic Area 5),I,A,Annual,EG_FEC_RNEW,Renewable energy share in the total final energy consumption,TO,Tonga,_T,Total,_T,All ages,_T,National,_T,Total,_T,All education levels,_T,All occupations,_Z,Not applicable,_T,No breakdown by disability,2020,,2.55,,PERCENT,percent,G,Global,E,Estimated,"Energy Balances, UN Statistics Division (2024)",,,,,
DATAFLOW,SPC:DF_BP50_5(1.0),Blue Pacific 2050: Climate Change And Disasters (Thematic Area 5),I,A,Annual,EG_FEC_RNEW,Renewable energy share in the total final energy consumption,TO,Tonga,_T,Total,_T,All ages,_T,National,_T,Total,_T,All education levels,_T,All occupations,_Z,Not applicable,_T,No breakdown by disability,2021,,2.4,,PERCENT,percent,G,Global,E,Estimated,"Energy Balances, UN Statistics Division (2024)",,,,,
DATAFLOW,SPC:DF_BP50_5(1.0),Blue Pacific 2050: Climate Change And Disasters (Thematic Area 5),I,A,Annual,EG_FEC_RNEW,Renewable energy share in the total final energy consumption,TO,Tonga,_T,Total,_T,All ages,_T,National,_T,Total,_T,All education levels,_T,All occupations,_Z,Not applicable,_T,No breakdown by disability,2022,,2.08,,PERCENT,percent,G,Global,E,Estimated,"Energy Balances, UN Statistics Division (2024)",,,,,
DATAFLOW,SPC:DF_BP50_5(1.0),Blue Pacific 2050: Climate Change And Disasters (Thematic Area 5),I,A,Annual,SPC_7_b_1,"Installed renewable electricity-generating capacity (watts per
            capita)",PF,French Polynesia,_T,Total,_T,All ages,_T,National,_T,Total,_T,All education levels,_T,All occupations,TRE_ALL,Type of renewable energy: All,_T,No breakdown by disability,2000,,191.602,,WPC,Watt per capita,G,Global,E,Estimated,Renewable electricity generating capacity from IRENA's electricity capacity database. Population data from the United Nations World Population Prospects.,,,,Year-end value for installed capacity (watts) and mid-year for population,
DATAFLOW,SPC:DF_BP50_5(1.0),Blue Pacific 2050: Climate Change And Disasters (Thematic Area 5),I,A,Annual,SPC_7_b_1,"Installed renewable electricity-generating capacity (watts per
            capita)",PF,French Polynesia,_T,Total,_T,All ages,_T,National,_T,Total,_T,All education levels,_T,All occupations,TRE_ALL,Type of renewable energy: All,_T,No breakdown by disability,2001,,189.093,,WPC,Watt per capita,G,Global,E,Estimated,Renewable electricity generating capacity from IRENA's electricity capacity database. Population data from the United Nations World Population Prospects.,,,,Year-end value for installed capacity (watts) and mid-year for population,
DATAFLOW,SPC:DF_BP50_5(1.0),Blue Pacific 2050: Climate Change And Disasters (Thematic Area 5),I,A,Annual,SPC_7_b_1,"Installed renewable electricity-generating capacity (watts per
            capita)",PF,French Polynesia,_T,Total,_T,All ages,_T,National,_T,Total,_T,All education levels,_T,All occupations,TRE_ALL,Type of renewable energy: All,_T,No breakdown by disability,2002,,186.612,,WPC,Watt per capita,G,Global,E,Estimated,Renewable electricity generating capacity from IRENA's electricity capacity database. Population data from the United Nations World Population Prospects.,,,,Year-end value for installed capacity (watts) and mid-year for population,
DATAFLOW,SPC:DF_BP50_5(1.0),Blue Pacific 2050: Climate Change And Disasters (Thematic Area 5),I,A,Annual,SPC_7_b_1,"Installed renewable electricity-generating capacity (watts per
            capita)",PF,French Polynesia,_T,Total,_T,All ages,_T,National,_T,Total,_T,All education levels,_T,All occupations,TRE_ALL,Type of renewable energy: All,_T,No breakdown by disability,2003,,184.487,,WPC,Watt per capita,G,Global,E,Estimated,Renewable electricity generating capacity from IRENA's electricity capacity database. Population data from the United Nations World Population Prospects.,,,,Year-end value for installed capacity (watts) and mid-year for population,
DATAFLOW,SPC:DF_BP50_5(1.0),Blue Pacific 2050: Climate Change And Disasters (Thematic Area 5),I,A,Annual,SPC_7_b_1,"Installed renewable electricity-generating capacity (watts per
            capita)",PF,French Polynesia,_T,Total,_T,All ages,_T,National,_T,Total,_T,All education levels,_T,All occupations,TRE_ALL,Type of renewable energy: All,_T,No breakdown by disability,2004,,182.659,,WPC,Watt per capita,G,Global,E,Estimated,Renewable electricity generating capacity from IRENA's electricity capacity database. Population data from the United Nations World Population Prospects.,,,,Year-end value for installed capacity (watts) and mid-year for population,
DATAFLOW,SPC:DF_BP50_5(1.0),Blue Pacific 2050: Climate Change And Disasters (Thematic Area 5),I,A,Annual,SPC_7_b_1,"Installed renewable electricity-generating capacity (watts per
            capita)",PF,French Polynesia,_T,Total,_T,All ages,_T,National,_T,Total,_T,All education levels,_T,All occupations,TRE_ALL,Type of renewable energy: All,_T,No breakdown by disability,2005,,181.052,,WPC,Watt per capita,G,Global,E,Estimated,Renewable electricity generating capacity from IRENA's electricity capacity database. Population data from the United Nations World Population Prospects.,,,,Year-end value for installed capacity (watts) and mid-year for population,
DATAFLOW,SPC:DF_BP50_5(1.0),Blue Pacific 2050: Climate Change And Disasters (Thematic Area 5),I,A,Annual,SPC_7_b_1,"Installed renewable electricity-generating capacity (watts per
            capita)",PF,French Polynesia,_T,Total,_T,All ages,_T,National,_T,Total,_T,All education levels,_T,All occupations,TRE_ALL,Type of renewable energy: All,_T,No breakdown by disability,2006,,179.41,,WPC,Watt per capita,G,Global,E,Estimated,Renewable electricity generating capacity from IRENA's electricity capacity database. Population data from the United Nations World Population Prospects.,,,,Year-end value for installed capacity (watts) and mid-year for population,
DATAFLOW,SPC:DF_BP50_5(1.0),Blue Pacific 2050: Climate Change And Disasters (Thematic Area 5),I,A,Annual,SPC_7_b_1,"Installed renewable electricity-generating capacity (watts per
            capita)",PF,French Polynesia,_T,Total,_T,All ages,_T,National,_T,Total,_T,All education levels,_T,All occupations,TRE_ALL,Type of renewable energy: All,_T,No breakdown by disability,2007,,177.918,,WPC,Watt per capita,G,Global,E,Estimated,Renewable electricity generating capacity from IRENA's electricity capacity database. Population data from the United Nations World Population Prospects.,,,,Year-end value for installed capacity (watts) and mid-year for population,
DATAFLOW,SPC:DF_BP50_5(1.0),Blue Pacific 2050: Climate Change And Disasters (Thematic Area 5),I,A,Annual,SPC_7_b_1,"Installed renewable electricity-generating capacity (watts per
            capita)",PF,French Polynesia,_T,Total,_T,All ages,_T,National,_T,Total,_T,All education levels,_T,All occupations,TRE_ALL,Type of renewable energy: All,_T,No breakdown by disability,2008,,177.942,,WPC,Watt per capita,G,Global,E,Estimated,Renewable electricity generating capacity from IRENA's electricity capacity database. Population data from the United Nations World Population Prospects.,,,,Year-end value for installed capacity (watts) and mid-year for population,
DATAFLOW,SPC:DF_BP50_5(1.0),Blue Pacific 2050: Climate Change And Disasters (Thematic Area 5),I,A,Annual,SPC_7_b_1,"Installed renewable electricity-generating capacity (watts per
            capita)",PF,French Polynesia,_T,Total,_T,All ages,_T,National,_T,Total,_T,All education levels,_T,All occupations,TRE_ALL,Type of renewable energy: All,_T,No breakdown by disability,2009,,177.662,,WPC,Watt per capita,G,Global,E,Estimated,Renewable electricity generating capacity from IRENA's electricity capacity database. Population data from the United Nations World Population Prospects.,,,,Year-end value for installed capacity (watts) and mid-year for population,
DATAFLOW,SPC:DF_BP50_5(1.0),Blue Pacific 2050: Climate Change And Disasters (Thematic Area 5),I,A,Annual,SPC_7_b_1,"Installed renewable electricity-generating capacity (watts per
            capita)",PF,French Polynesia,_T,Total,_T,All ages,_T,National,_T,Total,_T,All education levels,_T,All occupations,TRE_ALL,Type of renewable energy: All,_T,No breakdown by disability,2010,,178.154,,WPC,Watt per capita,G,Global,E,Estimated,Renewable electricity generating capacity from IRENA's electricity capacity database. Population data from the United Nations World Population Prospects.,,,,Year-end value for installed capacity (watts) and mid-year for population,
DATAFLOW,SPC:DF_BP50_5(1.0),Blue Pacific 2050: Climate Change And Disasters (Thematic Area 5),I,A,Annual,SPC_7_b_1,"Installed renewable electricity-generating capacity (watts per
            capita)",PF,French Polynesia,_T,Total,_T,All ages,_T,National,_T,Total,_T,All education levels,_T,All occupations,TRE_ALL,Type of renewable energy: All,_T,No breakdown by disability,2011,,205.626,,WPC,Watt per capita,G,Global,E,Estimated,Renewable electricity generating capacity from IRENA's electricity capacity database. Population data from the United Nations World Population Prospects.,,,,Year-end value for installed capacity (watts) and mid-year for population,
DATAFLOW,SPC:DF_BP50_5(1.0),Blue Pacific 2050: Climate Change And Disasters (Thematic Area 5),I,A,Annual,SPC_7_b_1,"Installed renewable electricity-generating capacity (watts per
            capita)",PF,French Polynesia,_T,Total,_T,All ages,_T,National,_T,Total,_T,All education levels,_T,All occupations,TRE_ALL,Type of renewable energy: All,_T,No breakdown by disability,2012,,213.403,,WPC,Watt per capita,G,Global,E,Estimated,Renewable electricity generating capacity from IRENA's electricity capacity database. Population data from the United Nations World Population Prospects.,,,,Year-end value for installed capacity (watts) and mid-year for population,
DATAFLOW,SPC:DF_BP50_5(1.0),Blue Pacific 2050: Climate Change And Disasters (Thematic Area 5),I,A,Annual,SPC_7_b_1,"Installed renewable electricity-generating capacity (watts per
            capita)",PF,French Polynesia,_T,Total,_T,All ages,_T,National,_T,Total,_T,All education levels,_T,All occupations,TRE_ALL,Type of renewable energy: All,_T,No breakdown by disability,2013,,224.135,,WPC,Watt per capita,G,Global,E,Estimated,Renewable electricity generating capacity from IRENA's electricity capacity database. Population data from the United Nations World Population Prospects.,,,,Year-end value for installed capacity (watts) and mid-year for population,
DATAFLOW,SPC:DF_BP50_5(1.0),Blue Pacific 2050: Climate Change And Disasters (Thematic Area 5),I,A,Annual,SPC_7_b_1,"Installed renewable electricity-generating capacity (watts per
            capita)",PF,French Polynesia,_T,Total,_T,All ages,_T,National,_T,Total,_T,All education levels,_T,All occupations,TRE_ALL,Type of renewable energy: All,_T,No breakdown by disability,2014,,249.275,,WPC,Watt per capita,G,Global,E,Estimated,Renewable electricity generating capacity from IRENA's electricity capacity database. Population data from the United Nations World Population Prospects.,,,,Year-end value for installed capacity (watts) and mid-year for population,
DATAFLOW,SPC:DF_BP50_5(1.0),Blue Pacific 2050: Climate Change And Disasters (Thematic Area 5),I,A,Annual,SPC_7_b_1,"Installed renewable electricity-generating capacity (watts per
            capita)",PF,French Polynesia,_T,Total,_T,All ages,_T,National,_T,Total,_T,All education levels,_T,All occupations,TRE_ALL,Type of renewable energy: All,_T,No breakdown by disability,2015,,258.949,,WPC,Watt per capita,G,Global,E,Estimated,Renewable electricity generating capacity from IRENA's electricity capacity database. Population data from the United Nations World Population Prospects.,,,,Year-end value for installed capacity (watts) and mid-year for population,
DATAFLOW,SPC:DF_BP50_5(1.0),Blue Pacific 2050: Climate Change And Disasters (Thematic Area 5),I,A,Annual,SPC_7_b_1,"Installed renewable electricity-generating capacity (watts per
            capita)",PF,French Polynesia,_T,Total,_T,All ages,_T,National,_T,Total,_T,All education levels,_T,All occupations,TRE_ALL,Type of renewable energy: All,_T,No breakdown by disability,2016,,270.007,,WPC,Watt per capita,G,Global,E,Estimated,Renewable electricity generating capacity from IRENA's electricity capacity database. Population data from the United Nations World Population Prospects.,,,,Year-end value for installed capacity (watts) and mid-year for population,
DATAFLOW,SPC:DF_BP50_5(1.0),Blue Pacific 2050: Climate Change And Disasters (Thematic Area 5),I,A,Annual,SPC_7_b_1,"Installed renewable electricity-generating capacity (watts per
            capita)",PF,French Polynesia,_T,Total,_T,All ages,_T,National,_T,Total,_T,All education levels,_T,All occupations,TRE_ALL,Type of renewable energy: All,_T,No breakdown by disability,2017,,281.191,,WPC,Watt per capita,G,Global,E,Estimated,Renewable electricity generating capacity from IRENA's electricity capacity database. Population data from the United Nations World Population Prospects.,,,,Year-end value for installed capacity (watts) and mid-year for population,
DATAFLOW,SPC:DF_BP50_5(1.0),Blue Pacific 2050: Climate Change And Disasters (Thematic Area 5),I,A,Annual,SPC_7_b_1,"Installed renewable electricity-generating capacity (watts per
            capita)",PF,French Polynesia,_T,Total,_T,All ages,_T,National,_T,Total,_T,All education levels,_T,All occupations,TRE_ALL,Type of renewable energy: All,_T,No breakdown by disability,2018,,286.547,,WPC,Watt per capita,G,Global,E,Estimated,Renewable electricity generating capacity from IRENA's electricity capacity database. Population data from the United Nations World Population Prospects.,,,,Year-end value for installed capacity (watts) and mid-year for population,
DATAFLOW,SPC:DF_BP50_5(1.0),Blue Pacific 2050: Climate Change And Disasters (Thematic Area 5),I,A,Annual,SPC_7_b_1,"Installed renewable electricity-generating capacity (watts per
            capita)",PF,French Polynesia,_T,Total,_T,All ages,_T,National,_T,Total,_T,All education levels,_T,All occupations,TRE_ALL,Type of renewable energy: All,_T,No breakdown by disability,2019,,296.54,,WPC,Watt per capita,G,Global,E,Estimated,Renewable electricity generating capacity from IRENA's electricity capacity database. Population data from the United Nations World Population Prospects.,,,,Year-end value for installed capacity (watts) and mid-year for population,
DATAFLOW,SPC:DF_BP50_5(1.0),Blue Pacific 2050: Climate Change And Disasters (Thematic Area 5),I,A,Annual,SPC_7_b_1,"Installed renewable electricity-generating capacity (watts per
            capita)",PF,French Polynesia,_T,Total,_T,All ages,_T,National,_T,Total,_T,All education levels,_T,All occupations,TRE_ALL,Type of renewable energy: All,_T,No breakdown by disability,2020,,306.346,,WPC,Watt per capita,G,Global,E,Estimated,Renewable electricity generating capacity from IRENA's electricity capacity database. Population data from the United Nations World Population Prospects.,,,,Year-end value for installed capacity (watts) and mid-year for population,
DATAFLOW,SPC:DF_BP50_5(1.0),Blue Pacific 2050: Climate Change And Disasters (Thematic Area 5),I,A,Annual,SPC_7_b_1,"Installed renewable electricity-generating capacity (watts per
            capita)",PF,French Polynesia,_T,Total,_T,All ages,_T,National,_T,Total,_T,All education levels,_T,All occupations,TRE_ALL,Type of renewable energy: All,_T,No breakdown by disability,2021,,307.708,,WPC,Watt per capita,G,Global,E,Estimated,Renewable electricity generating capacity from IRENA's electricity capacity database. Population data from the United Nations World Population Prospects.,,,,Year-end value for installed capacity (watts) and mid-year for population,
DATAFLOW,SPC:DF_BP50_5(1.0),Blue Pacific 2050: Climate Change And Disasters (Thematic Area 5),I,A,Annual,SPC_7_b_1,"Installed renewable electricity-generating capacity (watts per
            capita)",PF,French Polynesia,_T,Total,_T,All ages,_T,National,_T,Total,_T,All education levels,_T,All occupations,TRE_ALL,Type of renewable energy: All,_T,No breakdown by disability,2022,,305.45,,WPC,Watt per capita,G,Global,E,Estimated,Renewable electricity generating capacity from IRENA's electricity capacity database. Population data from the United Nations World Population Prospects.,,,,Year-end value for installed capacity (watts) and mid-year for population,
DATAFLOW,SPC:DF_BP50_5(1.0),Blue Pacific 2050: Climate Change And Disasters (Thematic Area 5),I,A,Annual,SPC_7_b_1,"Installed renewable electricity-generating capacity (watts per
            capita)",CK,Cook Islands,_T,Total,_T,All ages,_T,National,_T,Total,_T,All education levels,_T,All occupations,TRE_ALL,Type of renewable energy: All,_T,No breakdown by disability,2000,,3.586,,WPC,Watt per capita,G,Global,E,Estimated,Renewable electricity generating capacity from IRENA's electricity capacity database. Population data from the United Nations World Population Prospects.,,,,Year-end value for installed capacity (watts) and mid-year for population,
DATAFLOW,SPC:DF_BP50_5(1.0),Blue Pacific 2050: Climate Change And Disasters (Thematic Area 5),I,A,Annual,SPC_7_b_1,"Installed renewable electricity-generating capacity (watts per
            capita)",CK,Cook Islands,_T,Total,_T,All ages,_T,National,_T,Total,_T,All education levels,_T,All occupations,TRE_ALL,Type of renewable energy: All,_T,No breakdown by disability,2001,,3.727,,WPC,Watt per capita,G,Global,E,Estimated,Renewable electricity generating capacity from IRENA's electricity capacity database. Population data from the United Nations World Population Prospects.,,,,Year-end value for installed capacity (watts) and mid-year for population,
DATAFLOW,SPC:DF_BP50_5(1.0),Blue Pacific 2050: Climate Change And Disasters (Thematic Area 5),I,A,Annual,SPC_7_b_1,"Installed renewable electricity-generating capacity (watts per
            capita)",CK,Cook Islands,_T,Total,_T,All ages,_T,National,_T,Total,_T,All education levels,_T,All occupations,TRE_ALL,Type of renewable energy: All,_T,No breakdown by disability,2002,,3.793,,WPC,Watt per capita,G,Global,E,Estimated,Renewable electricity generating capacity from IRENA's electricity capacity database. Population data from the United Nations World Population Prospects.,,,,Year-end value for installed capacity (watts) and mid-year for population,
DATAFLOW,SPC:DF_BP50_5(1.0),Blue Pacific 2050: Climate Change And Disasters (Thematic Area 5),I,A,Annual,SPC_7_b_1,"Installed renewable electricity-generating capacity (watts per
            capita)",CK,Cook Islands,_T,Total,_T,All ages,_T,National,_T,Total,_T,All education levels,_T,All occupations,TRE_ALL,Type of renewable energy: All,_T,No breakdown by disability,2003,,6.434,,WPC,Watt per capita,G,Global,E,Estimated,Renewable electricity generating capacity from IRENA's electricity capacity database. Population data from the United Nations World Population Prospects.,,,,Year-end value for installed capacity (watts) and mid-year for population,
DATAFLOW,SPC:DF_BP50_5(1.0),Blue Pacific 2050: Climate Change And Disasters (Thematic Area 5),I,A,Annual,SPC_7_b_1,"Installed renewable electricity-generating capacity (watts per
            capita)",CK,Cook Islands,_T,Total,_T,All ages,_T,National,_T,Total,_T,All education levels,_T,All occupations,TRE_ALL,Type of renewable energy: All,_T,No breakdown by disability,2004,,6.418,,WPC,Watt per capita,G,Global,E,Estimated,Renewable electricity generating capacity from IRENA's electricity capacity database. Population data from the United Nations World Population Prospects.,,,,Year-end value for installed capacity (watts) and mid-year for population,
DATAFLOW,SPC:DF_BP50_5(1.0),Blue Pacific 2050: Climate Change And Disasters (Thematic Area 5),I,A,Annual,SPC_7_b_1,"Installed renewable electricity-generating capacity (watts per
            capita)",CK,Cook Islands,_T,Total,_T,All ages,_T,National,_T,Total,_T,All education levels,_T,All occupations,TRE_ALL,Type of renewable energy: All,_T,No breakdown by disability,2005,,6.404,,WPC,Watt per capita,G,Global,E,Estimated,Renewable electricity generating capacity from IRENA's electricity capacity database. Population data from the United Nations World Population Prospects.,,,,Year-end value for installed capacity (watts) and mid-year for population,
DATAFLOW,SPC:DF_BP50_5(1.0),Blue Pacific 2050: Climate Change And Disasters (Thematic Area 5),I,A,Annual,SPC_7_b_1,"Installed renewable electricity-generating capacity (watts per
            capita)",CK,Cook Islands,_T,Total,_T,All ages,_T,National,_T,Total,_T,All education levels,_T,All occupations,TRE_ALL,Type of renewable energy: All,_T,No breakdown by disability,2006,,6.382,,WPC,Watt per capita,G,Global,E,Estimated,Renewable electricity generating capacity from IRENA's electricity capacity database. Population data from the United Nations World Population Prospects.,,,,Year-end value for installed capacity (watts) and mid-year for population,
DATAFLOW,SPC:DF_BP50_5(1.0),Blue Pacific 2050: Climate Change And Disasters (Thematic Area 5),I,A,Annual,SPC_7_b_1,"Installed renewable electricity-generating capacity (watts per
            capita)",CK,Cook Islands,_T,Total,_T,All ages,_T,National,_T,Total,_T,All education levels,_T,All occupations,TRE_ALL,Type of renewable energy: All,_T,No breakdown by disability,2007,,6.255,,WPC,Watt per capita,G,Global,E,Estimated,Renewable electricity generating capacity from IRENA's electricity capacity database. Population data from the United Nations World Population Prospects.,,,,Year-end value for installed capacity (watts) and mid-year for population,
DATAFLOW,SPC:DF_BP50_5(1.0),Blue Pacific 2050: Climate Change And Disasters (Thematic Area 5),I,A,Annual,SPC_7_b_1,"Installed renewable electricity-generating capacity (watts per
            capita)",CK,Cook Islands,_T,Total,_T,All ages,_T,National,_T,Total,_T,All education levels,_T,All occupations,TRE_ALL,Type of renewable energy: All,_T,No breakdown by disability,2008,,3.549,,WPC,Watt per capita,G,Global,E,Estimated,Renewable electricity generating capacity from IRENA's electricity capacity database. Population data from the United Nations World Population Prospects.,,,,Year-end value for installed capacity (watts) and mid-year for population,
DATAFLOW,SPC:DF_BP50_5(1.0),Blue Pacific 2050: Climate Change And Disasters (Thematic Area 5),I,A,Annual,SPC_7_b_1,"Installed renewable electricity-generating capacity (watts per
            capita)",CK,Cook Islands,_T,Total,_T,All ages,_T,National,_T,Total,_T,All education levels,_T,All occupations,TRE_ALL,Type of renewable energy: All,_T,No breakdown by disability,2009,,3.427,,WPC,Watt per capita,G,Global,E,Estimated,Renewable electricity generating capacity from IRENA's electricity capacity database. Population data from the United Nations World Population Prospects.,,,,Year-end value for installed capacity (watts) and mid-year for population,
DATAFLOW,SPC:DF_BP50_5(1.0),Blue Pacific 2050: Climate Change And Disasters (Thematic Area 5),I,A,Annual,SPC_7_b_1,"Installed renewable electricity-generating capacity (watts per
            capita)",CK,Cook Islands,_T,Total,_T,All ages,_T,National,_T,Total,_T,All education levels,_T,All occupations,TRE_ALL,Type of renewable energy: All,_T,No breakdown by disability,2010,,3.312,,WPC,Watt per capita,G,Global,E,Estimated,Renewable electricity generating capacity from IRENA's electricity capacity database. Population data from the United Nations World Population Prospects.,,,,Year-end value for installed capacity (watts) and mid-year for population,
DATAFLOW,SPC:DF_BP50_5(1.0),Blue Pacific 2050: Climate Change And Disasters (Thematic Area 5),I,A,Annual,SPC_7_b_1,"Installed renewable electricity-generating capacity (watts per
            capita)",CK,Cook Islands,_T,Total,_T,All ages,_T,National,_T,Total,_T,All education levels,_T,All occupations,TRE_ALL,Type of renewable energy: All,_T,No breakdown by disability,2011,,3.208,,WPC,Watt per capita,G,Global,E,Estimated,Renewable electricity generating capacity from IRENA's electricity capacity database. Population data from the United Nations World Population Prospects.,,,,Year-end value for installed capacity (watts) and mid-year for population,
DATAFLOW,SPC:DF_BP50_5(1.0),Blue Pacific 2050: Climate Change And Disasters (Thematic Area 5),I,A,Annual,SPC_7_b_1,"Installed renewable electricity-generating capacity (watts per
            capita)",CK,Cook Islands,_T,Total,_T,All ages,_T,National,_T,Total,_T,All education levels,_T,All occupations,TRE_ALL,Type of renewable energy: All,_T,No breakdown by disability,2012,,3.167,,WPC,Watt per capita,G,Global,E,Estimated,Renewable electricity generating capacity from IRENA's electricity capacity database. Population data from the United Nations World Population Prospects.,,,,Year-end value for installed capacity (watts) and mid-year for population,
DATAFLOW,SPC:DF_BP50_5(1.0),Blue Pacific 2050: Climate Change And Disasters (Thematic Area 5),I,A,Annual,SPC_7_b_1,"Installed renewable electricity-generating capacity (watts per
            capita)",CK,Cook Islands,_T,Total,_T,All ages,_T,National,_T,Total,_T,All education levels,_T,All occupations,TRE_ALL,Type of renewable energy: All,_T,No breakdown by disability,2013,,39.685,,WPC,Watt per capita,G,Global,E,Estimated,Renewable electricity generating capacity from IRENA's electricity capacity database. Population data from the United Nations World Population Prospects.,,,,Year-end value for installed capacity (watts) and mid-year for population,
DATAFLOW,SPC:DF_BP50_5(1.0),Blue Pacific 2050: Climate Change And Disasters (Thematic Area 5),I,A,Annual,SPC_7_b_1,"Installed renewable electricity-generating capacity (watts per
            capita)",CK,Cook Islands,_T,Total,_T,All ages,_T,National,_T,Total,_T,All education levels,_T,All occupations,TRE_ALL,Type of renewable energy: All,_T,No breakdown by disability,2014,,93.792,,WPC,Watt per capita,G,Global,E,Estimated,Renewable electricity generating capacity from IRENA's electricity capacity database. Population data from the United Nations World Population Prospects.,,,,Year-end value for installed capacity (watts) and mid-year for population,
DATAFLOW,SPC:DF_BP50_5(1.0),Blue Pacific 2050: Climate Change And Disasters (Thematic Area 5),I,A,Annual,SPC_7_b_1,"Installed renewable electricity-generating capacity (watts per
            capita)",CK,Cook Islands,_T,Total,_T,All ages,_T,National,_T,Total,_T,All education levels,_T,All occupations,TRE_ALL,Type of renewable energy: All,_T,No breakdown by disability,2015,,163.719,,WPC,Watt per capita,G,Global,E,Estimated,Renewable electricity generating capacity from IRENA's electricity capacity database. Population data from the United Nations World Population Prospects.,,,,Year-end value for installed capacity (watts) and mid-year for population,
DATAFLOW,SPC:DF_BP50_5(1.0),Blue Pacific 2050: Climate Change And Disasters (Thematic Area 5),I,A,Annual,SPC_7_b_1,"Installed renewable electricity-generating capacity (watts per
            capita)",CK,Cook Islands,_T,Total,_T,All ages,_T,National,_T,Total,_T,All education levels,_T,All occupations,TRE_ALL,Type of renewable energy: All,_T,No breakdown by disability,2016,,171.606,,WPC,Watt per capita,G,Global,E,Estimated,Renewable electricity generating capacity from IRENA's electricity capacity database. Population data from the United Nations World Population Prospects.,,,,Year-end value for installed capacity (watts) and mid-year for population,
DATAFLOW,SPC:DF_BP50_5(1.0),Blue Pacific 2050: Climate Change And Disasters (Thematic Area 5),I,A,Annual,SPC_7_b_1,"Installed renewable electricity-generating capacity (watts per
            capita)",CK,Cook Islands,_T,Total,_T,All ages,_T,National,_T,Total,_T,All education levels,_T,All occupations,TRE_ALL,Type of renewable energy: All,_T,No breakdown by disability,2017,,173.096,,WPC,Watt per capita,G,Global,E,Estimated,Renewable electricity generating capacity from IRENA's electricity capacity database. Population data from the United Nations World Population Prospects.,,,,Year-end value for installed capacity (watts) and mid-year for population,
DATAFLOW,SPC:DF_BP50_5(1.0),Blue Pacific 2050: Climate Change And Disasters (Thematic Area 5),I,A,Annual,SPC_7_b_1,"Installed renewable electricity-generating capacity (watts per
            capita)",CK,Cook Islands,_T,Total,_T,All ages,_T,National,_T,Total,_T,All education levels,_T,All occupations,TRE_ALL,Type of renewable energy: All,_T,No breakdown by disability,2018,,280.125,,WPC,Watt per capita,G,Global,E,Estimated,Renewable electricity generating capacity from IRENA's electricity capacity database. Population data from the United Nations World Population Prospects.,,,,Year-end value for installed capacity (watts) and mid-year for population,
DATAFLOW,SPC:DF_BP50_5(1.0),Blue Pacific 2050: Climate Change And Disasters (Thematic Area 5),I,A,Annual,SPC_7_b_1,"Installed renewable electricity-generating capacity (watts per
            capita)",CK,Cook Islands,_T,Total,_T,All ages,_T,National,_T,Total,_T,All education levels,_T,All occupations,TRE_ALL,Type of renewable energy: All,_T,No breakdown by disability,2019,,325.541,,WPC,Watt per capita,G,Global,E,Estimated,Renewable electricity generating capacity from IRENA's electricity capacity database. Population data from the United Nations World Population Prospects.,,,,Year-end value for installed capacity (watts) and mid-year for population,
DATAFLOW,SPC:DF_BP50_5(1.0),Blue Pacific 2050: Climate Change And Disasters (Thematic Area 5),I,A,Annual,SPC_7_b_1,"Installed renewable electricity-generating capacity (watts per
            capita)",CK,Cook Islands,_T,Total,_T,All ages,_T,National,_T,Total,_T,All education levels,_T,All occupations,TRE_ALL,Type of renewable energy: All,_T,No breakdown by disability,2020,,327.089,,WPC,Watt per capita,G,Global,E,Estimated,Renewable electricity generating capacity from IRENA's electricity capacity database. Population data from the United Nations World Population Prospects.,,,,Year-end value for installed capacity (watts) and mid-year for population,
DATAFLOW,SPC:DF_BP50_5(1.0),Blue Pacific 2050: Climate Change And Disasters (Thematic Area 5),I,A,Annual,SPC_7_b_1,"Installed renewable electricity-generating capacity (watts per
            capita)",CK,Cook Islands,_T,Total,_T,All ages,_T,National,_T,Total,_T,All education levels,_T,All occupations,TRE_ALL,Type of renewable energy: All,_T,No breakdown by disability,2021,,327.589,,WPC,Watt per capita,G,Global,E,Estimated,Renewable electricity generating capacity from IRENA's electricity capacity database. Population data from the United Nations World Population Prospects.,,,,Year-end value for installed capacity (watts) and mid-year for population,
DATAFLOW,SPC:DF_BP50_5(1.0),Blue Pacific 2050: Climate Change And Disasters (Thematic Area 5),I,A,Annual,SPC_7_b_1,"Installed renewable electricity-generating capacity (watts per
            capita)",CK,Cook Islands,_T,Total,_T,All ages,_T,National,_T,Total,_T,All education levels,_T,All occupations,TRE_ALL,Type of renewable energy: All,_T,No breakdown by disability,2022,,327.435,,WPC,Watt per capita,G,Global,E,Estimated,Renewable electricity generating capacity from IRENA's electricity capacity database. Population data from the United Nations World Population Prospects.,,,,Year-end value for installed capacity (watts) and mid-year for population,
DATAFLOW,SPC:DF_BP50_5(1.0),Blue Pacific 2050: Climate Change And Disasters (Thematic Area 5),I,A,Annual,SPC_7_b_1,"Installed renewable electricity-generating capacity (watts per
            capita)",WS,Samoa,_T,Total,_T,All ages,_T,National,_T,Total,_T,All education levels,_T,All occupations,TRE_ALL,Type of renewable energy: All,_T,No breakdown by disability,2000,,81.573,,WPC,Watt per capita,G,Global,E,Estimated,Renewable electricity generating capacity from IRENA's electricity capacity database. Population data from the United Nations World Population Prospects.,,,,Year-end value for installed capacity (watts) and mid-year for population,
DATAFLOW,SPC:DF_BP50_5(1.0),Blue Pacific 2050: Climate Change And Disasters (Thematic Area 5),I,A,Annual,SPC_7_b_1,"Installed renewable electricity-generating capacity (watts per
            capita)",WS,Samoa,_T,Total,_T,All ages,_T,National,_T,Total,_T,All education levels,_T,All occupations,TRE_ALL,Type of renewable energy: All,_T,No breakdown by disability,2001,,80.903,,WPC,Watt per capita,G,Global,E,Estimated,Renewable electricity generating capacity from IRENA's electricity capacity database. Population data from the United Nations World Population Prospects.,,,,Year-end value for installed capacity (watts) and mid-year for population,
DATAFLOW,SPC:DF_BP50_5(1.0),Blue Pacific 2050: Climate Change And Disasters (Thematic Area 5),I,A,Annual,SPC_7_b_1,"Installed renewable electricity-generating capacity (watts per
            capita)",WS,Samoa,_T,Total,_T,All ages,_T,National,_T,Total,_T,All education levels,_T,All occupations,TRE_ALL,Type of renewable energy: All,_T,No breakdown by disability,2002,,80.427,,WPC,Watt per capita,G,Global,E,Estimated,Renewable electricity generating capacity from IRENA's electricity capacity database. Population data from the United Nations World Population Prospects.,,,,Year-end value for installed capacity (watts) and mid-year for population,
DATAFLOW,SPC:DF_BP50_5(1.0),Blue Pacific 2050: Climate Change And Disasters (Thematic Area 5),I,A,Annual,SPC_7_b_1,"Installed renewable electricity-generating capacity (watts per
            capita)",WS,Samoa,_T,Total,_T,All ages,_T,National,_T,Total,_T,All education levels,_T,All occupations,TRE_ALL,Type of renewable energy: All,_T,No breakdown by disability,2003,,80.079,,WPC,Watt per capita,G,Global,E,Estimated,Renewable electricity generating capacity from IRENA's electricity capacity database. Population data from the United Nations World Population Prospects.,,,,Year-end value for installed capacity (watts) and mid-year for population,
DATAFLOW,SPC:DF_BP50_5(1.0),Blue Pacific 2050: Climate Change And Disasters (Thematic Area 5),I,A,Annual,SPC_7_b_1,"Installed renewable electricity-generating capacity (watts per
            capita)",WS,Samoa,_T,Total,_T,All ages,_T,National,_T,Total,_T,All education levels,_T,All occupations,TRE_ALL,Type of renewable energy: All,_T,No breakdown by disability,2004,,79.809,,WPC,Watt per capita,G,Global,E,Estimated,Renewable electricity generating capacity from IRENA's electricity capacity database. Population data from the United Nations World Population Prospects.,,,,Year-end value for installed capacity (watts) and mid-year for population,
DATAFLOW,SPC:DF_BP50_5(1.0),Blue Pacific 2050: Climate Change And Disasters (Thematic Area 5),I,A,Annual,SPC_7_b_1,"Installed renewable electricity-generating capacity (watts per
            capita)",WS,Samoa,_T,Total,_T,All ages,_T,National,_T,Total,_T,All education levels,_T,All occupations,TRE_ALL,Type of renewable energy: All,_T,No breakdown by disability,2005,,79.65,,WPC,Watt per capita,G,Global,E,Estimated,Renewable electricity generating capacity from IRENA's electricity capacity database. Population data from the United Nations World Population Prospects.,,,,Year-end value for installed capacity (watts) and mid-year for population,
DATAFLOW,SPC:DF_BP50_5(1.0),Blue Pacific 2050: Climate Change And Disasters (Thematic Area 5),I,A,Annual,SPC_7_b_1,"Installed renewable electricity-generating capacity (watts per
            capita)",WS,Samoa,_T,Total,_T,All ages,_T,National,_T,Total,_T,All education levels,_T,All occupations,TRE_ALL,Type of renewable energy: All,_T,No breakdown by disability,2006,,66.132,,WPC,Watt per capita,G,Global,E,Estimated,Renewable electricity generating capacity from IRENA's electricity capacity database. Population data from the United Nations World Population Prospects.,,,,Year-end value for installed capacity (watts) and mid-year for population,
DATAFLOW,SPC:DF_BP50_5(1.0),Blue Pacific 2050: Climate Change And Disasters (Thematic Area 5),I,A,Annual,SPC_7_b_1,"Installed renewable electricity-generating capacity (watts per
            capita)",WS,Samoa,_T,Total,_T,All ages,_T,National,_T,Total,_T,All education levels,_T,All occupations,TRE_ALL,Type of renewable energy: All,_T,No breakdown by disability,2007,,65.75,,WPC,Watt per capita,G,Global,E,Estimated,Renewable electricity generating capacity from IRENA's electricity capacity database. Population data from the United Nations World Population Prospects.,,,,Year-end value for installed capacity (watts) and mid-year for population,
DATAFLOW,SPC:DF_BP50_5(1.0),Blue Pacific 2050: Climate Change And Disasters (Thematic Area 5),I,A,Annual,SPC_7_b_1,"Installed renewable electricity-generating capacity (watts per
            capita)",WS,Samoa,_T,Total,_T,All ages,_T,National,_T,Total,_T,All education levels,_T,All occupations,TRE_ALL,Type of renewable energy: All,_T,No breakdown by disability,2008,,65.302,,WPC,Watt per capita,G,Global,E,Estimated,Renewable electricity generating capacity from IRENA's electricity capacity database. Population data from the United Nations World Population Prospects.,,,,Year-end value for installed capacity (watts) and mid-year for population,
DATAFLOW,SPC:DF_BP50_5(1.0),Blue Pacific 2050: Climate Change And Disasters (Thematic Area 5),I,A,Annual,SPC_7_b_1,"Installed renewable electricity-generating capacity (watts per
            capita)",WS,Samoa,_T,Total,_T,All ages,_T,National,_T,Total,_T,All education levels,_T,All occupations,TRE_ALL,Type of renewable energy: All,_T,No breakdown by disability,2009,,64.832,,WPC,Watt per capita,G,Global,E,Estimated,Renewable electricity generating capacity from IRENA's electricity capacity database. Population data from the United Nations World Population Prospects.,,,,Year-end value for installed capacity (watts) and mid-year for population,
DATAFLOW,SPC:DF_BP50_5(1.0),Blue Pacific 2050: Climate Change And Disasters (Thematic Area 5),I,A,Annual,SPC_7_b_1,"Installed renewable electricity-generating capacity (watts per
            capita)",WS,Samoa,_T,Total,_T,All ages,_T,National,_T,Total,_T,All education levels,_T,All occupations,TRE_ALL,Type of renewable energy: All,_T,No breakdown by disability,2010,,64.334,,WPC,Watt per capita,G,Global,E,Estimated,Renewable electricity generating capacity from IRENA's electricity capacity database. Population data from the United Nations World Population Prospects.,,,,Year-end value for installed capacity (watts) and mid-year for population,
DATAFLOW,SPC:DF_BP50_5(1.0),Blue Pacific 2050: Climate Change And Disasters (Thematic Area 5),I,A,Annual,SPC_7_b_1,"Installed renewable electricity-generating capacity (watts per
            capita)",WS,Samoa,_T,Total,_T,All ages,_T,National,_T,Total,_T,All education levels,_T,All occupations,TRE_ALL,Type of renewable energy: All,_T,No breakdown by disability,2011,,63.784,,WPC,Watt per capita,G,Global,E,Estimated,Renewable electricity generating capacity from IRENA's electricity capacity database. Population data from the United Nations World Population Prospects.,,,,Year-end value for installed capacity (watts) and mid-year for population,
DATAFLOW,SPC:DF_BP50_5(1.0),Blue Pacific 2050: Climate Change And Disasters (Thematic Area 5),I,A,Annual,SPC_7_b_1,"Installed renewable electricity-generating capacity (watts per
            capita)",WS,Samoa,_T,Total,_T,All ages,_T,National,_T,Total,_T,All education levels,_T,All occupations,TRE_ALL,Type of renewable energy: All,_T,No breakdown by disability,2012,,44.841,,WPC,Watt per capita,G,Global,E,Estimated,Renewable electricity generating capacity from IRENA's electricity capacity database. Population data from the United Nations World Population Prospects.,,,,Year-end value for installed capacity (watts) and mid-year for population,
DATAFLOW,SPC:DF_BP50_5(1.0),Blue Pacific 2050: Climate Change And Disasters (Thematic Area 5),I,A,Annual,SPC_7_b_1,"Installed renewable electricity-generating capacity (watts per
            capita)",WS,Samoa,_T,Total,_T,All ages,_T,National,_T,Total,_T,All education levels,_T,All occupations,TRE_ALL,Type of renewable energy: All,_T,No breakdown by disability,2013,,45.184,,WPC,Watt per capita,G,Global,E,Estimated,Renewable electricity generating capacity from IRENA's electricity capacity database. Population data from the United Nations World Population Prospects.,,,,Year-end value for installed capacity (watts) and mid-year for population,
DATAFLOW,SPC:DF_BP50_5(1.0),Blue Pacific 2050: Climate Change And Disasters (Thematic Area 5),I,A,Annual,SPC_7_b_1,"Installed renewable electricity-generating capacity (watts per
            capita)",WS,Samoa,_T,Total,_T,All ages,_T,National,_T,Total,_T,All education levels,_T,All occupations,TRE_ALL,Type of renewable energy: All,_T,No breakdown by disability,2014,,62.025,,WPC,Watt per capita,G,Global,E,Estimated,Renewable electricity generating capacity from IRENA's electricity capacity database. Population data from the United Nations World Population Prospects.,,,,Year-end value for installed capacity (watts) and mid-year for population,
DATAFLOW,SPC:DF_BP50_5(1.0),Blue Pacific 2050: Climate Change And Disasters (Thematic Area 5),I,A,Annual,SPC_7_b_1,"Installed renewable electricity-generating capacity (watts per
            capita)",WS,Samoa,_T,Total,_T,All ages,_T,National,_T,Total,_T,All education levels,_T,All occupations,TRE_ALL,Type of renewable energy: All,_T,No breakdown by disability,2015,,69.774,,WPC,Watt per capita,G,Global,E,Estimated,Renewable electricity generating capacity from IRENA's electricity capacity database. Population data from the United Nations World Population Prospects.,,,,Year-end value for installed capacity (watts) and mid-year for population,
DATAFLOW,SPC:DF_BP50_5(1.0),Blue Pacific 2050: Climate Change And Disasters (Thematic Area 5),I,A,Annual,SPC_7_b_1,"Installed renewable electricity-generating capacity (watts per
            capita)",WS,Samoa,_T,Total,_T,All ages,_T,National,_T,Total,_T,All education levels,_T,All occupations,TRE_ALL,Type of renewable energy: All,_T,No breakdown by disability,2016,,81.024,,WPC,Watt per capita,G,Global,E,Estimated,Renewable electricity generating capacity from IRENA's electricity capacity database. Population data from the United Nations World Population Prospects.,,,,Year-end value for installed capacity (watts) and mid-year for population,
DATAFLOW,SPC:DF_BP50_5(1.0),Blue Pacific 2050: Climate Change And Disasters (Thematic Area 5),I,A,Annual,SPC_7_b_1,"Installed renewable electricity-generating capacity (watts per
            capita)",WS,Samoa,_T,Total,_T,All ages,_T,National,_T,Total,_T,All education levels,_T,All occupations,TRE_ALL,Type of renewable energy: All,_T,No breakdown by disability,2017,,127.867,,WPC,Watt per capita,G,Global,E,Estimated,Renewable electricity generating capacity from IRENA's electricity capacity database. Population data from the United Nations World Population Prospects.,,,,Year-end value for installed capacity (watts) and mid-year for population,
DATAFLOW,SPC:DF_BP50_5(1.0),Blue Pacific 2050: Climate Change And Disasters (Thematic Area 5),I,A,Annual,SPC_7_b_1,"Installed renewable electricity-generating capacity (watts per
            capita)",WS,Samoa,_T,Total,_T,All ages,_T,National,_T,Total,_T,All education levels,_T,All occupations,TRE_ALL,Type of renewable energy: All,_T,No breakdown by disability,2018,,127.367,,WPC,Watt per capita,G,Global,E,Estimated,Renewable electricity generating capacity from IRENA's electricity capacity database. Population data from the United Nations World Population Prospects.,,,,Year-end value for installed capacity (watts) and mid-year for population,
DATAFLOW,SPC:DF_BP50_5(1.0),Blue Pacific 2050: Climate Change And Disasters (Thematic Area 5),I,A,Annual,SPC_7_b_1,"Installed renewable electricity-generating capacity (watts per
            capita)",WS,Samoa,_T,Total,_T,All ages,_T,National,_T,Total,_T,All education levels,_T,All occupations,TRE_ALL,Type of renewable energy: All,_T,No breakdown by disability,2019,,133.631,,WPC,Watt per capita,G,Global,E,Estimated,Renewable electricity generating capacity from IRENA's electricity capacity database. Population data from the United Nations World Population Prospects.,,,,Year-end value for installed capacity (watts) and mid-year for population,
DATAFLOW,SPC:DF_BP50_5(1.0),Blue Pacific 2050: Climate Change And Disasters (Thematic Area 5),I,A,Annual,SPC_7_b_1,"Installed renewable electricity-generating capacity (watts per
            capita)",WS,Samoa,_T,Total,_T,All ages,_T,National,_T,Total,_T,All education levels,_T,All occupations,TRE_ALL,Type of renewable energy: All,_T,No breakdown by disability,2020,,135.542,,WPC,Watt per capita,G,Global,E,Estimated,Renewable electricity generating capacity from IRENA's electricity capacity database. Population data from the United Nations World Population Prospects.,,,,Year-end value for installed capacity (watts) and mid-year for population,
DATAFLOW,SPC:DF_BP50_5(1.0),Blue Pacific 2050: Climate Change And Disasters (Thematic Area 5),I,A,Annual,SPC_7_b_1,"Installed renewable electricity-generating capacity (watts per
            capita)",WS,Samoa,_T,Total,_T,All ages,_T,National,_T,Total,_T,All education levels,_T,All occupations,TRE_ALL,Type of renewable energy: All,_T,No breakdown by disability,2021,,133.166,,WPC,Watt per capita,G,Global,E,Estimated,Renewable electricity generating capacity from IRENA's electricity capacity database. Population data from the United Nations World Population Prospects.,,,,Year-end value for installed capacity (watts) and mid-year for population,
DATAFLOW,SPC:DF_BP50_5(1.0),Blue Pacific 2050: Climate Change And Disasters (Thematic Area 5),I,A,Annual,SPC_7_b_1,"Installed renewable electricity-generating capacity (watts per
            capita)",WS,Samoa,_T,Total,_T,All ages,_T,National,_T,Total,_T,All education levels,_T,All occupations,TRE_ALL,Type of renewable energy: All,_T,No breakdown by disability,2022,,131,,WPC,Watt per capita,G,Global,E,Estimated,Renewable electricity generating capacity from IRENA's electricity capacity database. Population data from the United Nations World Population Prospects.,,,,Year-end value for installed capacity (watts) and mid-year for population,
DATAFLOW,SPC:DF_BP50_5(1.0),Blue Pacific 2050: Climate Change And Disasters (Thematic Area 5),I,A,Annual,SPC_7_b_1,"Installed renewable electricity-generating capacity (watts per
            capita)",TV,Tuvalu,_T,Total,_T,All ages,_T,National,_T,Total,_T,All education levels,_T,All occupations,TRE_ALL,Type of renewable energy: All,_T,No breakdown by disability,2000,,0.623,,WPC,Watt per capita,G,Global,E,Estimated,Renewable electricity generating capacity from IRENA's electricity capacity database. Population data from the United Nations World Population Prospects.,,,,Year-end value for installed capacity (watts) and mid-year for population,
DATAFLOW,SPC:DF_BP50_5(1.0),Blue Pacific 2050: Climate Change And Disasters (Thematic Area 5),I,A,Annual,SPC_7_b_1,"Installed renewable electricity-generating capacity (watts per
            capita)",TV,Tuvalu,_T,Total,_T,All ages,_T,National,_T,Total,_T,All education levels,_T,All occupations,TRE_ALL,Type of renewable energy: All,_T,No breakdown by disability,2001,,0.624,,WPC,Watt per capita,G,Global,E,Estimated,Renewable electricity generating capacity from IRENA's electricity capacity database. Population data from the United Nations World Population Prospects.,,,,Year-end value for installed capacity (watts) and mid-year for population,
DATAFLOW,SPC:DF_BP50_5(1.0),Blue Pacific 2050: Climate Change And Disasters (Thematic Area 5),I,A,Annual,SPC_7_b_1,"Installed renewable electricity-generating capacity (watts per
            capita)",TV,Tuvalu,_T,Total,_T,All ages,_T,National,_T,Total,_T,All education levels,_T,All occupations,TRE_ALL,Type of renewable energy: All,_T,No breakdown by disability,2002,,0.624,,WPC,Watt per capita,G,Global,E,Estimated,Renewable electricity generating capacity from IRENA's electricity capacity database. Population data from the United Nations World Population Prospects.,,,,Year-end value for installed capacity (watts) and mid-year for population,
DATAFLOW,SPC:DF_BP50_5(1.0),Blue Pacific 2050: Climate Change And Disasters (Thematic Area 5),I,A,Annual,SPC_7_b_1,"Installed renewable electricity-generating capacity (watts per
            capita)",TV,Tuvalu,_T,Total,_T,All ages,_T,National,_T,Total,_T,All education levels,_T,All occupations,TRE_ALL,Type of renewable energy: All,_T,No breakdown by disability,2003,,0.621,,WPC,Watt per capita,G,Global,E,Estimated,Renewable electricity generating capacity from IRENA's electricity capacity database. Population data from the United Nations World Population Prospects.,,,,Year-end value for installed capacity (watts) and mid-year for population,
DATAFLOW,SPC:DF_BP50_5(1.0),Blue Pacific 2050: Climate Change And Disasters (Thematic Area 5),I,A,Annual,SPC_7_b_1,"Installed renewable electricity-generating capacity (watts per
            capita)",TV,Tuvalu,_T,Total,_T,All ages,_T,National,_T,Total,_T,All education levels,_T,All occupations,TRE_ALL,Type of renewable energy: All,_T,No breakdown by disability,2004,,0.613,,WPC,Watt per capita,G,Global,E,Estimated,Renewable electricity generating capacity from IRENA's electricity capacity database. Population data from the United Nations World Population Prospects.,,,,Year-end value for installed capacity (watts) and mid-year for population,
DATAFLOW,SPC:DF_BP50_5(1.0),Blue Pacific 2050: Climate Change And Disasters (Thematic Area 5),I,A,Annual,SPC_7_b_1,"Installed renewable electricity-generating capacity (watts per
            capita)",TV,Tuvalu,_T,Total,_T,All ages,_T,National,_T,Total,_T,All education levels,_T,All occupations,TRE_ALL,Type of renewable energy: All,_T,No breakdown by disability,2005,,0.605,,WPC,Watt per capita,G,Global,E,Estimated,Renewable electricity generating capacity from IRENA's electricity capacity database. Population data from the United Nations World Population Prospects.,,,,Year-end value for installed capacity (watts) and mid-year for population,
DATAFLOW,SPC:DF_BP50_5(1.0),Blue Pacific 2050: Climate Change And Disasters (Thematic Area 5),I,A,Annual,SPC_7_b_1,"Installed renewable electricity-generating capacity (watts per
            capita)",TV,Tuvalu,_T,Total,_T,All ages,_T,National,_T,Total,_T,All education levels,_T,All occupations,TRE_ALL,Type of renewable energy: All,_T,No breakdown by disability,2006,,0.598,,WPC,Watt per capita,G,Global,E,Estimated,Renewable electricity generating capacity from IRENA's electricity capacity database. Population data from the United Nations World Population Prospects.,,,,Year-end value for installed capacity (watts) and mid-year for population,
DATAFLOW,SPC:DF_BP50_5(1.0),Blue Pacific 2050: Climate Change And Disasters (Thematic Area 5),I,A,Annual,SPC_7_b_1,"Installed renewable electricity-generating capacity (watts per
            capita)",TV,Tuvalu,_T,Total,_T,All ages,_T,National,_T,Total,_T,All education levels,_T,All occupations,TRE_ALL,Type of renewable energy: All,_T,No breakdown by disability,2007,,0.591,,WPC,Watt per capita,G,Global,E,Estimated,Renewable electricity generating capacity from IRENA's electricity capacity database. Population data from the United Nations World Population Prospects.,,,,Year-end value for installed capacity (watts) and mid-year for population,
DATAFLOW,SPC:DF_BP50_5(1.0),Blue Pacific 2050: Climate Change And Disasters (Thematic Area 5),I,A,Annual,SPC_7_b_1,"Installed renewable electricity-generating capacity (watts per
            capita)",TV,Tuvalu,_T,Total,_T,All ages,_T,National,_T,Total,_T,All education levels,_T,All occupations,TRE_ALL,Type of renewable energy: All,_T,No breakdown by disability,2008,,2.531,,WPC,Watt per capita,G,Global,E,Estimated,Renewable electricity generating capacity from IRENA's electricity capacity database. Population data from the United Nations World Population Prospects.,,,,Year-end value for installed capacity (watts) and mid-year for population,
DATAFLOW,SPC:DF_BP50_5(1.0),Blue Pacific 2050: Climate Change And Disasters (Thematic Area 5),I,A,Annual,SPC_7_b_1,"Installed renewable electricity-generating capacity (watts per
            capita)",TV,Tuvalu,_T,Total,_T,All ages,_T,National,_T,Total,_T,All education levels,_T,All occupations,TRE_ALL,Type of renewable energy: All,_T,No breakdown by disability,2009,,20.081,,WPC,Watt per capita,G,Global,E,Estimated,Renewable electricity generating capacity from IRENA's electricity capacity database. Population data from the United Nations World Population Prospects.,,,,Year-end value for installed capacity (watts) and mid-year for population,
DATAFLOW,SPC:DF_BP50_5(1.0),Blue Pacific 2050: Climate Change And Disasters (Thematic Area 5),I,A,Annual,SPC_7_b_1,"Installed renewable electricity-generating capacity (watts per
            capita)",TV,Tuvalu,_T,Total,_T,All ages,_T,National,_T,Total,_T,All education levels,_T,All occupations,TRE_ALL,Type of renewable energy: All,_T,No breakdown by disability,2010,,19.81,,WPC,Watt per capita,G,Global,E,Estimated,Renewable electricity generating capacity from IRENA's electricity capacity database. Population data from the United Nations World Population Prospects.,,,,Year-end value for installed capacity (watts) and mid-year for population,
DATAFLOW,SPC:DF_BP50_5(1.0),Blue Pacific 2050: Climate Change And Disasters (Thematic Area 5),I,A,Annual,SPC_7_b_1,"Installed renewable electricity-generating capacity (watts per
            capita)",TV,Tuvalu,_T,Total,_T,All ages,_T,National,_T,Total,_T,All education levels,_T,All occupations,TRE_ALL,Type of renewable energy: All,_T,No breakdown by disability,2011,,19.813,,WPC,Watt per capita,G,Global,E,Estimated,Renewable electricity generating capacity from IRENA's electricity capacity database. Population data from the United Nations World Population Prospects.,,,,Year-end value for installed capacity (watts) and mid-year for population,
DATAFLOW,SPC:DF_BP50_5(1.0),Blue Pacific 2050: Climate Change And Disasters (Thematic Area 5),I,A,Annual,SPC_7_b_1,"Installed renewable electricity-generating capacity (watts per
            capita)",TV,Tuvalu,_T,Total,_T,All ages,_T,National,_T,Total,_T,All education levels,_T,All occupations,TRE_ALL,Type of renewable energy: All,_T,No breakdown by disability,2012,,19.532,,WPC,Watt per capita,G,Global,E,Estimated,Renewable electricity generating capacity from IRENA's electricity capacity database. Population data from the United Nations World Population Prospects.,,,,Year-end value for installed capacity (watts) and mid-year for population,
DATAFLOW,SPC:DF_BP50_5(1.0),Blue Pacific 2050: Climate Change And Disasters (Thematic Area 5),I,A,Annual,SPC_7_b_1,"Installed renewable electricity-generating capacity (watts per
            capita)",TV,Tuvalu,_T,Total,_T,All ages,_T,National,_T,Total,_T,All education levels,_T,All occupations,TRE_ALL,Type of renewable energy: All,_T,No breakdown by disability,2013,,19.417,,WPC,Watt per capita,G,Global,E,Estimated,Renewable electricity generating capacity from IRENA's electricity capacity database. Population data from the United Nations World Population Prospects.,,,,Year-end value for installed capacity (watts) and mid-year for population,
DATAFLOW,SPC:DF_BP50_5(1.0),Blue Pacific 2050: Climate Change And Disasters (Thematic Area 5),I,A,Annual,SPC_7_b_1,"Installed renewable electricity-generating capacity (watts per
            capita)",TV,Tuvalu,_T,Total,_T,All ages,_T,National,_T,Total,_T,All education levels,_T,All occupations,TRE_ALL,Type of renewable energy: All,_T,No breakdown by disability,2014,,25.507,,WPC,Watt per capita,G,Global,E,Estimated,Renewable electricity generating capacity from IRENA's electricity capacity database. Population data from the United Nations World Population Prospects.,,,,Year-end value for installed capacity (watts) and mid-year for population,
DATAFLOW,SPC:DF_BP50_5(1.0),Blue Pacific 2050: Climate Change And Disasters (Thematic Area 5),I,A,Annual,SPC_7_b_1,"Installed renewable electricity-generating capacity (watts per
            capita)",TV,Tuvalu,_T,Total,_T,All ages,_T,National,_T,Total,_T,All education levels,_T,All occupations,TRE_ALL,Type of renewable energy: All,_T,No breakdown by disability,2015,,189.758,,WPC,Watt per capita,G,Global,E,Estimated,Renewable electricity generating capacity from IRENA's electricity capacity database. Population data from the United Nations World Population Prospects.,,,,Year-end value for installed capacity (watts) and mid-year for population,
DATAFLOW,SPC:DF_BP50_5(1.0),Blue Pacific 2050: Climate Change And Disasters (Thematic Area 5),I,A,Annual,SPC_7_b_1,"Installed renewable electricity-generating capacity (watts per
            capita)",TV,Tuvalu,_T,Total,_T,All ages,_T,National,_T,Total,_T,All education levels,_T,All occupations,TRE_ALL,Type of renewable energy: All,_T,No breakdown by disability,2016,,204.755,,WPC,Watt per capita,G,Global,E,Estimated,Renewable electricity generating capacity from IRENA's electricity capacity database. Population data from the United Nations World Population Prospects.,,,,Year-end value for installed capacity (watts) and mid-year for population,
DATAFLOW,SPC:DF_BP50_5(1.0),Blue Pacific 2050: Climate Change And Disasters (Thematic Area 5),I,A,Annual,SPC_7_b_1,"Installed renewable electricity-generating capacity (watts per
            capita)",TV,Tuvalu,_T,Total,_T,All ages,_T,National,_T,Total,_T,All education levels,_T,All occupations,TRE_ALL,Type of renewable energy: All,_T,No breakdown by disability,2017,,205.67,,WPC,Watt per capita,G,Global,E,Estimated,Renewable electricity generating capacity from IRENA's electricity capacity database. Population data from the United Nations World Population Prospects.,,,,Year-end value for installed capacity (watts) and mid-year for population,
DATAFLOW,SPC:DF_BP50_5(1.0),Blue Pacific 2050: Climate Change And Disasters (Thematic Area 5),I,A,Annual,SPC_7_b_1,"Installed renewable electricity-generating capacity (watts per
            capita)",TV,Tuvalu,_T,Total,_T,All ages,_T,National,_T,Total,_T,All education levels,_T,All occupations,TRE_ALL,Type of renewable energy: All,_T,No breakdown by disability,2018,,205.983,,WPC,Watt per capita,G,Global,E,Estimated,Renewable electricity generating capacity from IRENA's electricity capacity database. Population data from the United Nations World Population Prospects.,,,,Year-end value for installed capacity (watts) and mid-year for population,
DATAFLOW,SPC:DF_BP50_5(1.0),Blue Pacific 2050: Climate Change And Disasters (Thematic Area 5),I,A,Annual,SPC_7_b_1,"Installed renewable electricity-generating capacity (watts per
            capita)",TV,Tuvalu,_T,Total,_T,All ages,_T,National,_T,Total,_T,All education levels,_T,All occupations,TRE_ALL,Type of renewable energy: All,_T,No breakdown by disability,2019,,204.272,,WPC,Watt per capita,G,Global,E,Estimated,Renewable electricity generating capacity from IRENA's electricity capacity database. Population data from the United Nations World Population Prospects.,,,,Year-end value for installed capacity (watts) and mid-year for population,
DATAFLOW,SPC:DF_BP50_5(1.0),Blue Pacific 2050: Climate Change And Disasters (Thematic Area 5),I,A,Annual,SPC_7_b_1,"Installed renewable electricity-generating capacity (watts per
            capita)",TV,Tuvalu,_T,Total,_T,All ages,_T,National,_T,Total,_T,All education levels,_T,All occupations,TRE_ALL,Type of renewable energy: All,_T,No breakdown by disability,2020,,208.872,,WPC,Watt per capita,G,Global,E,Estimated,Renewable electricity generating capacity from IRENA's electricity capacity database. Population data from the United Nations World Population Prospects.,,,,Year-end value for installed capacity (watts) and mid-year for population,
DATAFLOW,SPC:DF_BP50_5(1.0),Blue Pacific 2050: Climate Change And Disasters (Thematic Area 5),I,A,Annual,SPC_7_b_1,"Installed renewable electricity-generating capacity (watts per
            capita)",TV,Tuvalu,_T,Total,_T,All ages,_T,National,_T,Total,_T,All education levels,_T,All occupations,TRE_ALL,Type of renewable energy: All,_T,No breakdown by disability,2021,,206.355,,WPC,Watt per capita,G,Global,E,Estimated,Renewable electricity generating capacity from IRENA's electricity capacity database. Population data from the United Nations World Population Prospects.,,,,Year-end value for installed capacity (watts) and mid-year for population,
DATAFLOW,SPC:DF_BP50_5(1.0),Blue Pacific 2050: Climate Change And Disasters (Thematic Area 5),I,A,Annual,SPC_7_b_1,"Installed renewable electricity-generating capacity (watts per
            capita)",TV,Tuvalu,_T,Total,_T,All ages,_T,National,_T,Total,_T,All education levels,_T,All occupations,TRE_ALL,Type of renewable energy: All,_T,No breakdown by disability,2022,,204.385,,WPC,Watt per capita,G,Global,E,Estimated,Renewable electricity generating capacity from IRENA's electricity capacity database. Population data from the United Nations World Population Prospects.,,,,Year-end value for installed capacity (watts) and mid-year for population,
DATAFLOW,SPC:DF_BP50_5(1.0),Blue Pacific 2050: Climate Change And Disasters (Thematic Area 5),I,A,Annual,EG_FEC_RNEW,Renewable energy share in the total final energy consumption,NU,Niue,_T,Total,_T,All ages,_T,National,_T,Total,_T,All education levels,_T,All occupations,_Z,Not applicable,_T,No breakdown by disability,2000,,0.6,,PERCENT,percent,G,Global,E,Estimated,"Energy Balances, UN Statistics Division (2024)",,,,,
DATAFLOW,SPC:DF_BP50_5(1.0),Blue Pacific 2050: Climate Change And Disasters (Thematic Area 5),I,A,Annual,EG_FEC_RNEW,Renewable energy share in the total final energy consumption,NU,Niue,_T,Total,_T,All ages,_T,National,_T,Total,_T,All education levels,_T,All occupations,_Z,Not applicable,_T,No breakdown by disability,2001,,0.58,,PERCENT,percent,G,Global,E,Estimated,"Energy Balances, UN Statistics Division (2024)",,,,,
DATAFLOW,SPC:DF_BP50_5(1.0),Blue Pacific 2050: Climate Change And Disasters (Thematic Area 5),I,A,Annual,EG_FEC_RNEW,Renewable energy share in the total final energy consumption,NU,Niue,_T,Total,_T,All ages,_T,National,_T,Total,_T,All education levels,_T,All occupations,_Z,Not applicable,_T,No breakdown by disability,2002,,0.63,,PERCENT,percent,G,Global,E,Estimated,"Energy Balances, UN Statistics Division (2024)",,,,,
DATAFLOW,SPC:DF_BP50_5(1.0),Blue Pacific 2050: Climate Change And Disasters (Thematic Area 5),I,A,Annual,EG_FEC_RNEW,Renewable energy share in the total final energy consumption,NU,Niue,_T,Total,_T,All ages,_T,National,_T,Total,_T,All education levels,_T,All occupations,_Z,Not applicable,_T,No breakdown by disability,2003,,0.71,,PERCENT,percent,G,Global,E,Estimated,"Energy Balances, UN Statistics Division (2024)",,,,,
DATAFLOW,SPC:DF_BP50_5(1.0),Blue Pacific 2050: Climate Change And Disasters (Thematic Area 5),I,A,Annual,EG_FEC_RNEW,Renewable energy share in the total final energy consumption,NU,Niue,_T,Total,_T,All ages,_T,National,_T,Total,_T,All education levels,_T,All occupations,_Z,Not applicable,_T,No breakdown by disability,2004,,0.79,,PERCENT,percent,G,Global,E,Estimated,"Energy Balances, UN Statistics Division (2024)",,,,,
DATAFLOW,SPC:DF_BP50_5(1.0),Blue Pacific 2050: Climate Change And Disasters (Thematic Area 5),I,A,Annual,EG_FEC_RNEW,Renewable energy share in the total final energy consumption,NU,Niue,_T,Total,_T,All ages,_T,National,_T,Total,_T,All education levels,_T,All occupations,_Z,Not applicable,_T,No breakdown by disability,2005,,0.83,,PERCENT,percent,G,Global,E,Estimated,"Energy Balances, UN Statistics Division (2024)",,,,,
DATAFLOW,SPC:DF_BP50_5(1.0),Blue Pacific 2050: Climate Change And Disasters (Thematic Area 5),I,A,Annual,EG_FEC_RNEW,Renewable energy share in the total final energy consumption,NU,Niue,_T,Total,_T,All ages,_T,National,_T,Total,_T,All education levels,_T,All occupations,_Z,Not applicable,_T,No breakdown by disability,2006,,0.79,,PERCENT,percent,G,Global,E,Estimated,"Energy Balances, UN Statistics Division (2024)",,,,,
DATAFLOW,SPC:DF_BP50_5(1.0),Blue Pacific 2050: Climate Change And Disasters (Thematic Area 5),I,A,Annual,EG_FEC_RNEW,Renewable energy share in the total final energy consumption,NU,Niue,_T,Total,_T,All ages,_T,National,_T,Total,_T,All education levels,_T,All occupations,_Z,Not applicable,_T,No breakdown by disability,2007,,0.96,,PERCENT,percent,G,Global,E,Estimated,"Energy Balances, UN Statistics Division (2024)",,,,,
DATAFLOW,SPC:DF_BP50_5(1.0),Blue Pacific 2050: Climate Change And Disasters (Thematic Area 5),I,A,Annual,EG_FEC_RNEW,Renewable energy share in the total final energy consumption,NU,Niue,_T,Total,_T,All ages,_T,National,_T,Total,_T,All education levels,_T,All occupations,_Z,Not applicable,_T,No breakdown by disability,2008,,0.57,,PERCENT,percent,G,Global,E,Estimated,"Energy Balances, UN Statistics Division (2024)",,,,,
DATAFLOW,SPC:DF_BP50_5(1.0),Blue Pacific 2050: Climate Change And Disasters (Thematic Area 5),I,A,Annual,EG_FEC_RNEW,Renewable energy share in the total final energy consumption,NU,Niue,_T,Total,_T,All ages,_T,National,_T,Total,_T,All education levels,_T,All occupations,_Z,Not applicable,_T,No breakdown by disability,2009,,0.87,,PERCENT,percent,G,Global,E,Estimated,"Energy Balances, UN Statistics Division (2024)",,,,,
DATAFLOW,SPC:DF_BP50_5(1.0),Blue Pacific 2050: Climate Change And Disasters (Thematic Area 5),I,A,Annual,EG_FEC_RNEW,Renewable energy share in the total final energy consumption,NU,Niue,_T,Total,_T,All ages,_T,National,_T,Total,_T,All education levels,_T,All occupations,_Z,Not applicable,_T,No breakdown by disability,2010,,1.38,,PERCENT,percent,G,Global,E,Estimated,"Energy Balances, UN Statistics Division (2024)",,,,,
DATAFLOW,SPC:DF_BP50_5(1.0),Blue Pacific 2050: Climate Change And Disasters (Thematic Area 5),I,A,Annual,EG_FEC_RNEW,Renewable energy share in the total final energy consumption,NU,Niue,_T,Total,_T,All ages,_T,National,_T,Total,_T,All education levels,_T,All occupations,_Z,Not applicable,_T,No breakdown by disability,2011,,1.27,,PERCENT,percent,G,Global,E,Estimated,"Energy Balances, UN Statistics Division (2024)",,,,,
DATAFLOW,SPC:DF_BP50_5(1.0),Blue Pacific 2050: Climate Change And Disasters (Thematic Area 5),I,A,Annual,EG_FEC_RNEW,Renewable energy share in the total final energy consumption,NU,Niue,_T,Total,_T,All ages,_T,National,_T,Total,_T,All education levels,_T,All occupations,_Z,Not applicable,_T,No breakdown by disability,2012,,1.19,,PERCENT,percent,G,Global,E,Estimated,"Energy Balances, UN Statistics Division (2024)",,,,,
DATAFLOW,SPC:DF_BP50_5(1.0),Blue Pacific 2050: Climate Change And Disasters (Thematic Area 5),I,A,Annual,EG_FEC_RNEW,Renewable energy share in the total final energy consumption,NU,Niue,_T,Total,_T,All ages,_T,National,_T,Total,_T,All education levels,_T,All occupations,_Z,Not applicable,_T,No breakdown by disability,2013,,1.17,,PERCENT,percent,G,Global,E,Estimated,"Energy Balances, UN Statistics Division (2024)",,,,,
DATAFLOW,SPC:DF_BP50_5(1.0),Blue Pacific 2050: Climate Change And Disasters (Thematic Area 5),I,A,Annual,EG_FEC_RNEW,Renewable energy share in the total final energy consumption,NU,Niue,_T,Total,_T,All ages,_T,National,_T,Total,_T,All education levels,_T,All occupations,_Z,Not applicable,_T,No breakdown by disability,2014,,1.16,,PERCENT,percent,G,Global,E,Estimated,"Energy Balances, UN Statistics Division (2024)",,,,,
DATAFLOW,SPC:DF_BP50_5(1.0),Blue Pacific 2050: Climate Change And Disasters (Thematic Area 5),I,A,Annual,EG_FEC_RNEW,Renewable energy share in the total final energy consumption,NU,Niue,_T,Total,_T,All ages,_T,National,_T,Total,_T,All education levels,_T,All occupations,_Z,Not applicable,_T,No breakdown by disability,2015,,1.11,,PERCENT,percent,G,Global,E,Estimated,"Energy Balances, UN Statistics Division (2024)",,,,,
DATAFLOW,SPC:DF_BP50_5(1.0),Blue Pacific 2050: Climate Change And Disasters (Thematic Area 5),I,A,Annual,EG_FEC_RNEW,Renewable energy share in the total final energy consumption,NU,Niue,_T,Total,_T,All ages,_T,National,_T,Total,_T,All education levels,_T,All occupations,_Z,Not applicable,_T,No breakdown by disability,2016,,1.05,,PERCENT,percent,G,Global,E,Estimated,"Energy Balances, UN Statistics Division (2024)",,,,,
DATAFLOW,SPC:DF_BP50_5(1.0),Blue Pacific 2050: Climate Change And Disasters (Thematic Area 5),I,A,Annual,EG_FEC_RNEW,Renewable energy share in the total final energy consumption,NU,Niue,_T,Total,_T,All ages,_T,National,_T,Total,_T,All education levels,_T,All occupations,_Z,Not applicable,_T,No breakdown by disability,2017,,1.07,,PERCENT,percent,G,Global,E,Estimated,"Energy Balances, UN Statistics Division (2024)",,,,,
DATAFLOW,SPC:DF_BP50_5(1.0),Blue Pacific 2050: Climate Change And Disasters (Thematic Area 5),I,A,Annual,EG_FEC_RNEW,Renewable energy share in the total final energy consumption,NU,Niue,_T,Total,_T,All ages,_T,National,_T,Total,_T,All education levels,_T,All occupations,_Z,Not applicable,_T,No breakdown by disability,2018,,3.02,,PERCENT,percent,G,Global,E,Estimated,"Energy Balances, UN Statistics Division (2024)",,,,,
DATAFLOW,SPC:DF_BP50_5(1.0),Blue Pacific 2050: Climate Change And Disasters (Thematic Area 5),I,A,Annual,EG_FEC_RNEW,Renewable energy share in the total final energy consumption,NU,Niue,_T,Total,_T,All ages,_T,National,_T,Total,_T,All education levels,_T,All occupations,_Z,Not applicable,_T,No breakdown by disability,2019,,3.01,,PERCENT,percent,G,Global,E,Estimated,"Energy Balances, UN Statistics Division (2024)",,,,,
DATAFLOW,SPC:DF_BP50_5(1.0),Blue Pacific 2050: Climate Change And Disasters (Thematic Area 5),I,A,Annual,EG_FEC_RNEW,Renewable energy share in the total final energy consumption,NU,Niue,_T,Total,_T,All ages,_T,National,_T,Total,_T,All education levels,_T,All occupations,_Z,Not applicable,_T,No breakdown by disability,2020,,3.08,,PERCENT,percent,G,Global,E,Estimated,"Energy Balances, UN Statistics Division (2024)",,,,,
DATAFLOW,SPC:DF_BP50_5(1.0),Blue Pacific 2050: Climate Change And Disasters (Thematic Area 5),I,A,Annual,EG_FEC_RNEW,Renewable energy share in the total final energy consumption,NU,Niue,_T,Total,_T,All ages,_T,National,_T,Total,_T,All education levels,_T,All occupations,_Z,Not applicable,_T,No breakdown by disability,2021,,3,,PERCENT,percent,G,Global,E,Estimated,"Energy Balances, UN Statistics Division (2024)",,,,,
DATAFLOW,SPC:DF_BP50_5(1.0),Blue Pacific 2050: Climate Change And Disasters (Thematic Area 5),I,A,Annual,EG_FEC_RNEW,Renewable energy share in the total final energy consumption,NU,Niue,_T,Total,_T,All ages,_T,National,_T,Total,_T,All education levels,_T,All occupations,_Z,Not applicable,_T,No breakdown by disability,2022,,2.8,,PERCENT,percent,G,Global,E,Estimated,"Energy Balances, UN Statistics Division (2024)",,,,,
DATAFLOW,SPC:DF_BP50_5(1.0),Blue Pacific 2050: Climate Change And Disasters (Thematic Area 5),I,A,Annual,SPC_7_b_1,"Installed renewable electricity-generating capacity (watts per
            capita)",PW,Palau,_T,Total,_T,All ages,_T,National,_T,Total,_T,All education levels,_T,All occupations,TRE_ALL,Type of renewable energy: All,_T,No breakdown by disability,2000,,0.203,,WPC,Watt per capita,G,Global,E,Estimated,Renewable electricity generating capacity from IRENA's electricity capacity database. Population data from the United Nations World Population Prospects.,,,,Year-end value for installed capacity (watts) and mid-year for population,
DATAFLOW,SPC:DF_BP50_5(1.0),Blue Pacific 2050: Climate Change And Disasters (Thematic Area 5),I,A,Annual,SPC_7_b_1,"Installed renewable electricity-generating capacity (watts per
            capita)",PW,Palau,_T,Total,_T,All ages,_T,National,_T,Total,_T,All education levels,_T,All occupations,TRE_ALL,Type of renewable energy: All,_T,No breakdown by disability,2001,,0.202,,WPC,Watt per capita,G,Global,E,Estimated,Renewable electricity generating capacity from IRENA's electricity capacity database. Population data from the United Nations World Population Prospects.,,,,Year-end value for installed capacity (watts) and mid-year for population,
DATAFLOW,SPC:DF_BP50_5(1.0),Blue Pacific 2050: Climate Change And Disasters (Thematic Area 5),I,A,Annual,SPC_7_b_1,"Installed renewable electricity-generating capacity (watts per
            capita)",PW,Palau,_T,Total,_T,All ages,_T,National,_T,Total,_T,All education levels,_T,All occupations,TRE_ALL,Type of renewable energy: All,_T,No breakdown by disability,2002,,0.202,,WPC,Watt per capita,G,Global,E,Estimated,Renewable electricity generating capacity from IRENA's electricity capacity database. Population data from the United Nations World Population Prospects.,,,,Year-end value for installed capacity (watts) and mid-year for population,
DATAFLOW,SPC:DF_BP50_5(1.0),Blue Pacific 2050: Climate Change And Disasters (Thematic Area 5),I,A,Annual,SPC_7_b_1,"Installed renewable electricity-generating capacity (watts per
            capita)",PW,Palau,_T,Total,_T,All ages,_T,National,_T,Total,_T,All education levels,_T,All occupations,TRE_ALL,Type of renewable energy: All,_T,No breakdown by disability,2003,,0.201,,WPC,Watt per capita,G,Global,E,Estimated,Renewable electricity generating capacity from IRENA's electricity capacity database. Population data from the United Nations World Population Prospects.,,,,Year-end value for installed capacity (watts) and mid-year for population,
DATAFLOW,SPC:DF_BP50_5(1.0),Blue Pacific 2050: Climate Change And Disasters (Thematic Area 5),I,A,Annual,SPC_7_b_1,"Installed renewable electricity-generating capacity (watts per
            capita)",PW,Palau,_T,Total,_T,All ages,_T,National,_T,Total,_T,All education levels,_T,All occupations,TRE_ALL,Type of renewable energy: All,_T,No breakdown by disability,2004,,0.201,,WPC,Watt per capita,G,Global,E,Estimated,Renewable electricity generating capacity from IRENA's electricity capacity database. Population data from the United Nations World Population Prospects.,,,,Year-end value for installed capacity (watts) and mid-year for population,
DATAFLOW,SPC:DF_BP50_5(1.0),Blue Pacific 2050: Climate Change And Disasters (Thematic Area 5),I,A,Annual,SPC_7_b_1,"Installed renewable electricity-generating capacity (watts per
            capita)",PW,Palau,_T,Total,_T,All ages,_T,National,_T,Total,_T,All education levels,_T,All occupations,TRE_ALL,Type of renewable energy: All,_T,No breakdown by disability,2005,,1.614,,WPC,Watt per capita,G,Global,E,Estimated,Renewable electricity generating capacity from IRENA's electricity capacity database. Population data from the United Nations World Population Prospects.,,,,Year-end value for installed capacity (watts) and mid-year for population,
DATAFLOW,SPC:DF_BP50_5(1.0),Blue Pacific 2050: Climate Change And Disasters (Thematic Area 5),I,A,Annual,SPC_7_b_1,"Installed renewable electricity-generating capacity (watts per
            capita)",PW,Palau,_T,Total,_T,All ages,_T,National,_T,Total,_T,All education levels,_T,All occupations,TRE_ALL,Type of renewable energy: All,_T,No breakdown by disability,2006,,1.631,,WPC,Watt per capita,G,Global,E,Estimated,Renewable electricity generating capacity from IRENA's electricity capacity database. Population data from the United Nations World Population Prospects.,,,,Year-end value for installed capacity (watts) and mid-year for population,
DATAFLOW,SPC:DF_BP50_5(1.0),Blue Pacific 2050: Climate Change And Disasters (Thematic Area 5),I,A,Annual,SPC_7_b_1,"Installed renewable electricity-generating capacity (watts per
            capita)",PW,Palau,_T,Total,_T,All ages,_T,National,_T,Total,_T,All education levels,_T,All occupations,TRE_ALL,Type of renewable energy: All,_T,No breakdown by disability,2007,,1.652,,WPC,Watt per capita,G,Global,E,Estimated,Renewable electricity generating capacity from IRENA's electricity capacity database. Population data from the United Nations World Population Prospects.,,,,Year-end value for installed capacity (watts) and mid-year for population,
DATAFLOW,SPC:DF_BP50_5(1.0),Blue Pacific 2050: Climate Change And Disasters (Thematic Area 5),I,A,Annual,SPC_7_b_1,"Installed renewable electricity-generating capacity (watts per
            capita)",PW,Palau,_T,Total,_T,All ages,_T,National,_T,Total,_T,All education levels,_T,All occupations,TRE_ALL,Type of renewable energy: All,_T,No breakdown by disability,2008,,14.763,,WPC,Watt per capita,G,Global,E,Estimated,Renewable electricity generating capacity from IRENA's electricity capacity database. Population data from the United Nations World Population Prospects.,,,,Year-end value for installed capacity (watts) and mid-year for population,
DATAFLOW,SPC:DF_BP50_5(1.0),Blue Pacific 2050: Climate Change And Disasters (Thematic Area 5),I,A,Annual,SPC_7_b_1,"Installed renewable electricity-generating capacity (watts per
            capita)",PW,Palau,_T,Total,_T,All ages,_T,National,_T,Total,_T,All education levels,_T,All occupations,TRE_ALL,Type of renewable energy: All,_T,No breakdown by disability,2009,,14.979,,WPC,Watt per capita,G,Global,E,Estimated,Renewable electricity generating capacity from IRENA's electricity capacity database. Population data from the United Nations World Population Prospects.,,,,Year-end value for installed capacity (watts) and mid-year for population,
DATAFLOW,SPC:DF_BP50_5(1.0),Blue Pacific 2050: Climate Change And Disasters (Thematic Area 5),I,A,Annual,SPC_7_b_1,"Installed renewable electricity-generating capacity (watts per
            capita)",PW,Palau,_T,Total,_T,All ages,_T,National,_T,Total,_T,All education levels,_T,All occupations,TRE_ALL,Type of renewable energy: All,_T,No breakdown by disability,2010,,15.75,,WPC,Watt per capita,G,Global,E,Estimated,Renewable electricity generating capacity from IRENA's electricity capacity database. Population data from the United Nations World Population Prospects.,,,,Year-end value for installed capacity (watts) and mid-year for population,
DATAFLOW,SPC:DF_BP50_5(1.0),Blue Pacific 2050: Climate Change And Disasters (Thematic Area 5),I,A,Annual,SPC_7_b_1,"Installed renewable electricity-generating capacity (watts per
            capita)",PW,Palau,_T,Total,_T,All ages,_T,National,_T,Total,_T,All education levels,_T,All occupations,TRE_ALL,Type of renewable energy: All,_T,No breakdown by disability,2011,,31.634,,WPC,Watt per capita,G,Global,E,Estimated,Renewable electricity generating capacity from IRENA's electricity capacity database. Population data from the United Nations World Population Prospects.,,,,Year-end value for installed capacity (watts) and mid-year for population,
DATAFLOW,SPC:DF_BP50_5(1.0),Blue Pacific 2050: Climate Change And Disasters (Thematic Area 5),I,A,Annual,SPC_7_b_1,"Installed renewable electricity-generating capacity (watts per
            capita)",PW,Palau,_T,Total,_T,All ages,_T,National,_T,Total,_T,All education levels,_T,All occupations,TRE_ALL,Type of renewable energy: All,_T,No breakdown by disability,2012,,37.167,,WPC,Watt per capita,G,Global,E,Estimated,Renewable electricity generating capacity from IRENA's electricity capacity database. Population data from the United Nations World Population Prospects.,,,,Year-end value for installed capacity (watts) and mid-year for population,
DATAFLOW,SPC:DF_BP50_5(1.0),Blue Pacific 2050: Climate Change And Disasters (Thematic Area 5),I,A,Annual,SPC_7_b_1,"Installed renewable electricity-generating capacity (watts per
            capita)",PW,Palau,_T,Total,_T,All ages,_T,National,_T,Total,_T,All education levels,_T,All occupations,TRE_ALL,Type of renewable energy: All,_T,No breakdown by disability,2013,,41.842,,WPC,Watt per capita,G,Global,E,Estimated,Renewable electricity generating capacity from IRENA's electricity capacity database. Population data from the United Nations World Population Prospects.,,,,Year-end value for installed capacity (watts) and mid-year for population,
DATAFLOW,SPC:DF_BP50_5(1.0),Blue Pacific 2050: Climate Change And Disasters (Thematic Area 5),I,A,Annual,SPC_7_b_1,"Installed renewable electricity-generating capacity (watts per
            capita)",PW,Palau,_T,Total,_T,All ages,_T,National,_T,Total,_T,All education levels,_T,All occupations,TRE_ALL,Type of renewable energy: All,_T,No breakdown by disability,2014,,63.554,,WPC,Watt per capita,G,Global,E,Estimated,Renewable electricity generating capacity from IRENA's electricity capacity database. Population data from the United Nations World Population Prospects.,,,,Year-end value for installed capacity (watts) and mid-year for population,
DATAFLOW,SPC:DF_BP50_5(1.0),Blue Pacific 2050: Climate Change And Disasters (Thematic Area 5),I,A,Annual,SPC_7_b_1,"Installed renewable electricity-generating capacity (watts per
            capita)",PW,Palau,_T,Total,_T,All ages,_T,National,_T,Total,_T,All education levels,_T,All occupations,TRE_ALL,Type of renewable energy: All,_T,No breakdown by disability,2015,,63.561,,WPC,Watt per capita,G,Global,E,Estimated,Renewable electricity generating capacity from IRENA's electricity capacity database. Population data from the United Nations World Population Prospects.,,,,Year-end value for installed capacity (watts) and mid-year for population,
DATAFLOW,SPC:DF_BP50_5(1.0),Blue Pacific 2050: Climate Change And Disasters (Thematic Area 5),I,A,Annual,SPC_7_b_1,"Installed renewable electricity-generating capacity (watts per
            capita)",PW,Palau,_T,Total,_T,All ages,_T,National,_T,Total,_T,All education levels,_T,All occupations,TRE_ALL,Type of renewable energy: All,_T,No breakdown by disability,2016,,117.872,,WPC,Watt per capita,G,Global,E,Estimated,Renewable electricity generating capacity from IRENA's electricity capacity database. Population data from the United Nations World Population Prospects.,,,,Year-end value for installed capacity (watts) and mid-year for population,
DATAFLOW,SPC:DF_BP50_5(1.0),Blue Pacific 2050: Climate Change And Disasters (Thematic Area 5),I,A,Annual,SPC_7_b_1,"Installed renewable electricity-generating capacity (watts per
            capita)",PW,Palau,_T,Total,_T,All ages,_T,National,_T,Total,_T,All education levels,_T,All occupations,TRE_ALL,Type of renewable energy: All,_T,No breakdown by disability,2017,,117.733,,WPC,Watt per capita,G,Global,E,Estimated,Renewable electricity generating capacity from IRENA's electricity capacity database. Population data from the United Nations World Population Prospects.,,,,Year-end value for installed capacity (watts) and mid-year for population,
DATAFLOW,SPC:DF_BP50_5(1.0),Blue Pacific 2050: Climate Change And Disasters (Thematic Area 5),I,A,Annual,SPC_7_b_1,"Installed renewable electricity-generating capacity (watts per
            capita)",PW,Palau,_T,Total,_T,All ages,_T,National,_T,Total,_T,All education levels,_T,All occupations,TRE_ALL,Type of renewable energy: All,_T,No breakdown by disability,2018,,139.946,,WPC,Watt per capita,G,Global,E,Estimated,Renewable electricity generating capacity from IRENA's electricity capacity database. Population data from the United Nations World Population Prospects.,,,,Year-end value for installed capacity (watts) and mid-year for population,
DATAFLOW,SPC:DF_BP50_5(1.0),Blue Pacific 2050: Climate Change And Disasters (Thematic Area 5),I,A,Annual,SPC_7_b_1,"Installed renewable electricity-generating capacity (watts per
            capita)",PW,Palau,_T,Total,_T,All ages,_T,National,_T,Total,_T,All education levels,_T,All occupations,TRE_ALL,Type of renewable energy: All,_T,No breakdown by disability,2019,,146.126,,WPC,Watt per capita,G,Global,E,Estimated,Renewable electricity generating capacity from IRENA's electricity capacity database. Population data from the United Nations World Population Prospects.,,,,Year-end value for installed capacity (watts) and mid-year for population,
DATAFLOW,SPC:DF_BP50_5(1.0),Blue Pacific 2050: Climate Change And Disasters (Thematic Area 5),I,A,Annual,SPC_7_b_1,"Installed renewable electricity-generating capacity (watts per
            capita)",PW,Palau,_T,Total,_T,All ages,_T,National,_T,Total,_T,All education levels,_T,All occupations,TRE_ALL,Type of renewable energy: All,_T,No breakdown by disability,2020,,162.531,,WPC,Watt per capita,G,Global,E,Estimated,Renewable electricity generating capacity from IRENA's electricity capacity database. Population data from the United Nations World Population Prospects.,,,,Year-end value for installed capacity (watts) and mid-year for population,
DATAFLOW,SPC:DF_BP50_5(1.0),Blue Pacific 2050: Climate Change And Disasters (Thematic Area 5),I,A,Annual,SPC_7_b_1,"Installed renewable electricity-generating capacity (watts per
            capita)",PW,Palau,_T,Total,_T,All ages,_T,National,_T,Total,_T,All education levels,_T,All occupations,TRE_ALL,Type of renewable energy: All,_T,No breakdown by disability,2021,,240.679,,WPC,Watt per capita,G,Global,E,Estimated,Renewable electricity generating capacity from IRENA's electricity capacity database. Population data from the United Nations World Population Prospects.,,,,Year-end value for installed capacity (watts) and mid-year for population,
DATAFLOW,SPC:DF_BP50_5(1.0),Blue Pacific 2050: Climate Change And Disasters (Thematic Area 5),I,A,Annual,SPC_7_b_1,"Installed renewable electricity-generating capacity (watts per
            capita)",PW,Palau,_T,Total,_T,All ages,_T,National,_T,Total,_T,All education levels,_T,All occupations,TRE_ALL,Type of renewable energy: All,_T,No breakdown by disability,2022,,240.266,,WPC,Watt per capita,G,Global,E,Estimated,Renewable electricity generating capacity from IRENA's electricity capacity database. Population data from the United Nations World Population Prospects.,,,,Year-end value for installed capacity (watts) and mid-year for population,
DATAFLOW,SPC:DF_BP50_5(1.0),Blue Pacific 2050: Climate Change And Disasters (Thematic Area 5),I,A,Annual,EG_FEC_RNEW,Renewable energy share in the total final energy consumption,PW,Palau,_T,Total,_T,All ages,_T,National,_T,Total,_T,All education levels,_T,All occupations,_Z,Not applicable,_T,No breakdown by disability,2000,,0,,PERCENT,percent,G,Global,E,Estimated,"Energy Balances, UN Statistics Division (2024)",,,,,
DATAFLOW,SPC:DF_BP50_5(1.0),Blue Pacific 2050: Climate Change And Disasters (Thematic Area 5),I,A,Annual,EG_FEC_RNEW,Renewable energy share in the total final energy consumption,PW,Palau,_T,Total,_T,All ages,_T,National,_T,Total,_T,All education levels,_T,All occupations,_Z,Not applicable,_T,No breakdown by disability,2001,,0,,PERCENT,percent,G,Global,E,Estimated,"Energy Balances, UN Statistics Division (2024)",,,,,
DATAFLOW,SPC:DF_BP50_5(1.0),Blue Pacific 2050: Climate Change And Disasters (Thematic Area 5),I,A,Annual,EG_FEC_RNEW,Renewable energy share in the total final energy consumption,PW,Palau,_T,Total,_T,All ages,_T,National,_T,Total,_T,All education levels,_T,All occupations,_Z,Not applicable,_T,No breakdown by disability,2002,,0,,PERCENT,percent,G,Global,E,Estimated,"Energy Balances, UN Statistics Division (2024)",,,,,
DATAFLOW,SPC:DF_BP50_5(1.0),Blue Pacific 2050: Climate Change And Disasters (Thematic Area 5),I,A,Annual,EG_FEC_RNEW,Renewable energy share in the total final energy consumption,PW,Palau,_T,Total,_T,All ages,_T,National,_T,Total,_T,All education levels,_T,All occupations,_Z,Not applicable,_T,No breakdown by disability,2003,,0,,PERCENT,percent,G,Global,E,Estimated,"Energy Balances, UN Statistics Division (2024)",,,,,
DATAFLOW,SPC:DF_BP50_5(1.0),Blue Pacific 2050: Climate Change And Disasters (Thematic Area 5),I,A,Annual,EG_FEC_RNEW,Renewable energy share in the total final energy consumption,PW,Palau,_T,Total,_T,All ages,_T,National,_T,Total,_T,All education levels,_T,All occupations,_Z,Not applicable,_T,No breakdown by disability,2004,,0,,PERCENT,percent,G,Global,E,Estimated,"Energy Balances, UN Statistics Division (2024)",,,,,
DATAFLOW,SPC:DF_BP50_5(1.0),Blue Pacific 2050: Climate Change And Disasters (Thematic Area 5),I,A,Annual,EG_FEC_RNEW,Renewable energy share in the total final energy consumption,PW,Palau,_T,Total,_T,All ages,_T,National,_T,Total,_T,All education levels,_T,All occupations,_Z,Not applicable,_T,No breakdown by disability,2005,,0,,PERCENT,percent,G,Global,E,Estimated,"Energy Balances, UN Statistics Division (2024)",,,,,
DATAFLOW,SPC:DF_BP50_5(1.0),Blue Pacific 2050: Climate Change And Disasters (Thematic Area 5),I,A,Annual,EG_FEC_RNEW,Renewable energy share in the total final energy consumption,PW,Palau,_T,Total,_T,All ages,_T,National,_T,Total,_T,All education levels,_T,All occupations,_Z,Not applicable,_T,No breakdown by disability,2006,,0,,PERCENT,percent,G,Global,E,Estimated,"Energy Balances, UN Statistics Division (2024)",,,,,
DATAFLOW,SPC:DF_BP50_5(1.0),Blue Pacific 2050: Climate Change And Disasters (Thematic Area 5),I,A,Annual,EG_FEC_RNEW,Renewable energy share in the total final energy consumption,PW,Palau,_T,Total,_T,All ages,_T,National,_T,Total,_T,All education levels,_T,All occupations,_Z,Not applicable,_T,No breakdown by disability,2007,,0,,PERCENT,percent,G,Global,E,Estimated,"Energy Balances, UN Statistics Division (2024)",,,,,
DATAFLOW,SPC:DF_BP50_5(1.0),Blue Pacific 2050: Climate Change And Disasters (Thematic Area 5),I,A,Annual,EG_FEC_RNEW,Renewable energy share in the total final energy consumption,PW,Palau,_T,Total,_T,All ages,_T,National,_T,Total,_T,All education levels,_T,All occupations,_Z,Not applicable,_T,No breakdown by disability,2008,,0,,PERCENT,percent,G,Global,E,Estimated,"Energy Balances, UN Statistics Division (2024)",,,,,
DATAFLOW,SPC:DF_BP50_5(1.0),Blue Pacific 2050: Climate Change And Disasters (Thematic Area 5),I,A,Annual,EG_FEC_RNEW,Renewable energy share in the total final energy consumption,PW,Palau,_T,Total,_T,All ages,_T,National,_T,Total,_T,All education levels,_T,All occupations,_Z,Not applicable,_T,No breakdown by disability,2009,,0,,PERCENT,percent,G,Global,E,Estimated,"Energy Balances, UN Statistics Division (2024)",,,,,
DATAFLOW,SPC:DF_BP50_5(1.0),Blue Pacific 2050: Climate Change And Disasters (Thematic Area 5),I,A,Annual,EG_FEC_RNEW,Renewable energy share in the total final energy consumption,PW,Palau,_T,Total,_T,All ages,_T,National,_T,Total,_T,All education levels,_T,All occupations,_Z,Not applicable,_T,No breakdown by disability,2010,,0,,PERCENT,percent,G,Global,E,Estimated,"Energy Balances, UN Statistics Division (2024)",,,,,
DATAFLOW,SPC:DF_BP50_5(1.0),Blue Pacific 2050: Climate Change And Disasters (Thematic Area 5),I,A,Annual,EG_FEC_RNEW,Renewable energy share in the total final energy consumption,PW,Palau,_T,Total,_T,All ages,_T,National,_T,Total,_T,All education levels,_T,All occupations,_Z,Not applicable,_T,No breakdown by disability,2011,,0,,PERCENT,percent,G,Global,E,Estimated,"Energy Balances, UN Statistics Division (2024)",,,,,
DATAFLOW,SPC:DF_BP50_5(1.0),Blue Pacific 2050: Climate Change And Disasters (Thematic Area 5),I,A,Annual,EG_FEC_RNEW,Renewable energy share in the total final energy consumption,PW,Palau,_T,Total,_T,All ages,_T,National,_T,Total,_T,All education levels,_T,All occupations,_Z,Not applicable,_T,No breakdown by disability,2012,,0,,PERCENT,percent,G,Global,E,Estimated,"Energy Balances, UN Statistics Division (2024)",,,,,
DATAFLOW,SPC:DF_BP50_5(1.0),Blue Pacific 2050: Climate Change And Disasters (Thematic Area 5),I,A,Annual,EG_FEC_RNEW,Renewable energy share in the total final energy consumption,PW,Palau,_T,Total,_T,All ages,_T,National,_T,Total,_T,All education levels,_T,All occupations,_Z,Not applicable,_T,No breakdown by disability,2013,,0,,PERCENT,percent,G,Global,E,Estimated,"Energy Balances, UN Statistics Division (2024)",,,,,
DATAFLOW,SPC:DF_BP50_5(1.0),Blue Pacific 2050: Climate Change And Disasters (Thematic Area 5),I,A,Annual,EG_FEC_RNEW,Renewable energy share in the total final energy consumption,PW,Palau,_T,Total,_T,All ages,_T,National,_T,Total,_T,All education levels,_T,All occupations,_Z,Not applicable,_T,No breakdown by disability,2014,,0.27,,PERCENT,percent,G,Global,E,Estimated,"Energy Balances, UN Statistics Division (2024)",,,,,
DATAFLOW,SPC:DF_BP50_5(1.0),Blue Pacific 2050: Climate Change And Disasters (Thematic Area 5),I,A,Annual,EG_FEC_RNEW,Renewable energy share in the total final energy consumption,PW,Palau,_T,Total,_T,All ages,_T,National,_T,Total,_T,All education levels,_T,All occupations,_Z,Not applicable,_T,No breakdown by disability,2015,,0.37,,PERCENT,percent,G,Global,E,Estimated,"Energy Balances, UN Statistics Division (2024)",,,,,
DATAFLOW,SPC:DF_BP50_5(1.0),Blue Pacific 2050: Climate Change And Disasters (Thematic Area 5),I,A,Annual,EG_FEC_RNEW,Renewable energy share in the total final energy consumption,PW,Palau,_T,Total,_T,All ages,_T,National,_T,Total,_T,All education levels,_T,All occupations,_Z,Not applicable,_T,No breakdown by disability,2016,,0.57,,PERCENT,percent,G,Global,E,Estimated,"Energy Balances, UN Statistics Division (2024)",,,,,
DATAFLOW,SPC:DF_BP50_5(1.0),Blue Pacific 2050: Climate Change And Disasters (Thematic Area 5),I,A,Annual,EG_FEC_RNEW,Renewable energy share in the total final energy consumption,PW,Palau,_T,Total,_T,All ages,_T,National,_T,Total,_T,All education levels,_T,All occupations,_Z,Not applicable,_T,No breakdown by disability,2017,,0.56,,PERCENT,percent,G,Global,E,Estimated,"Energy Balances, UN Statistics Division (2024)",,,,,
DATAFLOW,SPC:DF_BP50_5(1.0),Blue Pacific 2050: Climate Change And Disasters (Thematic Area 5),I,A,Annual,EG_FEC_RNEW,Renewable energy share in the total final energy consumption,PW,Palau,_T,Total,_T,All ages,_T,National,_T,Total,_T,All education levels,_T,All occupations,_Z,Not applicable,_T,No breakdown by disability,2018,,0.59,,PERCENT,percent,G,Global,E,Estimated,"Energy Balances, UN Statistics Division (2024)",,,,,
DATAFLOW,SPC:DF_BP50_5(1.0),Blue Pacific 2050: Climate Change And Disasters (Thematic Area 5),I,A,Annual,EG_FEC_RNEW,Renewable energy share in the total final energy consumption,PW,Palau,_T,Total,_T,All ages,_T,National,_T,Total,_T,All education levels,_T,All occupations,_Z,Not applicable,_T,No breakdown by disability,2019,,0.56,,PERCENT,percent,G,Global,E,Estimated,"Energy Balances, UN Statistics Division (2024)",,,,,
DATAFLOW,SPC:DF_BP50_5(1.0),Blue Pacific 2050: Climate Change And Disasters (Thematic Area 5),I,A,Annual,EG_FEC_RNEW,Renewable energy share in the total final energy consumption,PW,Palau,_T,Total,_T,All ages,_T,National,_T,Total,_T,All education levels,_T,All occupations,_Z,Not applicable,_T,No breakdown by disability,2020,,0.58,,PERCENT,percent,G,Global,E,Estimated,"Energy Balances, UN Statistics Division (2024)",,,,,
DATAFLOW,SPC:DF_BP50_5(1.0),Blue Pacific 2050: Climate Change And Disasters (Thematic Area 5),I,A,Annual,EG_FEC_RNEW,Renewable energy share in the total final energy consumption,PW,Palau,_T,Total,_T,All ages,_T,National,_T,Total,_T,All education levels,_T,All occupations,_Z,Not applicable,_T,No breakdown by disability,2021,,0.58,,PERCENT,percent,G,Global,E,Estimated,"Energy Balances, UN Statistics Division (2024)",,,,,
DATAFLOW,SPC:DF_BP50_5(1.0),Blue Pacific 2050: Climate Change And Disasters (Thematic Area 5),I,A,Annual,EG_FEC_RNEW,Renewable energy share in the total final energy consumption,PW,Palau,_T,Total,_T,All ages,_T,National,_T,Total,_T,All education levels,_T,All occupations,_Z,Not applicable,_T,No breakdown by disability,2022,,0.58,,PERCENT,percent,G,Global,E,Estimated,"Energy Balances, UN Statistics Division (2024)",,,,,
DATAFLOW,SPC:DF_BP50_5(1.0),Blue Pacific 2050: Climate Change And Disasters (Thematic Area 5),I,A,Annual,EG_FEC_RNEW,Renewable energy share in the total final energy consumption,FM,Micronesia (Federated States of),_T,Total,_T,All ages,_T,National,_T,Total,_T,All education levels,_T,All occupations,_Z,Not applicable,_T,No breakdown by disability,2000,,1.27,,PERCENT,percent,G,Global,E,Estimated,"Energy Balances, UN Statistics Division (2024)",,,,,
DATAFLOW,SPC:DF_BP50_5(1.0),Blue Pacific 2050: Climate Change And Disasters (Thematic Area 5),I,A,Annual,EG_FEC_RNEW,Renewable energy share in the total final energy consumption,FM,Micronesia (Federated States of),_T,Total,_T,All ages,_T,National,_T,Total,_T,All education levels,_T,All occupations,_Z,Not applicable,_T,No breakdown by disability,2001,,1.41,,PERCENT,percent,G,Global,E,Estimated,"Energy Balances, UN Statistics Division (2024)",,,,,
DATAFLOW,SPC:DF_BP50_5(1.0),Blue Pacific 2050: Climate Change And Disasters (Thematic Area 5),I,A,Annual,EG_FEC_RNEW,Renewable energy share in the total final energy consumption,FM,Micronesia (Federated States of),_T,Total,_T,All ages,_T,National,_T,Total,_T,All education levels,_T,All occupations,_Z,Not applicable,_T,No breakdown by disability,2002,,1.6,,PERCENT,percent,G,Global,E,Estimated,"Energy Balances, UN Statistics Division (2024)",,,,,
DATAFLOW,SPC:DF_BP50_5(1.0),Blue Pacific 2050: Climate Change And Disasters (Thematic Area 5),I,A,Annual,EG_FEC_RNEW,Renewable energy share in the total final energy consumption,FM,Micronesia (Federated States of),_T,Total,_T,All ages,_T,National,_T,Total,_T,All education levels,_T,All occupations,_Z,Not applicable,_T,No breakdown by disability,2003,,0.86,,PERCENT,percent,G,Global,E,Estimated,"Energy Balances, UN Statistics Division (2024)",,,,,
DATAFLOW,SPC:DF_BP50_5(1.0),Blue Pacific 2050: Climate Change And Disasters (Thematic Area 5),I,A,Annual,EG_FEC_RNEW,Renewable energy share in the total final energy consumption,FM,Micronesia (Federated States of),_T,Total,_T,All ages,_T,National,_T,Total,_T,All education levels,_T,All occupations,_Z,Not applicable,_T,No breakdown by disability,2004,,1.02,,PERCENT,percent,G,Global,E,Estimated,"Energy Balances, UN Statistics Division (2024)",,,,,
DATAFLOW,SPC:DF_BP50_5(1.0),Blue Pacific 2050: Climate Change And Disasters (Thematic Area 5),I,A,Annual,EG_FEC_RNEW,Renewable energy share in the total final energy consumption,FM,Micronesia (Federated States of),_T,Total,_T,All ages,_T,National,_T,Total,_T,All education levels,_T,All occupations,_Z,Not applicable,_T,No breakdown by disability,2005,,1.35,,PERCENT,percent,G,Global,E,Estimated,"Energy Balances, UN Statistics Division (2024)",,,,,
DATAFLOW,SPC:DF_BP50_5(1.0),Blue Pacific 2050: Climate Change And Disasters (Thematic Area 5),I,A,Annual,EG_FEC_RNEW,Renewable energy share in the total final energy consumption,FM,Micronesia (Federated States of),_T,Total,_T,All ages,_T,National,_T,Total,_T,All education levels,_T,All occupations,_Z,Not applicable,_T,No breakdown by disability,2006,,1.37,,PERCENT,percent,G,Global,E,Estimated,"Energy Balances, UN Statistics Division (2024)",,,,,
DATAFLOW,SPC:DF_BP50_5(1.0),Blue Pacific 2050: Climate Change And Disasters (Thematic Area 5),I,A,Annual,EG_FEC_RNEW,Renewable energy share in the total final energy consumption,FM,Micronesia (Federated States of),_T,Total,_T,All ages,_T,National,_T,Total,_T,All education levels,_T,All occupations,_Z,Not applicable,_T,No breakdown by disability,2007,,1.19,,PERCENT,percent,G,Global,E,Estimated,"Energy Balances, UN Statistics Division (2024)",,,,,
DATAFLOW,SPC:DF_BP50_5(1.0),Blue Pacific 2050: Climate Change And Disasters (Thematic Area 5),I,A,Annual,EG_FEC_RNEW,Renewable energy share in the total final energy consumption,FM,Micronesia (Federated States of),_T,Total,_T,All ages,_T,National,_T,Total,_T,All education levels,_T,All occupations,_Z,Not applicable,_T,No breakdown by disability,2008,,1.44,,PERCENT,percent,G,Global,E,Estimated,"Energy Balances, UN Statistics Division (2024)",,,,,
DATAFLOW,SPC:DF_BP50_5(1.0),Blue Pacific 2050: Climate Change And Disasters (Thematic Area 5),I,A,Annual,EG_FEC_RNEW,Renewable energy share in the total final energy consumption,FM,Micronesia (Federated States of),_T,Total,_T,All ages,_T,National,_T,Total,_T,All education levels,_T,All occupations,_Z,Not applicable,_T,No breakdown by disability,2009,,1.15,,PERCENT,percent,G,Global,E,Estimated,"Energy Balances, UN Statistics Division (2024)",,,,,
DATAFLOW,SPC:DF_BP50_5(1.0),Blue Pacific 2050: Climate Change And Disasters (Thematic Area 5),I,A,Annual,EG_FEC_RNEW,Renewable energy share in the total final energy consumption,FM,Micronesia (Federated States of),_T,Total,_T,All ages,_T,National,_T,Total,_T,All education levels,_T,All occupations,_Z,Not applicable,_T,No breakdown by disability,2010,,1.95,,PERCENT,percent,G,Global,E,Estimated,"Energy Balances, UN Statistics Division (2024)",,,,,
DATAFLOW,SPC:DF_BP50_5(1.0),Blue Pacific 2050: Climate Change And Disasters (Thematic Area 5),I,A,Annual,EG_FEC_RNEW,Renewable energy share in the total final energy consumption,FM,Micronesia (Federated States of),_T,Total,_T,All ages,_T,National,_T,Total,_T,All education levels,_T,All occupations,_Z,Not applicable,_T,No breakdown by disability,2011,,1.57,,PERCENT,percent,G,Global,E,Estimated,"Energy Balances, UN Statistics Division (2024)",,,,,
DATAFLOW,SPC:DF_BP50_5(1.0),Blue Pacific 2050: Climate Change And Disasters (Thematic Area 5),I,A,Annual,EG_FEC_RNEW,Renewable energy share in the total final energy consumption,FM,Micronesia (Federated States of),_T,Total,_T,All ages,_T,National,_T,Total,_T,All education levels,_T,All occupations,_Z,Not applicable,_T,No breakdown by disability,2012,,1.42,,PERCENT,percent,G,Global,E,Estimated,"Energy Balances, UN Statistics Division (2024)",,,,,
DATAFLOW,SPC:DF_BP50_5(1.0),Blue Pacific 2050: Climate Change And Disasters (Thematic Area 5),I,A,Annual,EG_FEC_RNEW,Renewable energy share in the total final energy consumption,FM,Micronesia (Federated States of),_T,Total,_T,All ages,_T,National,_T,Total,_T,All education levels,_T,All occupations,_Z,Not applicable,_T,No breakdown by disability,2013,,1.41,,PERCENT,percent,G,Global,E,Estimated,"Energy Balances, UN Statistics Division (2024)",,,,,
DATAFLOW,SPC:DF_BP50_5(1.0),Blue Pacific 2050: Climate Change And Disasters (Thematic Area 5),I,A,Annual,EG_FEC_RNEW,Renewable energy share in the total final energy consumption,FM,Micronesia (Federated States of),_T,Total,_T,All ages,_T,National,_T,Total,_T,All education levels,_T,All occupations,_Z,Not applicable,_T,No breakdown by disability,2014,,1.51,,PERCENT,percent,G,Global,E,Estimated,"Energy Balances, UN Statistics Division (2024)",,,,,
DATAFLOW,SPC:DF_BP50_5(1.0),Blue Pacific 2050: Climate Change And Disasters (Thematic Area 5),I,A,Annual,EG_FEC_RNEW,Renewable energy share in the total final energy consumption,FM,Micronesia (Federated States of),_T,Total,_T,All ages,_T,National,_T,Total,_T,All education levels,_T,All occupations,_Z,Not applicable,_T,No breakdown by disability,2015,,1.71,,PERCENT,percent,G,Global,E,Estimated,"Energy Balances, UN Statistics Division (2024)",,,,,
DATAFLOW,SPC:DF_BP50_5(1.0),Blue Pacific 2050: Climate Change And Disasters (Thematic Area 5),I,A,Annual,EG_FEC_RNEW,Renewable energy share in the total final energy consumption,FM,Micronesia (Federated States of),_T,Total,_T,All ages,_T,National,_T,Total,_T,All education levels,_T,All occupations,_Z,Not applicable,_T,No breakdown by disability,2016,,1.87,,PERCENT,percent,G,Global,E,Estimated,"Energy Balances, UN Statistics Division (2024)",,,,,
DATAFLOW,SPC:DF_BP50_5(1.0),Blue Pacific 2050: Climate Change And Disasters (Thematic Area 5),I,A,Annual,EG_FEC_RNEW,Renewable energy share in the total final energy consumption,FM,Micronesia (Federated States of),_T,Total,_T,All ages,_T,National,_T,Total,_T,All education levels,_T,All occupations,_Z,Not applicable,_T,No breakdown by disability,2017,,1.72,,PERCENT,percent,G,Global,E,Estimated,"Energy Balances, UN Statistics Division (2024)",,,,,
DATAFLOW,SPC:DF_BP50_5(1.0),Blue Pacific 2050: Climate Change And Disasters (Thematic Area 5),I,A,Annual,EG_FEC_RNEW,Renewable energy share in the total final energy consumption,FM,Micronesia (Federated States of),_T,Total,_T,All ages,_T,National,_T,Total,_T,All education levels,_T,All occupations,_Z,Not applicable,_T,No breakdown by disability,2018,,2,,PERCENT,percent,G,Global,E,Estimated,"Energy Balances, UN Statistics Division (2024)",,,,,
DATAFLOW,SPC:DF_BP50_5(1.0),Blue Pacific 2050: Climate Change And Disasters (Thematic Area 5),I,A,Annual,EG_FEC_RNEW,Renewable energy share in the total final energy consumption,FM,Micronesia (Federated States of),_T,Total,_T,All ages,_T,National,_T,Total,_T,All education levels,_T,All occupations,_Z,Not applicable,_T,No breakdown by disability,2019,,1.98,,PERCENT,percent,G,Global,E,Estimated,"Energy Balances, UN Statistics Division (2024)",,,,,
DATAFLOW,SPC:DF_BP50_5(1.0),Blue Pacific 2050: Climate Change And Disasters (Thematic Area 5),I,A,Annual,EG_FEC_RNEW,Renewable energy share in the total final energy consumption,FM,Micronesia (Federated States of),_T,Total,_T,All ages,_T,National,_T,Total,_T,All education levels,_T,All occupations,_Z,Not applicable,_T,No breakdown by disability,2020,,1.89,,PERCENT,percent,G,Global,E,Estimated,"Energy Balances, UN Statistics Division (2024)",,,,,
DATAFLOW,SPC:DF_BP50_5(1.0),Blue Pacific 2050: Climate Change And Disasters (Thematic Area 5),I,A,Annual,EG_FEC_RNEW,Renewable energy share in the total final energy consumption,FM,Micronesia (Federated States of),_T,Total,_T,All ages,_T,National,_T,Total,_T,All education levels,_T,All occupations,_Z,Not applicable,_T,No breakdown by disability,2021,,1.84,,PERCENT,percent,G,Global,E,Estimated,"Energy Balances, UN Statistics Division (2024)",,,,,
DATAFLOW,SPC:DF_BP50_5(1.0),Blue Pacific 2050: Climate Change And Disasters (Thematic Area 5),I,A,Annual,EG_FEC_RNEW,Renewable energy share in the total final energy consumption,FM,Micronesia (Federated States of),_T,Total,_T,All ages,_T,National,_T,Total,_T,All education levels,_T,All occupations,_Z,Not applicable,_T,No breakdown by disability,2022,,2.05,,PERCENT,percent,G,Global,E,Estimated,"Energy Balances, UN Statistics Division (2024)",,,,,
DATAFLOW,SPC:DF_BP50_5(1.0),Blue Pacific 2050: Climate Change And Disasters (Thematic Area 5),I,A,Annual,SPC_7_b_1,"Installed renewable electricity-generating capacity (watts per
            capita)",NC,New Caledonia,_T,Total,_T,All ages,_T,National,_T,Total,_T,All education levels,_T,All occupations,TRE_ALL,Type of renewable energy: All,_T,No breakdown by disability,2000,,360.888,,WPC,Watt per capita,G,Global,E,Estimated,Renewable electricity generating capacity from IRENA's electricity capacity database. Population data from the United Nations World Population Prospects.,,,,Year-end value for installed capacity (watts) and mid-year for population,
DATAFLOW,SPC:DF_BP50_5(1.0),Blue Pacific 2050: Climate Change And Disasters (Thematic Area 5),I,A,Annual,SPC_7_b_1,"Installed renewable electricity-generating capacity (watts per
            capita)",NC,New Caledonia,_T,Total,_T,All ages,_T,National,_T,Total,_T,All education levels,_T,All occupations,TRE_ALL,Type of renewable energy: All,_T,No breakdown by disability,2001,,365.995,,WPC,Watt per capita,G,Global,E,Estimated,Renewable electricity generating capacity from IRENA's electricity capacity database. Population data from the United Nations World Population Prospects.,,,,Year-end value for installed capacity (watts) and mid-year for population,
DATAFLOW,SPC:DF_BP50_5(1.0),Blue Pacific 2050: Climate Change And Disasters (Thematic Area 5),I,A,Annual,SPC_7_b_1,"Installed renewable electricity-generating capacity (watts per
            capita)",NC,New Caledonia,_T,Total,_T,All ages,_T,National,_T,Total,_T,All education levels,_T,All occupations,TRE_ALL,Type of renewable energy: All,_T,No breakdown by disability,2002,,368.665,,WPC,Watt per capita,G,Global,E,Estimated,Renewable electricity generating capacity from IRENA's electricity capacity database. Population data from the United Nations World Population Prospects.,,,,Year-end value for installed capacity (watts) and mid-year for population,
DATAFLOW,SPC:DF_BP50_5(1.0),Blue Pacific 2050: Climate Change And Disasters (Thematic Area 5),I,A,Annual,SPC_7_b_1,"Installed renewable electricity-generating capacity (watts per
            capita)",NC,New Caledonia,_T,Total,_T,All ages,_T,National,_T,Total,_T,All education levels,_T,All occupations,TRE_ALL,Type of renewable energy: All,_T,No breakdown by disability,2003,,381.661,,WPC,Watt per capita,G,Global,E,Estimated,Renewable electricity generating capacity from IRENA's electricity capacity database. Population data from the United Nations World Population Prospects.,,,,Year-end value for installed capacity (watts) and mid-year for population,
DATAFLOW,SPC:DF_BP50_5(1.0),Blue Pacific 2050: Climate Change And Disasters (Thematic Area 5),I,A,Annual,SPC_7_b_1,"Installed renewable electricity-generating capacity (watts per
            capita)",NC,New Caledonia,_T,Total,_T,All ages,_T,National,_T,Total,_T,All education levels,_T,All occupations,TRE_ALL,Type of renewable energy: All,_T,No breakdown by disability,2004,,424.976,,WPC,Watt per capita,G,Global,E,Estimated,Renewable electricity generating capacity from IRENA's electricity capacity database. Population data from the United Nations World Population Prospects.,,,,Year-end value for installed capacity (watts) and mid-year for population,
DATAFLOW,SPC:DF_BP50_5(1.0),Blue Pacific 2050: Climate Change And Disasters (Thematic Area 5),I,A,Annual,SPC_7_b_1,"Installed renewable electricity-generating capacity (watts per
            capita)",NC,New Caledonia,_T,Total,_T,All ages,_T,National,_T,Total,_T,All education levels,_T,All occupations,TRE_ALL,Type of renewable energy: All,_T,No breakdown by disability,2005,,419.119,,WPC,Watt per capita,G,Global,E,Estimated,Renewable electricity generating capacity from IRENA's electricity capacity database. Population data from the United Nations World Population Prospects.,,,,Year-end value for installed capacity (watts) and mid-year for population,
DATAFLOW,SPC:DF_BP50_5(1.0),Blue Pacific 2050: Climate Change And Disasters (Thematic Area 5),I,A,Annual,SPC_7_b_1,"Installed renewable electricity-generating capacity (watts per
            capita)",NC,New Caledonia,_T,Total,_T,All ages,_T,National,_T,Total,_T,All education levels,_T,All occupations,TRE_ALL,Type of renewable energy: All,_T,No breakdown by disability,2006,,435.589,,WPC,Watt per capita,G,Global,E,Estimated,Renewable electricity generating capacity from IRENA's electricity capacity database. Population data from the United Nations World Population Prospects.,,,,Year-end value for installed capacity (watts) and mid-year for population,
DATAFLOW,SPC:DF_BP50_5(1.0),Blue Pacific 2050: Climate Change And Disasters (Thematic Area 5),I,A,Annual,SPC_7_b_1,"Installed renewable electricity-generating capacity (watts per
            capita)",NC,New Caledonia,_T,Total,_T,All ages,_T,National,_T,Total,_T,All education levels,_T,All occupations,TRE_ALL,Type of renewable energy: All,_T,No breakdown by disability,2007,,446.394,,WPC,Watt per capita,G,Global,E,Estimated,Renewable electricity generating capacity from IRENA's electricity capacity database. Population data from the United Nations World Population Prospects.,,,,Year-end value for installed capacity (watts) and mid-year for population,
DATAFLOW,SPC:DF_BP50_5(1.0),Blue Pacific 2050: Climate Change And Disasters (Thematic Area 5),I,A,Annual,SPC_7_b_1,"Installed renewable electricity-generating capacity (watts per
            capita)",NC,New Caledonia,_T,Total,_T,All ages,_T,National,_T,Total,_T,All education levels,_T,All occupations,TRE_ALL,Type of renewable energy: All,_T,No breakdown by disability,2008,,439.85,,WPC,Watt per capita,G,Global,E,Estimated,Renewable electricity generating capacity from IRENA's electricity capacity database. Population data from the United Nations World Population Prospects.,,,,Year-end value for installed capacity (watts) and mid-year for population,
DATAFLOW,SPC:DF_BP50_5(1.0),Blue Pacific 2050: Climate Change And Disasters (Thematic Area 5),I,A,Annual,SPC_7_b_1,"Installed renewable electricity-generating capacity (watts per
            capita)",NC,New Caledonia,_T,Total,_T,All ages,_T,National,_T,Total,_T,All education levels,_T,All occupations,TRE_ALL,Type of renewable energy: All,_T,No breakdown by disability,2009,,452.867,,WPC,Watt per capita,G,Global,E,Estimated,Renewable electricity generating capacity from IRENA's electricity capacity database. Population data from the United Nations World Population Prospects.,,,,Year-end value for installed capacity (watts) and mid-year for population,
DATAFLOW,SPC:DF_BP50_5(1.0),Blue Pacific 2050: Climate Change And Disasters (Thematic Area 5),I,A,Annual,SPC_7_b_1,"Installed renewable electricity-generating capacity (watts per
            capita)",NC,New Caledonia,_T,Total,_T,All ages,_T,National,_T,Total,_T,All education levels,_T,All occupations,TRE_ALL,Type of renewable energy: All,_T,No breakdown by disability,2010,,453.191,,WPC,Watt per capita,G,Global,E,Estimated,Renewable electricity generating capacity from IRENA's electricity capacity database. Population data from the United Nations World Population Prospects.,,,,Year-end value for installed capacity (watts) and mid-year for population,
DATAFLOW,SPC:DF_BP50_5(1.0),Blue Pacific 2050: Climate Change And Disasters (Thematic Area 5),I,A,Annual,SPC_7_b_1,"Installed renewable electricity-generating capacity (watts per
            capita)",NC,New Caledonia,_T,Total,_T,All ages,_T,National,_T,Total,_T,All education levels,_T,All occupations,TRE_ALL,Type of renewable energy: All,_T,No breakdown by disability,2011,,447.922,,WPC,Watt per capita,G,Global,E,Estimated,Renewable electricity generating capacity from IRENA's electricity capacity database. Population data from the United Nations World Population Prospects.,,,,Year-end value for installed capacity (watts) and mid-year for population,
DATAFLOW,SPC:DF_BP50_5(1.0),Blue Pacific 2050: Climate Change And Disasters (Thematic Area 5),I,A,Annual,SPC_7_b_1,"Installed renewable electricity-generating capacity (watts per
            capita)",NC,New Caledonia,_T,Total,_T,All ages,_T,National,_T,Total,_T,All education levels,_T,All occupations,TRE_ALL,Type of renewable energy: All,_T,No breakdown by disability,2012,,439.667,,WPC,Watt per capita,G,Global,E,Estimated,Renewable electricity generating capacity from IRENA's electricity capacity database. Population data from the United Nations World Population Prospects.,,,,Year-end value for installed capacity (watts) and mid-year for population,
DATAFLOW,SPC:DF_BP50_5(1.0),Blue Pacific 2050: Climate Change And Disasters (Thematic Area 5),I,A,Annual,SPC_7_b_1,"Installed renewable electricity-generating capacity (watts per
            capita)",NC,New Caledonia,_T,Total,_T,All ages,_T,National,_T,Total,_T,All education levels,_T,All occupations,TRE_ALL,Type of renewable energy: All,_T,No breakdown by disability,2013,,431.569,,WPC,Watt per capita,G,Global,E,Estimated,Renewable electricity generating capacity from IRENA's electricity capacity database. Population data from the United Nations World Population Prospects.,,,,Year-end value for installed capacity (watts) and mid-year for population,
DATAFLOW,SPC:DF_BP50_5(1.0),Blue Pacific 2050: Climate Change And Disasters (Thematic Area 5),I,A,Annual,SPC_7_b_1,"Installed renewable electricity-generating capacity (watts per
            capita)",NC,New Caledonia,_T,Total,_T,All ages,_T,National,_T,Total,_T,All education levels,_T,All occupations,TRE_ALL,Type of renewable energy: All,_T,No breakdown by disability,2014,,425.683,,WPC,Watt per capita,G,Global,E,Estimated,Renewable electricity generating capacity from IRENA's electricity capacity database. Population data from the United Nations World Population Prospects.,,,,Year-end value for installed capacity (watts) and mid-year for population,
DATAFLOW,SPC:DF_BP50_5(1.0),Blue Pacific 2050: Climate Change And Disasters (Thematic Area 5),I,A,Annual,SPC_7_b_1,"Installed renewable electricity-generating capacity (watts per
            capita)",NC,New Caledonia,_T,Total,_T,All ages,_T,National,_T,Total,_T,All education levels,_T,All occupations,TRE_ALL,Type of renewable energy: All,_T,No breakdown by disability,2015,,434.184,,WPC,Watt per capita,G,Global,E,Estimated,Renewable electricity generating capacity from IRENA's electricity capacity database. Population data from the United Nations World Population Prospects.,,,,Year-end value for installed capacity (watts) and mid-year for population,
DATAFLOW,SPC:DF_BP50_5(1.0),Blue Pacific 2050: Climate Change And Disasters (Thematic Area 5),I,A,Annual,SPC_7_b_1,"Installed renewable electricity-generating capacity (watts per
            capita)",NC,New Caledonia,_T,Total,_T,All ages,_T,National,_T,Total,_T,All education levels,_T,All occupations,TRE_ALL,Type of renewable energy: All,_T,No breakdown by disability,2016,,444.704,,WPC,Watt per capita,G,Global,E,Estimated,Renewable electricity generating capacity from IRENA's electricity capacity database. Population data from the United Nations World Population Prospects.,,,,Year-end value for installed capacity (watts) and mid-year for population,
DATAFLOW,SPC:DF_BP50_5(1.0),Blue Pacific 2050: Climate Change And Disasters (Thematic Area 5),I,A,Annual,SPC_7_b_1,"Installed renewable electricity-generating capacity (watts per
            capita)",NC,New Caledonia,_T,Total,_T,All ages,_T,National,_T,Total,_T,All education levels,_T,All occupations,TRE_ALL,Type of renewable energy: All,_T,No breakdown by disability,2017,,504.324,,WPC,Watt per capita,G,Global,E,Estimated,Renewable electricity generating capacity from IRENA's electricity capacity database. Population data from the United Nations World Population Prospects.,,,,Year-end value for installed capacity (watts) and mid-year for population,
DATAFLOW,SPC:DF_BP50_5(1.0),Blue Pacific 2050: Climate Change And Disasters (Thematic Area 5),I,A,Annual,SPC_7_b_1,"Installed renewable electricity-generating capacity (watts per
            capita)",NC,New Caledonia,_T,Total,_T,All ages,_T,National,_T,Total,_T,All education levels,_T,All occupations,TRE_ALL,Type of renewable energy: All,_T,No breakdown by disability,2018,,545.97,,WPC,Watt per capita,G,Global,E,Estimated,Renewable electricity generating capacity from IRENA's electricity capacity database. Population data from the United Nations World Population Prospects.,,,,Year-end value for installed capacity (watts) and mid-year for population,
DATAFLOW,SPC:DF_BP50_5(1.0),Blue Pacific 2050: Climate Change And Disasters (Thematic Area 5),I,A,Annual,SPC_7_b_1,"Installed renewable electricity-generating capacity (watts per
            capita)",NC,New Caledonia,_T,Total,_T,All ages,_T,National,_T,Total,_T,All education levels,_T,All occupations,TRE_ALL,Type of renewable energy: All,_T,No breakdown by disability,2019,,669.245,,WPC,Watt per capita,G,Global,E,Estimated,Renewable electricity generating capacity from IRENA's electricity capacity database. Population data from the United Nations World Population Prospects.,,,,Year-end value for installed capacity (watts) and mid-year for population,
DATAFLOW,SPC:DF_BP50_5(1.0),Blue Pacific 2050: Climate Change And Disasters (Thematic Area 5),I,A,Annual,SPC_7_b_1,"Installed renewable electricity-generating capacity (watts per
            capita)",NC,New Caledonia,_T,Total,_T,All ages,_T,National,_T,Total,_T,All education levels,_T,All occupations,TRE_ALL,Type of renewable energy: All,_T,No breakdown by disability,2020,,749.657,,WPC,Watt per capita,G,Global,E,Estimated,Renewable electricity generating capacity from IRENA's electricity capacity database. Population data from the United Nations World Population Prospects.,,,,Year-end value for installed capacity (watts) and mid-year for population,
DATAFLOW,SPC:DF_BP50_5(1.0),Blue Pacific 2050: Climate Change And Disasters (Thematic Area 5),I,A,Annual,SPC_7_b_1,"Installed renewable electricity-generating capacity (watts per
            capita)",NC,New Caledonia,_T,Total,_T,All ages,_T,National,_T,Total,_T,All education levels,_T,All occupations,TRE_ALL,Type of renewable energy: All,_T,No breakdown by disability,2021,,851.664,,WPC,Watt per capita,G,Global,E,Estimated,Renewable electricity generating capacity from IRENA's electricity capacity database. Population data from the United Nations World Population Prospects.,,,,Year-end value for installed capacity (watts) and mid-year for population,
DATAFLOW,SPC:DF_BP50_5(1.0),Blue Pacific 2050: Climate Change And Disasters (Thematic Area 5),I,A,Annual,SPC_7_b_1,"Installed renewable electricity-generating capacity (watts per
            capita)",NC,New Caledonia,_T,Total,_T,All ages,_T,National,_T,Total,_T,All education levels,_T,All occupations,TRE_ALL,Type of renewable energy: All,_T,No breakdown by disability,2022,,878.986,,WPC,Watt per capita,G,Global,E,Estimated,Renewable electricity generating capacity from IRENA's electricity capacity database. Population data from the United Nations World Population Prospects.,,,,Year-end value for installed capacity (watts) and mid-year for population,
DATAFLOW,SPC:DF_BP50_5(1.0),Blue Pacific 2050: Climate Change And Disasters (Thematic Area 5),I,A,Annual,SPC_7_b_1,"Installed renewable electricity-generating capacity (watts per
            capita)",SB,Solomon Islands,_T,Total,_T,All ages,_T,National,_T,Total,_T,All education levels,_T,All occupations,TRE_ALL,Type of renewable energy: All,_T,No breakdown by disability,2000,,0.723,,WPC,Watt per capita,G,Global,E,Estimated,Renewable electricity generating capacity from IRENA's electricity capacity database. Population data from the United Nations World Population Prospects.,,,,Year-end value for installed capacity (watts) and mid-year for population,
DATAFLOW,SPC:DF_BP50_5(1.0),Blue Pacific 2050: Climate Change And Disasters (Thematic Area 5),I,A,Annual,SPC_7_b_1,"Installed renewable electricity-generating capacity (watts per
            capita)",SB,Solomon Islands,_T,Total,_T,All ages,_T,National,_T,Total,_T,All education levels,_T,All occupations,TRE_ALL,Type of renewable energy: All,_T,No breakdown by disability,2001,,0.706,,WPC,Watt per capita,G,Global,E,Estimated,Renewable electricity generating capacity from IRENA's electricity capacity database. Population data from the United Nations World Population Prospects.,,,,Year-end value for installed capacity (watts) and mid-year for population,
DATAFLOW,SPC:DF_BP50_5(1.0),Blue Pacific 2050: Climate Change And Disasters (Thematic Area 5),I,A,Annual,SPC_7_b_1,"Installed renewable electricity-generating capacity (watts per
            capita)",SB,Solomon Islands,_T,Total,_T,All ages,_T,National,_T,Total,_T,All education levels,_T,All occupations,TRE_ALL,Type of renewable energy: All,_T,No breakdown by disability,2002,,0.754,,WPC,Watt per capita,G,Global,E,Estimated,Renewable electricity generating capacity from IRENA's electricity capacity database. Population data from the United Nations World Population Prospects.,,,,Year-end value for installed capacity (watts) and mid-year for population,
DATAFLOW,SPC:DF_BP50_5(1.0),Blue Pacific 2050: Climate Change And Disasters (Thematic Area 5),I,A,Annual,SPC_7_b_1,"Installed renewable electricity-generating capacity (watts per
            capita)",SB,Solomon Islands,_T,Total,_T,All ages,_T,National,_T,Total,_T,All education levels,_T,All occupations,TRE_ALL,Type of renewable energy: All,_T,No breakdown by disability,2003,,0.737,,WPC,Watt per capita,G,Global,E,Estimated,Renewable electricity generating capacity from IRENA's electricity capacity database. Population data from the United Nations World Population Prospects.,,,,Year-end value for installed capacity (watts) and mid-year for population,
DATAFLOW,SPC:DF_BP50_5(1.0),Blue Pacific 2050: Climate Change And Disasters (Thematic Area 5),I,A,Annual,SPC_7_b_1,"Installed renewable electricity-generating capacity (watts per
            capita)",SB,Solomon Islands,_T,Total,_T,All ages,_T,National,_T,Total,_T,All education levels,_T,All occupations,TRE_ALL,Type of renewable energy: All,_T,No breakdown by disability,2004,,0.782,,WPC,Watt per capita,G,Global,E,Estimated,Renewable electricity generating capacity from IRENA's electricity capacity database. Population data from the United Nations World Population Prospects.,,,,Year-end value for installed capacity (watts) and mid-year for population,
DATAFLOW,SPC:DF_BP50_5(1.0),Blue Pacific 2050: Climate Change And Disasters (Thematic Area 5),I,A,Annual,SPC_7_b_1,"Installed renewable electricity-generating capacity (watts per
            capita)",SB,Solomon Islands,_T,Total,_T,All ages,_T,National,_T,Total,_T,All education levels,_T,All occupations,TRE_ALL,Type of renewable energy: All,_T,No breakdown by disability,2005,,0.765,,WPC,Watt per capita,G,Global,E,Estimated,Renewable electricity generating capacity from IRENA's electricity capacity database. Population data from the United Nations World Population Prospects.,,,,Year-end value for installed capacity (watts) and mid-year for population,
DATAFLOW,SPC:DF_BP50_5(1.0),Blue Pacific 2050: Climate Change And Disasters (Thematic Area 5),I,A,Annual,SPC_7_b_1,"Installed renewable electricity-generating capacity (watts per
            capita)",SB,Solomon Islands,_T,Total,_T,All ages,_T,National,_T,Total,_T,All education levels,_T,All occupations,TRE_ALL,Type of renewable energy: All,_T,No breakdown by disability,2006,,1.761,,WPC,Watt per capita,G,Global,E,Estimated,Renewable electricity generating capacity from IRENA's electricity capacity database. Population data from the United Nations World Population Prospects.,,,,Year-end value for installed capacity (watts) and mid-year for population,
DATAFLOW,SPC:DF_BP50_5(1.0),Blue Pacific 2050: Climate Change And Disasters (Thematic Area 5),I,A,Annual,SPC_7_b_1,"Installed renewable electricity-generating capacity (watts per
            capita)",SB,Solomon Islands,_T,Total,_T,All ages,_T,National,_T,Total,_T,All education levels,_T,All occupations,TRE_ALL,Type of renewable energy: All,_T,No breakdown by disability,2007,,1.722,,WPC,Watt per capita,G,Global,E,Estimated,Renewable electricity generating capacity from IRENA's electricity capacity database. Population data from the United Nations World Population Prospects.,,,,Year-end value for installed capacity (watts) and mid-year for population,
DATAFLOW,SPC:DF_BP50_5(1.0),Blue Pacific 2050: Climate Change And Disasters (Thematic Area 5),I,A,Annual,SPC_7_b_1,"Installed renewable electricity-generating capacity (watts per
            capita)",SB,Solomon Islands,_T,Total,_T,All ages,_T,National,_T,Total,_T,All education levels,_T,All occupations,TRE_ALL,Type of renewable energy: All,_T,No breakdown by disability,2008,,1.684,,WPC,Watt per capita,G,Global,E,Estimated,Renewable electricity generating capacity from IRENA's electricity capacity database. Population data from the United Nations World Population Prospects.,,,,Year-end value for installed capacity (watts) and mid-year for population,
DATAFLOW,SPC:DF_BP50_5(1.0),Blue Pacific 2050: Climate Change And Disasters (Thematic Area 5),I,A,Annual,SPC_7_b_1,"Installed renewable electricity-generating capacity (watts per
            capita)",SB,Solomon Islands,_T,Total,_T,All ages,_T,National,_T,Total,_T,All education levels,_T,All occupations,TRE_ALL,Type of renewable energy: All,_T,No breakdown by disability,2009,,1.652,,WPC,Watt per capita,G,Global,E,Estimated,Renewable electricity generating capacity from IRENA's electricity capacity database. Population data from the United Nations World Population Prospects.,,,,Year-end value for installed capacity (watts) and mid-year for population,
DATAFLOW,SPC:DF_BP50_5(1.0),Blue Pacific 2050: Climate Change And Disasters (Thematic Area 5),I,A,Annual,SPC_7_b_1,"Installed renewable electricity-generating capacity (watts per
            capita)",SB,Solomon Islands,_T,Total,_T,All ages,_T,National,_T,Total,_T,All education levels,_T,All occupations,TRE_ALL,Type of renewable energy: All,_T,No breakdown by disability,2010,,1.281,,WPC,Watt per capita,G,Global,E,Estimated,Renewable electricity generating capacity from IRENA's electricity capacity database. Population data from the United Nations World Population Prospects.,,,,Year-end value for installed capacity (watts) and mid-year for population,
DATAFLOW,SPC:DF_BP50_5(1.0),Blue Pacific 2050: Climate Change And Disasters (Thematic Area 5),I,A,Annual,SPC_7_b_1,"Installed renewable electricity-generating capacity (watts per
            capita)",SB,Solomon Islands,_T,Total,_T,All ages,_T,National,_T,Total,_T,All education levels,_T,All occupations,TRE_ALL,Type of renewable energy: All,_T,No breakdown by disability,2011,,2.695,,WPC,Watt per capita,G,Global,E,Estimated,Renewable electricity generating capacity from IRENA's electricity capacity database. Population data from the United Nations World Population Prospects.,,,,Year-end value for installed capacity (watts) and mid-year for population,
DATAFLOW,SPC:DF_BP50_5(1.0),Blue Pacific 2050: Climate Change And Disasters (Thematic Area 5),I,A,Annual,SPC_7_b_1,"Installed renewable electricity-generating capacity (watts per
            capita)",SB,Solomon Islands,_T,Total,_T,All ages,_T,National,_T,Total,_T,All education levels,_T,All occupations,TRE_ALL,Type of renewable energy: All,_T,No breakdown by disability,2012,,2.623,,WPC,Watt per capita,G,Global,E,Estimated,Renewable electricity generating capacity from IRENA's electricity capacity database. Population data from the United Nations World Population Prospects.,,,,Year-end value for installed capacity (watts) and mid-year for population,
DATAFLOW,SPC:DF_BP50_5(1.0),Blue Pacific 2050: Climate Change And Disasters (Thematic Area 5),I,A,Annual,SPC_7_b_1,"Installed renewable electricity-generating capacity (watts per
            capita)",SB,Solomon Islands,_T,Total,_T,All ages,_T,National,_T,Total,_T,All education levels,_T,All occupations,TRE_ALL,Type of renewable energy: All,_T,No breakdown by disability,2013,,2.557,,WPC,Watt per capita,G,Global,E,Estimated,Renewable electricity generating capacity from IRENA's electricity capacity database. Population data from the United Nations World Population Prospects.,,,,Year-end value for installed capacity (watts) and mid-year for population,
DATAFLOW,SPC:DF_BP50_5(1.0),Blue Pacific 2050: Climate Change And Disasters (Thematic Area 5),I,A,Annual,SPC_7_b_1,"Installed renewable electricity-generating capacity (watts per
            capita)",SB,Solomon Islands,_T,Total,_T,All ages,_T,National,_T,Total,_T,All education levels,_T,All occupations,TRE_ALL,Type of renewable energy: All,_T,No breakdown by disability,2014,,3.467,,WPC,Watt per capita,G,Global,E,Estimated,Renewable electricity generating capacity from IRENA's electricity capacity database. Population data from the United Nations World Population Prospects.,,,,Year-end value for installed capacity (watts) and mid-year for population,
DATAFLOW,SPC:DF_BP50_5(1.0),Blue Pacific 2050: Climate Change And Disasters (Thematic Area 5),I,A,Annual,SPC_7_b_1,"Installed renewable electricity-generating capacity (watts per
            capita)",SB,Solomon Islands,_T,Total,_T,All ages,_T,National,_T,Total,_T,All education levels,_T,All occupations,TRE_ALL,Type of renewable energy: All,_T,No breakdown by disability,2015,,3.38,,WPC,Watt per capita,G,Global,E,Estimated,Renewable electricity generating capacity from IRENA's electricity capacity database. Population data from the United Nations World Population Prospects.,,,,Year-end value for installed capacity (watts) and mid-year for population,
DATAFLOW,SPC:DF_BP50_5(1.0),Blue Pacific 2050: Climate Change And Disasters (Thematic Area 5),I,A,Annual,SPC_7_b_1,"Installed renewable electricity-generating capacity (watts per
            capita)",SB,Solomon Islands,_T,Total,_T,All ages,_T,National,_T,Total,_T,All education levels,_T,All occupations,TRE_ALL,Type of renewable energy: All,_T,No breakdown by disability,2016,,5.178,,WPC,Watt per capita,G,Global,E,Estimated,Renewable electricity generating capacity from IRENA's electricity capacity database. Population data from the United Nations World Population Prospects.,,,,Year-end value for installed capacity (watts) and mid-year for population,
DATAFLOW,SPC:DF_BP50_5(1.0),Blue Pacific 2050: Climate Change And Disasters (Thematic Area 5),I,A,Annual,SPC_7_b_1,"Installed renewable electricity-generating capacity (watts per
            capita)",SB,Solomon Islands,_T,Total,_T,All ages,_T,National,_T,Total,_T,All education levels,_T,All occupations,TRE_ALL,Type of renewable energy: All,_T,No breakdown by disability,2017,,5.635,,WPC,Watt per capita,G,Global,E,Estimated,Renewable electricity generating capacity from IRENA's electricity capacity database. Population data from the United Nations World Population Prospects.,,,,Year-end value for installed capacity (watts) and mid-year for population,
DATAFLOW,SPC:DF_BP50_5(1.0),Blue Pacific 2050: Climate Change And Disasters (Thematic Area 5),I,A,Annual,SPC_7_b_1,"Installed renewable electricity-generating capacity (watts per
            capita)",SB,Solomon Islands,_T,Total,_T,All ages,_T,National,_T,Total,_T,All education levels,_T,All occupations,TRE_ALL,Type of renewable energy: All,_T,No breakdown by disability,2018,,5.502,,WPC,Watt per capita,G,Global,E,Estimated,Renewable electricity generating capacity from IRENA's electricity capacity database. Population data from the United Nations World Population Prospects.,,,,Year-end value for installed capacity (watts) and mid-year for population,
DATAFLOW,SPC:DF_BP50_5(1.0),Blue Pacific 2050: Climate Change And Disasters (Thematic Area 5),I,A,Annual,SPC_7_b_1,"Installed renewable electricity-generating capacity (watts per
            capita)",SB,Solomon Islands,_T,Total,_T,All ages,_T,National,_T,Total,_T,All education levels,_T,All occupations,TRE_ALL,Type of renewable energy: All,_T,No breakdown by disability,2019,,5.206,,WPC,Watt per capita,G,Global,E,Estimated,Renewable electricity generating capacity from IRENA's electricity capacity database. Population data from the United Nations World Population Prospects.,,,,Year-end value for installed capacity (watts) and mid-year for population,
DATAFLOW,SPC:DF_BP50_5(1.0),Blue Pacific 2050: Climate Change And Disasters (Thematic Area 5),I,A,Annual,SPC_7_b_1,"Installed renewable electricity-generating capacity (watts per
            capita)",SB,Solomon Islands,_T,Total,_T,All ages,_T,National,_T,Total,_T,All education levels,_T,All occupations,TRE_ALL,Type of renewable energy: All,_T,No breakdown by disability,2020,,5.084,,WPC,Watt per capita,G,Global,E,Estimated,Renewable electricity generating capacity from IRENA's electricity capacity database. Population data from the United Nations World Population Prospects.,,,,Year-end value for installed capacity (watts) and mid-year for population,
DATAFLOW,SPC:DF_BP50_5(1.0),Blue Pacific 2050: Climate Change And Disasters (Thematic Area 5),I,A,Annual,SPC_7_b_1,"Installed renewable electricity-generating capacity (watts per
            capita)",SB,Solomon Islands,_T,Total,_T,All ages,_T,National,_T,Total,_T,All education levels,_T,All occupations,TRE_ALL,Type of renewable energy: All,_T,No breakdown by disability,2021,,4.964,,WPC,Watt per capita,G,Global,E,Estimated,Renewable electricity generating capacity from IRENA's electricity capacity database. Population data from the United Nations World Population Prospects.,,,,Year-end value for installed capacity (watts) and mid-year for population,
DATAFLOW,SPC:DF_BP50_5(1.0),Blue Pacific 2050: Climate Change And Disasters (Thematic Area 5),I,A,Annual,SPC_7_b_1,"Installed renewable electricity-generating capacity (watts per
            capita)",SB,Solomon Islands,_T,Total,_T,All ages,_T,National,_T,Total,_T,All education levels,_T,All occupations,TRE_ALL,Type of renewable energy: All,_T,No breakdown by disability,2022,,7.213,,WPC,Watt per capita,G,Global,E,Estimated,Renewable electricity generating capacity from IRENA's electricity capacity database. Population data from the United Nations World Population Prospects.,,,,Year-end value for installed capacity (watts) and mid-year for population,
DATAFLOW,SPC:DF_BP50_5(1.0),Blue Pacific 2050: Climate Change And Disasters (Thematic Area 5),I,A,Annual,EG_FEC_RNEW,Renewable energy share in the total final energy consumption,WS,Samoa,_T,Total,_T,All ages,_T,National,_T,Total,_T,All education levels,_T,All occupations,_Z,Not applicable,_T,No breakdown by disability,2000,,59.69,,PERCENT,percent,G,Global,E,Estimated,"Energy Balances, UN Statistics Division (2024)",,,,,
DATAFLOW,SPC:DF_BP50_5(1.0),Blue Pacific 2050: Climate Change And Disasters (Thematic Area 5),I,A,Annual,EG_FEC_RNEW,Renewable energy share in the total final energy consumption,WS,Samoa,_T,Total,_T,All ages,_T,National,_T,Total,_T,All education levels,_T,All occupations,_Z,Not applicable,_T,No breakdown by disability,2001,,52.41,,PERCENT,percent,G,Global,E,Estimated,"Energy Balances, UN Statistics Division (2024)",,,,,
DATAFLOW,SPC:DF_BP50_5(1.0),Blue Pacific 2050: Climate Change And Disasters (Thematic Area 5),I,A,Annual,EG_FEC_RNEW,Renewable energy share in the total final energy consumption,WS,Samoa,_T,Total,_T,All ages,_T,National,_T,Total,_T,All education levels,_T,All occupations,_Z,Not applicable,_T,No breakdown by disability,2002,,49.58,,PERCENT,percent,G,Global,E,Estimated,"Energy Balances, UN Statistics Division (2024)",,,,,
DATAFLOW,SPC:DF_BP50_5(1.0),Blue Pacific 2050: Climate Change And Disasters (Thematic Area 5),I,A,Annual,EG_FEC_RNEW,Renewable energy share in the total final energy consumption,WS,Samoa,_T,Total,_T,All ages,_T,National,_T,Total,_T,All education levels,_T,All occupations,_Z,Not applicable,_T,No breakdown by disability,2003,,52.41,,PERCENT,percent,G,Global,E,Estimated,"Energy Balances, UN Statistics Division (2024)",,,,,
DATAFLOW,SPC:DF_BP50_5(1.0),Blue Pacific 2050: Climate Change And Disasters (Thematic Area 5),I,A,Annual,EG_FEC_RNEW,Renewable energy share in the total final energy consumption,WS,Samoa,_T,Total,_T,All ages,_T,National,_T,Total,_T,All education levels,_T,All occupations,_Z,Not applicable,_T,No breakdown by disability,2004,,48.82,,PERCENT,percent,G,Global,E,Estimated,"Energy Balances, UN Statistics Division (2024)",,,,,
DATAFLOW,SPC:DF_BP50_5(1.0),Blue Pacific 2050: Climate Change And Disasters (Thematic Area 5),I,A,Annual,EG_FEC_RNEW,Renewable energy share in the total final energy consumption,WS,Samoa,_T,Total,_T,All ages,_T,National,_T,Total,_T,All education levels,_T,All occupations,_Z,Not applicable,_T,No breakdown by disability,2005,,48.89,,PERCENT,percent,G,Global,E,Estimated,"Energy Balances, UN Statistics Division (2024)",,,,,
DATAFLOW,SPC:DF_BP50_5(1.0),Blue Pacific 2050: Climate Change And Disasters (Thematic Area 5),I,A,Annual,EG_FEC_RNEW,Renewable energy share in the total final energy consumption,WS,Samoa,_T,Total,_T,All ages,_T,National,_T,Total,_T,All education levels,_T,All occupations,_Z,Not applicable,_T,No breakdown by disability,2006,,45.96,,PERCENT,percent,G,Global,E,Estimated,"Energy Balances, UN Statistics Division (2024)",,,,,
DATAFLOW,SPC:DF_BP50_5(1.0),Blue Pacific 2050: Climate Change And Disasters (Thematic Area 5),I,A,Annual,EG_FEC_RNEW,Renewable energy share in the total final energy consumption,WS,Samoa,_T,Total,_T,All ages,_T,National,_T,Total,_T,All education levels,_T,All occupations,_Z,Not applicable,_T,No breakdown by disability,2007,,43.18,,PERCENT,percent,G,Global,E,Estimated,"Energy Balances, UN Statistics Division (2024)",,,,,
DATAFLOW,SPC:DF_BP50_5(1.0),Blue Pacific 2050: Climate Change And Disasters (Thematic Area 5),I,A,Annual,EG_FEC_RNEW,Renewable energy share in the total final energy consumption,WS,Samoa,_T,Total,_T,All ages,_T,National,_T,Total,_T,All education levels,_T,All occupations,_Z,Not applicable,_T,No breakdown by disability,2008,,45,,PERCENT,percent,G,Global,E,Estimated,"Energy Balances, UN Statistics Division (2024)",,,,,
DATAFLOW,SPC:DF_BP50_5(1.0),Blue Pacific 2050: Climate Change And Disasters (Thematic Area 5),I,A,Annual,EG_FEC_RNEW,Renewable energy share in the total final energy consumption,WS,Samoa,_T,Total,_T,All ages,_T,National,_T,Total,_T,All education levels,_T,All occupations,_Z,Not applicable,_T,No breakdown by disability,2009,,43.17,,PERCENT,percent,G,Global,E,Estimated,"Energy Balances, UN Statistics Division (2024)",,,,,
DATAFLOW,SPC:DF_BP50_5(1.0),Blue Pacific 2050: Climate Change And Disasters (Thematic Area 5),I,A,Annual,EG_FEC_RNEW,Renewable energy share in the total final energy consumption,WS,Samoa,_T,Total,_T,All ages,_T,National,_T,Total,_T,All education levels,_T,All occupations,_Z,Not applicable,_T,No breakdown by disability,2010,,41.93,,PERCENT,percent,G,Global,E,Estimated,"Energy Balances, UN Statistics Division (2024)",,,,,
DATAFLOW,SPC:DF_BP50_5(1.0),Blue Pacific 2050: Climate Change And Disasters (Thematic Area 5),I,A,Annual,EG_FEC_RNEW,Renewable energy share in the total final energy consumption,WS,Samoa,_T,Total,_T,All ages,_T,National,_T,Total,_T,All education levels,_T,All occupations,_Z,Not applicable,_T,No breakdown by disability,2011,,40.64,,PERCENT,percent,G,Global,E,Estimated,"Energy Balances, UN Statistics Division (2024)",,,,,
DATAFLOW,SPC:DF_BP50_5(1.0),Blue Pacific 2050: Climate Change And Disasters (Thematic Area 5),I,A,Annual,EG_FEC_RNEW,Renewable energy share in the total final energy consumption,WS,Samoa,_T,Total,_T,All ages,_T,National,_T,Total,_T,All education levels,_T,All occupations,_Z,Not applicable,_T,No breakdown by disability,2012,,40.21,,PERCENT,percent,G,Global,E,Estimated,"Energy Balances, UN Statistics Division (2024)",,,,,
DATAFLOW,SPC:DF_BP50_5(1.0),Blue Pacific 2050: Climate Change And Disasters (Thematic Area 5),I,A,Annual,EG_FEC_RNEW,Renewable energy share in the total final energy consumption,WS,Samoa,_T,Total,_T,All ages,_T,National,_T,Total,_T,All education levels,_T,All occupations,_Z,Not applicable,_T,No breakdown by disability,2013,,42.7,,PERCENT,percent,G,Global,E,Estimated,"Energy Balances, UN Statistics Division (2024)",,,,,
DATAFLOW,SPC:DF_BP50_5(1.0),Blue Pacific 2050: Climate Change And Disasters (Thematic Area 5),I,A,Annual,EG_FEC_RNEW,Renewable energy share in the total final energy consumption,WS,Samoa,_T,Total,_T,All ages,_T,National,_T,Total,_T,All education levels,_T,All occupations,_Z,Not applicable,_T,No breakdown by disability,2014,,41.43,,PERCENT,percent,G,Global,E,Estimated,"Energy Balances, UN Statistics Division (2024)",,,,,
DATAFLOW,SPC:DF_BP50_5(1.0),Blue Pacific 2050: Climate Change And Disasters (Thematic Area 5),I,A,Annual,EG_FEC_RNEW,Renewable energy share in the total final energy consumption,WS,Samoa,_T,Total,_T,All ages,_T,National,_T,Total,_T,All education levels,_T,All occupations,_Z,Not applicable,_T,No breakdown by disability,2015,,37.06,,PERCENT,percent,G,Global,E,Estimated,"Energy Balances, UN Statistics Division (2024)",,,,,
DATAFLOW,SPC:DF_BP50_5(1.0),Blue Pacific 2050: Climate Change And Disasters (Thematic Area 5),I,A,Annual,EG_FEC_RNEW,Renewable energy share in the total final energy consumption,WS,Samoa,_T,Total,_T,All ages,_T,National,_T,Total,_T,All education levels,_T,All occupations,_Z,Not applicable,_T,No breakdown by disability,2016,,36.78,,PERCENT,percent,G,Global,E,Estimated,"Energy Balances, UN Statistics Division (2024)",,,,,
DATAFLOW,SPC:DF_BP50_5(1.0),Blue Pacific 2050: Climate Change And Disasters (Thematic Area 5),I,A,Annual,EG_FEC_RNEW,Renewable energy share in the total final energy consumption,WS,Samoa,_T,Total,_T,All ages,_T,National,_T,Total,_T,All education levels,_T,All occupations,_Z,Not applicable,_T,No breakdown by disability,2017,,35.23,,PERCENT,percent,G,Global,E,Estimated,"Energy Balances, UN Statistics Division (2024)",,,,,
DATAFLOW,SPC:DF_BP50_5(1.0),Blue Pacific 2050: Climate Change And Disasters (Thematic Area 5),I,A,Annual,EG_FEC_RNEW,Renewable energy share in the total final energy consumption,WS,Samoa,_T,Total,_T,All ages,_T,National,_T,Total,_T,All education levels,_T,All occupations,_Z,Not applicable,_T,No breakdown by disability,2018,,35.58,,PERCENT,percent,G,Global,E,Estimated,"Energy Balances, UN Statistics Division (2024)",,,,,
DATAFLOW,SPC:DF_BP50_5(1.0),Blue Pacific 2050: Climate Change And Disasters (Thematic Area 5),I,A,Annual,EG_FEC_RNEW,Renewable energy share in the total final energy consumption,WS,Samoa,_T,Total,_T,All ages,_T,National,_T,Total,_T,All education levels,_T,All occupations,_Z,Not applicable,_T,No breakdown by disability,2019,,33.75,,PERCENT,percent,G,Global,E,Estimated,"Energy Balances, UN Statistics Division (2024)",,,,,
DATAFLOW,SPC:DF_BP50_5(1.0),Blue Pacific 2050: Climate Change And Disasters (Thematic Area 5),I,A,Annual,EG_FEC_RNEW,Renewable energy share in the total final energy consumption,WS,Samoa,_T,Total,_T,All ages,_T,National,_T,Total,_T,All education levels,_T,All occupations,_Z,Not applicable,_T,No breakdown by disability,2020,,33.84,,PERCENT,percent,G,Global,E,Estimated,"Energy Balances, UN Statistics Division (2024)",,,,,
DATAFLOW,SPC:DF_BP50_5(1.0),Blue Pacific 2050: Climate Change And Disasters (Thematic Area 5),I,A,Annual,EG_FEC_RNEW,Renewable energy share in the total final energy consumption,WS,Samoa,_T,Total,_T,All ages,_T,National,_T,Total,_T,All education levels,_T,All occupations,_Z,Not applicable,_T,No breakdown by disability,2021,,30.54,,PERCENT,percent,G,Global,E,Estimated,"Energy Balances, UN Statistics Division (2024)",,,,,
DATAFLOW,SPC:DF_BP50_5(1.0),Blue Pacific 2050: Climate Change And Disasters (Thematic Area 5),I,A,Annual,EG_FEC_RNEW,Renewable energy share in the total final energy consumption,WS,Samoa,_T,Total,_T,All ages,_T,National,_T,Total,_T,All education levels,_T,All occupations,_Z,Not applicable,_T,No breakdown by disability,2022,,31.75,,PERCENT,percent,G,Global,E,Estimated,"Energy Balances, UN Statistics Division (2024)",,,,,
DATAFLOW,SPC:DF_BP50_5(1.0),Blue Pacific 2050: Climate Change And Disasters (Thematic Area 5),I,A,Annual,EG_FEC_RNEW,Renewable energy share in the total final energy consumption,PF,French Polynesia,_T,Total,_T,All ages,_T,National,_T,Total,_T,All education levels,_T,All occupations,_Z,Not applicable,_T,No breakdown by disability,2000,,8.48,,PERCENT,percent,G,Global,E,Estimated,"Energy Balances, UN Statistics Division (2024)",,,,,
DATAFLOW,SPC:DF_BP50_5(1.0),Blue Pacific 2050: Climate Change And Disasters (Thematic Area 5),I,A,Annual,EG_FEC_RNEW,Renewable energy share in the total final energy consumption,PF,French Polynesia,_T,Total,_T,All ages,_T,National,_T,Total,_T,All education levels,_T,All occupations,_Z,Not applicable,_T,No breakdown by disability,2001,,6.37,,PERCENT,percent,G,Global,E,Estimated,"Energy Balances, UN Statistics Division (2024)",,,,,
DATAFLOW,SPC:DF_BP50_5(1.0),Blue Pacific 2050: Climate Change And Disasters (Thematic Area 5),I,A,Annual,EG_FEC_RNEW,Renewable energy share in the total final energy consumption,PF,French Polynesia,_T,Total,_T,All ages,_T,National,_T,Total,_T,All education levels,_T,All occupations,_Z,Not applicable,_T,No breakdown by disability,2002,,5.87,,PERCENT,percent,G,Global,E,Estimated,"Energy Balances, UN Statistics Division (2024)",,,,,
DATAFLOW,SPC:DF_BP50_5(1.0),Blue Pacific 2050: Climate Change And Disasters (Thematic Area 5),I,A,Annual,EG_FEC_RNEW,Renewable energy share in the total final energy consumption,PF,French Polynesia,_T,Total,_T,All ages,_T,National,_T,Total,_T,All education levels,_T,All occupations,_Z,Not applicable,_T,No breakdown by disability,2003,,6.79,,PERCENT,percent,G,Global,E,Estimated,"Energy Balances, UN Statistics Division (2024)",,,,,
DATAFLOW,SPC:DF_BP50_5(1.0),Blue Pacific 2050: Climate Change And Disasters (Thematic Area 5),I,A,Annual,EG_FEC_RNEW,Renewable energy share in the total final energy consumption,PF,French Polynesia,_T,Total,_T,All ages,_T,National,_T,Total,_T,All education levels,_T,All occupations,_Z,Not applicable,_T,No breakdown by disability,2004,,7.54,,PERCENT,percent,G,Global,E,Estimated,"Energy Balances, UN Statistics Division (2024)",,,,,
DATAFLOW,SPC:DF_BP50_5(1.0),Blue Pacific 2050: Climate Change And Disasters (Thematic Area 5),I,A,Annual,EG_FEC_RNEW,Renewable energy share in the total final energy consumption,PF,French Polynesia,_T,Total,_T,All ages,_T,National,_T,Total,_T,All education levels,_T,All occupations,_Z,Not applicable,_T,No breakdown by disability,2005,,7.58,,PERCENT,percent,G,Global,E,Estimated,"Energy Balances, UN Statistics Division (2024)",,,,,
DATAFLOW,SPC:DF_BP50_5(1.0),Blue Pacific 2050: Climate Change And Disasters (Thematic Area 5),I,A,Annual,EG_FEC_RNEW,Renewable energy share in the total final energy consumption,PF,French Polynesia,_T,Total,_T,All ages,_T,National,_T,Total,_T,All education levels,_T,All occupations,_Z,Not applicable,_T,No breakdown by disability,2006,,9.49,,PERCENT,percent,G,Global,E,Estimated,"Energy Balances, UN Statistics Division (2024)",,,,,
DATAFLOW,SPC:DF_BP50_5(1.0),Blue Pacific 2050: Climate Change And Disasters (Thematic Area 5),I,A,Annual,EG_FEC_RNEW,Renewable energy share in the total final energy consumption,PF,French Polynesia,_T,Total,_T,All ages,_T,National,_T,Total,_T,All education levels,_T,All occupations,_Z,Not applicable,_T,No breakdown by disability,2007,,9.21,,PERCENT,percent,G,Global,E,Estimated,"Energy Balances, UN Statistics Division (2024)",,,,,
DATAFLOW,SPC:DF_BP50_5(1.0),Blue Pacific 2050: Climate Change And Disasters (Thematic Area 5),I,A,Annual,EG_FEC_RNEW,Renewable energy share in the total final energy consumption,PF,French Polynesia,_T,Total,_T,All ages,_T,National,_T,Total,_T,All education levels,_T,All occupations,_Z,Not applicable,_T,No breakdown by disability,2008,,8.78,,PERCENT,percent,G,Global,E,Estimated,"Energy Balances, UN Statistics Division (2024)",,,,,
DATAFLOW,SPC:DF_BP50_5(1.0),Blue Pacific 2050: Climate Change And Disasters (Thematic Area 5),I,A,Annual,EG_FEC_RNEW,Renewable energy share in the total final energy consumption,PF,French Polynesia,_T,Total,_T,All ages,_T,National,_T,Total,_T,All education levels,_T,All occupations,_Z,Not applicable,_T,No breakdown by disability,2009,,8.76,,PERCENT,percent,G,Global,E,Estimated,"Energy Balances, UN Statistics Division (2024)",,,,,
DATAFLOW,SPC:DF_BP50_5(1.0),Blue Pacific 2050: Climate Change And Disasters (Thematic Area 5),I,A,Annual,EG_FEC_RNEW,Renewable energy share in the total final energy consumption,PF,French Polynesia,_T,Total,_T,All ages,_T,National,_T,Total,_T,All education levels,_T,All occupations,_Z,Not applicable,_T,No breakdown by disability,2010,,7.37,,PERCENT,percent,G,Global,E,Estimated,"Energy Balances, UN Statistics Division (2024)",,,,,
DATAFLOW,SPC:DF_BP50_5(1.0),Blue Pacific 2050: Climate Change And Disasters (Thematic Area 5),I,A,Annual,EG_FEC_RNEW,Renewable energy share in the total final energy consumption,PF,French Polynesia,_T,Total,_T,All ages,_T,National,_T,Total,_T,All education levels,_T,All occupations,_Z,Not applicable,_T,No breakdown by disability,2011,,6.82,,PERCENT,percent,G,Global,E,Estimated,"Energy Balances, UN Statistics Division (2024)",,,,,
DATAFLOW,SPC:DF_BP50_5(1.0),Blue Pacific 2050: Climate Change And Disasters (Thematic Area 5),I,A,Annual,EG_FEC_RNEW,Renewable energy share in the total final energy consumption,PF,French Polynesia,_T,Total,_T,All ages,_T,National,_T,Total,_T,All education levels,_T,All occupations,_Z,Not applicable,_T,No breakdown by disability,2012,,6.64,,PERCENT,percent,G,Global,E,Estimated,"Energy Balances, UN Statistics Division (2024)",,,,,
DATAFLOW,SPC:DF_BP50_5(1.0),Blue Pacific 2050: Climate Change And Disasters (Thematic Area 5),I,A,Annual,EG_FEC_RNEW,Renewable energy share in the total final energy consumption,PF,French Polynesia,_T,Total,_T,All ages,_T,National,_T,Total,_T,All education levels,_T,All occupations,_Z,Not applicable,_T,No breakdown by disability,2013,,6.49,,PERCENT,percent,G,Global,E,Estimated,"Energy Balances, UN Statistics Division (2024)",,,,,
DATAFLOW,SPC:DF_BP50_5(1.0),Blue Pacific 2050: Climate Change And Disasters (Thematic Area 5),I,A,Annual,EG_FEC_RNEW,Renewable energy share in the total final energy consumption,PF,French Polynesia,_T,Total,_T,All ages,_T,National,_T,Total,_T,All education levels,_T,All occupations,_Z,Not applicable,_T,No breakdown by disability,2014,,7.45,,PERCENT,percent,G,Global,E,Estimated,"Energy Balances, UN Statistics Division (2024)",,,,,
DATAFLOW,SPC:DF_BP50_5(1.0),Blue Pacific 2050: Climate Change And Disasters (Thematic Area 5),I,A,Annual,EG_FEC_RNEW,Renewable energy share in the total final energy consumption,PF,French Polynesia,_T,Total,_T,All ages,_T,National,_T,Total,_T,All education levels,_T,All occupations,_Z,Not applicable,_T,No breakdown by disability,2015,,7.83,,PERCENT,percent,G,Global,E,Estimated,"Energy Balances, UN Statistics Division (2024)",,,,,
DATAFLOW,SPC:DF_BP50_5(1.0),Blue Pacific 2050: Climate Change And Disasters (Thematic Area 5),I,A,Annual,EG_FEC_RNEW,Renewable energy share in the total final energy consumption,PF,French Polynesia,_T,Total,_T,All ages,_T,National,_T,Total,_T,All education levels,_T,All occupations,_Z,Not applicable,_T,No breakdown by disability,2016,,8.08,,PERCENT,percent,G,Global,E,Estimated,"Energy Balances, UN Statistics Division (2024)",,,,,
DATAFLOW,SPC:DF_BP50_5(1.0),Blue Pacific 2050: Climate Change And Disasters (Thematic Area 5),I,A,Annual,EG_FEC_RNEW,Renewable energy share in the total final energy consumption,PF,French Polynesia,_T,Total,_T,All ages,_T,National,_T,Total,_T,All education levels,_T,All occupations,_Z,Not applicable,_T,No breakdown by disability,2017,,8.07,,PERCENT,percent,G,Global,E,Estimated,"Energy Balances, UN Statistics Division (2024)",,,,,
DATAFLOW,SPC:DF_BP50_5(1.0),Blue Pacific 2050: Climate Change And Disasters (Thematic Area 5),I,A,Annual,EG_FEC_RNEW,Renewable energy share in the total final energy consumption,PF,French Polynesia,_T,Total,_T,All ages,_T,National,_T,Total,_T,All education levels,_T,All occupations,_Z,Not applicable,_T,No breakdown by disability,2018,,7.71,,PERCENT,percent,G,Global,E,Estimated,"Energy Balances, UN Statistics Division (2024)",,,,,
DATAFLOW,SPC:DF_BP50_5(1.0),Blue Pacific 2050: Climate Change And Disasters (Thematic Area 5),I,A,Annual,EG_FEC_RNEW,Renewable energy share in the total final energy consumption,PF,French Polynesia,_T,Total,_T,All ages,_T,National,_T,Total,_T,All education levels,_T,All occupations,_Z,Not applicable,_T,No breakdown by disability,2019,,7.65,,PERCENT,percent,G,Global,E,Estimated,"Energy Balances, UN Statistics Division (2024)",,,,,
DATAFLOW,SPC:DF_BP50_5(1.0),Blue Pacific 2050: Climate Change And Disasters (Thematic Area 5),I,A,Annual,EG_FEC_RNEW,Renewable energy share in the total final energy consumption,PF,French Polynesia,_T,Total,_T,All ages,_T,National,_T,Total,_T,All education levels,_T,All occupations,_Z,Not applicable,_T,No breakdown by disability,2020,,8.24,,PERCENT,percent,G,Global,E,Estimated,"Energy Balances, UN Statistics Division (2024)",,,,,
DATAFLOW,SPC:DF_BP50_5(1.0),Blue Pacific 2050: Climate Change And Disasters (Thematic Area 5),I,A,Annual,EG_FEC_RNEW,Renewable energy share in the total final energy consumption,PF,French Polynesia,_T,Total,_T,All ages,_T,National,_T,Total,_T,All education levels,_T,All occupations,_Z,Not applicable,_T,No breakdown by disability,2021,,7.44,,PERCENT,percent,G,Global,E,Estimated,"Energy Balances, UN Statistics Division (2024)",,,,,
DATAFLOW,SPC:DF_BP50_5(1.0),Blue Pacific 2050: Climate Change And Disasters (Thematic Area 5),I,A,Annual,EG_FEC_RNEW,Renewable energy share in the total final energy consumption,PF,French Polynesia,_T,Total,_T,All ages,_T,National,_T,Total,_T,All education levels,_T,All occupations,_Z,Not applicable,_T,No breakdown by disability,2022,,8.66,,PERCENT,percent,G,Global,E,Estimated,"Energy Balances, UN Statistics Division (2024)",,,,,
DATAFLOW,SPC:DF_BP50_5(1.0),Blue Pacific 2050: Climate Change And Disasters (Thematic Area 5),I,A,Annual,EG_FEC_RNEW,Renewable energy share in the total final energy consumption,PF,French Polynesia,_T,Total,_T,All ages,_T,National,_T,Total,_T,All education levels,_T,All occupations,_Z,Not applicable,_T,No breakdown by disability,2023,,8.9,,PERCENT,percent,N,National,C,Country Data,"French Polynesia Government, preliminary 2023 Sustainable Development Goals in French Polynesia, 2024.",,,,,
DATAFLOW,SPC:DF_BP50_5(1.0),Blue Pacific 2050: Climate Change And Disasters (Thematic Area 5),I,A,Annual,EG_FEC_RNEW,Renewable energy share in the total final energy consumption,CK,Cook Islands,_T,Total,_T,All ages,_T,National,_T,Total,_T,All education levels,_T,All occupations,_Z,Not applicable,_T,No breakdown by disability,2000,,9.28,,PERCENT,percent,G,Global,E,Estimated,"Energy Balances, UN Statistics Division (2024)",,,,,
DATAFLOW,SPC:DF_BP50_5(1.0),Blue Pacific 2050: Climate Change And Disasters (Thematic Area 5),I,A,Annual,EG_FEC_RNEW,Renewable energy share in the total final energy consumption,CK,Cook Islands,_T,Total,_T,All ages,_T,National,_T,Total,_T,All education levels,_T,All occupations,_Z,Not applicable,_T,No breakdown by disability,2001,,9.9,,PERCENT,percent,G,Global,E,Estimated,"Energy Balances, UN Statistics Division (2024)",,,,,
DATAFLOW,SPC:DF_BP50_5(1.0),Blue Pacific 2050: Climate Change And Disasters (Thematic Area 5),I,A,Annual,EG_FEC_RNEW,Renewable energy share in the total final energy consumption,CK,Cook Islands,_T,Total,_T,All ages,_T,National,_T,Total,_T,All education levels,_T,All occupations,_Z,Not applicable,_T,No breakdown by disability,2002,,12.25,,PERCENT,percent,G,Global,E,Estimated,"Energy Balances, UN Statistics Division (2024)",,,,,
DATAFLOW,SPC:DF_BP50_5(1.0),Blue Pacific 2050: Climate Change And Disasters (Thematic Area 5),I,A,Annual,EG_FEC_RNEW,Renewable energy share in the total final energy consumption,CK,Cook Islands,_T,Total,_T,All ages,_T,National,_T,Total,_T,All education levels,_T,All occupations,_Z,Not applicable,_T,No breakdown by disability,2003,,11.07,,PERCENT,percent,G,Global,E,Estimated,"Energy Balances, UN Statistics Division (2024)",,,,,
DATAFLOW,SPC:DF_BP50_5(1.0),Blue Pacific 2050: Climate Change And Disasters (Thematic Area 5),I,A,Annual,EG_FEC_RNEW,Renewable energy share in the total final energy consumption,CK,Cook Islands,_T,Total,_T,All ages,_T,National,_T,Total,_T,All education levels,_T,All occupations,_Z,Not applicable,_T,No breakdown by disability,2004,,10.4,,PERCENT,percent,G,Global,E,Estimated,"Energy Balances, UN Statistics Division (2024)",,,,,
DATAFLOW,SPC:DF_BP50_5(1.0),Blue Pacific 2050: Climate Change And Disasters (Thematic Area 5),I,A,Annual,EG_FEC_RNEW,Renewable energy share in the total final energy consumption,CK,Cook Islands,_T,Total,_T,All ages,_T,National,_T,Total,_T,All education levels,_T,All occupations,_Z,Not applicable,_T,No breakdown by disability,2005,,9.42,,PERCENT,percent,G,Global,E,Estimated,"Energy Balances, UN Statistics Division (2024)",,,,,
DATAFLOW,SPC:DF_BP50_5(1.0),Blue Pacific 2050: Climate Change And Disasters (Thematic Area 5),I,A,Annual,EG_FEC_RNEW,Renewable energy share in the total final energy consumption,CK,Cook Islands,_T,Total,_T,All ages,_T,National,_T,Total,_T,All education levels,_T,All occupations,_Z,Not applicable,_T,No breakdown by disability,2006,,8.42,,PERCENT,percent,G,Global,E,Estimated,"Energy Balances, UN Statistics Division (2024)",,,,,
DATAFLOW,SPC:DF_BP50_5(1.0),Blue Pacific 2050: Climate Change And Disasters (Thematic Area 5),I,A,Annual,EG_FEC_RNEW,Renewable energy share in the total final energy consumption,CK,Cook Islands,_T,Total,_T,All ages,_T,National,_T,Total,_T,All education levels,_T,All occupations,_Z,Not applicable,_T,No breakdown by disability,2007,,8.71,,PERCENT,percent,G,Global,E,Estimated,"Energy Balances, UN Statistics Division (2024)",,,,,
DATAFLOW,SPC:DF_BP50_5(1.0),Blue Pacific 2050: Climate Change And Disasters (Thematic Area 5),I,A,Annual,EG_FEC_RNEW,Renewable energy share in the total final energy consumption,CK,Cook Islands,_T,Total,_T,All ages,_T,National,_T,Total,_T,All education levels,_T,All occupations,_Z,Not applicable,_T,No breakdown by disability,2008,,8.42,,PERCENT,percent,G,Global,E,Estimated,"Energy Balances, UN Statistics Division (2024)",,,,,
DATAFLOW,SPC:DF_BP50_5(1.0),Blue Pacific 2050: Climate Change And Disasters (Thematic Area 5),I,A,Annual,EG_FEC_RNEW,Renewable energy share in the total final energy consumption,CK,Cook Islands,_T,Total,_T,All ages,_T,National,_T,Total,_T,All education levels,_T,All occupations,_Z,Not applicable,_T,No breakdown by disability,2009,,9.01,,PERCENT,percent,G,Global,E,Estimated,"Energy Balances, UN Statistics Division (2024)",,,,,
DATAFLOW,SPC:DF_BP50_5(1.0),Blue Pacific 2050: Climate Change And Disasters (Thematic Area 5),I,A,Annual,EG_FEC_RNEW,Renewable energy share in the total final energy consumption,CK,Cook Islands,_T,Total,_T,All ages,_T,National,_T,Total,_T,All education levels,_T,All occupations,_Z,Not applicable,_T,No breakdown by disability,2010,,7.25,,PERCENT,percent,G,Global,E,Estimated,"Energy Balances, UN Statistics Division (2024)",,,,,
DATAFLOW,SPC:DF_BP50_5(1.0),Blue Pacific 2050: Climate Change And Disasters (Thematic Area 5),I,A,Annual,EG_FEC_RNEW,Renewable energy share in the total final energy consumption,CK,Cook Islands,_T,Total,_T,All ages,_T,National,_T,Total,_T,All education levels,_T,All occupations,_Z,Not applicable,_T,No breakdown by disability,2011,,6.52,,PERCENT,percent,G,Global,E,Estimated,"Energy Balances, UN Statistics Division (2024)",,,,,
DATAFLOW,SPC:DF_BP50_5(1.0),Blue Pacific 2050: Climate Change And Disasters (Thematic Area 5),I,A,Annual,EG_FEC_RNEW,Renewable energy share in the total final energy consumption,CK,Cook Islands,_T,Total,_T,All ages,_T,National,_T,Total,_T,All education levels,_T,All occupations,_Z,Not applicable,_T,No breakdown by disability,2012,,6.17,,PERCENT,percent,G,Global,E,Estimated,"Energy Balances, UN Statistics Division (2024)",,,,,
DATAFLOW,SPC:DF_BP50_5(1.0),Blue Pacific 2050: Climate Change And Disasters (Thematic Area 5),I,A,Annual,EG_FEC_RNEW,Renewable energy share in the total final energy consumption,CK,Cook Islands,_T,Total,_T,All ages,_T,National,_T,Total,_T,All education levels,_T,All occupations,_Z,Not applicable,_T,No breakdown by disability,2013,,6.32,,PERCENT,percent,G,Global,E,Estimated,"Energy Balances, UN Statistics Division (2024)",,,,,
DATAFLOW,SPC:DF_BP50_5(1.0),Blue Pacific 2050: Climate Change And Disasters (Thematic Area 5),I,A,Annual,EG_FEC_RNEW,Renewable energy share in the total final energy consumption,CK,Cook Islands,_T,Total,_T,All ages,_T,National,_T,Total,_T,All education levels,_T,All occupations,_Z,Not applicable,_T,No breakdown by disability,2014,,6.26,,PERCENT,percent,G,Global,E,Estimated,"Energy Balances, UN Statistics Division (2024)",,,,,
DATAFLOW,SPC:DF_BP50_5(1.0),Blue Pacific 2050: Climate Change And Disasters (Thematic Area 5),I,A,Annual,EG_FEC_RNEW,Renewable energy share in the total final energy consumption,CK,Cook Islands,_T,Total,_T,All ages,_T,National,_T,Total,_T,All education levels,_T,All occupations,_Z,Not applicable,_T,No breakdown by disability,2015,,7.18,,PERCENT,percent,G,Global,E,Estimated,"Energy Balances, UN Statistics Division (2024)",,,,,
DATAFLOW,SPC:DF_BP50_5(1.0),Blue Pacific 2050: Climate Change And Disasters (Thematic Area 5),I,A,Annual,EG_FEC_RNEW,Renewable energy share in the total final energy consumption,CK,Cook Islands,_T,Total,_T,All ages,_T,National,_T,Total,_T,All education levels,_T,All occupations,_Z,Not applicable,_T,No breakdown by disability,2016,,7.74,,PERCENT,percent,G,Global,E,Estimated,"Energy Balances, UN Statistics Division (2024)",,,,,
DATAFLOW,SPC:DF_BP50_5(1.0),Blue Pacific 2050: Climate Change And Disasters (Thematic Area 5),I,A,Annual,EG_FEC_RNEW,Renewable energy share in the total final energy consumption,CK,Cook Islands,_T,Total,_T,All ages,_T,National,_T,Total,_T,All education levels,_T,All occupations,_Z,Not applicable,_T,No breakdown by disability,2017,,8,,PERCENT,percent,G,Global,E,Estimated,"Energy Balances, UN Statistics Division (2024)",,,,,
DATAFLOW,SPC:DF_BP50_5(1.0),Blue Pacific 2050: Climate Change And Disasters (Thematic Area 5),I,A,Annual,EG_FEC_RNEW,Renewable energy share in the total final energy consumption,CK,Cook Islands,_T,Total,_T,All ages,_T,National,_T,Total,_T,All education levels,_T,All occupations,_Z,Not applicable,_T,No breakdown by disability,2018,,9.39,,PERCENT,percent,G,Global,E,Estimated,"Energy Balances, UN Statistics Division (2024)",,,,,
DATAFLOW,SPC:DF_BP50_5(1.0),Blue Pacific 2050: Climate Change And Disasters (Thematic Area 5),I,A,Annual,EG_FEC_RNEW,Renewable energy share in the total final energy consumption,CK,Cook Islands,_T,Total,_T,All ages,_T,National,_T,Total,_T,All education levels,_T,All occupations,_Z,Not applicable,_T,No breakdown by disability,2019,,9.02,,PERCENT,percent,G,Global,E,Estimated,"Energy Balances, UN Statistics Division (2024)",,,,,
DATAFLOW,SPC:DF_BP50_5(1.0),Blue Pacific 2050: Climate Change And Disasters (Thematic Area 5),I,A,Annual,EG_FEC_RNEW,Renewable energy share in the total final energy consumption,CK,Cook Islands,_T,Total,_T,All ages,_T,National,_T,Total,_T,All education levels,_T,All occupations,_Z,Not applicable,_T,No breakdown by disability,2020,,9.94,,PERCENT,percent,G,Global,E,Estimated,"Energy Balances, UN Statistics Division (2024)",,,,,
DATAFLOW,SPC:DF_BP50_5(1.0),Blue Pacific 2050: Climate Change And Disasters (Thematic Area 5),I,A,Annual,EG_FEC_RNEW,Renewable energy share in the total final energy consumption,CK,Cook Islands,_T,Total,_T,All ages,_T,National,_T,Total,_T,All education levels,_T,All occupations,_Z,Not applicable,_T,No breakdown by disability,2021,,8.76,,PERCENT,percent,G,Global,E,Estimated,"Energy Balances, UN Statistics Division (2024)",,,,,
DATAFLOW,SPC:DF_BP50_5(1.0),Blue Pacific 2050: Climate Change And Disasters (Thematic Area 5),I,A,Annual,EG_FEC_RNEW,Renewable energy share in the total final energy consumption,CK,Cook Islands,_T,Total,_T,All ages,_T,National,_T,Total,_T,All education levels,_T,All occupations,_Z,Not applicable,_T,No breakdown by disability,2022,,8.52,,PERCENT,percent,G,Global,E,Estimated,"Energy Balances, UN Statistics Division (2024)",,,,,
DATAFLOW,SPC:DF_BP50_5(1.0),Blue Pacific 2050: Climate Change And Disasters (Thematic Area 5),I,A,Annual,SPC_7_b_1,"Installed renewable electricity-generating capacity (watts per
            capita)",KI,Kiribati,_T,Total,_T,All ages,_T,National,_T,Total,_T,All education levels,_T,All occupations,TRE_ALL,Type of renewable energy: All,_T,No breakdown by disability,2000,,0.698,,WPC,Watt per capita,G,Global,E,Estimated,Renewable electricity generating capacity from IRENA's electricity capacity database. Population data from the United Nations World Population Prospects.,,,,Year-end value for installed capacity (watts) and mid-year for population,
DATAFLOW,SPC:DF_BP50_5(1.0),Blue Pacific 2050: Climate Change And Disasters (Thematic Area 5),I,A,Annual,SPC_7_b_1,"Installed renewable electricity-generating capacity (watts per
            capita)",KI,Kiribati,_T,Total,_T,All ages,_T,National,_T,Total,_T,All education levels,_T,All occupations,TRE_ALL,Type of renewable energy: All,_T,No breakdown by disability,2001,,0.685,,WPC,Watt per capita,G,Global,E,Estimated,Renewable electricity generating capacity from IRENA's electricity capacity database. Population data from the United Nations World Population Prospects.,,,,Year-end value for installed capacity (watts) and mid-year for population,
DATAFLOW,SPC:DF_BP50_5(1.0),Blue Pacific 2050: Climate Change And Disasters (Thematic Area 5),I,A,Annual,SPC_7_b_1,"Installed renewable electricity-generating capacity (watts per
            capita)",KI,Kiribati,_T,Total,_T,All ages,_T,National,_T,Total,_T,All education levels,_T,All occupations,TRE_ALL,Type of renewable energy: All,_T,No breakdown by disability,2002,,0.671,,WPC,Watt per capita,G,Global,E,Estimated,Renewable electricity generating capacity from IRENA's electricity capacity database. Population data from the United Nations World Population Prospects.,,,,Year-end value for installed capacity (watts) and mid-year for population,
DATAFLOW,SPC:DF_BP50_5(1.0),Blue Pacific 2050: Climate Change And Disasters (Thematic Area 5),I,A,Annual,SPC_7_b_1,"Installed renewable electricity-generating capacity (watts per
            capita)",KI,Kiribati,_T,Total,_T,All ages,_T,National,_T,Total,_T,All education levels,_T,All occupations,TRE_ALL,Type of renewable energy: All,_T,No breakdown by disability,2003,,0.657,,WPC,Watt per capita,G,Global,E,Estimated,Renewable electricity generating capacity from IRENA's electricity capacity database. Population data from the United Nations World Population Prospects.,,,,Year-end value for installed capacity (watts) and mid-year for population,
DATAFLOW,SPC:DF_BP50_5(1.0),Blue Pacific 2050: Climate Change And Disasters (Thematic Area 5),I,A,Annual,SPC_7_b_1,"Installed renewable electricity-generating capacity (watts per
            capita)",KI,Kiribati,_T,Total,_T,All ages,_T,National,_T,Total,_T,All education levels,_T,All occupations,TRE_ALL,Type of renewable energy: All,_T,No breakdown by disability,2004,,2.11,,WPC,Watt per capita,G,Global,E,Estimated,Renewable electricity generating capacity from IRENA's electricity capacity database. Population data from the United Nations World Population Prospects.,,,,Year-end value for installed capacity (watts) and mid-year for population,
DATAFLOW,SPC:DF_BP50_5(1.0),Blue Pacific 2050: Climate Change And Disasters (Thematic Area 5),I,A,Annual,SPC_7_b_1,"Installed renewable electricity-generating capacity (watts per
            capita)",KI,Kiribati,_T,Total,_T,All ages,_T,National,_T,Total,_T,All education levels,_T,All occupations,TRE_ALL,Type of renewable energy: All,_T,No breakdown by disability,2005,,2.435,,WPC,Watt per capita,G,Global,E,Estimated,Renewable electricity generating capacity from IRENA's electricity capacity database. Population data from the United Nations World Population Prospects.,,,,Year-end value for installed capacity (watts) and mid-year for population,
DATAFLOW,SPC:DF_BP50_5(1.0),Blue Pacific 2050: Climate Change And Disasters (Thematic Area 5),I,A,Annual,SPC_7_b_1,"Installed renewable electricity-generating capacity (watts per
            capita)",KI,Kiribati,_T,Total,_T,All ages,_T,National,_T,Total,_T,All education levels,_T,All occupations,TRE_ALL,Type of renewable energy: All,_T,No breakdown by disability,2006,,2.488,,WPC,Watt per capita,G,Global,E,Estimated,Renewable electricity generating capacity from IRENA's electricity capacity database. Population data from the United Nations World Population Prospects.,,,,Year-end value for installed capacity (watts) and mid-year for population,
DATAFLOW,SPC:DF_BP50_5(1.0),Blue Pacific 2050: Climate Change And Disasters (Thematic Area 5),I,A,Annual,SPC_7_b_1,"Installed renewable electricity-generating capacity (watts per
            capita)",KI,Kiribati,_T,Total,_T,All ages,_T,National,_T,Total,_T,All education levels,_T,All occupations,TRE_ALL,Type of renewable energy: All,_T,No breakdown by disability,2007,,2.569,,WPC,Watt per capita,G,Global,E,Estimated,Renewable electricity generating capacity from IRENA's electricity capacity database. Population data from the United Nations World Population Prospects.,,,,Year-end value for installed capacity (watts) and mid-year for population,
DATAFLOW,SPC:DF_BP50_5(1.0),Blue Pacific 2050: Climate Change And Disasters (Thematic Area 5),I,A,Annual,SPC_7_b_1,"Installed renewable electricity-generating capacity (watts per
            capita)",KI,Kiribati,_T,Total,_T,All ages,_T,National,_T,Total,_T,All education levels,_T,All occupations,TRE_ALL,Type of renewable energy: All,_T,No breakdown by disability,2008,,2.78,,WPC,Watt per capita,G,Global,E,Estimated,Renewable electricity generating capacity from IRENA's electricity capacity database. Population data from the United Nations World Population Prospects.,,,,Year-end value for installed capacity (watts) and mid-year for population,
DATAFLOW,SPC:DF_BP50_5(1.0),Blue Pacific 2050: Climate Change And Disasters (Thematic Area 5),I,A,Annual,SPC_7_b_1,"Installed renewable electricity-generating capacity (watts per
            capita)",KI,Kiribati,_T,Total,_T,All ages,_T,National,_T,Total,_T,All education levels,_T,All occupations,TRE_ALL,Type of renewable energy: All,_T,No breakdown by disability,2009,,2.679,,WPC,Watt per capita,G,Global,E,Estimated,Renewable electricity generating capacity from IRENA's electricity capacity database. Population data from the United Nations World Population Prospects.,,,,Year-end value for installed capacity (watts) and mid-year for population,
DATAFLOW,SPC:DF_BP50_5(1.0),Blue Pacific 2050: Climate Change And Disasters (Thematic Area 5),I,A,Annual,SPC_7_b_1,"Installed renewable electricity-generating capacity (watts per
            capita)",KI,Kiribati,_T,Total,_T,All ages,_T,National,_T,Total,_T,All education levels,_T,All occupations,TRE_ALL,Type of renewable energy: All,_T,No breakdown by disability,2010,,3.796,,WPC,Watt per capita,G,Global,E,Estimated,Renewable electricity generating capacity from IRENA's electricity capacity database. Population data from the United Nations World Population Prospects.,,,,Year-end value for installed capacity (watts) and mid-year for population,
DATAFLOW,SPC:DF_BP50_5(1.0),Blue Pacific 2050: Climate Change And Disasters (Thematic Area 5),I,A,Annual,SPC_7_b_1,"Installed renewable electricity-generating capacity (watts per
            capita)",KI,Kiribati,_T,Total,_T,All ages,_T,National,_T,Total,_T,All education levels,_T,All occupations,TRE_ALL,Type of renewable energy: All,_T,No breakdown by disability,2011,,4.041,,WPC,Watt per capita,G,Global,E,Estimated,Renewable electricity generating capacity from IRENA's electricity capacity database. Population data from the United Nations World Population Prospects.,,,,Year-end value for installed capacity (watts) and mid-year for population,
DATAFLOW,SPC:DF_BP50_5(1.0),Blue Pacific 2050: Climate Change And Disasters (Thematic Area 5),I,A,Annual,SPC_7_b_1,"Installed renewable electricity-generating capacity (watts per
            capita)",KI,Kiribati,_T,Total,_T,All ages,_T,National,_T,Total,_T,All education levels,_T,All occupations,TRE_ALL,Type of renewable energy: All,_T,No breakdown by disability,2012,,4.336,,WPC,Watt per capita,G,Global,E,Estimated,Renewable electricity generating capacity from IRENA's electricity capacity database. Population data from the United Nations World Population Prospects.,,,,Year-end value for installed capacity (watts) and mid-year for population,
DATAFLOW,SPC:DF_BP50_5(1.0),Blue Pacific 2050: Climate Change And Disasters (Thematic Area 5),I,A,Annual,SPC_7_b_1,"Installed renewable electricity-generating capacity (watts per
            capita)",KI,Kiribati,_T,Total,_T,All ages,_T,National,_T,Total,_T,All education levels,_T,All occupations,TRE_ALL,Type of renewable energy: All,_T,No breakdown by disability,2013,,4.589,,WPC,Watt per capita,G,Global,E,Estimated,Renewable electricity generating capacity from IRENA's electricity capacity database. Population data from the United Nations World Population Prospects.,,,,Year-end value for installed capacity (watts) and mid-year for population,
DATAFLOW,SPC:DF_BP50_5(1.0),Blue Pacific 2050: Climate Change And Disasters (Thematic Area 5),I,A,Annual,SPC_7_b_1,"Installed renewable electricity-generating capacity (watts per
            capita)",KI,Kiribati,_T,Total,_T,All ages,_T,National,_T,Total,_T,All education levels,_T,All occupations,TRE_ALL,Type of renewable energy: All,_T,No breakdown by disability,2014,,6.705,,WPC,Watt per capita,G,Global,E,Estimated,Renewable electricity generating capacity from IRENA's electricity capacity database. Population data from the United Nations World Population Prospects.,,,,Year-end value for installed capacity (watts) and mid-year for population,
DATAFLOW,SPC:DF_BP50_5(1.0),Blue Pacific 2050: Climate Change And Disasters (Thematic Area 5),I,A,Annual,SPC_7_b_1,"Installed renewable electricity-generating capacity (watts per
            capita)",KI,Kiribati,_T,Total,_T,All ages,_T,National,_T,Total,_T,All education levels,_T,All occupations,TRE_ALL,Type of renewable energy: All,_T,No breakdown by disability,2015,,19.939,,WPC,Watt per capita,G,Global,E,Estimated,Renewable electricity generating capacity from IRENA's electricity capacity database. Population data from the United Nations World Population Prospects.,,,,Year-end value for installed capacity (watts) and mid-year for population,
DATAFLOW,SPC:DF_BP50_5(1.0),Blue Pacific 2050: Climate Change And Disasters (Thematic Area 5),I,A,Annual,SPC_7_b_1,"Installed renewable electricity-generating capacity (watts per
            capita)",KI,Kiribati,_T,Total,_T,All ages,_T,National,_T,Total,_T,All education levels,_T,All occupations,TRE_ALL,Type of renewable energy: All,_T,No breakdown by disability,2016,,24.326,,WPC,Watt per capita,G,Global,E,Estimated,Renewable electricity generating capacity from IRENA's electricity capacity database. Population data from the United Nations World Population Prospects.,,,,Year-end value for installed capacity (watts) and mid-year for population,
DATAFLOW,SPC:DF_BP50_5(1.0),Blue Pacific 2050: Climate Change And Disasters (Thematic Area 5),I,A,Annual,SPC_7_b_1,"Installed renewable electricity-generating capacity (watts per
            capita)",KI,Kiribati,_T,Total,_T,All ages,_T,National,_T,Total,_T,All education levels,_T,All occupations,TRE_ALL,Type of renewable energy: All,_T,No breakdown by disability,2017,,23.953,,WPC,Watt per capita,G,Global,E,Estimated,Renewable electricity generating capacity from IRENA's electricity capacity database. Population data from the United Nations World Population Prospects.,,,,Year-end value for installed capacity (watts) and mid-year for population,
DATAFLOW,SPC:DF_BP50_5(1.0),Blue Pacific 2050: Climate Change And Disasters (Thematic Area 5),I,A,Annual,SPC_7_b_1,"Installed renewable electricity-generating capacity (watts per
            capita)",KI,Kiribati,_T,Total,_T,All ages,_T,National,_T,Total,_T,All education levels,_T,All occupations,TRE_ALL,Type of renewable energy: All,_T,No breakdown by disability,2018,,26.28,,WPC,Watt per capita,G,Global,E,Estimated,Renewable electricity generating capacity from IRENA's electricity capacity database. Population data from the United Nations World Population Prospects.,,,,Year-end value for installed capacity (watts) and mid-year for population,
DATAFLOW,SPC:DF_BP50_5(1.0),Blue Pacific 2050: Climate Change And Disasters (Thematic Area 5),I,A,Annual,SPC_7_b_1,"Installed renewable electricity-generating capacity (watts per
            capita)",KI,Kiribati,_T,Total,_T,All ages,_T,National,_T,Total,_T,All education levels,_T,All occupations,TRE_ALL,Type of renewable energy: All,_T,No breakdown by disability,2019,,25.861,,WPC,Watt per capita,G,Global,E,Estimated,Renewable electricity generating capacity from IRENA's electricity capacity database. Population data from the United Nations World Population Prospects.,,,,Year-end value for installed capacity (watts) and mid-year for population,
DATAFLOW,SPC:DF_BP50_5(1.0),Blue Pacific 2050: Climate Change And Disasters (Thematic Area 5),I,A,Annual,SPC_7_b_1,"Installed renewable electricity-generating capacity (watts per
            capita)",KI,Kiribati,_T,Total,_T,All ages,_T,National,_T,Total,_T,All education levels,_T,All occupations,TRE_ALL,Type of renewable energy: All,_T,No breakdown by disability,2020,,25.407,,WPC,Watt per capita,G,Global,E,Estimated,Renewable electricity generating capacity from IRENA's electricity capacity database. Population data from the United Nations World Population Prospects.,,,,Year-end value for installed capacity (watts) and mid-year for population,
DATAFLOW,SPC:DF_BP50_5(1.0),Blue Pacific 2050: Climate Change And Disasters (Thematic Area 5),I,A,Annual,SPC_7_b_1,"Installed renewable electricity-generating capacity (watts per
            capita)",KI,Kiribati,_T,Total,_T,All ages,_T,National,_T,Total,_T,All education levels,_T,All occupations,TRE_ALL,Type of renewable energy: All,_T,No breakdown by disability,2021,,24.931,,WPC,Watt per capita,G,Global,E,Estimated,Renewable electricity generating capacity from IRENA's electricity capacity database. Population data from the United Nations World Population Prospects.,,,,Year-end value for installed capacity (watts) and mid-year for population,
DATAFLOW,SPC:DF_BP50_5(1.0),Blue Pacific 2050: Climate Change And Disasters (Thematic Area 5),I,A,Annual,SPC_7_b_1,"Installed renewable electricity-generating capacity (watts per
            capita)",KI,Kiribati,_T,Total,_T,All ages,_T,National,_T,Total,_T,All education levels,_T,All occupations,TRE_ALL,Type of renewable energy: All,_T,No breakdown by disability,2022,,24.483,,WPC,Watt per capita,G,Global,E,Estimated,Renewable electricity generating capacity from IRENA's electricity capacity database. Population data from the United Nations World Population Prospects.,,,,Year-end value for installed capacity (watts) and mid-year for population,
DATAFLOW,SPC:DF_BP50_5(1.0),Blue Pacific 2050: Climate Change And Disasters (Thematic Area 5),I,A,Annual,EG_FEC_RNEW,Renewable energy share in the total final energy consumption,MH,Marshall Islands,_T,Total,_T,All ages,_T,National,_T,Total,_T,All education levels,_T,All occupations,_Z,Not applicable,_T,No breakdown by disability,2000,,19.57,,PERCENT,percent,G,Global,E,Estimated,"Energy Balances, UN Statistics Division (2024)",,,,,
DATAFLOW,SPC:DF_BP50_5(1.0),Blue Pacific 2050: Climate Change And Disasters (Thematic Area 5),I,A,Annual,EG_FEC_RNEW,Renewable energy share in the total final energy consumption,MH,Marshall Islands,_T,Total,_T,All ages,_T,National,_T,Total,_T,All education levels,_T,All occupations,_Z,Not applicable,_T,No breakdown by disability,2001,,19.08,,PERCENT,percent,G,Global,E,Estimated,"Energy Balances, UN Statistics Division (2024)",,,,,
DATAFLOW,SPC:DF_BP50_5(1.0),Blue Pacific 2050: Climate Change And Disasters (Thematic Area 5),I,A,Annual,EG_FEC_RNEW,Renewable energy share in the total final energy consumption,MH,Marshall Islands,_T,Total,_T,All ages,_T,National,_T,Total,_T,All education levels,_T,All occupations,_Z,Not applicable,_T,No breakdown by disability,2002,,18.63,,PERCENT,percent,G,Global,E,Estimated,"Energy Balances, UN Statistics Division (2024)",,,,,
DATAFLOW,SPC:DF_BP50_5(1.0),Blue Pacific 2050: Climate Change And Disasters (Thematic Area 5),I,A,Annual,EG_FEC_RNEW,Renewable energy share in the total final energy consumption,MH,Marshall Islands,_T,Total,_T,All ages,_T,National,_T,Total,_T,All education levels,_T,All occupations,_Z,Not applicable,_T,No breakdown by disability,2003,,18.56,,PERCENT,percent,G,Global,E,Estimated,"Energy Balances, UN Statistics Division (2024)",,,,,
DATAFLOW,SPC:DF_BP50_5(1.0),Blue Pacific 2050: Climate Change And Disasters (Thematic Area 5),I,A,Annual,EG_FEC_RNEW,Renewable energy share in the total final energy consumption,MH,Marshall Islands,_T,Total,_T,All ages,_T,National,_T,Total,_T,All education levels,_T,All occupations,_Z,Not applicable,_T,No breakdown by disability,2004,,18.4,,PERCENT,percent,G,Global,E,Estimated,"Energy Balances, UN Statistics Division (2024)",,,,,
DATAFLOW,SPC:DF_BP50_5(1.0),Blue Pacific 2050: Climate Change And Disasters (Thematic Area 5),I,A,Annual,EG_FEC_RNEW,Renewable energy share in the total final energy consumption,MH,Marshall Islands,_T,Total,_T,All ages,_T,National,_T,Total,_T,All education levels,_T,All occupations,_Z,Not applicable,_T,No breakdown by disability,2005,,18.38,,PERCENT,percent,G,Global,E,Estimated,"Energy Balances, UN Statistics Division (2024)",,,,,
DATAFLOW,SPC:DF_BP50_5(1.0),Blue Pacific 2050: Climate Change And Disasters (Thematic Area 5),I,A,Annual,EG_FEC_RNEW,Renewable energy share in the total final energy consumption,MH,Marshall Islands,_T,Total,_T,All ages,_T,National,_T,Total,_T,All education levels,_T,All occupations,_Z,Not applicable,_T,No breakdown by disability,2006,,16.96,,PERCENT,percent,G,Global,E,Estimated,"Energy Balances, UN Statistics Division (2024)",,,,,
DATAFLOW,SPC:DF_BP50_5(1.0),Blue Pacific 2050: Climate Change And Disasters (Thematic Area 5),I,A,Annual,EG_FEC_RNEW,Renewable energy share in the total final energy consumption,MH,Marshall Islands,_T,Total,_T,All ages,_T,National,_T,Total,_T,All education levels,_T,All occupations,_Z,Not applicable,_T,No breakdown by disability,2007,,15.21,,PERCENT,percent,G,Global,E,Estimated,"Energy Balances, UN Statistics Division (2024)",,,,,
DATAFLOW,SPC:DF_BP50_5(1.0),Blue Pacific 2050: Climate Change And Disasters (Thematic Area 5),I,A,Annual,EG_FEC_RNEW,Renewable energy share in the total final energy consumption,MH,Marshall Islands,_T,Total,_T,All ages,_T,National,_T,Total,_T,All education levels,_T,All occupations,_Z,Not applicable,_T,No breakdown by disability,2008,,14.78,,PERCENT,percent,G,Global,E,Estimated,"Energy Balances, UN Statistics Division (2024)",,,,,
DATAFLOW,SPC:DF_BP50_5(1.0),Blue Pacific 2050: Climate Change And Disasters (Thematic Area 5),I,A,Annual,EG_FEC_RNEW,Renewable energy share in the total final energy consumption,MH,Marshall Islands,_T,Total,_T,All ages,_T,National,_T,Total,_T,All education levels,_T,All occupations,_Z,Not applicable,_T,No breakdown by disability,2009,,13.96,,PERCENT,percent,G,Global,E,Estimated,"Energy Balances, UN Statistics Division (2024)",,,,,
DATAFLOW,SPC:DF_BP50_5(1.0),Blue Pacific 2050: Climate Change And Disasters (Thematic Area 5),I,A,Annual,EG_FEC_RNEW,Renewable energy share in the total final energy consumption,MH,Marshall Islands,_T,Total,_T,All ages,_T,National,_T,Total,_T,All education levels,_T,All occupations,_Z,Not applicable,_T,No breakdown by disability,2010,,13.72,,PERCENT,percent,G,Global,E,Estimated,"Energy Balances, UN Statistics Division (2024)",,,,,
DATAFLOW,SPC:DF_BP50_5(1.0),Blue Pacific 2050: Climate Change And Disasters (Thematic Area 5),I,A,Annual,EG_FEC_RNEW,Renewable energy share in the total final energy consumption,MH,Marshall Islands,_T,Total,_T,All ages,_T,National,_T,Total,_T,All education levels,_T,All occupations,_Z,Not applicable,_T,No breakdown by disability,2011,,12.35,,PERCENT,percent,G,Global,E,Estimated,"Energy Balances, UN Statistics Division (2024)",,,,,
DATAFLOW,SPC:DF_BP50_5(1.0),Blue Pacific 2050: Climate Change And Disasters (Thematic Area 5),I,A,Annual,EG_FEC_RNEW,Renewable energy share in the total final energy consumption,MH,Marshall Islands,_T,Total,_T,All ages,_T,National,_T,Total,_T,All education levels,_T,All occupations,_Z,Not applicable,_T,No breakdown by disability,2012,,12.03,,PERCENT,percent,G,Global,E,Estimated,"Energy Balances, UN Statistics Division (2024)",,,,,
DATAFLOW,SPC:DF_BP50_5(1.0),Blue Pacific 2050: Climate Change And Disasters (Thematic Area 5),I,A,Annual,EG_FEC_RNEW,Renewable energy share in the total final energy consumption,MH,Marshall Islands,_T,Total,_T,All ages,_T,National,_T,Total,_T,All education levels,_T,All occupations,_Z,Not applicable,_T,No breakdown by disability,2013,,12.37,,PERCENT,percent,G,Global,E,Estimated,"Energy Balances, UN Statistics Division (2024)",,,,,
DATAFLOW,SPC:DF_BP50_5(1.0),Blue Pacific 2050: Climate Change And Disasters (Thematic Area 5),I,A,Annual,EG_FEC_RNEW,Renewable energy share in the total final energy consumption,MH,Marshall Islands,_T,Total,_T,All ages,_T,National,_T,Total,_T,All education levels,_T,All occupations,_Z,Not applicable,_T,No breakdown by disability,2014,,11.74,,PERCENT,percent,G,Global,E,Estimated,"Energy Balances, UN Statistics Division (2024)",,,,,
DATAFLOW,SPC:DF_BP50_5(1.0),Blue Pacific 2050: Climate Change And Disasters (Thematic Area 5),I,A,Annual,EG_FEC_RNEW,Renewable energy share in the total final energy consumption,MH,Marshall Islands,_T,Total,_T,All ages,_T,National,_T,Total,_T,All education levels,_T,All occupations,_Z,Not applicable,_T,No breakdown by disability,2015,,11.32,,PERCENT,percent,G,Global,E,Estimated,"Energy Balances, UN Statistics Division (2024)",,,,,
DATAFLOW,SPC:DF_BP50_5(1.0),Blue Pacific 2050: Climate Change And Disasters (Thematic Area 5),I,A,Annual,EG_FEC_RNEW,Renewable energy share in the total final energy consumption,MH,Marshall Islands,_T,Total,_T,All ages,_T,National,_T,Total,_T,All education levels,_T,All occupations,_Z,Not applicable,_T,No breakdown by disability,2016,,11.75,,PERCENT,percent,G,Global,E,Estimated,"Energy Balances, UN Statistics Division (2024)",,,,,
DATAFLOW,SPC:DF_BP50_5(1.0),Blue Pacific 2050: Climate Change And Disasters (Thematic Area 5),I,A,Annual,EG_FEC_RNEW,Renewable energy share in the total final energy consumption,MH,Marshall Islands,_T,Total,_T,All ages,_T,National,_T,Total,_T,All education levels,_T,All occupations,_Z,Not applicable,_T,No breakdown by disability,2017,,11.74,,PERCENT,percent,G,Global,E,Estimated,"Energy Balances, UN Statistics Division (2024)",,,,,
DATAFLOW,SPC:DF_BP50_5(1.0),Blue Pacific 2050: Climate Change And Disasters (Thematic Area 5),I,A,Annual,EG_FEC_RNEW,Renewable energy share in the total final energy consumption,MH,Marshall Islands,_T,Total,_T,All ages,_T,National,_T,Total,_T,All education levels,_T,All occupations,_Z,Not applicable,_T,No breakdown by disability,2018,,11.72,,PERCENT,percent,G,Global,E,Estimated,"Energy Balances, UN Statistics Division (2024)",,,,,
DATAFLOW,SPC:DF_BP50_5(1.0),Blue Pacific 2050: Climate Change And Disasters (Thematic Area 5),I,A,Annual,EG_FEC_RNEW,Renewable energy share in the total final energy consumption,MH,Marshall Islands,_T,Total,_T,All ages,_T,National,_T,Total,_T,All education levels,_T,All occupations,_Z,Not applicable,_T,No breakdown by disability,2019,,11.7,,PERCENT,percent,G,Global,E,Estimated,"Energy Balances, UN Statistics Division (2024)",,,,,
DATAFLOW,SPC:DF_BP50_5(1.0),Blue Pacific 2050: Climate Change And Disasters (Thematic Area 5),I,A,Annual,EG_FEC_RNEW,Renewable energy share in the total final energy consumption,MH,Marshall Islands,_T,Total,_T,All ages,_T,National,_T,Total,_T,All education levels,_T,All occupations,_Z,Not applicable,_T,No breakdown by disability,2020,,11.62,,PERCENT,percent,G,Global,E,Estimated,"Energy Balances, UN Statistics Division (2024)",,,,,
DATAFLOW,SPC:DF_BP50_5(1.0),Blue Pacific 2050: Climate Change And Disasters (Thematic Area 5),I,A,Annual,EG_FEC_RNEW,Renewable energy share in the total final energy consumption,MH,Marshall Islands,_T,Total,_T,All ages,_T,National,_T,Total,_T,All education levels,_T,All occupations,_Z,Not applicable,_T,No breakdown by disability,2021,,11.89,,PERCENT,percent,G,Global,E,Estimated,"Energy Balances, UN Statistics Division (2024)",,,,,
DATAFLOW,SPC:DF_BP50_5(1.0),Blue Pacific 2050: Climate Change And Disasters (Thematic Area 5),I,A,Annual,EG_FEC_RNEW,Renewable energy share in the total final energy consumption,MH,Marshall Islands,_T,Total,_T,All ages,_T,National,_T,Total,_T,All education levels,_T,All occupations,_Z,Not applicable,_T,No breakdown by disability,2022,,11.68,,PERCENT,percent,G,Global,E,Estimated,"Energy Balances, UN Statistics Division (2024)",,,,,
