STRUCTURE,STRUCTURE_ID,STRUCTURE_NAME,ACTION,FREQ,Frequency,INDICATOR,Indicator,GEO_PICT,Pacific Island Countries and territories,SEX,Sex,AGE,Age,URBANIZATION,Urbanization,INCOME,Income,EDUCATION,Education level,OCCUPATION,Occupation,COMPOSITE_BREAKDOWN,Composite breakdown,DISABILITY,Disability,TIME_PERIOD,Time,OBS_VALUE,Observation value,UNIT_MEASURE,Unit of measure,REPORTING_TYPE,Reporting type,NATURE,Nature,DATA_SOURCE,Data source,OBS_STATUS,Observation Status,OBS_COMMENT,Comment
DATAFLOW,SPC:DF_BP50_2(1.0),Blue Pacific 2050: People-Centered Development (Thematic Area 2),I,A,Annual,SH_H2O_IMPR,Population using an improved drinking water source,NC,New Caledonia,_T,Total,_T,All ages,_T,National,_T,Total,_T,All education levels,_T,All occupations,_Z,Not applicable,_T,No breakdown by disability,2015,,97.07,,RATIO_POP,ratio to total population,G,Global,E,Estimated,"WHO/UNICEF Joint Monitoring Programme for Water Supply, Sanitation and Hygiene (2017)",,,,,
DATAFLOW,SPC:DF_BP50_2(1.0),Blue Pacific 2050: People-Centered Development (Thematic Area 2),I,A,Annual,SH_H2O_IMPR,Population using an improved drinking water source,TV,Tuvalu,_T,Total,_T,All ages,_T,National,_T,Total,_T,All education levels,_T,All occupations,_Z,Not applicable,_T,No breakdown by disability,2016,,99.9,,RATIO_POP,ratio to total population,N,National,C,Country Data,"Tuvalu NSO, 2016 HIES Main source of water - including shared tanks.",,,,,
DATAFLOW,SPC:DF_BP50_2(1.0),Blue Pacific 2050: People-Centered Development (Thematic Area 2),I,A,Annual,BPI_MANAP1,Compulsory physical education in school curriculum,PF,French Polynesia,_T,Total,_T,All ages,_T,National,_T,Total,_T,All education levels,_T,All occupations,_Z,Not applicable,_T,No breakdown by disability,2017,,6,,N,units,R,Regional,C,Country Data,Pacific Mana Dashboard https://pacificdata.org/health-dashboard,,,,,
DATAFLOW,SPC:DF_BP50_2(1.0),Blue Pacific 2050: People-Centered Development (Thematic Area 2),I,A,Annual,BPI_MANAP1,Compulsory physical education in school curriculum,PF,French Polynesia,_T,Total,_T,All ages,_T,National,_T,Total,_T,All education levels,_T,All occupations,_Z,Not applicable,_T,No breakdown by disability,2019,,6,,N,units,R,Regional,C,Country Data,Pacific Mana Dashboard https://pacificdata.org/health-dashboard,,,,,
DATAFLOW,SPC:DF_BP50_2(1.0),Blue Pacific 2050: People-Centered Development (Thematic Area 2),I,A,Annual,BPI_MANAP1,Compulsory physical education in school curriculum,PF,French Polynesia,_T,Total,_T,All ages,_T,National,_T,Total,_T,All education levels,_T,All occupations,_Z,Not applicable,_T,No breakdown by disability,2021,,6,,N,units,R,Regional,C,Country Data,Pacific Mana Dashboard https://pacificdata.org/health-dashboard,,,,,
DATAFLOW,SPC:DF_BP50_2(1.0),Blue Pacific 2050: People-Centered Development (Thematic Area 2),I,A,Annual,BPI_MANAGL2,National guidelines for care of main NCDs,FM,Micronesia (Federated States of),_T,Total,_T,All ages,_T,National,_T,Total,_T,All education levels,_T,All occupations,_Z,Not applicable,_T,No breakdown by disability,2017,,3,,N,units,R,Regional,C,Country Data,Pacific Mana Dashboard https://pacificdata.org/health-dashboard,,,,,
DATAFLOW,SPC:DF_BP50_2(1.0),Blue Pacific 2050: People-Centered Development (Thematic Area 2),I,A,Annual,BPI_MANAGL2,National guidelines for care of main NCDs,FM,Micronesia (Federated States of),_T,Total,_T,All ages,_T,National,_T,Total,_T,All education levels,_T,All occupations,_Z,Not applicable,_T,No breakdown by disability,2019,,4,,N,units,R,Regional,C,Country Data,Pacific Mana Dashboard https://pacificdata.org/health-dashboard,,,,,
DATAFLOW,SPC:DF_BP50_2(1.0),Blue Pacific 2050: People-Centered Development (Thematic Area 2),I,A,Annual,BPI_MANAGL2,National guidelines for care of main NCDs,FM,Micronesia (Federated States of),_T,Total,_T,All ages,_T,National,_T,Total,_T,All education levels,_T,All occupations,_Z,Not applicable,_T,No breakdown by disability,2021,,0,,N,units,R,Regional,C,Country Data,Pacific Mana Dashboard https://pacificdata.org/health-dashboard,,,,,
DATAFLOW,SPC:DF_BP50_2(1.0),Blue Pacific 2050: People-Centered Development (Thematic Area 2),I,A,Annual,BPI_MANAF5,Healthy food policies in schools,NR,Nauru,_T,Total,_T,All ages,_T,National,_T,Total,_T,All education levels,_T,All occupations,_Z,Not applicable,_T,No breakdown by disability,2017,,1,,N,units,R,Regional,C,Country Data,Pacific Mana Dashboard https://pacificdata.org/health-dashboard,,,,,
DATAFLOW,SPC:DF_BP50_2(1.0),Blue Pacific 2050: People-Centered Development (Thematic Area 2),I,A,Annual,BPI_MANAF5,Healthy food policies in schools,NR,Nauru,_T,Total,_T,All ages,_T,National,_T,Total,_T,All education levels,_T,All occupations,_Z,Not applicable,_T,No breakdown by disability,2019,,5,,N,units,R,Regional,C,Country Data,Pacific Mana Dashboard https://pacificdata.org/health-dashboard,,,,,
DATAFLOW,SPC:DF_BP50_2(1.0),Blue Pacific 2050: People-Centered Development (Thematic Area 2),I,A,Annual,BPI_MANAF5,Healthy food policies in schools,NR,Nauru,_T,Total,_T,All ages,_T,National,_T,Total,_T,All education levels,_T,All occupations,_Z,Not applicable,_T,No breakdown by disability,2021,,5,,N,units,R,Regional,C,Country Data,Pacific Mana Dashboard https://pacificdata.org/health-dashboard,,,,,
DATAFLOW,SPC:DF_BP50_2(1.0),Blue Pacific 2050: People-Centered Development (Thematic Area 2),I,A,Annual,BPI_MANASL2,National strategy addressing NCDs and risk factors,PF,French Polynesia,_T,Total,_T,All ages,_T,National,_T,Total,_T,All education levels,_T,All occupations,_Z,Not applicable,_T,No breakdown by disability,2017,,3,,N,units,R,Regional,C,Country Data,Pacific Mana Dashboard https://pacificdata.org/health-dashboard,,,,,
DATAFLOW,SPC:DF_BP50_2(1.0),Blue Pacific 2050: People-Centered Development (Thematic Area 2),I,A,Annual,BPI_MANASL2,National strategy addressing NCDs and risk factors,PF,French Polynesia,_T,Total,_T,All ages,_T,National,_T,Total,_T,All education levels,_T,All occupations,_Z,Not applicable,_T,No breakdown by disability,2019,,5,,N,units,R,Regional,C,Country Data,Pacific Mana Dashboard https://pacificdata.org/health-dashboard,,,,,
DATAFLOW,SPC:DF_BP50_2(1.0),Blue Pacific 2050: People-Centered Development (Thematic Area 2),I,A,Annual,BPI_MANASL2,National strategy addressing NCDs and risk factors,PF,French Polynesia,_T,Total,_T,All ages,_T,National,_T,Total,_T,All education levels,_T,All occupations,_Z,Not applicable,_T,No breakdown by disability,2021,,5,,N,units,R,Regional,C,Country Data,Pacific Mana Dashboard https://pacificdata.org/health-dashboard,,,,,
DATAFLOW,SPC:DF_BP50_2(1.0),Blue Pacific 2050: People-Centered Development (Thematic Area 2),I,A,Annual,BPI_MANASL2,National strategy addressing NCDs and risk factors,PW,Palau,_T,Total,_T,All ages,_T,National,_T,Total,_T,All education levels,_T,All occupations,_Z,Not applicable,_T,No breakdown by disability,2017,,3,,N,units,R,Regional,C,Country Data,Pacific Mana Dashboard https://pacificdata.org/health-dashboard,,,,,
DATAFLOW,SPC:DF_BP50_2(1.0),Blue Pacific 2050: People-Centered Development (Thematic Area 2),I,A,Annual,BPI_MANASL2,National strategy addressing NCDs and risk factors,PW,Palau,_T,Total,_T,All ages,_T,National,_T,Total,_T,All education levels,_T,All occupations,_Z,Not applicable,_T,No breakdown by disability,2019,,5,,N,units,R,Regional,C,Country Data,Pacific Mana Dashboard https://pacificdata.org/health-dashboard,,,,,
DATAFLOW,SPC:DF_BP50_2(1.0),Blue Pacific 2050: People-Centered Development (Thematic Area 2),I,A,Annual,BPI_MANASL2,National strategy addressing NCDs and risk factors,PW,Palau,_T,Total,_T,All ages,_T,National,_T,Total,_T,All education levels,_T,All occupations,_Z,Not applicable,_T,No breakdown by disability,2021,,2,,N,units,R,Regional,C,Country Data,Pacific Mana Dashboard https://pacificdata.org/health-dashboard,,,,,
DATAFLOW,SPC:DF_BP50_2(1.0),Blue Pacific 2050: People-Centered Development (Thematic Area 2),I,A,Annual,BPI_MANAF5,Healthy food policies in schools,PG,Papua New Guinea,_T,Total,_T,All ages,_T,National,_T,Total,_T,All education levels,_T,All occupations,_Z,Not applicable,_T,No breakdown by disability,2017,,1,,N,units,R,Regional,C,Country Data,Pacific Mana Dashboard https://pacificdata.org/health-dashboard,,,,,
DATAFLOW,SPC:DF_BP50_2(1.0),Blue Pacific 2050: People-Centered Development (Thematic Area 2),I,A,Annual,BPI_MANAF5,Healthy food policies in schools,PG,Papua New Guinea,_T,Total,_T,All ages,_T,National,_T,Total,_T,All education levels,_T,All occupations,_Z,Not applicable,_T,No breakdown by disability,2019,,3,,N,units,R,Regional,C,Country Data,Pacific Mana Dashboard https://pacificdata.org/health-dashboard,,,,,
DATAFLOW,SPC:DF_BP50_2(1.0),Blue Pacific 2050: People-Centered Development (Thematic Area 2),I,A,Annual,BPI_MANAF5,Healthy food policies in schools,PG,Papua New Guinea,_T,Total,_T,All ages,_T,National,_T,Total,_T,All education levels,_T,All occupations,_Z,Not applicable,_T,No breakdown by disability,2021,,3,,N,units,R,Regional,C,Country Data,Pacific Mana Dashboard https://pacificdata.org/health-dashboard,,,,,
DATAFLOW,SPC:DF_BP50_2(1.0),Blue Pacific 2050: People-Centered Development (Thematic Area 2),I,A,Annual,SPC_3_8_1,Coverage of essential health services,VU,Vanuatu,_T,Total,_T,All ages,_T,National,_T,Total,_T,All education levels,_T,All occupations,_Z,Not applicable,_T,No breakdown by disability,2000,,31.38,,INDEX,index,G,Global,_X,Not Available,,,,,,
DATAFLOW,SPC:DF_BP50_2(1.0),Blue Pacific 2050: People-Centered Development (Thematic Area 2),I,A,Annual,SPC_3_8_1,Coverage of essential health services,VU,Vanuatu,_T,Total,_T,All ages,_T,National,_T,Total,_T,All education levels,_T,All occupations,_Z,Not applicable,_T,No breakdown by disability,2005,,30.86,,INDEX,index,G,Global,_X,Not Available,,,,,,
DATAFLOW,SPC:DF_BP50_2(1.0),Blue Pacific 2050: People-Centered Development (Thematic Area 2),I,A,Annual,SPC_3_8_1,Coverage of essential health services,VU,Vanuatu,_T,Total,_T,All ages,_T,National,_T,Total,_T,All education levels,_T,All occupations,_Z,Not applicable,_T,No breakdown by disability,2010,,37.77,,INDEX,index,G,Global,_X,Not Available,,,,,,
DATAFLOW,SPC:DF_BP50_2(1.0),Blue Pacific 2050: People-Centered Development (Thematic Area 2),I,A,Annual,SPC_3_8_1,Coverage of essential health services,VU,Vanuatu,_T,Total,_T,All ages,_T,National,_T,Total,_T,All education levels,_T,All occupations,_Z,Not applicable,_T,No breakdown by disability,2015,,44.93,,INDEX,index,G,Global,_X,Not Available,,,,,,
DATAFLOW,SPC:DF_BP50_2(1.0),Blue Pacific 2050: People-Centered Development (Thematic Area 2),I,A,Annual,SPC_3_8_1,Coverage of essential health services,VU,Vanuatu,_T,Total,_T,All ages,_T,National,_T,Total,_T,All education levels,_T,All occupations,_Z,Not applicable,_T,No breakdown by disability,2017,,44.24,,INDEX,index,G,Global,_X,Not Available,,,,,,
DATAFLOW,SPC:DF_BP50_2(1.0),Blue Pacific 2050: People-Centered Development (Thematic Area 2),I,A,Annual,SPC_3_8_1,Coverage of essential health services,VU,Vanuatu,_T,Total,_T,All ages,_T,National,_T,Total,_T,All education levels,_T,All occupations,_Z,Not applicable,_T,No breakdown by disability,2019,,46.37,,INDEX,index,G,Global,_X,Not Available,,,,,,
DATAFLOW,SPC:DF_BP50_2(1.0),Blue Pacific 2050: People-Centered Development (Thematic Area 2),I,A,Annual,SPC_3_8_1,Coverage of essential health services,VU,Vanuatu,_T,Total,_T,All ages,_T,National,_T,Total,_T,All education levels,_T,All occupations,_Z,Not applicable,_T,No breakdown by disability,2021,,46.99,,INDEX,index,G,Global,_X,Not Available,,,,,,
DATAFLOW,SPC:DF_BP50_2(1.0),Blue Pacific 2050: People-Centered Development (Thematic Area 2),I,A,Annual,BPI_MANAP1,Compulsory physical education in school curriculum,NC,New Caledonia,_T,Total,_T,All ages,_T,National,_T,Total,_T,All education levels,_T,All occupations,_Z,Not applicable,_T,No breakdown by disability,2017,,3,,N,units,R,Regional,C,Country Data,Pacific Mana Dashboard https://pacificdata.org/health-dashboard,,,,,
DATAFLOW,SPC:DF_BP50_2(1.0),Blue Pacific 2050: People-Centered Development (Thematic Area 2),I,A,Annual,BPI_MANAP1,Compulsory physical education in school curriculum,NC,New Caledonia,_T,Total,_T,All ages,_T,National,_T,Total,_T,All education levels,_T,All occupations,_Z,Not applicable,_T,No breakdown by disability,2019,,5,,N,units,R,Regional,C,Country Data,Pacific Mana Dashboard https://pacificdata.org/health-dashboard,,,,,
DATAFLOW,SPC:DF_BP50_2(1.0),Blue Pacific 2050: People-Centered Development (Thematic Area 2),I,A,Annual,BPI_MANAP1,Compulsory physical education in school curriculum,NC,New Caledonia,_T,Total,_T,All ages,_T,National,_T,Total,_T,All education levels,_T,All occupations,_Z,Not applicable,_T,No breakdown by disability,2021,,6,,N,units,R,Regional,C,Country Data,Pacific Mana Dashboard https://pacificdata.org/health-dashboard,,,,,
DATAFLOW,SPC:DF_BP50_2(1.0),Blue Pacific 2050: People-Centered Development (Thematic Area 2),I,A,Annual,SH_H2O_IMPR,Population using an improved drinking water source,KI,Kiribati,_T,Total,_T,All ages,_T,National,_T,Total,_T,All education levels,_T,All occupations,_Z,Not applicable,_T,No breakdown by disability,2015,,98.9,,RATIO_POP,ratio to total population,N,National,C,Country Data,"Kiribati National Statistics Office, 2015 Census.",,,,,
DATAFLOW,SPC:DF_BP50_2(1.0),Blue Pacific 2050: People-Centered Development (Thematic Area 2),I,A,Annual,SH_H2O_IMPR,Population using an improved drinking water source,KI,Kiribati,_T,Total,_T,All ages,_T,National,_T,Total,_T,All education levels,_T,All occupations,_Z,Not applicable,_T,No breakdown by disability,2018,,82.3,,PERCENT,percent,N,National,C,Country Data,"Kiribati National Statistics Office, Kiribati Social Development Indicator Survey 2018-19",,,,,
DATAFLOW,SPC:DF_BP50_2(1.0),Blue Pacific 2050: People-Centered Development (Thematic Area 2),I,A,Annual,BPI_MANAF5,Healthy food policies in schools,NU,Niue,_T,Total,_T,All ages,_T,National,_T,Total,_T,All education levels,_T,All occupations,_Z,Not applicable,_T,No breakdown by disability,2017,,5,,N,units,R,Regional,C,Country Data,Pacific Mana Dashboard https://pacificdata.org/health-dashboard,,,,,
DATAFLOW,SPC:DF_BP50_2(1.0),Blue Pacific 2050: People-Centered Development (Thematic Area 2),I,A,Annual,BPI_MANAF5,Healthy food policies in schools,NU,Niue,_T,Total,_T,All ages,_T,National,_T,Total,_T,All education levels,_T,All occupations,_Z,Not applicable,_T,No breakdown by disability,2019,,6,,N,units,R,Regional,C,Country Data,Pacific Mana Dashboard https://pacificdata.org/health-dashboard,,,,,
DATAFLOW,SPC:DF_BP50_2(1.0),Blue Pacific 2050: People-Centered Development (Thematic Area 2),I,A,Annual,BPI_MANAF5,Healthy food policies in schools,NU,Niue,_T,Total,_T,All ages,_T,National,_T,Total,_T,All education levels,_T,All occupations,_Z,Not applicable,_T,No breakdown by disability,2021,,6,,N,units,R,Regional,C,Country Data,Pacific Mana Dashboard https://pacificdata.org/health-dashboard,,,,,
DATAFLOW,SPC:DF_BP50_2(1.0),Blue Pacific 2050: People-Centered Development (Thematic Area 2),I,A,Annual,BPI_MANAP1,Compulsory physical education in school curriculum,PW,Palau,_T,Total,_T,All ages,_T,National,_T,Total,_T,All education levels,_T,All occupations,_Z,Not applicable,_T,No breakdown by disability,2017,,2,,N,units,R,Regional,C,Country Data,Pacific Mana Dashboard https://pacificdata.org/health-dashboard,,,,,
DATAFLOW,SPC:DF_BP50_2(1.0),Blue Pacific 2050: People-Centered Development (Thematic Area 2),I,A,Annual,BPI_MANAP1,Compulsory physical education in school curriculum,PW,Palau,_T,Total,_T,All ages,_T,National,_T,Total,_T,All education levels,_T,All occupations,_Z,Not applicable,_T,No breakdown by disability,2019,,3,,N,units,R,Regional,C,Country Data,Pacific Mana Dashboard https://pacificdata.org/health-dashboard,,,,,
DATAFLOW,SPC:DF_BP50_2(1.0),Blue Pacific 2050: People-Centered Development (Thematic Area 2),I,A,Annual,BPI_MANAP1,Compulsory physical education in school curriculum,PW,Palau,_T,Total,_T,All ages,_T,National,_T,Total,_T,All education levels,_T,All occupations,_Z,Not applicable,_T,No breakdown by disability,2021,,3,,N,units,R,Regional,C,Country Data,Pacific Mana Dashboard https://pacificdata.org/health-dashboard,,,,,
DATAFLOW,SPC:DF_BP50_2(1.0),Blue Pacific 2050: People-Centered Development (Thematic Area 2),I,A,Annual,BPI_MANAF5,Healthy food policies in schools,SB,Solomon Islands,_T,Total,_T,All ages,_T,National,_T,Total,_T,All education levels,_T,All occupations,_Z,Not applicable,_T,No breakdown by disability,2017,,2,,N,units,R,Regional,C,Country Data,Pacific Mana Dashboard https://pacificdata.org/health-dashboard,,,,,
DATAFLOW,SPC:DF_BP50_2(1.0),Blue Pacific 2050: People-Centered Development (Thematic Area 2),I,A,Annual,BPI_MANAF5,Healthy food policies in schools,SB,Solomon Islands,_T,Total,_T,All ages,_T,National,_T,Total,_T,All education levels,_T,All occupations,_Z,Not applicable,_T,No breakdown by disability,2019,,2,,N,units,R,Regional,C,Country Data,Pacific Mana Dashboard https://pacificdata.org/health-dashboard,,,,,
DATAFLOW,SPC:DF_BP50_2(1.0),Blue Pacific 2050: People-Centered Development (Thematic Area 2),I,A,Annual,BPI_MANAF5,Healthy food policies in schools,SB,Solomon Islands,_T,Total,_T,All ages,_T,National,_T,Total,_T,All education levels,_T,All occupations,_Z,Not applicable,_T,No breakdown by disability,2021,,2,,N,units,R,Regional,C,Country Data,Pacific Mana Dashboard https://pacificdata.org/health-dashboard,,,,,
DATAFLOW,SPC:DF_BP50_2(1.0),Blue Pacific 2050: People-Centered Development (Thematic Area 2),I,A,Annual,BPI_MANAGL2,National guidelines for care of main NCDs,MH,Marshall Islands,_T,Total,_T,All ages,_T,National,_T,Total,_T,All education levels,_T,All occupations,_Z,Not applicable,_T,No breakdown by disability,2017,,3,,N,units,R,Regional,C,Country Data,Pacific Mana Dashboard https://pacificdata.org/health-dashboard,,,,,
DATAFLOW,SPC:DF_BP50_2(1.0),Blue Pacific 2050: People-Centered Development (Thematic Area 2),I,A,Annual,BPI_MANAGL2,National guidelines for care of main NCDs,MH,Marshall Islands,_T,Total,_T,All ages,_T,National,_T,Total,_T,All education levels,_T,All occupations,_Z,Not applicable,_T,No breakdown by disability,2019,,3,,N,units,R,Regional,C,Country Data,Pacific Mana Dashboard https://pacificdata.org/health-dashboard,,,,,
DATAFLOW,SPC:DF_BP50_2(1.0),Blue Pacific 2050: People-Centered Development (Thematic Area 2),I,A,Annual,BPI_MANAGL2,National guidelines for care of main NCDs,MH,Marshall Islands,_T,Total,_T,All ages,_T,National,_T,Total,_T,All education levels,_T,All occupations,_Z,Not applicable,_T,No breakdown by disability,2021,,3,,N,units,R,Regional,C,Country Data,Pacific Mana Dashboard https://pacificdata.org/health-dashboard,,,,,
DATAFLOW,SPC:DF_BP50_2(1.0),Blue Pacific 2050: People-Centered Development (Thematic Area 2),I,A,Annual,SH_H2O_IMPR,Population using an improved drinking water source,PF,French Polynesia,_T,Total,_T,All ages,_T,National,_T,Total,_T,All education levels,_T,All occupations,_Z,Not applicable,_T,No breakdown by disability,2012,,100,,RATIO_POP,ratio to total population,N,National,C,Country Data,"Polynesie francaise. Institut de la Statistique de la Polynesie Francaise, recensement",,,,,
DATAFLOW,SPC:DF_BP50_2(1.0),Blue Pacific 2050: People-Centered Development (Thematic Area 2),I,A,Annual,BPI_MANAGL2,National guidelines for care of main NCDs,NU,Niue,_T,Total,_T,All ages,_T,National,_T,Total,_T,All education levels,_T,All occupations,_Z,Not applicable,_T,No breakdown by disability,2017,,6,,N,units,R,Regional,C,Country Data,Pacific Mana Dashboard https://pacificdata.org/health-dashboard,,,,,
DATAFLOW,SPC:DF_BP50_2(1.0),Blue Pacific 2050: People-Centered Development (Thematic Area 2),I,A,Annual,BPI_MANAGL2,National guidelines for care of main NCDs,NU,Niue,_T,Total,_T,All ages,_T,National,_T,Total,_T,All education levels,_T,All occupations,_Z,Not applicable,_T,No breakdown by disability,2019,,5,,N,units,R,Regional,C,Country Data,Pacific Mana Dashboard https://pacificdata.org/health-dashboard,,,,,
DATAFLOW,SPC:DF_BP50_2(1.0),Blue Pacific 2050: People-Centered Development (Thematic Area 2),I,A,Annual,BPI_MANAGL2,National guidelines for care of main NCDs,NU,Niue,_T,Total,_T,All ages,_T,National,_T,Total,_T,All education levels,_T,All occupations,_Z,Not applicable,_T,No breakdown by disability,2021,,5,,N,units,R,Regional,C,Country Data,Pacific Mana Dashboard https://pacificdata.org/health-dashboard,,,,,
DATAFLOW,SPC:DF_BP50_2(1.0),Blue Pacific 2050: People-Centered Development (Thematic Area 2),I,A,Annual,BPI_MANASL2,National strategy addressing NCDs and risk factors,CK,Cook Islands,_T,Total,_T,All ages,_T,National,_T,Total,_T,All education levels,_T,All occupations,_Z,Not applicable,_T,No breakdown by disability,2017,,6,,N,units,R,Regional,C,Country Data,Pacific Mana Dashboard https://pacificdata.org/health-dashboard,,,,,
DATAFLOW,SPC:DF_BP50_2(1.0),Blue Pacific 2050: People-Centered Development (Thematic Area 2),I,A,Annual,BPI_MANASL2,National strategy addressing NCDs and risk factors,CK,Cook Islands,_T,Total,_T,All ages,_T,National,_T,Total,_T,All education levels,_T,All occupations,_Z,Not applicable,_T,No breakdown by disability,2019,,6,,N,units,R,Regional,C,Country Data,Pacific Mana Dashboard https://pacificdata.org/health-dashboard,,,,,
DATAFLOW,SPC:DF_BP50_2(1.0),Blue Pacific 2050: People-Centered Development (Thematic Area 2),I,A,Annual,BPI_MANASL2,National strategy addressing NCDs and risk factors,CK,Cook Islands,_T,Total,_T,All ages,_T,National,_T,Total,_T,All education levels,_T,All occupations,_Z,Not applicable,_T,No breakdown by disability,2021,,6,,N,units,R,Regional,C,Country Data,Pacific Mana Dashboard https://pacificdata.org/health-dashboard,,,,,
DATAFLOW,SPC:DF_BP50_2(1.0),Blue Pacific 2050: People-Centered Development (Thematic Area 2),I,A,Annual,SPC_3_8_1,Coverage of essential health services,FM,Micronesia (Federated States of),_T,Total,_T,All ages,_T,National,_T,Total,_T,All education levels,_T,All occupations,_Z,Not applicable,_T,No breakdown by disability,2000,,36.45,,INDEX,index,G,Global,_X,Not Available,,,,,,
DATAFLOW,SPC:DF_BP50_2(1.0),Blue Pacific 2050: People-Centered Development (Thematic Area 2),I,A,Annual,SPC_3_8_1,Coverage of essential health services,FM,Micronesia (Federated States of),_T,Total,_T,All ages,_T,National,_T,Total,_T,All education levels,_T,All occupations,_Z,Not applicable,_T,No breakdown by disability,2005,,39.27,,INDEX,index,G,Global,_X,Not Available,,,,,,
DATAFLOW,SPC:DF_BP50_2(1.0),Blue Pacific 2050: People-Centered Development (Thematic Area 2),I,A,Annual,SPC_3_8_1,Coverage of essential health services,FM,Micronesia (Federated States of),_T,Total,_T,All ages,_T,National,_T,Total,_T,All education levels,_T,All occupations,_Z,Not applicable,_T,No breakdown by disability,2010,,46.5,,INDEX,index,G,Global,_X,Not Available,,,,,,
DATAFLOW,SPC:DF_BP50_2(1.0),Blue Pacific 2050: People-Centered Development (Thematic Area 2),I,A,Annual,SPC_3_8_1,Coverage of essential health services,FM,Micronesia (Federated States of),_T,Total,_T,All ages,_T,National,_T,Total,_T,All education levels,_T,All occupations,_Z,Not applicable,_T,No breakdown by disability,2015,,46.21,,INDEX,index,G,Global,_X,Not Available,,,,,,
DATAFLOW,SPC:DF_BP50_2(1.0),Blue Pacific 2050: People-Centered Development (Thematic Area 2),I,A,Annual,SPC_3_8_1,Coverage of essential health services,FM,Micronesia (Federated States of),_T,Total,_T,All ages,_T,National,_T,Total,_T,All education levels,_T,All occupations,_Z,Not applicable,_T,No breakdown by disability,2017,,49.32,,INDEX,index,G,Global,_X,Not Available,,,,,,
DATAFLOW,SPC:DF_BP50_2(1.0),Blue Pacific 2050: People-Centered Development (Thematic Area 2),I,A,Annual,SPC_3_8_1,Coverage of essential health services,FM,Micronesia (Federated States of),_T,Total,_T,All ages,_T,National,_T,Total,_T,All education levels,_T,All occupations,_Z,Not applicable,_T,No breakdown by disability,2019,,46.44,,INDEX,index,G,Global,_X,Not Available,,,,,,
DATAFLOW,SPC:DF_BP50_2(1.0),Blue Pacific 2050: People-Centered Development (Thematic Area 2),I,A,Annual,SPC_3_8_1,Coverage of essential health services,FM,Micronesia (Federated States of),_T,Total,_T,All ages,_T,National,_T,Total,_T,All education levels,_T,All occupations,_Z,Not applicable,_T,No breakdown by disability,2021,,47.66,,INDEX,index,G,Global,_X,Not Available,,,,,,
DATAFLOW,SPC:DF_BP50_2(1.0),Blue Pacific 2050: People-Centered Development (Thematic Area 2),I,A,Annual,SH_SAN_SAFE,"Proportion of population using safely managed sanitation
            services",TO,Tonga,_T,Total,_T,All ages,_T,National,_T,Total,_T,All education levels,_T,All occupations,_Z,Not applicable,_T,No breakdown by disability,2000,,34.15,,PERCENT,percent,G,Global,_X,Not Available,,,,,,
DATAFLOW,SPC:DF_BP50_2(1.0),Blue Pacific 2050: People-Centered Development (Thematic Area 2),I,A,Annual,SH_SAN_SAFE,"Proportion of population using safely managed sanitation
            services",TO,Tonga,_T,Total,_T,All ages,_T,National,_T,Total,_T,All education levels,_T,All occupations,_Z,Not applicable,_T,No breakdown by disability,2001,,34.14,,PERCENT,percent,G,Global,_X,Not Available,,,,,,
DATAFLOW,SPC:DF_BP50_2(1.0),Blue Pacific 2050: People-Centered Development (Thematic Area 2),I,A,Annual,SH_SAN_SAFE,"Proportion of population using safely managed sanitation
            services",TO,Tonga,_T,Total,_T,All ages,_T,National,_T,Total,_T,All education levels,_T,All occupations,_Z,Not applicable,_T,No breakdown by disability,2002,,34.14,,PERCENT,percent,G,Global,_X,Not Available,,,,,,
DATAFLOW,SPC:DF_BP50_2(1.0),Blue Pacific 2050: People-Centered Development (Thematic Area 2),I,A,Annual,SH_SAN_SAFE,"Proportion of population using safely managed sanitation
            services",TO,Tonga,_T,Total,_T,All ages,_T,National,_T,Total,_T,All education levels,_T,All occupations,_Z,Not applicable,_T,No breakdown by disability,2003,,34.14,,PERCENT,percent,G,Global,_X,Not Available,,,,,,
DATAFLOW,SPC:DF_BP50_2(1.0),Blue Pacific 2050: People-Centered Development (Thematic Area 2),I,A,Annual,SH_SAN_SAFE,"Proportion of population using safely managed sanitation
            services",TO,Tonga,_T,Total,_T,All ages,_T,National,_T,Total,_T,All education levels,_T,All occupations,_Z,Not applicable,_T,No breakdown by disability,2004,,34.14,,PERCENT,percent,G,Global,_X,Not Available,,,,,,
DATAFLOW,SPC:DF_BP50_2(1.0),Blue Pacific 2050: People-Centered Development (Thematic Area 2),I,A,Annual,SH_SAN_SAFE,"Proportion of population using safely managed sanitation
            services",TO,Tonga,_T,Total,_T,All ages,_T,National,_T,Total,_T,All education levels,_T,All occupations,_Z,Not applicable,_T,No breakdown by disability,2005,,34.64,,PERCENT,percent,G,Global,_X,Not Available,,,,,,
DATAFLOW,SPC:DF_BP50_2(1.0),Blue Pacific 2050: People-Centered Development (Thematic Area 2),I,A,Annual,SH_SAN_SAFE,"Proportion of population using safely managed sanitation
            services",TO,Tonga,_T,Total,_T,All ages,_T,National,_T,Total,_T,All education levels,_T,All occupations,_Z,Not applicable,_T,No breakdown by disability,2006,,35.15,,PERCENT,percent,G,Global,_X,Not Available,,,,,,
DATAFLOW,SPC:DF_BP50_2(1.0),Blue Pacific 2050: People-Centered Development (Thematic Area 2),I,A,Annual,SH_SAN_SAFE,"Proportion of population using safely managed sanitation
            services",TO,Tonga,_T,Total,_T,All ages,_T,National,_T,Total,_T,All education levels,_T,All occupations,_Z,Not applicable,_T,No breakdown by disability,2007,,35.65,,PERCENT,percent,G,Global,_X,Not Available,,,,,,
DATAFLOW,SPC:DF_BP50_2(1.0),Blue Pacific 2050: People-Centered Development (Thematic Area 2),I,A,Annual,SH_SAN_SAFE,"Proportion of population using safely managed sanitation
            services",TO,Tonga,_T,Total,_T,All ages,_T,National,_T,Total,_T,All education levels,_T,All occupations,_Z,Not applicable,_T,No breakdown by disability,2008,,36.15,,PERCENT,percent,G,Global,_X,Not Available,,,,,,
DATAFLOW,SPC:DF_BP50_2(1.0),Blue Pacific 2050: People-Centered Development (Thematic Area 2),I,A,Annual,SH_SAN_SAFE,"Proportion of population using safely managed sanitation
            services",TO,Tonga,_T,Total,_T,All ages,_T,National,_T,Total,_T,All education levels,_T,All occupations,_Z,Not applicable,_T,No breakdown by disability,2009,,36.65,,PERCENT,percent,G,Global,_X,Not Available,,,,,,
DATAFLOW,SPC:DF_BP50_2(1.0),Blue Pacific 2050: People-Centered Development (Thematic Area 2),I,A,Annual,SH_SAN_SAFE,"Proportion of population using safely managed sanitation
            services",TO,Tonga,_T,Total,_T,All ages,_T,National,_T,Total,_T,All education levels,_T,All occupations,_Z,Not applicable,_T,No breakdown by disability,2010,,37.04,,PERCENT,percent,G,Global,_X,Not Available,,,,,,
DATAFLOW,SPC:DF_BP50_2(1.0),Blue Pacific 2050: People-Centered Development (Thematic Area 2),I,A,Annual,SH_SAN_SAFE,"Proportion of population using safely managed sanitation
            services",TO,Tonga,_T,Total,_T,All ages,_T,National,_T,Total,_T,All education levels,_T,All occupations,_Z,Not applicable,_T,No breakdown by disability,2011,,36.57,,PERCENT,percent,G,Global,_X,Not Available,,,,,,
DATAFLOW,SPC:DF_BP50_2(1.0),Blue Pacific 2050: People-Centered Development (Thematic Area 2),I,A,Annual,SH_SAN_SAFE,"Proportion of population using safely managed sanitation
            services",TO,Tonga,_T,Total,_T,All ages,_T,National,_T,Total,_T,All education levels,_T,All occupations,_Z,Not applicable,_T,No breakdown by disability,2012,,36.11,,PERCENT,percent,G,Global,_X,Not Available,,,,,,
DATAFLOW,SPC:DF_BP50_2(1.0),Blue Pacific 2050: People-Centered Development (Thematic Area 2),I,A,Annual,SH_SAN_SAFE,"Proportion of population using safely managed sanitation
            services",TO,Tonga,_T,Total,_T,All ages,_T,National,_T,Total,_T,All education levels,_T,All occupations,_Z,Not applicable,_T,No breakdown by disability,2013,,35.65,,PERCENT,percent,G,Global,_X,Not Available,,,,,,
DATAFLOW,SPC:DF_BP50_2(1.0),Blue Pacific 2050: People-Centered Development (Thematic Area 2),I,A,Annual,SH_SAN_SAFE,"Proportion of population using safely managed sanitation
            services",TO,Tonga,_T,Total,_T,All ages,_T,National,_T,Total,_T,All education levels,_T,All occupations,_Z,Not applicable,_T,No breakdown by disability,2014,,35.2,,PERCENT,percent,G,Global,_X,Not Available,,,,,,
DATAFLOW,SPC:DF_BP50_2(1.0),Blue Pacific 2050: People-Centered Development (Thematic Area 2),I,A,Annual,SH_SAN_SAFE,"Proportion of population using safely managed sanitation
            services",TO,Tonga,_T,Total,_T,All ages,_T,National,_T,Total,_T,All education levels,_T,All occupations,_Z,Not applicable,_T,No breakdown by disability,2015,,34.74,,PERCENT,percent,G,Global,_X,Not Available,,,,,,
DATAFLOW,SPC:DF_BP50_2(1.0),Blue Pacific 2050: People-Centered Development (Thematic Area 2),I,A,Annual,SH_SAN_SAFE,"Proportion of population using safely managed sanitation
            services",TO,Tonga,_T,Total,_T,All ages,_T,National,_T,Total,_T,All education levels,_T,All occupations,_Z,Not applicable,_T,No breakdown by disability,2016,,34.29,,PERCENT,percent,G,Global,_X,Not Available,,,,,,
DATAFLOW,SPC:DF_BP50_2(1.0),Blue Pacific 2050: People-Centered Development (Thematic Area 2),I,A,Annual,SH_SAN_SAFE,"Proportion of population using safely managed sanitation
            services",TO,Tonga,_T,Total,_T,All ages,_T,National,_T,Total,_T,All education levels,_T,All occupations,_Z,Not applicable,_T,No breakdown by disability,2017,,33.85,,PERCENT,percent,G,Global,_X,Not Available,,,,,,
DATAFLOW,SPC:DF_BP50_2(1.0),Blue Pacific 2050: People-Centered Development (Thematic Area 2),I,A,Annual,SH_SAN_SAFE,"Proportion of population using safely managed sanitation
            services",TO,Tonga,_T,Total,_T,All ages,_T,National,_T,Total,_T,All education levels,_T,All occupations,_Z,Not applicable,_T,No breakdown by disability,2018,,33.4,,PERCENT,percent,G,Global,_X,Not Available,,,,,,
DATAFLOW,SPC:DF_BP50_2(1.0),Blue Pacific 2050: People-Centered Development (Thematic Area 2),I,A,Annual,SH_SAN_SAFE,"Proportion of population using safely managed sanitation
            services",TO,Tonga,_T,Total,_T,All ages,_T,National,_T,Total,_T,All education levels,_T,All occupations,_Z,Not applicable,_T,No breakdown by disability,2019,,32.95,,PERCENT,percent,G,Global,_X,Not Available,,,,,,
DATAFLOW,SPC:DF_BP50_2(1.0),Blue Pacific 2050: People-Centered Development (Thematic Area 2),I,A,Annual,SH_SAN_SAFE,"Proportion of population using safely managed sanitation
            services",TO,Tonga,_T,Total,_T,All ages,_T,National,_T,Total,_T,All education levels,_T,All occupations,_Z,Not applicable,_T,No breakdown by disability,2020,,32.54,,PERCENT,percent,G,Global,_X,Not Available,,,,,,
DATAFLOW,SPC:DF_BP50_2(1.0),Blue Pacific 2050: People-Centered Development (Thematic Area 2),I,A,Annual,SH_SAN_SAFE,"Proportion of population using safely managed sanitation
            services",TO,Tonga,_T,Total,_T,All ages,_T,National,_T,Total,_T,All education levels,_T,All occupations,_Z,Not applicable,_T,No breakdown by disability,2021,,32.26,,PERCENT,percent,G,Global,_X,Not Available,,,,,,
DATAFLOW,SPC:DF_BP50_2(1.0),Blue Pacific 2050: People-Centered Development (Thematic Area 2),I,A,Annual,SH_SAN_SAFE,"Proportion of population using safely managed sanitation
            services",TO,Tonga,_T,Total,_T,All ages,_T,National,_T,Total,_T,All education levels,_T,All occupations,_Z,Not applicable,_T,No breakdown by disability,2022,,32.05,,PERCENT,percent,G,Global,_X,Not Available,,,,,,
DATAFLOW,SPC:DF_BP50_2(1.0),Blue Pacific 2050: People-Centered Development (Thematic Area 2),I,A,Annual,SPC_6_3_1,Proportion of wastewater safely treated,TO,Tonga,_T,Total,_T,All ages,_T,National,_T,Total,_T,All education levels,_T,All occupations,_Z,Not applicable,_T,No breakdown by disability,2015,,99.5,,PERCENT,percent,N,National,C,Country Data,,,,,,
DATAFLOW,SPC:DF_BP50_2(1.0),Blue Pacific 2050: People-Centered Development (Thematic Area 2),I,A,Annual,SPC_6_3_1,Proportion of wastewater safely treated,TO,Tonga,_T,Total,_T,All ages,_T,National,_T,Total,_T,All education levels,_T,All occupations,_Z,Not applicable,_T,No breakdown by disability,2020,,28.6,,PERCENT,percent,G,Global,E,Estimated,"World Health Organisation, 2020.",,,,Domestic wastewater flows safely treated.,
DATAFLOW,SPC:DF_BP50_2(1.0),Blue Pacific 2050: People-Centered Development (Thematic Area 2),I,A,Annual,BPI_MANASL2,National strategy addressing NCDs and risk factors,TV,Tuvalu,_T,Total,_T,All ages,_T,National,_T,Total,_T,All education levels,_T,All occupations,_Z,Not applicable,_T,No breakdown by disability,2017,,6,,N,units,R,Regional,C,Country Data,Pacific Mana Dashboard https://pacificdata.org/health-dashboard,,,,,
DATAFLOW,SPC:DF_BP50_2(1.0),Blue Pacific 2050: People-Centered Development (Thematic Area 2),I,A,Annual,BPI_MANASL2,National strategy addressing NCDs and risk factors,TV,Tuvalu,_T,Total,_T,All ages,_T,National,_T,Total,_T,All education levels,_T,All occupations,_Z,Not applicable,_T,No breakdown by disability,2019,,6,,N,units,R,Regional,C,Country Data,Pacific Mana Dashboard https://pacificdata.org/health-dashboard,,,,,
DATAFLOW,SPC:DF_BP50_2(1.0),Blue Pacific 2050: People-Centered Development (Thematic Area 2),I,A,Annual,BPI_MANASL2,National strategy addressing NCDs and risk factors,TV,Tuvalu,_T,Total,_T,All ages,_T,National,_T,Total,_T,All education levels,_T,All occupations,_Z,Not applicable,_T,No breakdown by disability,2021,,6,,N,units,R,Regional,C,Country Data,Pacific Mana Dashboard https://pacificdata.org/health-dashboard,,,,,
DATAFLOW,SPC:DF_BP50_2(1.0),Blue Pacific 2050: People-Centered Development (Thematic Area 2),I,A,Annual,BPI_MANAF5,Healthy food policies in schools,KI,Kiribati,_T,Total,_T,All ages,_T,National,_T,Total,_T,All education levels,_T,All occupations,_Z,Not applicable,_T,No breakdown by disability,2017,,4,,N,units,R,Regional,C,Country Data,Pacific Mana Dashboard https://pacificdata.org/health-dashboard,,,,,
DATAFLOW,SPC:DF_BP50_2(1.0),Blue Pacific 2050: People-Centered Development (Thematic Area 2),I,A,Annual,BPI_MANAF5,Healthy food policies in schools,KI,Kiribati,_T,Total,_T,All ages,_T,National,_T,Total,_T,All education levels,_T,All occupations,_Z,Not applicable,_T,No breakdown by disability,2019,,4,,N,units,R,Regional,C,Country Data,Pacific Mana Dashboard https://pacificdata.org/health-dashboard,,,,,
DATAFLOW,SPC:DF_BP50_2(1.0),Blue Pacific 2050: People-Centered Development (Thematic Area 2),I,A,Annual,BPI_MANAF5,Healthy food policies in schools,KI,Kiribati,_T,Total,_T,All ages,_T,National,_T,Total,_T,All education levels,_T,All occupations,_Z,Not applicable,_T,No breakdown by disability,2021,,4,,N,units,R,Regional,C,Country Data,Pacific Mana Dashboard https://pacificdata.org/health-dashboard,,,,,
DATAFLOW,SPC:DF_BP50_2(1.0),Blue Pacific 2050: People-Centered Development (Thematic Area 2),I,A,Annual,BPI_MANAP1,Compulsory physical education in school curriculum,SB,Solomon Islands,_T,Total,_T,All ages,_T,National,_T,Total,_T,All education levels,_T,All occupations,_Z,Not applicable,_T,No breakdown by disability,2017,,5,,N,units,R,Regional,C,Country Data,Pacific Mana Dashboard https://pacificdata.org/health-dashboard,,,,,
DATAFLOW,SPC:DF_BP50_2(1.0),Blue Pacific 2050: People-Centered Development (Thematic Area 2),I,A,Annual,BPI_MANAP1,Compulsory physical education in school curriculum,SB,Solomon Islands,_T,Total,_T,All ages,_T,National,_T,Total,_T,All education levels,_T,All occupations,_Z,Not applicable,_T,No breakdown by disability,2019,,5,,N,units,R,Regional,C,Country Data,Pacific Mana Dashboard https://pacificdata.org/health-dashboard,,,,,
DATAFLOW,SPC:DF_BP50_2(1.0),Blue Pacific 2050: People-Centered Development (Thematic Area 2),I,A,Annual,BPI_MANAP1,Compulsory physical education in school curriculum,SB,Solomon Islands,_T,Total,_T,All ages,_T,National,_T,Total,_T,All education levels,_T,All occupations,_Z,Not applicable,_T,No breakdown by disability,2021,,5,,N,units,R,Regional,C,Country Data,Pacific Mana Dashboard https://pacificdata.org/health-dashboard,,,,,
DATAFLOW,SPC:DF_BP50_2(1.0),Blue Pacific 2050: People-Centered Development (Thematic Area 2),I,A,Annual,SPC_3_8_1,Coverage of essential health services,NR,Nauru,_T,Total,_T,All ages,_T,National,_T,Total,_T,All education levels,_T,All occupations,_Z,Not applicable,_T,No breakdown by disability,2000,,35.09,,INDEX,index,G,Global,_X,Not Available,,,,,,
DATAFLOW,SPC:DF_BP50_2(1.0),Blue Pacific 2050: People-Centered Development (Thematic Area 2),I,A,Annual,SPC_3_8_1,Coverage of essential health services,NR,Nauru,_T,Total,_T,All ages,_T,National,_T,Total,_T,All education levels,_T,All occupations,_Z,Not applicable,_T,No breakdown by disability,2005,,40.2,,INDEX,index,G,Global,_X,Not Available,,,,,,
DATAFLOW,SPC:DF_BP50_2(1.0),Blue Pacific 2050: People-Centered Development (Thematic Area 2),I,A,Annual,SPC_3_8_1,Coverage of essential health services,NR,Nauru,_T,Total,_T,All ages,_T,National,_T,Total,_T,All education levels,_T,All occupations,_Z,Not applicable,_T,No breakdown by disability,2010,,51.98,,INDEX,index,G,Global,_X,Not Available,,,,,,
DATAFLOW,SPC:DF_BP50_2(1.0),Blue Pacific 2050: People-Centered Development (Thematic Area 2),I,A,Annual,SPC_3_8_1,Coverage of essential health services,NR,Nauru,_T,Total,_T,All ages,_T,National,_T,Total,_T,All education levels,_T,All occupations,_Z,Not applicable,_T,No breakdown by disability,2015,,57.2,,INDEX,index,G,Global,_X,Not Available,,,,,,
DATAFLOW,SPC:DF_BP50_2(1.0),Blue Pacific 2050: People-Centered Development (Thematic Area 2),I,A,Annual,SPC_3_8_1,Coverage of essential health services,NR,Nauru,_T,Total,_T,All ages,_T,National,_T,Total,_T,All education levels,_T,All occupations,_Z,Not applicable,_T,No breakdown by disability,2017,,58.66,,INDEX,index,G,Global,_X,Not Available,,,,,,
DATAFLOW,SPC:DF_BP50_2(1.0),Blue Pacific 2050: People-Centered Development (Thematic Area 2),I,A,Annual,SPC_3_8_1,Coverage of essential health services,NR,Nauru,_T,Total,_T,All ages,_T,National,_T,Total,_T,All education levels,_T,All occupations,_Z,Not applicable,_T,No breakdown by disability,2019,,59.52,,INDEX,index,G,Global,_X,Not Available,,,,,,
DATAFLOW,SPC:DF_BP50_2(1.0),Blue Pacific 2050: People-Centered Development (Thematic Area 2),I,A,Annual,SPC_3_8_1,Coverage of essential health services,NR,Nauru,_T,Total,_T,All ages,_T,National,_T,Total,_T,All education levels,_T,All occupations,_Z,Not applicable,_T,No breakdown by disability,2021,,60.35,,INDEX,index,G,Global,_X,Not Available,,,,,,
DATAFLOW,SPC:DF_BP50_2(1.0),Blue Pacific 2050: People-Centered Development (Thematic Area 2),I,A,Annual,SH_H2O_IMPR,Population using an improved drinking water source,PG,Papua New Guinea,_T,Total,_T,All ages,_T,National,_T,Total,_T,All education levels,_T,All occupations,_Z,Not applicable,_T,No breakdown by disability,2015,,39.6,,RATIO_POP,ratio to total population,G,Global,E,Estimated,"WHO/UNICEF Joint Monitoring Programme for Water Supply, Sanitation and Hygiene (2017)",,,,,
DATAFLOW,SPC:DF_BP50_2(1.0),Blue Pacific 2050: People-Centered Development (Thematic Area 2),I,A,Annual,BPI_MANAF5,Healthy food policies in schools,TV,Tuvalu,_T,Total,_T,All ages,_T,National,_T,Total,_T,All education levels,_T,All occupations,_Z,Not applicable,_T,No breakdown by disability,2017,,2,,N,units,R,Regional,C,Country Data,Pacific Mana Dashboard https://pacificdata.org/health-dashboard,,,,,
DATAFLOW,SPC:DF_BP50_2(1.0),Blue Pacific 2050: People-Centered Development (Thematic Area 2),I,A,Annual,BPI_MANAF5,Healthy food policies in schools,TV,Tuvalu,_T,Total,_T,All ages,_T,National,_T,Total,_T,All education levels,_T,All occupations,_Z,Not applicable,_T,No breakdown by disability,2019,,2,,N,units,R,Regional,C,Country Data,Pacific Mana Dashboard https://pacificdata.org/health-dashboard,,,,,
DATAFLOW,SPC:DF_BP50_2(1.0),Blue Pacific 2050: People-Centered Development (Thematic Area 2),I,A,Annual,BPI_MANAF5,Healthy food policies in schools,TV,Tuvalu,_T,Total,_T,All ages,_T,National,_T,Total,_T,All education levels,_T,All occupations,_Z,Not applicable,_T,No breakdown by disability,2021,,2,,N,units,R,Regional,C,Country Data,Pacific Mana Dashboard https://pacificdata.org/health-dashboard,,,,,
DATAFLOW,SPC:DF_BP50_2(1.0),Blue Pacific 2050: People-Centered Development (Thematic Area 2),I,A,Annual,BPI_MANASL2,National strategy addressing NCDs and risk factors,NU,Niue,_T,Total,_T,All ages,_T,National,_T,Total,_T,All education levels,_T,All occupations,_Z,Not applicable,_T,No breakdown by disability,2017,,6,,N,units,R,Regional,C,Country Data,Pacific Mana Dashboard https://pacificdata.org/health-dashboard,,,,,
DATAFLOW,SPC:DF_BP50_2(1.0),Blue Pacific 2050: People-Centered Development (Thematic Area 2),I,A,Annual,BPI_MANASL2,National strategy addressing NCDs and risk factors,NU,Niue,_T,Total,_T,All ages,_T,National,_T,Total,_T,All education levels,_T,All occupations,_Z,Not applicable,_T,No breakdown by disability,2019,,6,,N,units,R,Regional,C,Country Data,Pacific Mana Dashboard https://pacificdata.org/health-dashboard,,,,,
DATAFLOW,SPC:DF_BP50_2(1.0),Blue Pacific 2050: People-Centered Development (Thematic Area 2),I,A,Annual,BPI_MANASL2,National strategy addressing NCDs and risk factors,NU,Niue,_T,Total,_T,All ages,_T,National,_T,Total,_T,All education levels,_T,All occupations,_Z,Not applicable,_T,No breakdown by disability,2021,,2,,N,units,R,Regional,C,Country Data,Pacific Mana Dashboard https://pacificdata.org/health-dashboard,,,,,
DATAFLOW,SPC:DF_BP50_2(1.0),Blue Pacific 2050: People-Centered Development (Thematic Area 2),I,A,Annual,BPI_MANAF5,Healthy food policies in schools,NC,New Caledonia,_T,Total,_T,All ages,_T,National,_T,Total,_T,All education levels,_T,All occupations,_Z,Not applicable,_T,No breakdown by disability,2017,,4,,N,units,R,Regional,C,Country Data,Pacific Mana Dashboard https://pacificdata.org/health-dashboard,,,,,
DATAFLOW,SPC:DF_BP50_2(1.0),Blue Pacific 2050: People-Centered Development (Thematic Area 2),I,A,Annual,BPI_MANAF5,Healthy food policies in schools,NC,New Caledonia,_T,Total,_T,All ages,_T,National,_T,Total,_T,All education levels,_T,All occupations,_Z,Not applicable,_T,No breakdown by disability,2019,,4,,N,units,R,Regional,C,Country Data,Pacific Mana Dashboard https://pacificdata.org/health-dashboard,,,,,
DATAFLOW,SPC:DF_BP50_2(1.0),Blue Pacific 2050: People-Centered Development (Thematic Area 2),I,A,Annual,BPI_MANAF5,Healthy food policies in schools,NC,New Caledonia,_T,Total,_T,All ages,_T,National,_T,Total,_T,All education levels,_T,All occupations,_Z,Not applicable,_T,No breakdown by disability,2021,,4,,N,units,R,Regional,C,Country Data,Pacific Mana Dashboard https://pacificdata.org/health-dashboard,,,,,
DATAFLOW,SPC:DF_BP50_2(1.0),Blue Pacific 2050: People-Centered Development (Thematic Area 2),I,A,Annual,SH_SAN_SAFE,"Proportion of population using safely managed sanitation
            services",TV,Tuvalu,_T,Total,_T,All ages,_T,National,_T,Total,_T,All education levels,_T,All occupations,_Z,Not applicable,_T,No breakdown by disability,2000,,41.97,,PERCENT,percent,G,Global,_X,Not Available,,,,,,
DATAFLOW,SPC:DF_BP50_2(1.0),Blue Pacific 2050: People-Centered Development (Thematic Area 2),I,A,Annual,SH_SAN_SAFE,"Proportion of population using safely managed sanitation
            services",TV,Tuvalu,_T,Total,_T,All ages,_T,National,_T,Total,_T,All education levels,_T,All occupations,_Z,Not applicable,_T,No breakdown by disability,2001,,42.29,,PERCENT,percent,G,Global,_X,Not Available,,,,,,
DATAFLOW,SPC:DF_BP50_2(1.0),Blue Pacific 2050: People-Centered Development (Thematic Area 2),I,A,Annual,SH_SAN_SAFE,"Proportion of population using safely managed sanitation
            services",TV,Tuvalu,_T,Total,_T,All ages,_T,National,_T,Total,_T,All education levels,_T,All occupations,_Z,Not applicable,_T,No breakdown by disability,2002,,42.61,,PERCENT,percent,G,Global,_X,Not Available,,,,,,
DATAFLOW,SPC:DF_BP50_2(1.0),Blue Pacific 2050: People-Centered Development (Thematic Area 2),I,A,Annual,SH_SAN_SAFE,"Proportion of population using safely managed sanitation
            services",TV,Tuvalu,_T,Total,_T,All ages,_T,National,_T,Total,_T,All education levels,_T,All occupations,_Z,Not applicable,_T,No breakdown by disability,2003,,42.88,,PERCENT,percent,G,Global,_X,Not Available,,,,,,
DATAFLOW,SPC:DF_BP50_2(1.0),Blue Pacific 2050: People-Centered Development (Thematic Area 2),I,A,Annual,SH_SAN_SAFE,"Proportion of population using safely managed sanitation
            services",TV,Tuvalu,_T,Total,_T,All ages,_T,National,_T,Total,_T,All education levels,_T,All occupations,_Z,Not applicable,_T,No breakdown by disability,2004,,43.12,,PERCENT,percent,G,Global,_X,Not Available,,,,,,
DATAFLOW,SPC:DF_BP50_2(1.0),Blue Pacific 2050: People-Centered Development (Thematic Area 2),I,A,Annual,SH_SAN_SAFE,"Proportion of population using safely managed sanitation
            services",TV,Tuvalu,_T,Total,_T,All ages,_T,National,_T,Total,_T,All education levels,_T,All occupations,_Z,Not applicable,_T,No breakdown by disability,2005,,43.35,,PERCENT,percent,G,Global,_X,Not Available,,,,,,
DATAFLOW,SPC:DF_BP50_2(1.0),Blue Pacific 2050: People-Centered Development (Thematic Area 2),I,A,Annual,SH_SAN_SAFE,"Proportion of population using safely managed sanitation
            services",TV,Tuvalu,_T,Total,_T,All ages,_T,National,_T,Total,_T,All education levels,_T,All occupations,_Z,Not applicable,_T,No breakdown by disability,2006,,43.44,,PERCENT,percent,G,Global,_X,Not Available,,,,,,
DATAFLOW,SPC:DF_BP50_2(1.0),Blue Pacific 2050: People-Centered Development (Thematic Area 2),I,A,Annual,SH_SAN_SAFE,"Proportion of population using safely managed sanitation
            services",TV,Tuvalu,_T,Total,_T,All ages,_T,National,_T,Total,_T,All education levels,_T,All occupations,_Z,Not applicable,_T,No breakdown by disability,2007,,43.52,,PERCENT,percent,G,Global,_X,Not Available,,,,,,
DATAFLOW,SPC:DF_BP50_2(1.0),Blue Pacific 2050: People-Centered Development (Thematic Area 2),I,A,Annual,SH_SAN_SAFE,"Proportion of population using safely managed sanitation
            services",TV,Tuvalu,_T,Total,_T,All ages,_T,National,_T,Total,_T,All education levels,_T,All occupations,_Z,Not applicable,_T,No breakdown by disability,2008,,43.59,,PERCENT,percent,G,Global,_X,Not Available,,,,,,
DATAFLOW,SPC:DF_BP50_2(1.0),Blue Pacific 2050: People-Centered Development (Thematic Area 2),I,A,Annual,SH_SAN_SAFE,"Proportion of population using safely managed sanitation
            services",TV,Tuvalu,_T,Total,_T,All ages,_T,National,_T,Total,_T,All education levels,_T,All occupations,_Z,Not applicable,_T,No breakdown by disability,2009,,43.66,,PERCENT,percent,G,Global,_X,Not Available,,,,,,
DATAFLOW,SPC:DF_BP50_2(1.0),Blue Pacific 2050: People-Centered Development (Thematic Area 2),I,A,Annual,SH_SAN_SAFE,"Proportion of population using safely managed sanitation
            services",TV,Tuvalu,_T,Total,_T,All ages,_T,National,_T,Total,_T,All education levels,_T,All occupations,_Z,Not applicable,_T,No breakdown by disability,2010,,43.72,,PERCENT,percent,G,Global,_X,Not Available,,,,,,
DATAFLOW,SPC:DF_BP50_2(1.0),Blue Pacific 2050: People-Centered Development (Thematic Area 2),I,A,Annual,SH_SAN_SAFE,"Proportion of population using safely managed sanitation
            services",TV,Tuvalu,_T,Total,_T,All ages,_T,National,_T,Total,_T,All education levels,_T,All occupations,_Z,Not applicable,_T,No breakdown by disability,2011,,43.1,,PERCENT,percent,G,Global,_X,Not Available,,,,,,
DATAFLOW,SPC:DF_BP50_2(1.0),Blue Pacific 2050: People-Centered Development (Thematic Area 2),I,A,Annual,SH_SAN_SAFE,"Proportion of population using safely managed sanitation
            services",TV,Tuvalu,_T,Total,_T,All ages,_T,National,_T,Total,_T,All education levels,_T,All occupations,_Z,Not applicable,_T,No breakdown by disability,2012,,42.49,,PERCENT,percent,G,Global,_X,Not Available,,,,,,
DATAFLOW,SPC:DF_BP50_2(1.0),Blue Pacific 2050: People-Centered Development (Thematic Area 2),I,A,Annual,SH_SAN_SAFE,"Proportion of population using safely managed sanitation
            services",TV,Tuvalu,_T,Total,_T,All ages,_T,National,_T,Total,_T,All education levels,_T,All occupations,_Z,Not applicable,_T,No breakdown by disability,2013,,41.9,,PERCENT,percent,G,Global,_X,Not Available,,,,,,
DATAFLOW,SPC:DF_BP50_2(1.0),Blue Pacific 2050: People-Centered Development (Thematic Area 2),I,A,Annual,SH_SAN_SAFE,"Proportion of population using safely managed sanitation
            services",TV,Tuvalu,_T,Total,_T,All ages,_T,National,_T,Total,_T,All education levels,_T,All occupations,_Z,Not applicable,_T,No breakdown by disability,2014,,41.32,,PERCENT,percent,G,Global,_X,Not Available,,,,,,
DATAFLOW,SPC:DF_BP50_2(1.0),Blue Pacific 2050: People-Centered Development (Thematic Area 2),I,A,Annual,SH_SAN_SAFE,"Proportion of population using safely managed sanitation
            services",TV,Tuvalu,_T,Total,_T,All ages,_T,National,_T,Total,_T,All education levels,_T,All occupations,_Z,Not applicable,_T,No breakdown by disability,2015,,40.76,,PERCENT,percent,G,Global,_X,Not Available,,,,,,
DATAFLOW,SPC:DF_BP50_2(1.0),Blue Pacific 2050: People-Centered Development (Thematic Area 2),I,A,Annual,SH_SAN_SAFE,"Proportion of population using safely managed sanitation
            services",TV,Tuvalu,_T,Total,_T,All ages,_T,National,_T,Total,_T,All education levels,_T,All occupations,_Z,Not applicable,_T,No breakdown by disability,2016,,40.21,,PERCENT,percent,G,Global,_X,Not Available,,,,,,
DATAFLOW,SPC:DF_BP50_2(1.0),Blue Pacific 2050: People-Centered Development (Thematic Area 2),I,A,Annual,SH_SAN_SAFE,"Proportion of population using safely managed sanitation
            services",TV,Tuvalu,_T,Total,_T,All ages,_T,National,_T,Total,_T,All education levels,_T,All occupations,_Z,Not applicable,_T,No breakdown by disability,2017,,39.68,,PERCENT,percent,G,Global,_X,Not Available,,,,,,
DATAFLOW,SPC:DF_BP50_2(1.0),Blue Pacific 2050: People-Centered Development (Thematic Area 2),I,A,Annual,SH_SAN_SAFE,"Proportion of population using safely managed sanitation
            services",TV,Tuvalu,_T,Total,_T,All ages,_T,National,_T,Total,_T,All education levels,_T,All occupations,_Z,Not applicable,_T,No breakdown by disability,2018,,39.17,,PERCENT,percent,G,Global,_X,Not Available,,,,,,
DATAFLOW,SPC:DF_BP50_2(1.0),Blue Pacific 2050: People-Centered Development (Thematic Area 2),I,A,Annual,SH_SAN_SAFE,"Proportion of population using safely managed sanitation
            services",TV,Tuvalu,_T,Total,_T,All ages,_T,National,_T,Total,_T,All education levels,_T,All occupations,_Z,Not applicable,_T,No breakdown by disability,2019,,38.66,,PERCENT,percent,G,Global,_X,Not Available,,,,,,
DATAFLOW,SPC:DF_BP50_2(1.0),Blue Pacific 2050: People-Centered Development (Thematic Area 2),I,A,Annual,SH_SAN_SAFE,"Proportion of population using safely managed sanitation
            services",TV,Tuvalu,_T,Total,_T,All ages,_T,National,_T,Total,_T,All education levels,_T,All occupations,_Z,Not applicable,_T,No breakdown by disability,2020,,38.17,,PERCENT,percent,G,Global,_X,Not Available,,,,,,
DATAFLOW,SPC:DF_BP50_2(1.0),Blue Pacific 2050: People-Centered Development (Thematic Area 2),I,A,Annual,SH_SAN_SAFE,"Proportion of population using safely managed sanitation
            services",TV,Tuvalu,_T,Total,_T,All ages,_T,National,_T,Total,_T,All education levels,_T,All occupations,_Z,Not applicable,_T,No breakdown by disability,2021,,37.7,,PERCENT,percent,G,Global,_X,Not Available,,,,,,
DATAFLOW,SPC:DF_BP50_2(1.0),Blue Pacific 2050: People-Centered Development (Thematic Area 2),I,A,Annual,SH_SAN_SAFE,"Proportion of population using safely managed sanitation
            services",TV,Tuvalu,_T,Total,_T,All ages,_T,National,_T,Total,_T,All education levels,_T,All occupations,_Z,Not applicable,_T,No breakdown by disability,2022,,37.23,,PERCENT,percent,G,Global,_X,Not Available,,,,,,
DATAFLOW,SPC:DF_BP50_2(1.0),Blue Pacific 2050: People-Centered Development (Thematic Area 2),I,A,Annual,SPC_3_8_1,Coverage of essential health services,NU,Niue,_T,Total,_T,All ages,_T,National,_T,Total,_T,All education levels,_T,All occupations,_Z,Not applicable,_T,No breakdown by disability,2000,,42.36,,INDEX,index,G,Global,_X,Not Available,,,,,,
DATAFLOW,SPC:DF_BP50_2(1.0),Blue Pacific 2050: People-Centered Development (Thematic Area 2),I,A,Annual,SPC_3_8_1,Coverage of essential health services,NU,Niue,_T,Total,_T,All ages,_T,National,_T,Total,_T,All education levels,_T,All occupations,_Z,Not applicable,_T,No breakdown by disability,2005,,43.66,,INDEX,index,G,Global,_X,Not Available,,,,,,
DATAFLOW,SPC:DF_BP50_2(1.0),Blue Pacific 2050: People-Centered Development (Thematic Area 2),I,A,Annual,SPC_3_8_1,Coverage of essential health services,NU,Niue,_T,Total,_T,All ages,_T,National,_T,Total,_T,All education levels,_T,All occupations,_Z,Not applicable,_T,No breakdown by disability,2010,,53.49,,INDEX,index,G,Global,_X,Not Available,,,,,,
DATAFLOW,SPC:DF_BP50_2(1.0),Blue Pacific 2050: People-Centered Development (Thematic Area 2),I,A,Annual,SPC_3_8_1,Coverage of essential health services,NU,Niue,_T,Total,_T,All ages,_T,National,_T,Total,_T,All education levels,_T,All occupations,_Z,Not applicable,_T,No breakdown by disability,2015,,59.23,,INDEX,index,G,Global,_X,Not Available,,,,,,
DATAFLOW,SPC:DF_BP50_2(1.0),Blue Pacific 2050: People-Centered Development (Thematic Area 2),I,A,Annual,SPC_3_8_1,Coverage of essential health services,NU,Niue,_T,Total,_T,All ages,_T,National,_T,Total,_T,All education levels,_T,All occupations,_Z,Not applicable,_T,No breakdown by disability,2017,,61.33,,INDEX,index,G,Global,_X,Not Available,,,,,,
DATAFLOW,SPC:DF_BP50_2(1.0),Blue Pacific 2050: People-Centered Development (Thematic Area 2),I,A,Annual,SPC_3_8_1,Coverage of essential health services,NU,Niue,_T,Total,_T,All ages,_T,National,_T,Total,_T,All education levels,_T,All occupations,_Z,Not applicable,_T,No breakdown by disability,2019,,63.16,,INDEX,index,G,Global,_X,Not Available,,,,,,
DATAFLOW,SPC:DF_BP50_2(1.0),Blue Pacific 2050: People-Centered Development (Thematic Area 2),I,A,Annual,SPC_3_8_1,Coverage of essential health services,NU,Niue,_T,Total,_T,All ages,_T,National,_T,Total,_T,All education levels,_T,All occupations,_Z,Not applicable,_T,No breakdown by disability,2021,,43.59,,INDEX,index,G,Global,_X,Not Available,,,,,,
DATAFLOW,SPC:DF_BP50_2(1.0),Blue Pacific 2050: People-Centered Development (Thematic Area 2),I,A,Annual,SH_H2O_IMPR,Population using an improved drinking water source,PW,Palau,_T,Total,_T,All ages,_T,National,_T,Total,_T,All education levels,_T,All occupations,_Z,Not applicable,_T,No breakdown by disability,2015,,99,,RATIO_POP,ratio to total population,G,Global,E,Estimated,"WHO/UNICEF Joint Monitoring Programme for Water Supply, Sanitation and Hygiene (2017)",,,,,
DATAFLOW,SPC:DF_BP50_2(1.0),Blue Pacific 2050: People-Centered Development (Thematic Area 2),I,A,Annual,SPC_6_3_1,Proportion of wastewater safely treated,FJ,Fiji,_T,Total,_T,All ages,_T,National,_T,Total,_T,All education levels,_T,All occupations,_Z,Not applicable,_T,No breakdown by disability,2014,,36,,PERCENT,percent,G,Global,C,Country Data,ADB,,,,,
DATAFLOW,SPC:DF_BP50_2(1.0),Blue Pacific 2050: People-Centered Development (Thematic Area 2),I,A,Annual,BPI_MANAF5,Healthy food policies in schools,MH,Marshall Islands,_T,Total,_T,All ages,_T,National,_T,Total,_T,All education levels,_T,All occupations,_Z,Not applicable,_T,No breakdown by disability,2017,,2,,N,units,R,Regional,C,Country Data,Pacific Mana Dashboard https://pacificdata.org/health-dashboard,,,,,
DATAFLOW,SPC:DF_BP50_2(1.0),Blue Pacific 2050: People-Centered Development (Thematic Area 2),I,A,Annual,BPI_MANAF5,Healthy food policies in schools,MH,Marshall Islands,_T,Total,_T,All ages,_T,National,_T,Total,_T,All education levels,_T,All occupations,_Z,Not applicable,_T,No breakdown by disability,2019,,1,,N,units,R,Regional,C,Country Data,Pacific Mana Dashboard https://pacificdata.org/health-dashboard,,,,,
DATAFLOW,SPC:DF_BP50_2(1.0),Blue Pacific 2050: People-Centered Development (Thematic Area 2),I,A,Annual,BPI_MANAF5,Healthy food policies in schools,MH,Marshall Islands,_T,Total,_T,All ages,_T,National,_T,Total,_T,All education levels,_T,All occupations,_Z,Not applicable,_T,No breakdown by disability,2021,,3,,N,units,R,Regional,C,Country Data,Pacific Mana Dashboard https://pacificdata.org/health-dashboard,,,,,
DATAFLOW,SPC:DF_BP50_2(1.0),Blue Pacific 2050: People-Centered Development (Thematic Area 2),I,A,Annual,BPI_MANAP1,Compulsory physical education in school curriculum,FJ,Fiji,_T,Total,_T,All ages,_T,National,_T,Total,_T,All education levels,_T,All occupations,_Z,Not applicable,_T,No breakdown by disability,2017,,2,,N,units,R,Regional,C,Country Data,Pacific Mana Dashboard https://pacificdata.org/health-dashboard,,,,,
DATAFLOW,SPC:DF_BP50_2(1.0),Blue Pacific 2050: People-Centered Development (Thematic Area 2),I,A,Annual,BPI_MANAP1,Compulsory physical education in school curriculum,FJ,Fiji,_T,Total,_T,All ages,_T,National,_T,Total,_T,All education levels,_T,All occupations,_Z,Not applicable,_T,No breakdown by disability,2019,,2,,N,units,R,Regional,C,Country Data,Pacific Mana Dashboard https://pacificdata.org/health-dashboard,,,,,
DATAFLOW,SPC:DF_BP50_2(1.0),Blue Pacific 2050: People-Centered Development (Thematic Area 2),I,A,Annual,BPI_MANAP1,Compulsory physical education in school curriculum,FJ,Fiji,_T,Total,_T,All ages,_T,National,_T,Total,_T,All education levels,_T,All occupations,_Z,Not applicable,_T,No breakdown by disability,2021,,5,,N,units,R,Regional,C,Country Data,Pacific Mana Dashboard https://pacificdata.org/health-dashboard,,,,,
DATAFLOW,SPC:DF_BP50_2(1.0),Blue Pacific 2050: People-Centered Development (Thematic Area 2),I,A,Annual,SH_H2O_IMPR,Population using an improved drinking water source,FJ,Fiji,_T,Total,_T,All ages,_T,National,_T,Total,_T,All education levels,_T,All occupations,_Z,Not applicable,_T,No breakdown by disability,2015,,98,,RATIO_POP,ratio to total population,G,Global,E,Estimated,"WHO/UNICEF Joint Monitoring Programme for Water Supply, Sanitation and Hygiene (2017)",,,,,
DATAFLOW,SPC:DF_BP50_2(1.0),Blue Pacific 2050: People-Centered Development (Thematic Area 2),I,A,Annual,BPI_MANASL2,National strategy addressing NCDs and risk factors,NC,New Caledonia,_T,Total,_T,All ages,_T,National,_T,Total,_T,All education levels,_T,All occupations,_Z,Not applicable,_T,No breakdown by disability,2017,,2,,N,units,R,Regional,C,Country Data,Pacific Mana Dashboard https://pacificdata.org/health-dashboard,,,,,
DATAFLOW,SPC:DF_BP50_2(1.0),Blue Pacific 2050: People-Centered Development (Thematic Area 2),I,A,Annual,BPI_MANASL2,National strategy addressing NCDs and risk factors,NC,New Caledonia,_T,Total,_T,All ages,_T,National,_T,Total,_T,All education levels,_T,All occupations,_Z,Not applicable,_T,No breakdown by disability,2019,,4,,N,units,R,Regional,C,Country Data,Pacific Mana Dashboard https://pacificdata.org/health-dashboard,,,,,
DATAFLOW,SPC:DF_BP50_2(1.0),Blue Pacific 2050: People-Centered Development (Thematic Area 2),I,A,Annual,BPI_MANASL2,National strategy addressing NCDs and risk factors,NC,New Caledonia,_T,Total,_T,All ages,_T,National,_T,Total,_T,All education levels,_T,All occupations,_Z,Not applicable,_T,No breakdown by disability,2021,,4,,N,units,R,Regional,C,Country Data,Pacific Mana Dashboard https://pacificdata.org/health-dashboard,,,,,
DATAFLOW,SPC:DF_BP50_2(1.0),Blue Pacific 2050: People-Centered Development (Thematic Area 2),I,A,Annual,BPI_MANAGL2,National guidelines for care of main NCDs,PG,Papua New Guinea,_T,Total,_T,All ages,_T,National,_T,Total,_T,All education levels,_T,All occupations,_Z,Not applicable,_T,No breakdown by disability,2017,,4,,N,units,R,Regional,C,Country Data,Pacific Mana Dashboard https://pacificdata.org/health-dashboard,,,,,
DATAFLOW,SPC:DF_BP50_2(1.0),Blue Pacific 2050: People-Centered Development (Thematic Area 2),I,A,Annual,BPI_MANAGL2,National guidelines for care of main NCDs,PG,Papua New Guinea,_T,Total,_T,All ages,_T,National,_T,Total,_T,All education levels,_T,All occupations,_Z,Not applicable,_T,No breakdown by disability,2019,,4,,N,units,R,Regional,C,Country Data,Pacific Mana Dashboard https://pacificdata.org/health-dashboard,,,,,
DATAFLOW,SPC:DF_BP50_2(1.0),Blue Pacific 2050: People-Centered Development (Thematic Area 2),I,A,Annual,BPI_MANAGL2,National guidelines for care of main NCDs,PG,Papua New Guinea,_T,Total,_T,All ages,_T,National,_T,Total,_T,All education levels,_T,All occupations,_Z,Not applicable,_T,No breakdown by disability,2021,,4,,N,units,R,Regional,C,Country Data,Pacific Mana Dashboard https://pacificdata.org/health-dashboard,,,,,
DATAFLOW,SPC:DF_BP50_2(1.0),Blue Pacific 2050: People-Centered Development (Thematic Area 2),I,A,Annual,SH_SAN_SAFE,"Proportion of population using safely managed sanitation
            services",WS,Samoa,_T,Total,_T,All ages,_T,National,_T,Total,_T,All education levels,_T,All occupations,_Z,Not applicable,_T,No breakdown by disability,2000,,47.94,,PERCENT,percent,G,Global,_X,Not Available,,,,,,
DATAFLOW,SPC:DF_BP50_2(1.0),Blue Pacific 2050: People-Centered Development (Thematic Area 2),I,A,Annual,SH_SAN_SAFE,"Proportion of population using safely managed sanitation
            services",WS,Samoa,_T,Total,_T,All ages,_T,National,_T,Total,_T,All education levels,_T,All occupations,_Z,Not applicable,_T,No breakdown by disability,2001,,47.93,,PERCENT,percent,G,Global,_X,Not Available,,,,,,
DATAFLOW,SPC:DF_BP50_2(1.0),Blue Pacific 2050: People-Centered Development (Thematic Area 2),I,A,Annual,SH_SAN_SAFE,"Proportion of population using safely managed sanitation
            services",WS,Samoa,_T,Total,_T,All ages,_T,National,_T,Total,_T,All education levels,_T,All occupations,_Z,Not applicable,_T,No breakdown by disability,2002,,47.94,,PERCENT,percent,G,Global,_X,Not Available,,,,,,
DATAFLOW,SPC:DF_BP50_2(1.0),Blue Pacific 2050: People-Centered Development (Thematic Area 2),I,A,Annual,SH_SAN_SAFE,"Proportion of population using safely managed sanitation
            services",WS,Samoa,_T,Total,_T,All ages,_T,National,_T,Total,_T,All education levels,_T,All occupations,_Z,Not applicable,_T,No breakdown by disability,2003,,47.96,,PERCENT,percent,G,Global,_X,Not Available,,,,,,
DATAFLOW,SPC:DF_BP50_2(1.0),Blue Pacific 2050: People-Centered Development (Thematic Area 2),I,A,Annual,SH_SAN_SAFE,"Proportion of population using safely managed sanitation
            services",WS,Samoa,_T,Total,_T,All ages,_T,National,_T,Total,_T,All education levels,_T,All occupations,_Z,Not applicable,_T,No breakdown by disability,2004,,47.98,,PERCENT,percent,G,Global,_X,Not Available,,,,,,
DATAFLOW,SPC:DF_BP50_2(1.0),Blue Pacific 2050: People-Centered Development (Thematic Area 2),I,A,Annual,SH_SAN_SAFE,"Proportion of population using safely managed sanitation
            services",WS,Samoa,_T,Total,_T,All ages,_T,National,_T,Total,_T,All education levels,_T,All occupations,_Z,Not applicable,_T,No breakdown by disability,2005,,48.21,,PERCENT,percent,G,Global,_X,Not Available,,,,,,
DATAFLOW,SPC:DF_BP50_2(1.0),Blue Pacific 2050: People-Centered Development (Thematic Area 2),I,A,Annual,SH_SAN_SAFE,"Proportion of population using safely managed sanitation
            services",WS,Samoa,_T,Total,_T,All ages,_T,National,_T,Total,_T,All education levels,_T,All occupations,_Z,Not applicable,_T,No breakdown by disability,2006,,48.44,,PERCENT,percent,G,Global,_X,Not Available,,,,,,
DATAFLOW,SPC:DF_BP50_2(1.0),Blue Pacific 2050: People-Centered Development (Thematic Area 2),I,A,Annual,SH_SAN_SAFE,"Proportion of population using safely managed sanitation
            services",WS,Samoa,_T,Total,_T,All ages,_T,National,_T,Total,_T,All education levels,_T,All occupations,_Z,Not applicable,_T,No breakdown by disability,2007,,48.68,,PERCENT,percent,G,Global,_X,Not Available,,,,,,
DATAFLOW,SPC:DF_BP50_2(1.0),Blue Pacific 2050: People-Centered Development (Thematic Area 2),I,A,Annual,SH_SAN_SAFE,"Proportion of population using safely managed sanitation
            services",WS,Samoa,_T,Total,_T,All ages,_T,National,_T,Total,_T,All education levels,_T,All occupations,_Z,Not applicable,_T,No breakdown by disability,2008,,48.84,,PERCENT,percent,G,Global,_X,Not Available,,,,,,
DATAFLOW,SPC:DF_BP50_2(1.0),Blue Pacific 2050: People-Centered Development (Thematic Area 2),I,A,Annual,SH_SAN_SAFE,"Proportion of population using safely managed sanitation
            services",WS,Samoa,_T,Total,_T,All ages,_T,National,_T,Total,_T,All education levels,_T,All occupations,_Z,Not applicable,_T,No breakdown by disability,2009,,49,,PERCENT,percent,G,Global,_X,Not Available,,,,,,
DATAFLOW,SPC:DF_BP50_2(1.0),Blue Pacific 2050: People-Centered Development (Thematic Area 2),I,A,Annual,SH_SAN_SAFE,"Proportion of population using safely managed sanitation
            services",WS,Samoa,_T,Total,_T,All ages,_T,National,_T,Total,_T,All education levels,_T,All occupations,_Z,Not applicable,_T,No breakdown by disability,2010,,49.17,,PERCENT,percent,G,Global,_X,Not Available,,,,,,
DATAFLOW,SPC:DF_BP50_2(1.0),Blue Pacific 2050: People-Centered Development (Thematic Area 2),I,A,Annual,SH_SAN_SAFE,"Proportion of population using safely managed sanitation
            services",WS,Samoa,_T,Total,_T,All ages,_T,National,_T,Total,_T,All education levels,_T,All occupations,_Z,Not applicable,_T,No breakdown by disability,2011,,49.12,,PERCENT,percent,G,Global,_X,Not Available,,,,,,
DATAFLOW,SPC:DF_BP50_2(1.0),Blue Pacific 2050: People-Centered Development (Thematic Area 2),I,A,Annual,SH_SAN_SAFE,"Proportion of population using safely managed sanitation
            services",WS,Samoa,_T,Total,_T,All ages,_T,National,_T,Total,_T,All education levels,_T,All occupations,_Z,Not applicable,_T,No breakdown by disability,2012,,48.56,,PERCENT,percent,G,Global,_X,Not Available,,,,,,
DATAFLOW,SPC:DF_BP50_2(1.0),Blue Pacific 2050: People-Centered Development (Thematic Area 2),I,A,Annual,SH_SAN_SAFE,"Proportion of population using safely managed sanitation
            services",WS,Samoa,_T,Total,_T,All ages,_T,National,_T,Total,_T,All education levels,_T,All occupations,_Z,Not applicable,_T,No breakdown by disability,2013,,48,,PERCENT,percent,G,Global,_X,Not Available,,,,,,
DATAFLOW,SPC:DF_BP50_2(1.0),Blue Pacific 2050: People-Centered Development (Thematic Area 2),I,A,Annual,SH_SAN_SAFE,"Proportion of population using safely managed sanitation
            services",WS,Samoa,_T,Total,_T,All ages,_T,National,_T,Total,_T,All education levels,_T,All occupations,_Z,Not applicable,_T,No breakdown by disability,2014,,47.44,,PERCENT,percent,G,Global,_X,Not Available,,,,,,
DATAFLOW,SPC:DF_BP50_2(1.0),Blue Pacific 2050: People-Centered Development (Thematic Area 2),I,A,Annual,SH_SAN_SAFE,"Proportion of population using safely managed sanitation
            services",WS,Samoa,_T,Total,_T,All ages,_T,National,_T,Total,_T,All education levels,_T,All occupations,_Z,Not applicable,_T,No breakdown by disability,2015,,46.86,,PERCENT,percent,G,Global,_X,Not Available,,,,,,
DATAFLOW,SPC:DF_BP50_2(1.0),Blue Pacific 2050: People-Centered Development (Thematic Area 2),I,A,Annual,SH_SAN_SAFE,"Proportion of population using safely managed sanitation
            services",WS,Samoa,_T,Total,_T,All ages,_T,National,_T,Total,_T,All education levels,_T,All occupations,_Z,Not applicable,_T,No breakdown by disability,2016,,46.29,,PERCENT,percent,G,Global,_X,Not Available,,,,,,
DATAFLOW,SPC:DF_BP50_2(1.0),Blue Pacific 2050: People-Centered Development (Thematic Area 2),I,A,Annual,SH_SAN_SAFE,"Proportion of population using safely managed sanitation
            services",WS,Samoa,_T,Total,_T,All ages,_T,National,_T,Total,_T,All education levels,_T,All occupations,_Z,Not applicable,_T,No breakdown by disability,2017,,45.71,,PERCENT,percent,G,Global,_X,Not Available,,,,,,
DATAFLOW,SPC:DF_BP50_2(1.0),Blue Pacific 2050: People-Centered Development (Thematic Area 2),I,A,Annual,SH_SAN_SAFE,"Proportion of population using safely managed sanitation
            services",WS,Samoa,_T,Total,_T,All ages,_T,National,_T,Total,_T,All education levels,_T,All occupations,_Z,Not applicable,_T,No breakdown by disability,2018,,45.13,,PERCENT,percent,G,Global,_X,Not Available,,,,,,
DATAFLOW,SPC:DF_BP50_2(1.0),Blue Pacific 2050: People-Centered Development (Thematic Area 2),I,A,Annual,SH_SAN_SAFE,"Proportion of population using safely managed sanitation
            services",WS,Samoa,_T,Total,_T,All ages,_T,National,_T,Total,_T,All education levels,_T,All occupations,_Z,Not applicable,_T,No breakdown by disability,2019,,44.54,,PERCENT,percent,G,Global,_X,Not Available,,,,,,
DATAFLOW,SPC:DF_BP50_2(1.0),Blue Pacific 2050: People-Centered Development (Thematic Area 2),I,A,Annual,SH_SAN_SAFE,"Proportion of population using safely managed sanitation
            services",WS,Samoa,_T,Total,_T,All ages,_T,National,_T,Total,_T,All education levels,_T,All occupations,_Z,Not applicable,_T,No breakdown by disability,2020,,44,,PERCENT,percent,G,Global,_X,Not Available,,,,,,
DATAFLOW,SPC:DF_BP50_2(1.0),Blue Pacific 2050: People-Centered Development (Thematic Area 2),I,A,Annual,SH_SAN_SAFE,"Proportion of population using safely managed sanitation
            services",WS,Samoa,_T,Total,_T,All ages,_T,National,_T,Total,_T,All education levels,_T,All occupations,_Z,Not applicable,_T,No breakdown by disability,2021,,43.47,,PERCENT,percent,G,Global,_X,Not Available,,,,,,
DATAFLOW,SPC:DF_BP50_2(1.0),Blue Pacific 2050: People-Centered Development (Thematic Area 2),I,A,Annual,SH_SAN_SAFE,"Proportion of population using safely managed sanitation
            services",WS,Samoa,_T,Total,_T,All ages,_T,National,_T,Total,_T,All education levels,_T,All occupations,_Z,Not applicable,_T,No breakdown by disability,2022,,42.93,,PERCENT,percent,G,Global,_X,Not Available,,,,,,
DATAFLOW,SPC:DF_BP50_2(1.0),Blue Pacific 2050: People-Centered Development (Thematic Area 2),I,A,Annual,SPC_3_8_1,Coverage of essential health services,FJ,Fiji,_T,Total,_T,All ages,_T,National,_T,Total,_T,All education levels,_T,All occupations,_Z,Not applicable,_T,No breakdown by disability,2000,,41.96,,INDEX,index,G,Global,_X,Not Available,,,,,,
DATAFLOW,SPC:DF_BP50_2(1.0),Blue Pacific 2050: People-Centered Development (Thematic Area 2),I,A,Annual,SPC_3_8_1,Coverage of essential health services,FJ,Fiji,_T,Total,_T,All ages,_T,National,_T,Total,_T,All education levels,_T,All occupations,_Z,Not applicable,_T,No breakdown by disability,2005,,50.18,,INDEX,index,G,Global,_X,Not Available,,,,,,
DATAFLOW,SPC:DF_BP50_2(1.0),Blue Pacific 2050: People-Centered Development (Thematic Area 2),I,A,Annual,SPC_3_8_1,Coverage of essential health services,FJ,Fiji,_T,Total,_T,All ages,_T,National,_T,Total,_T,All education levels,_T,All occupations,_Z,Not applicable,_T,No breakdown by disability,2010,,52.5,,INDEX,index,G,Global,_X,Not Available,,,,,,
DATAFLOW,SPC:DF_BP50_2(1.0),Blue Pacific 2050: People-Centered Development (Thematic Area 2),I,A,Annual,SPC_3_8_1,Coverage of essential health services,FJ,Fiji,_T,Total,_T,All ages,_T,National,_T,Total,_T,All education levels,_T,All occupations,_Z,Not applicable,_T,No breakdown by disability,2015,,59.68,,INDEX,index,G,Global,_X,Not Available,,,,,,
DATAFLOW,SPC:DF_BP50_2(1.0),Blue Pacific 2050: People-Centered Development (Thematic Area 2),I,A,Annual,SPC_3_8_1,Coverage of essential health services,FJ,Fiji,_T,Total,_T,All ages,_T,National,_T,Total,_T,All education levels,_T,All occupations,_Z,Not applicable,_T,No breakdown by disability,2017,,58.92,,INDEX,index,G,Global,_X,Not Available,,,,,,
DATAFLOW,SPC:DF_BP50_2(1.0),Blue Pacific 2050: People-Centered Development (Thematic Area 2),I,A,Annual,SPC_3_8_1,Coverage of essential health services,FJ,Fiji,_T,Total,_T,All ages,_T,National,_T,Total,_T,All education levels,_T,All occupations,_Z,Not applicable,_T,No breakdown by disability,2019,,59.43,,INDEX,index,G,Global,_X,Not Available,,,,,,
DATAFLOW,SPC:DF_BP50_2(1.0),Blue Pacific 2050: People-Centered Development (Thematic Area 2),I,A,Annual,SPC_3_8_1,Coverage of essential health services,FJ,Fiji,_T,Total,_T,All ages,_T,National,_T,Total,_T,All education levels,_T,All occupations,_Z,Not applicable,_T,No breakdown by disability,2021,,58.25,,INDEX,index,G,Global,_X,Not Available,,,,,,
DATAFLOW,SPC:DF_BP50_2(1.0),Blue Pacific 2050: People-Centered Development (Thematic Area 2),I,A,Annual,SPC_3_8_1,Coverage of essential health services,PG,Papua New Guinea,_T,Total,_T,All ages,_T,National,_T,Total,_T,All education levels,_T,All occupations,_Z,Not applicable,_T,No breakdown by disability,2000,,24.84,,INDEX,index,G,Global,_X,Not Available,,,,,,
DATAFLOW,SPC:DF_BP50_2(1.0),Blue Pacific 2050: People-Centered Development (Thematic Area 2),I,A,Annual,SPC_3_8_1,Coverage of essential health services,PG,Papua New Guinea,_T,Total,_T,All ages,_T,National,_T,Total,_T,All education levels,_T,All occupations,_Z,Not applicable,_T,No breakdown by disability,2005,,25.99,,INDEX,index,G,Global,_X,Not Available,,,,,,
DATAFLOW,SPC:DF_BP50_2(1.0),Blue Pacific 2050: People-Centered Development (Thematic Area 2),I,A,Annual,SPC_3_8_1,Coverage of essential health services,PG,Papua New Guinea,_T,Total,_T,All ages,_T,National,_T,Total,_T,All education levels,_T,All occupations,_Z,Not applicable,_T,No breakdown by disability,2010,,33.07,,INDEX,index,G,Global,_X,Not Available,,,,,,
DATAFLOW,SPC:DF_BP50_2(1.0),Blue Pacific 2050: People-Centered Development (Thematic Area 2),I,A,Annual,SPC_3_8_1,Coverage of essential health services,PG,Papua New Guinea,_T,Total,_T,All ages,_T,National,_T,Total,_T,All education levels,_T,All occupations,_Z,Not applicable,_T,No breakdown by disability,2015,,35.6,,INDEX,index,G,Global,_X,Not Available,,,,,,
DATAFLOW,SPC:DF_BP50_2(1.0),Blue Pacific 2050: People-Centered Development (Thematic Area 2),I,A,Annual,SPC_3_8_1,Coverage of essential health services,PG,Papua New Guinea,_T,Total,_T,All ages,_T,National,_T,Total,_T,All education levels,_T,All occupations,_Z,Not applicable,_T,No breakdown by disability,2017,,33.35,,INDEX,index,G,Global,_X,Not Available,,,,,,
DATAFLOW,SPC:DF_BP50_2(1.0),Blue Pacific 2050: People-Centered Development (Thematic Area 2),I,A,Annual,SPC_3_8_1,Coverage of essential health services,PG,Papua New Guinea,_T,Total,_T,All ages,_T,National,_T,Total,_T,All education levels,_T,All occupations,_Z,Not applicable,_T,No breakdown by disability,2019,,30.02,,INDEX,index,G,Global,_X,Not Available,,,,,,
DATAFLOW,SPC:DF_BP50_2(1.0),Blue Pacific 2050: People-Centered Development (Thematic Area 2),I,A,Annual,SPC_3_8_1,Coverage of essential health services,PG,Papua New Guinea,_T,Total,_T,All ages,_T,National,_T,Total,_T,All education levels,_T,All occupations,_Z,Not applicable,_T,No breakdown by disability,2021,,30.39,,INDEX,index,G,Global,_X,Not Available,,,,,,
DATAFLOW,SPC:DF_BP50_2(1.0),Blue Pacific 2050: People-Centered Development (Thematic Area 2),I,A,Annual,BPI_MANAF5,Healthy food policies in schools,VU,Vanuatu,_T,Total,_T,All ages,_T,National,_T,Total,_T,All education levels,_T,All occupations,_Z,Not applicable,_T,No breakdown by disability,2017,,3,,N,units,R,Regional,C,Country Data,Pacific Mana Dashboard https://pacificdata.org/health-dashboard,,,,,
DATAFLOW,SPC:DF_BP50_2(1.0),Blue Pacific 2050: People-Centered Development (Thematic Area 2),I,A,Annual,BPI_MANAF5,Healthy food policies in schools,VU,Vanuatu,_T,Total,_T,All ages,_T,National,_T,Total,_T,All education levels,_T,All occupations,_Z,Not applicable,_T,No breakdown by disability,2019,,3,,N,units,R,Regional,C,Country Data,Pacific Mana Dashboard https://pacificdata.org/health-dashboard,,,,,
DATAFLOW,SPC:DF_BP50_2(1.0),Blue Pacific 2050: People-Centered Development (Thematic Area 2),I,A,Annual,BPI_MANAF5,Healthy food policies in schools,VU,Vanuatu,_T,Total,_T,All ages,_T,National,_T,Total,_T,All education levels,_T,All occupations,_Z,Not applicable,_T,No breakdown by disability,2021,,3,,N,units,R,Regional,C,Country Data,Pacific Mana Dashboard https://pacificdata.org/health-dashboard,,,,,
DATAFLOW,SPC:DF_BP50_2(1.0),Blue Pacific 2050: People-Centered Development (Thematic Area 2),I,A,Annual,BPI_MANAGL2,National guidelines for care of main NCDs,PW,Palau,_T,Total,_T,All ages,_T,National,_T,Total,_T,All education levels,_T,All occupations,_Z,Not applicable,_T,No breakdown by disability,2017,,1,,N,units,R,Regional,C,Country Data,Pacific Mana Dashboard https://pacificdata.org/health-dashboard,,,,,
DATAFLOW,SPC:DF_BP50_2(1.0),Blue Pacific 2050: People-Centered Development (Thematic Area 2),I,A,Annual,BPI_MANAGL2,National guidelines for care of main NCDs,PW,Palau,_T,Total,_T,All ages,_T,National,_T,Total,_T,All education levels,_T,All occupations,_Z,Not applicable,_T,No breakdown by disability,2019,,2,,N,units,R,Regional,C,Country Data,Pacific Mana Dashboard https://pacificdata.org/health-dashboard,,,,,
DATAFLOW,SPC:DF_BP50_2(1.0),Blue Pacific 2050: People-Centered Development (Thematic Area 2),I,A,Annual,BPI_MANAGL2,National guidelines for care of main NCDs,PW,Palau,_T,Total,_T,All ages,_T,National,_T,Total,_T,All education levels,_T,All occupations,_Z,Not applicable,_T,No breakdown by disability,2021,,2,,N,units,R,Regional,C,Country Data,Pacific Mana Dashboard https://pacificdata.org/health-dashboard,,,,,
DATAFLOW,SPC:DF_BP50_2(1.0),Blue Pacific 2050: People-Centered Development (Thematic Area 2),I,A,Annual,BPI_MANASL2,National strategy addressing NCDs and risk factors,NR,Nauru,_T,Total,_T,All ages,_T,National,_T,Total,_T,All education levels,_T,All occupations,_Z,Not applicable,_T,No breakdown by disability,2017,,2,,N,units,R,Regional,C,Country Data,Pacific Mana Dashboard https://pacificdata.org/health-dashboard,,,,,
DATAFLOW,SPC:DF_BP50_2(1.0),Blue Pacific 2050: People-Centered Development (Thematic Area 2),I,A,Annual,BPI_MANASL2,National strategy addressing NCDs and risk factors,NR,Nauru,_T,Total,_T,All ages,_T,National,_T,Total,_T,All education levels,_T,All occupations,_Z,Not applicable,_T,No breakdown by disability,2019,,3,,N,units,R,Regional,C,Country Data,Pacific Mana Dashboard https://pacificdata.org/health-dashboard,,,,,
DATAFLOW,SPC:DF_BP50_2(1.0),Blue Pacific 2050: People-Centered Development (Thematic Area 2),I,A,Annual,BPI_MANASL2,National strategy addressing NCDs and risk factors,NR,Nauru,_T,Total,_T,All ages,_T,National,_T,Total,_T,All education levels,_T,All occupations,_Z,Not applicable,_T,No breakdown by disability,2021,,3,,N,units,R,Regional,C,Country Data,Pacific Mana Dashboard https://pacificdata.org/health-dashboard,,,,,
DATAFLOW,SPC:DF_BP50_2(1.0),Blue Pacific 2050: People-Centered Development (Thematic Area 2),I,A,Annual,BPI_MANASL2,National strategy addressing NCDs and risk factors,WS,Samoa,_T,Total,_T,All ages,_T,National,_T,Total,_T,All education levels,_T,All occupations,_Z,Not applicable,_T,No breakdown by disability,2017,,6,,N,units,R,Regional,C,Country Data,Pacific Mana Dashboard https://pacificdata.org/health-dashboard,,,,,
DATAFLOW,SPC:DF_BP50_2(1.0),Blue Pacific 2050: People-Centered Development (Thematic Area 2),I,A,Annual,BPI_MANASL2,National strategy addressing NCDs and risk factors,WS,Samoa,_T,Total,_T,All ages,_T,National,_T,Total,_T,All education levels,_T,All occupations,_Z,Not applicable,_T,No breakdown by disability,2019,,6,,N,units,R,Regional,C,Country Data,Pacific Mana Dashboard https://pacificdata.org/health-dashboard,,,,,
DATAFLOW,SPC:DF_BP50_2(1.0),Blue Pacific 2050: People-Centered Development (Thematic Area 2),I,A,Annual,BPI_MANASL2,National strategy addressing NCDs and risk factors,WS,Samoa,_T,Total,_T,All ages,_T,National,_T,Total,_T,All education levels,_T,All occupations,_Z,Not applicable,_T,No breakdown by disability,2021,,6,,N,units,R,Regional,C,Country Data,Pacific Mana Dashboard https://pacificdata.org/health-dashboard,,,,,
DATAFLOW,SPC:DF_BP50_2(1.0),Blue Pacific 2050: People-Centered Development (Thematic Area 2),I,A,Annual,BPI_MANAGL2,National guidelines for care of main NCDs,FJ,Fiji,_T,Total,_T,All ages,_T,National,_T,Total,_T,All education levels,_T,All occupations,_Z,Not applicable,_T,No breakdown by disability,2017,,4,,N,units,R,Regional,C,Country Data,Pacific Mana Dashboard https://pacificdata.org/health-dashboard,,,,,
DATAFLOW,SPC:DF_BP50_2(1.0),Blue Pacific 2050: People-Centered Development (Thematic Area 2),I,A,Annual,BPI_MANAGL2,National guidelines for care of main NCDs,FJ,Fiji,_T,Total,_T,All ages,_T,National,_T,Total,_T,All education levels,_T,All occupations,_Z,Not applicable,_T,No breakdown by disability,2019,,4,,N,units,R,Regional,C,Country Data,Pacific Mana Dashboard https://pacificdata.org/health-dashboard,,,,,
DATAFLOW,SPC:DF_BP50_2(1.0),Blue Pacific 2050: People-Centered Development (Thematic Area 2),I,A,Annual,BPI_MANAGL2,National guidelines for care of main NCDs,FJ,Fiji,_T,Total,_T,All ages,_T,National,_T,Total,_T,All education levels,_T,All occupations,_Z,Not applicable,_T,No breakdown by disability,2021,,4,,N,units,R,Regional,C,Country Data,Pacific Mana Dashboard https://pacificdata.org/health-dashboard,,,,,
DATAFLOW,SPC:DF_BP50_2(1.0),Blue Pacific 2050: People-Centered Development (Thematic Area 2),I,A,Annual,BPI_MANAP1,Compulsory physical education in school curriculum,PG,Papua New Guinea,_T,Total,_T,All ages,_T,National,_T,Total,_T,All education levels,_T,All occupations,_Z,Not applicable,_T,No breakdown by disability,2017,,5,,N,units,R,Regional,C,Country Data,Pacific Mana Dashboard https://pacificdata.org/health-dashboard,,,,,
DATAFLOW,SPC:DF_BP50_2(1.0),Blue Pacific 2050: People-Centered Development (Thematic Area 2),I,A,Annual,BPI_MANAP1,Compulsory physical education in school curriculum,PG,Papua New Guinea,_T,Total,_T,All ages,_T,National,_T,Total,_T,All education levels,_T,All occupations,_Z,Not applicable,_T,No breakdown by disability,2019,,6,,N,units,R,Regional,C,Country Data,Pacific Mana Dashboard https://pacificdata.org/health-dashboard,,,,,
DATAFLOW,SPC:DF_BP50_2(1.0),Blue Pacific 2050: People-Centered Development (Thematic Area 2),I,A,Annual,BPI_MANAP1,Compulsory physical education in school curriculum,PG,Papua New Guinea,_T,Total,_T,All ages,_T,National,_T,Total,_T,All education levels,_T,All occupations,_Z,Not applicable,_T,No breakdown by disability,2021,,5,,N,units,R,Regional,C,Country Data,Pacific Mana Dashboard https://pacificdata.org/health-dashboard,,,,,
DATAFLOW,SPC:DF_BP50_2(1.0),Blue Pacific 2050: People-Centered Development (Thematic Area 2),I,A,Annual,SPC_3_8_1,Coverage of essential health services,CK,Cook Islands,_T,Total,_T,All ages,_T,National,_T,Total,_T,All education levels,_T,All occupations,_Z,Not applicable,_T,No breakdown by disability,2000,,47.39,,INDEX,index,G,Global,_X,Not Available,,,,,,
DATAFLOW,SPC:DF_BP50_2(1.0),Blue Pacific 2050: People-Centered Development (Thematic Area 2),I,A,Annual,SPC_3_8_1,Coverage of essential health services,CK,Cook Islands,_T,Total,_T,All ages,_T,National,_T,Total,_T,All education levels,_T,All occupations,_Z,Not applicable,_T,No breakdown by disability,2005,,50.17,,INDEX,index,G,Global,_X,Not Available,,,,,,
DATAFLOW,SPC:DF_BP50_2(1.0),Blue Pacific 2050: People-Centered Development (Thematic Area 2),I,A,Annual,SPC_3_8_1,Coverage of essential health services,CK,Cook Islands,_T,Total,_T,All ages,_T,National,_T,Total,_T,All education levels,_T,All occupations,_Z,Not applicable,_T,No breakdown by disability,2010,,60.71,,INDEX,index,G,Global,_X,Not Available,,,,,,
DATAFLOW,SPC:DF_BP50_2(1.0),Blue Pacific 2050: People-Centered Development (Thematic Area 2),I,A,Annual,SPC_3_8_1,Coverage of essential health services,CK,Cook Islands,_T,Total,_T,All ages,_T,National,_T,Total,_T,All education levels,_T,All occupations,_Z,Not applicable,_T,No breakdown by disability,2015,,63.45,,INDEX,index,G,Global,_X,Not Available,,,,,,
DATAFLOW,SPC:DF_BP50_2(1.0),Blue Pacific 2050: People-Centered Development (Thematic Area 2),I,A,Annual,SPC_3_8_1,Coverage of essential health services,CK,Cook Islands,_T,Total,_T,All ages,_T,National,_T,Total,_T,All education levels,_T,All occupations,_Z,Not applicable,_T,No breakdown by disability,2017,,62.52,,INDEX,index,G,Global,_X,Not Available,,,,,,
DATAFLOW,SPC:DF_BP50_2(1.0),Blue Pacific 2050: People-Centered Development (Thematic Area 2),I,A,Annual,SPC_3_8_1,Coverage of essential health services,CK,Cook Islands,_T,Total,_T,All ages,_T,National,_T,Total,_T,All education levels,_T,All occupations,_Z,Not applicable,_T,No breakdown by disability,2019,,63.44,,INDEX,index,G,Global,_X,Not Available,,,,,,
DATAFLOW,SPC:DF_BP50_2(1.0),Blue Pacific 2050: People-Centered Development (Thematic Area 2),I,A,Annual,SPC_3_8_1,Coverage of essential health services,CK,Cook Islands,_T,Total,_T,All ages,_T,National,_T,Total,_T,All education levels,_T,All occupations,_Z,Not applicable,_T,No breakdown by disability,2021,,45.98,,INDEX,index,G,Global,_X,Not Available,,,,,,
DATAFLOW,SPC:DF_BP50_2(1.0),Blue Pacific 2050: People-Centered Development (Thematic Area 2),I,A,Annual,SH_H2O_IMPR,Population using an improved drinking water source,SB,Solomon Islands,_T,Total,_T,All ages,_T,National,_T,Total,_T,All education levels,_T,All occupations,_Z,Not applicable,_T,No breakdown by disability,2015,,82.5,,RATIO_POP,ratio to total population,G,Global,E,Estimated,"WHO/UNICEF Joint Monitoring Programme for Water Supply, Sanitation and Hygiene (2017)",,,,,
DATAFLOW,SPC:DF_BP50_2(1.0),Blue Pacific 2050: People-Centered Development (Thematic Area 2),I,A,Annual,BPI_MANAP1,Compulsory physical education in school curriculum,CK,Cook Islands,_T,Total,_T,All ages,_T,National,_T,Total,_T,All education levels,_T,All occupations,_Z,Not applicable,_T,No breakdown by disability,2017,,5,,N,units,R,Regional,C,Country Data,Pacific Mana Dashboard https://pacificdata.org/health-dashboard,,,,,
DATAFLOW,SPC:DF_BP50_2(1.0),Blue Pacific 2050: People-Centered Development (Thematic Area 2),I,A,Annual,BPI_MANAP1,Compulsory physical education in school curriculum,CK,Cook Islands,_T,Total,_T,All ages,_T,National,_T,Total,_T,All education levels,_T,All occupations,_Z,Not applicable,_T,No breakdown by disability,2019,,6,,N,units,R,Regional,C,Country Data,Pacific Mana Dashboard https://pacificdata.org/health-dashboard,,,,,
DATAFLOW,SPC:DF_BP50_2(1.0),Blue Pacific 2050: People-Centered Development (Thematic Area 2),I,A,Annual,BPI_MANAP1,Compulsory physical education in school curriculum,CK,Cook Islands,_T,Total,_T,All ages,_T,National,_T,Total,_T,All education levels,_T,All occupations,_Z,Not applicable,_T,No breakdown by disability,2021,,6,,N,units,R,Regional,C,Country Data,Pacific Mana Dashboard https://pacificdata.org/health-dashboard,,,,,
DATAFLOW,SPC:DF_BP50_2(1.0),Blue Pacific 2050: People-Centered Development (Thematic Area 2),I,A,Annual,BPI_MANAGL2,National guidelines for care of main NCDs,NC,New Caledonia,_T,Total,_T,All ages,_T,National,_T,Total,_T,All education levels,_T,All occupations,_Z,Not applicable,_T,No breakdown by disability,2017,,6,,N,units,R,Regional,C,Country Data,Pacific Mana Dashboard https://pacificdata.org/health-dashboard,,,,,
DATAFLOW,SPC:DF_BP50_2(1.0),Blue Pacific 2050: People-Centered Development (Thematic Area 2),I,A,Annual,BPI_MANAGL2,National guidelines for care of main NCDs,NC,New Caledonia,_T,Total,_T,All ages,_T,National,_T,Total,_T,All education levels,_T,All occupations,_Z,Not applicable,_T,No breakdown by disability,2019,,6,,N,units,R,Regional,C,Country Data,Pacific Mana Dashboard https://pacificdata.org/health-dashboard,,,,,
DATAFLOW,SPC:DF_BP50_2(1.0),Blue Pacific 2050: People-Centered Development (Thematic Area 2),I,A,Annual,BPI_MANAGL2,National guidelines for care of main NCDs,NC,New Caledonia,_T,Total,_T,All ages,_T,National,_T,Total,_T,All education levels,_T,All occupations,_Z,Not applicable,_T,No breakdown by disability,2021,,6,,N,units,R,Regional,C,Country Data,Pacific Mana Dashboard https://pacificdata.org/health-dashboard,,,,,
DATAFLOW,SPC:DF_BP50_2(1.0),Blue Pacific 2050: People-Centered Development (Thematic Area 2),I,A,Annual,SPC_6_3_1,Proportion of wastewater safely treated,TV,Tuvalu,_T,Total,_T,All ages,_T,National,_T,Total,_T,All education levels,_T,All occupations,_Z,Not applicable,_T,No breakdown by disability,2020,,2,,PERCENT,percent,G,Global,E,Estimated,"World Health Organisation, 2020.",,,,Domestic wastewater flows safely treated.,
DATAFLOW,SPC:DF_BP50_2(1.0),Blue Pacific 2050: People-Centered Development (Thematic Area 2),I,A,Annual,BPI_MANAGL2,National guidelines for care of main NCDs,TV,Tuvalu,_T,Total,_T,All ages,_T,National,_T,Total,_T,All education levels,_T,All occupations,_Z,Not applicable,_T,No breakdown by disability,2017,,5,,N,units,R,Regional,C,Country Data,Pacific Mana Dashboard https://pacificdata.org/health-dashboard,,,,,
DATAFLOW,SPC:DF_BP50_2(1.0),Blue Pacific 2050: People-Centered Development (Thematic Area 2),I,A,Annual,BPI_MANAGL2,National guidelines for care of main NCDs,TV,Tuvalu,_T,Total,_T,All ages,_T,National,_T,Total,_T,All education levels,_T,All occupations,_Z,Not applicable,_T,No breakdown by disability,2019,,5,,N,units,R,Regional,C,Country Data,Pacific Mana Dashboard https://pacificdata.org/health-dashboard,,,,,
DATAFLOW,SPC:DF_BP50_2(1.0),Blue Pacific 2050: People-Centered Development (Thematic Area 2),I,A,Annual,BPI_MANAGL2,National guidelines for care of main NCDs,TV,Tuvalu,_T,Total,_T,All ages,_T,National,_T,Total,_T,All education levels,_T,All occupations,_Z,Not applicable,_T,No breakdown by disability,2021,,5,,N,units,R,Regional,C,Country Data,Pacific Mana Dashboard https://pacificdata.org/health-dashboard,,,,,
DATAFLOW,SPC:DF_BP50_2(1.0),Blue Pacific 2050: People-Centered Development (Thematic Area 2),I,A,Annual,BPI_MANAP1,Compulsory physical education in school curriculum,WS,Samoa,_T,Total,_T,All ages,_T,National,_T,Total,_T,All education levels,_T,All occupations,_Z,Not applicable,_T,No breakdown by disability,2017,,5,,N,units,R,Regional,C,Country Data,Pacific Mana Dashboard https://pacificdata.org/health-dashboard,,,,,
DATAFLOW,SPC:DF_BP50_2(1.0),Blue Pacific 2050: People-Centered Development (Thematic Area 2),I,A,Annual,BPI_MANAP1,Compulsory physical education in school curriculum,WS,Samoa,_T,Total,_T,All ages,_T,National,_T,Total,_T,All education levels,_T,All occupations,_Z,Not applicable,_T,No breakdown by disability,2019,,6,,N,units,R,Regional,C,Country Data,Pacific Mana Dashboard https://pacificdata.org/health-dashboard,,,,,
DATAFLOW,SPC:DF_BP50_2(1.0),Blue Pacific 2050: People-Centered Development (Thematic Area 2),I,A,Annual,BPI_MANAP1,Compulsory physical education in school curriculum,WS,Samoa,_T,Total,_T,All ages,_T,National,_T,Total,_T,All education levels,_T,All occupations,_Z,Not applicable,_T,No breakdown by disability,2021,,4,,N,units,R,Regional,C,Country Data,Pacific Mana Dashboard https://pacificdata.org/health-dashboard,,,,,
DATAFLOW,SPC:DF_BP50_2(1.0),Blue Pacific 2050: People-Centered Development (Thematic Area 2),I,A,Annual,SPC_3_8_1,Coverage of essential health services,PW,Palau,_T,Total,_T,All ages,_T,National,_T,Total,_T,All education levels,_T,All occupations,_Z,Not applicable,_T,No breakdown by disability,2000,,47.37,,INDEX,index,G,Global,_X,Not Available,,,,,,
DATAFLOW,SPC:DF_BP50_2(1.0),Blue Pacific 2050: People-Centered Development (Thematic Area 2),I,A,Annual,SPC_3_8_1,Coverage of essential health services,PW,Palau,_T,Total,_T,All ages,_T,National,_T,Total,_T,All education levels,_T,All occupations,_Z,Not applicable,_T,No breakdown by disability,2005,,49.14,,INDEX,index,G,Global,_X,Not Available,,,,,,
DATAFLOW,SPC:DF_BP50_2(1.0),Blue Pacific 2050: People-Centered Development (Thematic Area 2),I,A,Annual,SPC_3_8_1,Coverage of essential health services,PW,Palau,_T,Total,_T,All ages,_T,National,_T,Total,_T,All education levels,_T,All occupations,_Z,Not applicable,_T,No breakdown by disability,2010,,57.84,,INDEX,index,G,Global,_X,Not Available,,,,,,
DATAFLOW,SPC:DF_BP50_2(1.0),Blue Pacific 2050: People-Centered Development (Thematic Area 2),I,A,Annual,SPC_3_8_1,Coverage of essential health services,PW,Palau,_T,Total,_T,All ages,_T,National,_T,Total,_T,All education levels,_T,All occupations,_Z,Not applicable,_T,No breakdown by disability,2015,,64.64,,INDEX,index,G,Global,_X,Not Available,,,,,,
DATAFLOW,SPC:DF_BP50_2(1.0),Blue Pacific 2050: People-Centered Development (Thematic Area 2),I,A,Annual,SPC_3_8_1,Coverage of essential health services,PW,Palau,_T,Total,_T,All ages,_T,National,_T,Total,_T,All education levels,_T,All occupations,_Z,Not applicable,_T,No breakdown by disability,2017,,67.04,,INDEX,index,G,Global,_X,Not Available,,,,,,
DATAFLOW,SPC:DF_BP50_2(1.0),Blue Pacific 2050: People-Centered Development (Thematic Area 2),I,A,Annual,SPC_3_8_1,Coverage of essential health services,PW,Palau,_T,Total,_T,All ages,_T,National,_T,Total,_T,All education levels,_T,All occupations,_Z,Not applicable,_T,No breakdown by disability,2019,,65.98,,INDEX,index,G,Global,_X,Not Available,,,,,,
DATAFLOW,SPC:DF_BP50_2(1.0),Blue Pacific 2050: People-Centered Development (Thematic Area 2),I,A,Annual,SPC_3_8_1,Coverage of essential health services,PW,Palau,_T,Total,_T,All ages,_T,National,_T,Total,_T,All education levels,_T,All occupations,_Z,Not applicable,_T,No breakdown by disability,2021,,64.77,,INDEX,index,G,Global,_X,Not Available,,,,,,
DATAFLOW,SPC:DF_BP50_2(1.0),Blue Pacific 2050: People-Centered Development (Thematic Area 2),I,A,Annual,BPI_MANAP1,Compulsory physical education in school curriculum,MH,Marshall Islands,_T,Total,_T,All ages,_T,National,_T,Total,_T,All education levels,_T,All occupations,_Z,Not applicable,_T,No breakdown by disability,2017,,1,,N,units,R,Regional,C,Country Data,Pacific Mana Dashboard https://pacificdata.org/health-dashboard,,,,,
DATAFLOW,SPC:DF_BP50_2(1.0),Blue Pacific 2050: People-Centered Development (Thematic Area 2),I,A,Annual,BPI_MANAP1,Compulsory physical education in school curriculum,MH,Marshall Islands,_T,Total,_T,All ages,_T,National,_T,Total,_T,All education levels,_T,All occupations,_Z,Not applicable,_T,No breakdown by disability,2019,,2,,N,units,R,Regional,C,Country Data,Pacific Mana Dashboard https://pacificdata.org/health-dashboard,,,,,
DATAFLOW,SPC:DF_BP50_2(1.0),Blue Pacific 2050: People-Centered Development (Thematic Area 2),I,A,Annual,BPI_MANAP1,Compulsory physical education in school curriculum,MH,Marshall Islands,_T,Total,_T,All ages,_T,National,_T,Total,_T,All education levels,_T,All occupations,_Z,Not applicable,_T,No breakdown by disability,2021,,3,,N,units,R,Regional,C,Country Data,Pacific Mana Dashboard https://pacificdata.org/health-dashboard,,,,,
DATAFLOW,SPC:DF_BP50_2(1.0),Blue Pacific 2050: People-Centered Development (Thematic Area 2),I,A,Annual,BPI_MANASL2,National strategy addressing NCDs and risk factors,MH,Marshall Islands,_T,Total,_T,All ages,_T,National,_T,Total,_T,All education levels,_T,All occupations,_Z,Not applicable,_T,No breakdown by disability,2017,,1,,N,units,R,Regional,C,Country Data,Pacific Mana Dashboard https://pacificdata.org/health-dashboard,,,,,
DATAFLOW,SPC:DF_BP50_2(1.0),Blue Pacific 2050: People-Centered Development (Thematic Area 2),I,A,Annual,BPI_MANASL2,National strategy addressing NCDs and risk factors,MH,Marshall Islands,_T,Total,_T,All ages,_T,National,_T,Total,_T,All education levels,_T,All occupations,_Z,Not applicable,_T,No breakdown by disability,2019,,2,,N,units,R,Regional,C,Country Data,Pacific Mana Dashboard https://pacificdata.org/health-dashboard,,,,,
DATAFLOW,SPC:DF_BP50_2(1.0),Blue Pacific 2050: People-Centered Development (Thematic Area 2),I,A,Annual,BPI_MANASL2,National strategy addressing NCDs and risk factors,MH,Marshall Islands,_T,Total,_T,All ages,_T,National,_T,Total,_T,All education levels,_T,All occupations,_Z,Not applicable,_T,No breakdown by disability,2021,,2,,N,units,R,Regional,C,Country Data,Pacific Mana Dashboard https://pacificdata.org/health-dashboard,,,,,
DATAFLOW,SPC:DF_BP50_2(1.0),Blue Pacific 2050: People-Centered Development (Thematic Area 2),I,A,Annual,SH_H2O_IMPR,Population using an improved drinking water source,FM,Micronesia (Federated States of),_T,Total,_T,All ages,_T,National,_T,Total,_T,All education levels,_T,All occupations,_Z,Not applicable,_T,No breakdown by disability,2013,,85.7,,RATIO_POP,ratio to total population,G,Global,E,Estimated,"WHO/UNICEF Joint Monitoring Programme for Water Supply, Sanitation and Hygiene (2017)",,,,,
DATAFLOW,SPC:DF_BP50_2(1.0),Blue Pacific 2050: People-Centered Development (Thematic Area 2),I,A,Annual,BPI_MANAF5,Healthy food policies in schools,PW,Palau,_T,Total,_T,All ages,_T,National,_T,Total,_T,All education levels,_T,All occupations,_Z,Not applicable,_T,No breakdown by disability,2017,,2,,N,units,R,Regional,C,Country Data,Pacific Mana Dashboard https://pacificdata.org/health-dashboard,,,,,
DATAFLOW,SPC:DF_BP50_2(1.0),Blue Pacific 2050: People-Centered Development (Thematic Area 2),I,A,Annual,BPI_MANAF5,Healthy food policies in schools,PW,Palau,_T,Total,_T,All ages,_T,National,_T,Total,_T,All education levels,_T,All occupations,_Z,Not applicable,_T,No breakdown by disability,2019,,5,,N,units,R,Regional,C,Country Data,Pacific Mana Dashboard https://pacificdata.org/health-dashboard,,,,,
DATAFLOW,SPC:DF_BP50_2(1.0),Blue Pacific 2050: People-Centered Development (Thematic Area 2),I,A,Annual,BPI_MANAF5,Healthy food policies in schools,PW,Palau,_T,Total,_T,All ages,_T,National,_T,Total,_T,All education levels,_T,All occupations,_Z,Not applicable,_T,No breakdown by disability,2021,,5,,N,units,R,Regional,C,Country Data,Pacific Mana Dashboard https://pacificdata.org/health-dashboard,,,,,
DATAFLOW,SPC:DF_BP50_2(1.0),Blue Pacific 2050: People-Centered Development (Thematic Area 2),I,A,Annual,BPI_MANASL2,National strategy addressing NCDs and risk factors,VU,Vanuatu,_T,Total,_T,All ages,_T,National,_T,Total,_T,All education levels,_T,All occupations,_Z,Not applicable,_T,No breakdown by disability,2017,,6,,N,units,R,Regional,C,Country Data,Pacific Mana Dashboard https://pacificdata.org/health-dashboard,,,,,
DATAFLOW,SPC:DF_BP50_2(1.0),Blue Pacific 2050: People-Centered Development (Thematic Area 2),I,A,Annual,BPI_MANASL2,National strategy addressing NCDs and risk factors,VU,Vanuatu,_T,Total,_T,All ages,_T,National,_T,Total,_T,All education levels,_T,All occupations,_Z,Not applicable,_T,No breakdown by disability,2019,,6,,N,units,R,Regional,C,Country Data,Pacific Mana Dashboard https://pacificdata.org/health-dashboard,,,,,
DATAFLOW,SPC:DF_BP50_2(1.0),Blue Pacific 2050: People-Centered Development (Thematic Area 2),I,A,Annual,BPI_MANASL2,National strategy addressing NCDs and risk factors,VU,Vanuatu,_T,Total,_T,All ages,_T,National,_T,Total,_T,All education levels,_T,All occupations,_Z,Not applicable,_T,No breakdown by disability,2021,,6,,N,units,R,Regional,C,Country Data,Pacific Mana Dashboard https://pacificdata.org/health-dashboard,,,,,
DATAFLOW,SPC:DF_BP50_2(1.0),Blue Pacific 2050: People-Centered Development (Thematic Area 2),I,A,Annual,SPC_3_8_1,Coverage of essential health services,WS,Samoa,_T,Total,_T,All ages,_T,National,_T,Total,_T,All education levels,_T,All occupations,_Z,Not applicable,_T,No breakdown by disability,2000,,40.54,,INDEX,index,G,Global,_X,Not Available,,,,,,
DATAFLOW,SPC:DF_BP50_2(1.0),Blue Pacific 2050: People-Centered Development (Thematic Area 2),I,A,Annual,SPC_3_8_1,Coverage of essential health services,WS,Samoa,_T,Total,_T,All ages,_T,National,_T,Total,_T,All education levels,_T,All occupations,_Z,Not applicable,_T,No breakdown by disability,2005,,38.58,,INDEX,index,G,Global,_X,Not Available,,,,,,
DATAFLOW,SPC:DF_BP50_2(1.0),Blue Pacific 2050: People-Centered Development (Thematic Area 2),I,A,Annual,SPC_3_8_1,Coverage of essential health services,WS,Samoa,_T,Total,_T,All ages,_T,National,_T,Total,_T,All education levels,_T,All occupations,_Z,Not applicable,_T,No breakdown by disability,2010,,47.87,,INDEX,index,G,Global,_X,Not Available,,,,,,
DATAFLOW,SPC:DF_BP50_2(1.0),Blue Pacific 2050: People-Centered Development (Thematic Area 2),I,A,Annual,SPC_3_8_1,Coverage of essential health services,WS,Samoa,_T,Total,_T,All ages,_T,National,_T,Total,_T,All education levels,_T,All occupations,_Z,Not applicable,_T,No breakdown by disability,2015,,52.69,,INDEX,index,G,Global,_X,Not Available,,,,,,
DATAFLOW,SPC:DF_BP50_2(1.0),Blue Pacific 2050: People-Centered Development (Thematic Area 2),I,A,Annual,SPC_3_8_1,Coverage of essential health services,WS,Samoa,_T,Total,_T,All ages,_T,National,_T,Total,_T,All education levels,_T,All occupations,_Z,Not applicable,_T,No breakdown by disability,2017,,54.11,,INDEX,index,G,Global,_X,Not Available,,,,,,
DATAFLOW,SPC:DF_BP50_2(1.0),Blue Pacific 2050: People-Centered Development (Thematic Area 2),I,A,Annual,SPC_3_8_1,Coverage of essential health services,WS,Samoa,_T,Total,_T,All ages,_T,National,_T,Total,_T,All education levels,_T,All occupations,_Z,Not applicable,_T,No breakdown by disability,2019,,55.02,,INDEX,index,G,Global,_X,Not Available,,,,,,
DATAFLOW,SPC:DF_BP50_2(1.0),Blue Pacific 2050: People-Centered Development (Thematic Area 2),I,A,Annual,SPC_3_8_1,Coverage of essential health services,WS,Samoa,_T,Total,_T,All ages,_T,National,_T,Total,_T,All education levels,_T,All occupations,_Z,Not applicable,_T,No breakdown by disability,2021,,55.13,,INDEX,index,G,Global,_X,Not Available,,,,,,
DATAFLOW,SPC:DF_BP50_2(1.0),Blue Pacific 2050: People-Centered Development (Thematic Area 2),I,A,Annual,SH_SAN_SAFE,"Proportion of population using safely managed sanitation
            services",FJ,Fiji,_T,Total,_T,All ages,_T,National,_T,Total,_T,All education levels,_T,All occupations,_Z,Not applicable,_T,No breakdown by disability,2000,,42.91,,PERCENT,percent,G,Global,_X,Not Available,,,,,,
DATAFLOW,SPC:DF_BP50_2(1.0),Blue Pacific 2050: People-Centered Development (Thematic Area 2),I,A,Annual,SH_SAN_SAFE,"Proportion of population using safely managed sanitation
            services",FJ,Fiji,_T,Total,_T,All ages,_T,National,_T,Total,_T,All education levels,_T,All occupations,_Z,Not applicable,_T,No breakdown by disability,2001,,42.9,,PERCENT,percent,G,Global,_X,Not Available,,,,,,
DATAFLOW,SPC:DF_BP50_2(1.0),Blue Pacific 2050: People-Centered Development (Thematic Area 2),I,A,Annual,SH_SAN_SAFE,"Proportion of population using safely managed sanitation
            services",FJ,Fiji,_T,Total,_T,All ages,_T,National,_T,Total,_T,All education levels,_T,All occupations,_Z,Not applicable,_T,No breakdown by disability,2002,,42.89,,PERCENT,percent,G,Global,_X,Not Available,,,,,,
DATAFLOW,SPC:DF_BP50_2(1.0),Blue Pacific 2050: People-Centered Development (Thematic Area 2),I,A,Annual,SH_SAN_SAFE,"Proportion of population using safely managed sanitation
            services",FJ,Fiji,_T,Total,_T,All ages,_T,National,_T,Total,_T,All education levels,_T,All occupations,_Z,Not applicable,_T,No breakdown by disability,2003,,43.45,,PERCENT,percent,G,Global,_X,Not Available,,,,,,
DATAFLOW,SPC:DF_BP50_2(1.0),Blue Pacific 2050: People-Centered Development (Thematic Area 2),I,A,Annual,SH_SAN_SAFE,"Proportion of population using safely managed sanitation
            services",FJ,Fiji,_T,Total,_T,All ages,_T,National,_T,Total,_T,All education levels,_T,All occupations,_Z,Not applicable,_T,No breakdown by disability,2004,,44,,PERCENT,percent,G,Global,_X,Not Available,,,,,,
DATAFLOW,SPC:DF_BP50_2(1.0),Blue Pacific 2050: People-Centered Development (Thematic Area 2),I,A,Annual,SH_SAN_SAFE,"Proportion of population using safely managed sanitation
            services",FJ,Fiji,_T,Total,_T,All ages,_T,National,_T,Total,_T,All education levels,_T,All occupations,_Z,Not applicable,_T,No breakdown by disability,2005,,44.54,,PERCENT,percent,G,Global,_X,Not Available,,,,,,
DATAFLOW,SPC:DF_BP50_2(1.0),Blue Pacific 2050: People-Centered Development (Thematic Area 2),I,A,Annual,SH_SAN_SAFE,"Proportion of population using safely managed sanitation
            services",FJ,Fiji,_T,Total,_T,All ages,_T,National,_T,Total,_T,All education levels,_T,All occupations,_Z,Not applicable,_T,No breakdown by disability,2006,,44.95,,PERCENT,percent,G,Global,_X,Not Available,,,,,,
DATAFLOW,SPC:DF_BP50_2(1.0),Blue Pacific 2050: People-Centered Development (Thematic Area 2),I,A,Annual,SH_SAN_SAFE,"Proportion of population using safely managed sanitation
            services",FJ,Fiji,_T,Total,_T,All ages,_T,National,_T,Total,_T,All education levels,_T,All occupations,_Z,Not applicable,_T,No breakdown by disability,2007,,45.35,,PERCENT,percent,G,Global,_X,Not Available,,,,,,
DATAFLOW,SPC:DF_BP50_2(1.0),Blue Pacific 2050: People-Centered Development (Thematic Area 2),I,A,Annual,SH_SAN_SAFE,"Proportion of population using safely managed sanitation
            services",FJ,Fiji,_T,Total,_T,All ages,_T,National,_T,Total,_T,All education levels,_T,All occupations,_Z,Not applicable,_T,No breakdown by disability,2008,,45.73,,PERCENT,percent,G,Global,_X,Not Available,,,,,,
DATAFLOW,SPC:DF_BP50_2(1.0),Blue Pacific 2050: People-Centered Development (Thematic Area 2),I,A,Annual,SH_SAN_SAFE,"Proportion of population using safely managed sanitation
            services",FJ,Fiji,_T,Total,_T,All ages,_T,National,_T,Total,_T,All education levels,_T,All occupations,_Z,Not applicable,_T,No breakdown by disability,2009,,46.11,,PERCENT,percent,G,Global,_X,Not Available,,,,,,
DATAFLOW,SPC:DF_BP50_2(1.0),Blue Pacific 2050: People-Centered Development (Thematic Area 2),I,A,Annual,SH_SAN_SAFE,"Proportion of population using safely managed sanitation
            services",FJ,Fiji,_T,Total,_T,All ages,_T,National,_T,Total,_T,All education levels,_T,All occupations,_Z,Not applicable,_T,No breakdown by disability,2010,,46.47,,PERCENT,percent,G,Global,_X,Not Available,,,,,,
DATAFLOW,SPC:DF_BP50_2(1.0),Blue Pacific 2050: People-Centered Development (Thematic Area 2),I,A,Annual,SH_SAN_SAFE,"Proportion of population using safely managed sanitation
            services",FJ,Fiji,_T,Total,_T,All ages,_T,National,_T,Total,_T,All education levels,_T,All occupations,_Z,Not applicable,_T,No breakdown by disability,2011,,46.82,,PERCENT,percent,G,Global,_X,Not Available,,,,,,
DATAFLOW,SPC:DF_BP50_2(1.0),Blue Pacific 2050: People-Centered Development (Thematic Area 2),I,A,Annual,SH_SAN_SAFE,"Proportion of population using safely managed sanitation
            services",FJ,Fiji,_T,Total,_T,All ages,_T,National,_T,Total,_T,All education levels,_T,All occupations,_Z,Not applicable,_T,No breakdown by disability,2012,,47.16,,PERCENT,percent,G,Global,_X,Not Available,,,,,,
DATAFLOW,SPC:DF_BP50_2(1.0),Blue Pacific 2050: People-Centered Development (Thematic Area 2),I,A,Annual,SH_SAN_SAFE,"Proportion of population using safely managed sanitation
            services",FJ,Fiji,_T,Total,_T,All ages,_T,National,_T,Total,_T,All education levels,_T,All occupations,_Z,Not applicable,_T,No breakdown by disability,2013,,47.49,,PERCENT,percent,G,Global,_X,Not Available,,,,,,
DATAFLOW,SPC:DF_BP50_2(1.0),Blue Pacific 2050: People-Centered Development (Thematic Area 2),I,A,Annual,SH_SAN_SAFE,"Proportion of population using safely managed sanitation
            services",FJ,Fiji,_T,Total,_T,All ages,_T,National,_T,Total,_T,All education levels,_T,All occupations,_Z,Not applicable,_T,No breakdown by disability,2014,,47.81,,PERCENT,percent,G,Global,_X,Not Available,,,,,,
DATAFLOW,SPC:DF_BP50_2(1.0),Blue Pacific 2050: People-Centered Development (Thematic Area 2),I,A,Annual,SH_SAN_SAFE,"Proportion of population using safely managed sanitation
            services",FJ,Fiji,_T,Total,_T,All ages,_T,National,_T,Total,_T,All education levels,_T,All occupations,_Z,Not applicable,_T,No breakdown by disability,2015,,48.12,,PERCENT,percent,G,Global,_X,Not Available,,,,,,
DATAFLOW,SPC:DF_BP50_2(1.0),Blue Pacific 2050: People-Centered Development (Thematic Area 2),I,A,Annual,SH_SAN_SAFE,"Proportion of population using safely managed sanitation
            services",FJ,Fiji,_T,Total,_T,All ages,_T,National,_T,Total,_T,All education levels,_T,All occupations,_Z,Not applicable,_T,No breakdown by disability,2016,,48.42,,PERCENT,percent,G,Global,_X,Not Available,,,,,,
DATAFLOW,SPC:DF_BP50_2(1.0),Blue Pacific 2050: People-Centered Development (Thematic Area 2),I,A,Annual,SH_SAN_SAFE,"Proportion of population using safely managed sanitation
            services",FJ,Fiji,_T,Total,_T,All ages,_T,National,_T,Total,_T,All education levels,_T,All occupations,_Z,Not applicable,_T,No breakdown by disability,2017,,48.72,,PERCENT,percent,G,Global,_X,Not Available,,,,,,
DATAFLOW,SPC:DF_BP50_2(1.0),Blue Pacific 2050: People-Centered Development (Thematic Area 2),I,A,Annual,SH_SAN_SAFE,"Proportion of population using safely managed sanitation
            services",FJ,Fiji,_T,Total,_T,All ages,_T,National,_T,Total,_T,All education levels,_T,All occupations,_Z,Not applicable,_T,No breakdown by disability,2018,,49,,PERCENT,percent,G,Global,_X,Not Available,,,,,,
DATAFLOW,SPC:DF_BP50_2(1.0),Blue Pacific 2050: People-Centered Development (Thematic Area 2),I,A,Annual,SH_SAN_SAFE,"Proportion of population using safely managed sanitation
            services",FJ,Fiji,_T,Total,_T,All ages,_T,National,_T,Total,_T,All education levels,_T,All occupations,_Z,Not applicable,_T,No breakdown by disability,2019,,49.27,,PERCENT,percent,G,Global,_X,Not Available,,,,,,
DATAFLOW,SPC:DF_BP50_2(1.0),Blue Pacific 2050: People-Centered Development (Thematic Area 2),I,A,Annual,SH_SAN_SAFE,"Proportion of population using safely managed sanitation
            services",FJ,Fiji,_T,Total,_T,All ages,_T,National,_T,Total,_T,All education levels,_T,All occupations,_Z,Not applicable,_T,No breakdown by disability,2020,,49.24,,PERCENT,percent,G,Global,_X,Not Available,,,,,,
DATAFLOW,SPC:DF_BP50_2(1.0),Blue Pacific 2050: People-Centered Development (Thematic Area 2),I,A,Annual,SH_SAN_SAFE,"Proportion of population using safely managed sanitation
            services",FJ,Fiji,_T,Total,_T,All ages,_T,National,_T,Total,_T,All education levels,_T,All occupations,_Z,Not applicable,_T,No breakdown by disability,2021,,49.02,,PERCENT,percent,G,Global,_X,Not Available,,,,,,
DATAFLOW,SPC:DF_BP50_2(1.0),Blue Pacific 2050: People-Centered Development (Thematic Area 2),I,A,Annual,SH_SAN_SAFE,"Proportion of population using safely managed sanitation
            services",FJ,Fiji,_T,Total,_T,All ages,_T,National,_T,Total,_T,All education levels,_T,All occupations,_Z,Not applicable,_T,No breakdown by disability,2022,,48.79,,PERCENT,percent,G,Global,_X,Not Available,,,,,,
DATAFLOW,SPC:DF_BP50_2(1.0),Blue Pacific 2050: People-Centered Development (Thematic Area 2),I,A,Annual,BPI_MANAF5,Healthy food policies in schools,TO,Tonga,_T,Total,_T,All ages,_T,National,_T,Total,_T,All education levels,_T,All occupations,_Z,Not applicable,_T,No breakdown by disability,2017,,2,,N,units,R,Regional,C,Country Data,Pacific Mana Dashboard https://pacificdata.org/health-dashboard,,,,,
DATAFLOW,SPC:DF_BP50_2(1.0),Blue Pacific 2050: People-Centered Development (Thematic Area 2),I,A,Annual,BPI_MANAF5,Healthy food policies in schools,TO,Tonga,_T,Total,_T,All ages,_T,National,_T,Total,_T,All education levels,_T,All occupations,_Z,Not applicable,_T,No breakdown by disability,2019,,6,,N,units,R,Regional,C,Country Data,Pacific Mana Dashboard https://pacificdata.org/health-dashboard,,,,,
DATAFLOW,SPC:DF_BP50_2(1.0),Blue Pacific 2050: People-Centered Development (Thematic Area 2),I,A,Annual,BPI_MANAF5,Healthy food policies in schools,TO,Tonga,_T,Total,_T,All ages,_T,National,_T,Total,_T,All education levels,_T,All occupations,_Z,Not applicable,_T,No breakdown by disability,2021,,6,,N,units,R,Regional,C,Country Data,Pacific Mana Dashboard https://pacificdata.org/health-dashboard,,,,,
DATAFLOW,SPC:DF_BP50_2(1.0),Blue Pacific 2050: People-Centered Development (Thematic Area 2),I,A,Annual,BPI_MANAGL2,National guidelines for care of main NCDs,SB,Solomon Islands,_T,Total,_T,All ages,_T,National,_T,Total,_T,All education levels,_T,All occupations,_Z,Not applicable,_T,No breakdown by disability,2017,,6,,N,units,R,Regional,C,Country Data,Pacific Mana Dashboard https://pacificdata.org/health-dashboard,,,,,
DATAFLOW,SPC:DF_BP50_2(1.0),Blue Pacific 2050: People-Centered Development (Thematic Area 2),I,A,Annual,BPI_MANAGL2,National guidelines for care of main NCDs,SB,Solomon Islands,_T,Total,_T,All ages,_T,National,_T,Total,_T,All education levels,_T,All occupations,_Z,Not applicable,_T,No breakdown by disability,2019,,6,,N,units,R,Regional,C,Country Data,Pacific Mana Dashboard https://pacificdata.org/health-dashboard,,,,,
DATAFLOW,SPC:DF_BP50_2(1.0),Blue Pacific 2050: People-Centered Development (Thematic Area 2),I,A,Annual,BPI_MANAGL2,National guidelines for care of main NCDs,SB,Solomon Islands,_T,Total,_T,All ages,_T,National,_T,Total,_T,All education levels,_T,All occupations,_Z,Not applicable,_T,No breakdown by disability,2021,,6,,N,units,R,Regional,C,Country Data,Pacific Mana Dashboard https://pacificdata.org/health-dashboard,,,,,
DATAFLOW,SPC:DF_BP50_2(1.0),Blue Pacific 2050: People-Centered Development (Thematic Area 2),I,A,Annual,BPI_MANAGL2,National guidelines for care of main NCDs,CK,Cook Islands,_T,Total,_T,All ages,_T,National,_T,Total,_T,All education levels,_T,All occupations,_Z,Not applicable,_T,No breakdown by disability,2017,,4,,N,units,R,Regional,C,Country Data,Pacific Mana Dashboard https://pacificdata.org/health-dashboard,,,,,
DATAFLOW,SPC:DF_BP50_2(1.0),Blue Pacific 2050: People-Centered Development (Thematic Area 2),I,A,Annual,BPI_MANAGL2,National guidelines for care of main NCDs,CK,Cook Islands,_T,Total,_T,All ages,_T,National,_T,Total,_T,All education levels,_T,All occupations,_Z,Not applicable,_T,No breakdown by disability,2019,,6,,N,units,R,Regional,C,Country Data,Pacific Mana Dashboard https://pacificdata.org/health-dashboard,,,,,
DATAFLOW,SPC:DF_BP50_2(1.0),Blue Pacific 2050: People-Centered Development (Thematic Area 2),I,A,Annual,BPI_MANAGL2,National guidelines for care of main NCDs,CK,Cook Islands,_T,Total,_T,All ages,_T,National,_T,Total,_T,All education levels,_T,All occupations,_Z,Not applicable,_T,No breakdown by disability,2021,,6,,N,units,R,Regional,C,Country Data,Pacific Mana Dashboard https://pacificdata.org/health-dashboard,,,,,
DATAFLOW,SPC:DF_BP50_2(1.0),Blue Pacific 2050: People-Centered Development (Thematic Area 2),I,A,Annual,BPI_MANASL2,National strategy addressing NCDs and risk factors,FJ,Fiji,_T,Total,_T,All ages,_T,National,_T,Total,_T,All education levels,_T,All occupations,_Z,Not applicable,_T,No breakdown by disability,2017,,6,,N,units,R,Regional,C,Country Data,Pacific Mana Dashboard https://pacificdata.org/health-dashboard,,,,,
DATAFLOW,SPC:DF_BP50_2(1.0),Blue Pacific 2050: People-Centered Development (Thematic Area 2),I,A,Annual,BPI_MANASL2,National strategy addressing NCDs and risk factors,FJ,Fiji,_T,Total,_T,All ages,_T,National,_T,Total,_T,All education levels,_T,All occupations,_Z,Not applicable,_T,No breakdown by disability,2019,,6,,N,units,R,Regional,C,Country Data,Pacific Mana Dashboard https://pacificdata.org/health-dashboard,,,,,
DATAFLOW,SPC:DF_BP50_2(1.0),Blue Pacific 2050: People-Centered Development (Thematic Area 2),I,A,Annual,BPI_MANASL2,National strategy addressing NCDs and risk factors,FJ,Fiji,_T,Total,_T,All ages,_T,National,_T,Total,_T,All education levels,_T,All occupations,_Z,Not applicable,_T,No breakdown by disability,2021,,3,,N,units,R,Regional,C,Country Data,Pacific Mana Dashboard https://pacificdata.org/health-dashboard,,,,,
DATAFLOW,SPC:DF_BP50_2(1.0),Blue Pacific 2050: People-Centered Development (Thematic Area 2),I,A,Annual,BPI_MANAP1,Compulsory physical education in school curriculum,NR,Nauru,_T,Total,_T,All ages,_T,National,_T,Total,_T,All education levels,_T,All occupations,_Z,Not applicable,_T,No breakdown by disability,2017,,6,,N,units,R,Regional,C,Country Data,Pacific Mana Dashboard https://pacificdata.org/health-dashboard,,,,,
DATAFLOW,SPC:DF_BP50_2(1.0),Blue Pacific 2050: People-Centered Development (Thematic Area 2),I,A,Annual,BPI_MANAP1,Compulsory physical education in school curriculum,NR,Nauru,_T,Total,_T,All ages,_T,National,_T,Total,_T,All education levels,_T,All occupations,_Z,Not applicable,_T,No breakdown by disability,2019,,6,,N,units,R,Regional,C,Country Data,Pacific Mana Dashboard https://pacificdata.org/health-dashboard,,,,,
DATAFLOW,SPC:DF_BP50_2(1.0),Blue Pacific 2050: People-Centered Development (Thematic Area 2),I,A,Annual,BPI_MANAP1,Compulsory physical education in school curriculum,NR,Nauru,_T,Total,_T,All ages,_T,National,_T,Total,_T,All education levels,_T,All occupations,_Z,Not applicable,_T,No breakdown by disability,2021,,6,,N,units,R,Regional,C,Country Data,Pacific Mana Dashboard https://pacificdata.org/health-dashboard,,,,,
DATAFLOW,SPC:DF_BP50_2(1.0),Blue Pacific 2050: People-Centered Development (Thematic Area 2),I,A,Annual,BPI_MANAGL2,National guidelines for care of main NCDs,PF,French Polynesia,_T,Total,_T,All ages,_T,National,_T,Total,_T,All education levels,_T,All occupations,_Z,Not applicable,_T,No breakdown by disability,2017,,6,,N,units,R,Regional,C,Country Data,Pacific Mana Dashboard https://pacificdata.org/health-dashboard,,,,,
DATAFLOW,SPC:DF_BP50_2(1.0),Blue Pacific 2050: People-Centered Development (Thematic Area 2),I,A,Annual,BPI_MANAGL2,National guidelines for care of main NCDs,PF,French Polynesia,_T,Total,_T,All ages,_T,National,_T,Total,_T,All education levels,_T,All occupations,_Z,Not applicable,_T,No breakdown by disability,2019,,2,,N,units,R,Regional,C,Country Data,Pacific Mana Dashboard https://pacificdata.org/health-dashboard,,,,,
DATAFLOW,SPC:DF_BP50_2(1.0),Blue Pacific 2050: People-Centered Development (Thematic Area 2),I,A,Annual,BPI_MANAGL2,National guidelines for care of main NCDs,PF,French Polynesia,_T,Total,_T,All ages,_T,National,_T,Total,_T,All education levels,_T,All occupations,_Z,Not applicable,_T,No breakdown by disability,2021,,6,,N,units,R,Regional,C,Country Data,Pacific Mana Dashboard https://pacificdata.org/health-dashboard,,,,,
DATAFLOW,SPC:DF_BP50_2(1.0),Blue Pacific 2050: People-Centered Development (Thematic Area 2),I,A,Annual,SPC_6_3_1,Proportion of wastewater safely treated,WS,Samoa,_T,Total,_T,All ages,_T,National,_T,Total,_T,All education levels,_T,All occupations,_Z,Not applicable,_T,No breakdown by disability,2017,,6.6,,RATIO_POP,ratio to total population,N,National,C,Country Data,"Water Authority, 2017. 660 CBD properties connected to Sogi Wastewater Treatment Plant. 100% Compliance standards, Sewerage Coverage 6.60%",,,,,
DATAFLOW,SPC:DF_BP50_2(1.0),Blue Pacific 2050: People-Centered Development (Thematic Area 2),I,A,Annual,SPC_6_3_1,Proportion of wastewater safely treated,WS,Samoa,_T,Total,_T,All ages,_T,National,_T,Total,_T,All education levels,_T,All occupations,_Z,Not applicable,_T,No breakdown by disability,2020,,46.7,,PERCENT,percent,G,Global,E,Estimated,"World Health Organisation, 2020.",,,,Domestic wastewater flows safely treated.,
DATAFLOW,SPC:DF_BP50_2(1.0),Blue Pacific 2050: People-Centered Development (Thematic Area 2),I,A,Annual,SPC_6_3_1,Proportion of wastewater safely treated,KI,Kiribati,_T,Total,_T,All ages,_T,National,_T,Total,_T,All education levels,_T,All occupations,_Z,Not applicable,_T,No breakdown by disability,2020,,30.8,,PERCENT,percent,G,Global,E,Estimated,"World Health Organisation, 2020.",,,,Domestic wastewater flows safely treated.,
DATAFLOW,SPC:DF_BP50_2(1.0),Blue Pacific 2050: People-Centered Development (Thematic Area 2),I,A,Annual,BPI_MANAF5,Healthy food policies in schools,PF,French Polynesia,_T,Total,_T,All ages,_T,National,_T,Total,_T,All education levels,_T,All occupations,_Z,Not applicable,_T,No breakdown by disability,2017,,6,,N,units,R,Regional,C,Country Data,Pacific Mana Dashboard https://pacificdata.org/health-dashboard,,,,,
DATAFLOW,SPC:DF_BP50_2(1.0),Blue Pacific 2050: People-Centered Development (Thematic Area 2),I,A,Annual,BPI_MANAF5,Healthy food policies in schools,PF,French Polynesia,_T,Total,_T,All ages,_T,National,_T,Total,_T,All education levels,_T,All occupations,_Z,Not applicable,_T,No breakdown by disability,2019,,6,,N,units,R,Regional,C,Country Data,Pacific Mana Dashboard https://pacificdata.org/health-dashboard,,,,,
DATAFLOW,SPC:DF_BP50_2(1.0),Blue Pacific 2050: People-Centered Development (Thematic Area 2),I,A,Annual,BPI_MANAF5,Healthy food policies in schools,PF,French Polynesia,_T,Total,_T,All ages,_T,National,_T,Total,_T,All education levels,_T,All occupations,_Z,Not applicable,_T,No breakdown by disability,2021,,2,,N,units,R,Regional,C,Country Data,Pacific Mana Dashboard https://pacificdata.org/health-dashboard,,,,,
DATAFLOW,SPC:DF_BP50_2(1.0),Blue Pacific 2050: People-Centered Development (Thematic Area 2),I,A,Annual,BPI_MANAF5,Healthy food policies in schools,WS,Samoa,_T,Total,_T,All ages,_T,National,_T,Total,_T,All education levels,_T,All occupations,_Z,Not applicable,_T,No breakdown by disability,2017,,4,,N,units,R,Regional,C,Country Data,Pacific Mana Dashboard https://pacificdata.org/health-dashboard,,,,,
DATAFLOW,SPC:DF_BP50_2(1.0),Blue Pacific 2050: People-Centered Development (Thematic Area 2),I,A,Annual,BPI_MANAF5,Healthy food policies in schools,WS,Samoa,_T,Total,_T,All ages,_T,National,_T,Total,_T,All education levels,_T,All occupations,_Z,Not applicable,_T,No breakdown by disability,2019,,6,,N,units,R,Regional,C,Country Data,Pacific Mana Dashboard https://pacificdata.org/health-dashboard,,,,,
DATAFLOW,SPC:DF_BP50_2(1.0),Blue Pacific 2050: People-Centered Development (Thematic Area 2),I,A,Annual,BPI_MANAF5,Healthy food policies in schools,WS,Samoa,_T,Total,_T,All ages,_T,National,_T,Total,_T,All education levels,_T,All occupations,_Z,Not applicable,_T,No breakdown by disability,2021,,6,,N,units,R,Regional,C,Country Data,Pacific Mana Dashboard https://pacificdata.org/health-dashboard,,,,,
DATAFLOW,SPC:DF_BP50_2(1.0),Blue Pacific 2050: People-Centered Development (Thematic Area 2),I,A,Annual,SH_H2O_IMPR,Population using an improved drinking water source,MH,Marshall Islands,_T,Total,_T,All ages,_T,National,_T,Total,_T,All education levels,_T,All occupations,_Z,Not applicable,_T,No breakdown by disability,2012,,95,,RATIO_POP,ratio to total population,G,Global,E,Estimated,"WHO/UNICEF Joint Monitoring Programme for Water Supply, Sanitation and Hygiene (2017)",,,,,
DATAFLOW,SPC:DF_BP50_2(1.0),Blue Pacific 2050: People-Centered Development (Thematic Area 2),I,A,Annual,SH_H2O_IMPR,Population using an improved drinking water source,MH,Marshall Islands,_T,Total,_T,All ages,_T,National,_T,Total,_T,All education levels,_T,All occupations,_Z,Not applicable,_T,No breakdown by disability,2015,,98.8,,RATIO_POP,ratio to total population,G,Global,E,Estimated,"WHO/UNICEF Joint Monitoring Programme for Water Supply, Sanitation and Hygiene (2017)",,,,,
DATAFLOW,SPC:DF_BP50_2(1.0),Blue Pacific 2050: People-Centered Development (Thematic Area 2),I,A,Annual,BPI_MANAP1,Compulsory physical education in school curriculum,FM,Micronesia (Federated States of),_T,Total,_T,All ages,_T,National,_T,Total,_T,All education levels,_T,All occupations,_Z,Not applicable,_T,No breakdown by disability,2017,,2,,N,units,R,Regional,C,Country Data,Pacific Mana Dashboard https://pacificdata.org/health-dashboard,,,,,
DATAFLOW,SPC:DF_BP50_2(1.0),Blue Pacific 2050: People-Centered Development (Thematic Area 2),I,A,Annual,BPI_MANAP1,Compulsory physical education in school curriculum,FM,Micronesia (Federated States of),_T,Total,_T,All ages,_T,National,_T,Total,_T,All education levels,_T,All occupations,_Z,Not applicable,_T,No breakdown by disability,2019,,2,,N,units,R,Regional,C,Country Data,Pacific Mana Dashboard https://pacificdata.org/health-dashboard,,,,,
DATAFLOW,SPC:DF_BP50_2(1.0),Blue Pacific 2050: People-Centered Development (Thematic Area 2),I,A,Annual,BPI_MANAP1,Compulsory physical education in school curriculum,FM,Micronesia (Federated States of),_T,Total,_T,All ages,_T,National,_T,Total,_T,All education levels,_T,All occupations,_Z,Not applicable,_T,No breakdown by disability,2021,,0,,N,units,R,Regional,C,Country Data,Pacific Mana Dashboard https://pacificdata.org/health-dashboard,,,,,
DATAFLOW,SPC:DF_BP50_2(1.0),Blue Pacific 2050: People-Centered Development (Thematic Area 2),I,A,Annual,BPI_MANAP1,Compulsory physical education in school curriculum,NU,Niue,_T,Total,_T,All ages,_T,National,_T,Total,_T,All education levels,_T,All occupations,_Z,Not applicable,_T,No breakdown by disability,2017,,6,,N,units,R,Regional,C,Country Data,Pacific Mana Dashboard https://pacificdata.org/health-dashboard,,,,,
DATAFLOW,SPC:DF_BP50_2(1.0),Blue Pacific 2050: People-Centered Development (Thematic Area 2),I,A,Annual,BPI_MANAP1,Compulsory physical education in school curriculum,NU,Niue,_T,Total,_T,All ages,_T,National,_T,Total,_T,All education levels,_T,All occupations,_Z,Not applicable,_T,No breakdown by disability,2019,,6,,N,units,R,Regional,C,Country Data,Pacific Mana Dashboard https://pacificdata.org/health-dashboard,,,,,
DATAFLOW,SPC:DF_BP50_2(1.0),Blue Pacific 2050: People-Centered Development (Thematic Area 2),I,A,Annual,BPI_MANAP1,Compulsory physical education in school curriculum,NU,Niue,_T,Total,_T,All ages,_T,National,_T,Total,_T,All education levels,_T,All occupations,_Z,Not applicable,_T,No breakdown by disability,2021,,6,,N,units,R,Regional,C,Country Data,Pacific Mana Dashboard https://pacificdata.org/health-dashboard,,,,,
DATAFLOW,SPC:DF_BP50_2(1.0),Blue Pacific 2050: People-Centered Development (Thematic Area 2),I,A,Annual,BPI_MANASL2,National strategy addressing NCDs and risk factors,TO,Tonga,_T,Total,_T,All ages,_T,National,_T,Total,_T,All education levels,_T,All occupations,_Z,Not applicable,_T,No breakdown by disability,2017,,6,,N,units,R,Regional,C,Country Data,Pacific Mana Dashboard https://pacificdata.org/health-dashboard,,,,,
DATAFLOW,SPC:DF_BP50_2(1.0),Blue Pacific 2050: People-Centered Development (Thematic Area 2),I,A,Annual,BPI_MANASL2,National strategy addressing NCDs and risk factors,TO,Tonga,_T,Total,_T,All ages,_T,National,_T,Total,_T,All education levels,_T,All occupations,_Z,Not applicable,_T,No breakdown by disability,2019,,6,,N,units,R,Regional,C,Country Data,Pacific Mana Dashboard https://pacificdata.org/health-dashboard,,,,,
DATAFLOW,SPC:DF_BP50_2(1.0),Blue Pacific 2050: People-Centered Development (Thematic Area 2),I,A,Annual,BPI_MANASL2,National strategy addressing NCDs and risk factors,TO,Tonga,_T,Total,_T,All ages,_T,National,_T,Total,_T,All education levels,_T,All occupations,_Z,Not applicable,_T,No breakdown by disability,2021,,6,,N,units,R,Regional,C,Country Data,Pacific Mana Dashboard https://pacificdata.org/health-dashboard,,,,,
DATAFLOW,SPC:DF_BP50_2(1.0),Blue Pacific 2050: People-Centered Development (Thematic Area 2),I,A,Annual,BPI_MANAGL2,National guidelines for care of main NCDs,WS,Samoa,_T,Total,_T,All ages,_T,National,_T,Total,_T,All education levels,_T,All occupations,_Z,Not applicable,_T,No breakdown by disability,2017,,4,,N,units,R,Regional,C,Country Data,Pacific Mana Dashboard https://pacificdata.org/health-dashboard,,,,,
DATAFLOW,SPC:DF_BP50_2(1.0),Blue Pacific 2050: People-Centered Development (Thematic Area 2),I,A,Annual,BPI_MANAGL2,National guidelines for care of main NCDs,WS,Samoa,_T,Total,_T,All ages,_T,National,_T,Total,_T,All education levels,_T,All occupations,_Z,Not applicable,_T,No breakdown by disability,2019,,5,,N,units,R,Regional,C,Country Data,Pacific Mana Dashboard https://pacificdata.org/health-dashboard,,,,,
DATAFLOW,SPC:DF_BP50_2(1.0),Blue Pacific 2050: People-Centered Development (Thematic Area 2),I,A,Annual,BPI_MANAGL2,National guidelines for care of main NCDs,WS,Samoa,_T,Total,_T,All ages,_T,National,_T,Total,_T,All education levels,_T,All occupations,_Z,Not applicable,_T,No breakdown by disability,2021,,5,,N,units,R,Regional,C,Country Data,Pacific Mana Dashboard https://pacificdata.org/health-dashboard,,,,,
DATAFLOW,SPC:DF_BP50_2(1.0),Blue Pacific 2050: People-Centered Development (Thematic Area 2),I,A,Annual,SH_H2O_IMPR,Population using an improved drinking water source,TO,Tonga,_T,Total,_T,All ages,_T,National,_T,Total,_T,All education levels,_T,All occupations,_Z,Not applicable,_T,No breakdown by disability,2016,,91.7,,RATIO_POP,ratio to total population,N,National,C,Country Data,"Tonga NSO, Census of Population and Housing 2016.",,,,,
DATAFLOW,SPC:DF_BP50_2(1.0),Blue Pacific 2050: People-Centered Development (Thematic Area 2),I,A,Annual,BPI_MANASL2,National strategy addressing NCDs and risk factors,PG,Papua New Guinea,_T,Total,_T,All ages,_T,National,_T,Total,_T,All education levels,_T,All occupations,_Z,Not applicable,_T,No breakdown by disability,2017,,6,,N,units,R,Regional,C,Country Data,Pacific Mana Dashboard https://pacificdata.org/health-dashboard,,,,,
DATAFLOW,SPC:DF_BP50_2(1.0),Blue Pacific 2050: People-Centered Development (Thematic Area 2),I,A,Annual,BPI_MANASL2,National strategy addressing NCDs and risk factors,PG,Papua New Guinea,_T,Total,_T,All ages,_T,National,_T,Total,_T,All education levels,_T,All occupations,_Z,Not applicable,_T,No breakdown by disability,2019,,6,,N,units,R,Regional,C,Country Data,Pacific Mana Dashboard https://pacificdata.org/health-dashboard,,,,,
DATAFLOW,SPC:DF_BP50_2(1.0),Blue Pacific 2050: People-Centered Development (Thematic Area 2),I,A,Annual,BPI_MANASL2,National strategy addressing NCDs and risk factors,PG,Papua New Guinea,_T,Total,_T,All ages,_T,National,_T,Total,_T,All education levels,_T,All occupations,_Z,Not applicable,_T,No breakdown by disability,2021,,3,,N,units,R,Regional,C,Country Data,Pacific Mana Dashboard https://pacificdata.org/health-dashboard,,,,,
DATAFLOW,SPC:DF_BP50_2(1.0),Blue Pacific 2050: People-Centered Development (Thematic Area 2),I,A,Annual,BPI_MANAGL2,National guidelines for care of main NCDs,KI,Kiribati,_T,Total,_T,All ages,_T,National,_T,Total,_T,All education levels,_T,All occupations,_Z,Not applicable,_T,No breakdown by disability,2017,,4,,N,units,R,Regional,C,Country Data,Pacific Mana Dashboard https://pacificdata.org/health-dashboard,,,,,
DATAFLOW,SPC:DF_BP50_2(1.0),Blue Pacific 2050: People-Centered Development (Thematic Area 2),I,A,Annual,BPI_MANAGL2,National guidelines for care of main NCDs,KI,Kiribati,_T,Total,_T,All ages,_T,National,_T,Total,_T,All education levels,_T,All occupations,_Z,Not applicable,_T,No breakdown by disability,2019,,4,,N,units,R,Regional,C,Country Data,Pacific Mana Dashboard https://pacificdata.org/health-dashboard,,,,,
DATAFLOW,SPC:DF_BP50_2(1.0),Blue Pacific 2050: People-Centered Development (Thematic Area 2),I,A,Annual,BPI_MANAGL2,National guidelines for care of main NCDs,KI,Kiribati,_T,Total,_T,All ages,_T,National,_T,Total,_T,All education levels,_T,All occupations,_Z,Not applicable,_T,No breakdown by disability,2021,,4,,N,units,R,Regional,C,Country Data,Pacific Mana Dashboard https://pacificdata.org/health-dashboard,,,,,
DATAFLOW,SPC:DF_BP50_2(1.0),Blue Pacific 2050: People-Centered Development (Thematic Area 2),I,A,Annual,SH_H2O_IMPR,Population using an improved drinking water source,CK,Cook Islands,_T,Total,_T,All ages,_T,National,_T,Total,_T,All education levels,_T,All occupations,_Z,Not applicable,_T,No breakdown by disability,2016,,99.9,,RATIO_POP,ratio to total population,G,Global,E,Estimated,"WHO/UNICEF Joint Monitoring Programme for Water Supply, Sanitation and Hygiene (2017)",,,,,
DATAFLOW,SPC:DF_BP50_2(1.0),Blue Pacific 2050: People-Centered Development (Thematic Area 2),I,A,Annual,BPI_MANASL2,National strategy addressing NCDs and risk factors,SB,Solomon Islands,_T,Total,_T,All ages,_T,National,_T,Total,_T,All education levels,_T,All occupations,_Z,Not applicable,_T,No breakdown by disability,2017,,2,,N,units,R,Regional,C,Country Data,Pacific Mana Dashboard https://pacificdata.org/health-dashboard,,,,,
DATAFLOW,SPC:DF_BP50_2(1.0),Blue Pacific 2050: People-Centered Development (Thematic Area 2),I,A,Annual,BPI_MANASL2,National strategy addressing NCDs and risk factors,SB,Solomon Islands,_T,Total,_T,All ages,_T,National,_T,Total,_T,All education levels,_T,All occupations,_Z,Not applicable,_T,No breakdown by disability,2019,,6,,N,units,R,Regional,C,Country Data,Pacific Mana Dashboard https://pacificdata.org/health-dashboard,,,,,
DATAFLOW,SPC:DF_BP50_2(1.0),Blue Pacific 2050: People-Centered Development (Thematic Area 2),I,A,Annual,BPI_MANASL2,National strategy addressing NCDs and risk factors,SB,Solomon Islands,_T,Total,_T,All ages,_T,National,_T,Total,_T,All education levels,_T,All occupations,_Z,Not applicable,_T,No breakdown by disability,2021,,6,,N,units,R,Regional,C,Country Data,Pacific Mana Dashboard https://pacificdata.org/health-dashboard,,,,,
DATAFLOW,SPC:DF_BP50_2(1.0),Blue Pacific 2050: People-Centered Development (Thematic Area 2),I,A,Annual,BPI_MANASL2,National strategy addressing NCDs and risk factors,KI,Kiribati,_T,Total,_T,All ages,_T,National,_T,Total,_T,All education levels,_T,All occupations,_Z,Not applicable,_T,No breakdown by disability,2017,,3,,N,units,R,Regional,C,Country Data,Pacific Mana Dashboard https://pacificdata.org/health-dashboard,,,,,
DATAFLOW,SPC:DF_BP50_2(1.0),Blue Pacific 2050: People-Centered Development (Thematic Area 2),I,A,Annual,BPI_MANASL2,National strategy addressing NCDs and risk factors,KI,Kiribati,_T,Total,_T,All ages,_T,National,_T,Total,_T,All education levels,_T,All occupations,_Z,Not applicable,_T,No breakdown by disability,2019,,3,,N,units,R,Regional,C,Country Data,Pacific Mana Dashboard https://pacificdata.org/health-dashboard,,,,,
DATAFLOW,SPC:DF_BP50_2(1.0),Blue Pacific 2050: People-Centered Development (Thematic Area 2),I,A,Annual,BPI_MANASL2,National strategy addressing NCDs and risk factors,KI,Kiribati,_T,Total,_T,All ages,_T,National,_T,Total,_T,All education levels,_T,All occupations,_Z,Not applicable,_T,No breakdown by disability,2021,,6,,N,units,R,Regional,C,Country Data,Pacific Mana Dashboard https://pacificdata.org/health-dashboard,,,,,
DATAFLOW,SPC:DF_BP50_2(1.0),Blue Pacific 2050: People-Centered Development (Thematic Area 2),I,A,Annual,SPC_3_8_1,Coverage of essential health services,SB,Solomon Islands,_T,Total,_T,All ages,_T,National,_T,Total,_T,All education levels,_T,All occupations,_Z,Not applicable,_T,No breakdown by disability,2000,,30.91,,INDEX,index,G,Global,_X,Not Available,,,,,,
DATAFLOW,SPC:DF_BP50_2(1.0),Blue Pacific 2050: People-Centered Development (Thematic Area 2),I,A,Annual,SPC_3_8_1,Coverage of essential health services,SB,Solomon Islands,_T,Total,_T,All ages,_T,National,_T,Total,_T,All education levels,_T,All occupations,_Z,Not applicable,_T,No breakdown by disability,2005,,32.24,,INDEX,index,G,Global,_X,Not Available,,,,,,
DATAFLOW,SPC:DF_BP50_2(1.0),Blue Pacific 2050: People-Centered Development (Thematic Area 2),I,A,Annual,SPC_3_8_1,Coverage of essential health services,SB,Solomon Islands,_T,Total,_T,All ages,_T,National,_T,Total,_T,All education levels,_T,All occupations,_Z,Not applicable,_T,No breakdown by disability,2010,,40.1,,INDEX,index,G,Global,_X,Not Available,,,,,,
DATAFLOW,SPC:DF_BP50_2(1.0),Blue Pacific 2050: People-Centered Development (Thematic Area 2),I,A,Annual,SPC_3_8_1,Coverage of essential health services,SB,Solomon Islands,_T,Total,_T,All ages,_T,National,_T,Total,_T,All education levels,_T,All occupations,_Z,Not applicable,_T,No breakdown by disability,2015,,45.26,,INDEX,index,G,Global,_X,Not Available,,,,,,
DATAFLOW,SPC:DF_BP50_2(1.0),Blue Pacific 2050: People-Centered Development (Thematic Area 2),I,A,Annual,SPC_3_8_1,Coverage of essential health services,SB,Solomon Islands,_T,Total,_T,All ages,_T,National,_T,Total,_T,All education levels,_T,All occupations,_Z,Not applicable,_T,No breakdown by disability,2017,,46.62,,INDEX,index,G,Global,_X,Not Available,,,,,,
DATAFLOW,SPC:DF_BP50_2(1.0),Blue Pacific 2050: People-Centered Development (Thematic Area 2),I,A,Annual,SPC_3_8_1,Coverage of essential health services,SB,Solomon Islands,_T,Total,_T,All ages,_T,National,_T,Total,_T,All education levels,_T,All occupations,_Z,Not applicable,_T,No breakdown by disability,2019,,46.39,,INDEX,index,G,Global,_X,Not Available,,,,,,
DATAFLOW,SPC:DF_BP50_2(1.0),Blue Pacific 2050: People-Centered Development (Thematic Area 2),I,A,Annual,SPC_3_8_1,Coverage of essential health services,SB,Solomon Islands,_T,Total,_T,All ages,_T,National,_T,Total,_T,All education levels,_T,All occupations,_Z,Not applicable,_T,No breakdown by disability,2021,,47.28,,INDEX,index,G,Global,_X,Not Available,,,,,,
DATAFLOW,SPC:DF_BP50_2(1.0),Blue Pacific 2050: People-Centered Development (Thematic Area 2),I,A,Annual,BPI_MANAF5,Healthy food policies in schools,FM,Micronesia (Federated States of),_T,Total,_T,All ages,_T,National,_T,Total,_T,All education levels,_T,All occupations,_Z,Not applicable,_T,No breakdown by disability,2017,,0,,N,units,R,Regional,C,Country Data,Pacific Mana Dashboard https://pacificdata.org/health-dashboard,,,,,
DATAFLOW,SPC:DF_BP50_2(1.0),Blue Pacific 2050: People-Centered Development (Thematic Area 2),I,A,Annual,BPI_MANAF5,Healthy food policies in schools,FM,Micronesia (Federated States of),_T,Total,_T,All ages,_T,National,_T,Total,_T,All education levels,_T,All occupations,_Z,Not applicable,_T,No breakdown by disability,2019,,2,,N,units,R,Regional,C,Country Data,Pacific Mana Dashboard https://pacificdata.org/health-dashboard,,,,,
DATAFLOW,SPC:DF_BP50_2(1.0),Blue Pacific 2050: People-Centered Development (Thematic Area 2),I,A,Annual,BPI_MANAF5,Healthy food policies in schools,FM,Micronesia (Federated States of),_T,Total,_T,All ages,_T,National,_T,Total,_T,All education levels,_T,All occupations,_Z,Not applicable,_T,No breakdown by disability,2021,,0,,N,units,R,Regional,C,Country Data,Pacific Mana Dashboard https://pacificdata.org/health-dashboard,,,,,
DATAFLOW,SPC:DF_BP50_2(1.0),Blue Pacific 2050: People-Centered Development (Thematic Area 2),I,A,Annual,BPI_MANAP1,Compulsory physical education in school curriculum,TO,Tonga,_T,Total,_T,All ages,_T,National,_T,Total,_T,All education levels,_T,All occupations,_Z,Not applicable,_T,No breakdown by disability,2017,,4,,N,units,R,Regional,C,Country Data,Pacific Mana Dashboard https://pacificdata.org/health-dashboard,,,,,
DATAFLOW,SPC:DF_BP50_2(1.0),Blue Pacific 2050: People-Centered Development (Thematic Area 2),I,A,Annual,BPI_MANAP1,Compulsory physical education in school curriculum,TO,Tonga,_T,Total,_T,All ages,_T,National,_T,Total,_T,All education levels,_T,All occupations,_Z,Not applicable,_T,No breakdown by disability,2019,,3,,N,units,R,Regional,C,Country Data,Pacific Mana Dashboard https://pacificdata.org/health-dashboard,,,,,
DATAFLOW,SPC:DF_BP50_2(1.0),Blue Pacific 2050: People-Centered Development (Thematic Area 2),I,A,Annual,BPI_MANAP1,Compulsory physical education in school curriculum,TO,Tonga,_T,Total,_T,All ages,_T,National,_T,Total,_T,All education levels,_T,All occupations,_Z,Not applicable,_T,No breakdown by disability,2021,,3,,N,units,R,Regional,C,Country Data,Pacific Mana Dashboard https://pacificdata.org/health-dashboard,,,,,
DATAFLOW,SPC:DF_BP50_2(1.0),Blue Pacific 2050: People-Centered Development (Thematic Area 2),I,A,Annual,BPI_MANAGL2,National guidelines for care of main NCDs,TO,Tonga,_T,Total,_T,All ages,_T,National,_T,Total,_T,All education levels,_T,All occupations,_Z,Not applicable,_T,No breakdown by disability,2017,,6,,N,units,R,Regional,C,Country Data,Pacific Mana Dashboard https://pacificdata.org/health-dashboard,,,,,
DATAFLOW,SPC:DF_BP50_2(1.0),Blue Pacific 2050: People-Centered Development (Thematic Area 2),I,A,Annual,BPI_MANAGL2,National guidelines for care of main NCDs,TO,Tonga,_T,Total,_T,All ages,_T,National,_T,Total,_T,All education levels,_T,All occupations,_Z,Not applicable,_T,No breakdown by disability,2019,,6,,N,units,R,Regional,C,Country Data,Pacific Mana Dashboard https://pacificdata.org/health-dashboard,,,,,
DATAFLOW,SPC:DF_BP50_2(1.0),Blue Pacific 2050: People-Centered Development (Thematic Area 2),I,A,Annual,BPI_MANAGL2,National guidelines for care of main NCDs,TO,Tonga,_T,Total,_T,All ages,_T,National,_T,Total,_T,All education levels,_T,All occupations,_Z,Not applicable,_T,No breakdown by disability,2021,,6,,N,units,R,Regional,C,Country Data,Pacific Mana Dashboard https://pacificdata.org/health-dashboard,,,,,
DATAFLOW,SPC:DF_BP50_2(1.0),Blue Pacific 2050: People-Centered Development (Thematic Area 2),I,A,Annual,BPI_MANAP1,Compulsory physical education in school curriculum,KI,Kiribati,_T,Total,_T,All ages,_T,National,_T,Total,_T,All education levels,_T,All occupations,_Z,Not applicable,_T,No breakdown by disability,2017,,6,,N,units,R,Regional,C,Country Data,Pacific Mana Dashboard https://pacificdata.org/health-dashboard,,,,,
DATAFLOW,SPC:DF_BP50_2(1.0),Blue Pacific 2050: People-Centered Development (Thematic Area 2),I,A,Annual,BPI_MANAP1,Compulsory physical education in school curriculum,KI,Kiribati,_T,Total,_T,All ages,_T,National,_T,Total,_T,All education levels,_T,All occupations,_Z,Not applicable,_T,No breakdown by disability,2019,,6,,N,units,R,Regional,C,Country Data,Pacific Mana Dashboard https://pacificdata.org/health-dashboard,,,,,
DATAFLOW,SPC:DF_BP50_2(1.0),Blue Pacific 2050: People-Centered Development (Thematic Area 2),I,A,Annual,BPI_MANAP1,Compulsory physical education in school curriculum,KI,Kiribati,_T,Total,_T,All ages,_T,National,_T,Total,_T,All education levels,_T,All occupations,_Z,Not applicable,_T,No breakdown by disability,2021,,6,,N,units,R,Regional,C,Country Data,Pacific Mana Dashboard https://pacificdata.org/health-dashboard,,,,,
DATAFLOW,SPC:DF_BP50_2(1.0),Blue Pacific 2050: People-Centered Development (Thematic Area 2),I,A,Annual,BPI_MANAF5,Healthy food policies in schools,CK,Cook Islands,_T,Total,_T,All ages,_T,National,_T,Total,_T,All education levels,_T,All occupations,_Z,Not applicable,_T,No breakdown by disability,2017,,4,,N,units,R,Regional,C,Country Data,Pacific Mana Dashboard https://pacificdata.org/health-dashboard,,,,,
DATAFLOW,SPC:DF_BP50_2(1.0),Blue Pacific 2050: People-Centered Development (Thematic Area 2),I,A,Annual,BPI_MANAF5,Healthy food policies in schools,CK,Cook Islands,_T,Total,_T,All ages,_T,National,_T,Total,_T,All education levels,_T,All occupations,_Z,Not applicable,_T,No breakdown by disability,2019,,4,,N,units,R,Regional,C,Country Data,Pacific Mana Dashboard https://pacificdata.org/health-dashboard,,,,,
DATAFLOW,SPC:DF_BP50_2(1.0),Blue Pacific 2050: People-Centered Development (Thematic Area 2),I,A,Annual,BPI_MANAF5,Healthy food policies in schools,CK,Cook Islands,_T,Total,_T,All ages,_T,National,_T,Total,_T,All education levels,_T,All occupations,_Z,Not applicable,_T,No breakdown by disability,2021,,4,,N,units,R,Regional,C,Country Data,Pacific Mana Dashboard https://pacificdata.org/health-dashboard,,,,,
DATAFLOW,SPC:DF_BP50_2(1.0),Blue Pacific 2050: People-Centered Development (Thematic Area 2),I,A,Annual,BPI_MANAGL2,National guidelines for care of main NCDs,NR,Nauru,_T,Total,_T,All ages,_T,National,_T,Total,_T,All education levels,_T,All occupations,_Z,Not applicable,_T,No breakdown by disability,2017,,4,,N,units,R,Regional,C,Country Data,Pacific Mana Dashboard https://pacificdata.org/health-dashboard,,,,,
DATAFLOW,SPC:DF_BP50_2(1.0),Blue Pacific 2050: People-Centered Development (Thematic Area 2),I,A,Annual,BPI_MANAGL2,National guidelines for care of main NCDs,NR,Nauru,_T,Total,_T,All ages,_T,National,_T,Total,_T,All education levels,_T,All occupations,_Z,Not applicable,_T,No breakdown by disability,2019,,5,,N,units,R,Regional,C,Country Data,Pacific Mana Dashboard https://pacificdata.org/health-dashboard,,,,,
DATAFLOW,SPC:DF_BP50_2(1.0),Blue Pacific 2050: People-Centered Development (Thematic Area 2),I,A,Annual,BPI_MANAGL2,National guidelines for care of main NCDs,NR,Nauru,_T,Total,_T,All ages,_T,National,_T,Total,_T,All education levels,_T,All occupations,_Z,Not applicable,_T,No breakdown by disability,2021,,5,,N,units,R,Regional,C,Country Data,Pacific Mana Dashboard https://pacificdata.org/health-dashboard,,,,,
DATAFLOW,SPC:DF_BP50_2(1.0),Blue Pacific 2050: People-Centered Development (Thematic Area 2),I,A,Annual,SH_H2O_IMPR,Population using an improved drinking water source,VU,Vanuatu,_T,Total,_T,All ages,_T,National,_T,Total,_T,All education levels,_T,All occupations,_Z,Not applicable,_T,No breakdown by disability,2013,,90,,RATIO_POP,ratio to total population,N,National,C,Country Data,"Vanuatu NSO, Demographic and Health Survey 2013. (2014)",,,,,
DATAFLOW,SPC:DF_BP50_2(1.0),Blue Pacific 2050: People-Centered Development (Thematic Area 2),I,A,Annual,BPI_MANAP1,Compulsory physical education in school curriculum,VU,Vanuatu,_T,Total,_T,All ages,_T,National,_T,Total,_T,All education levels,_T,All occupations,_Z,Not applicable,_T,No breakdown by disability,2017,,2,,N,units,R,Regional,C,Country Data,Pacific Mana Dashboard https://pacificdata.org/health-dashboard,,,,,
DATAFLOW,SPC:DF_BP50_2(1.0),Blue Pacific 2050: People-Centered Development (Thematic Area 2),I,A,Annual,BPI_MANAP1,Compulsory physical education in school curriculum,VU,Vanuatu,_T,Total,_T,All ages,_T,National,_T,Total,_T,All education levels,_T,All occupations,_Z,Not applicable,_T,No breakdown by disability,2019,,2,,N,units,R,Regional,C,Country Data,Pacific Mana Dashboard https://pacificdata.org/health-dashboard,,,,,
DATAFLOW,SPC:DF_BP50_2(1.0),Blue Pacific 2050: People-Centered Development (Thematic Area 2),I,A,Annual,BPI_MANAP1,Compulsory physical education in school curriculum,VU,Vanuatu,_T,Total,_T,All ages,_T,National,_T,Total,_T,All education levels,_T,All occupations,_Z,Not applicable,_T,No breakdown by disability,2021,,2,,N,units,R,Regional,C,Country Data,Pacific Mana Dashboard https://pacificdata.org/health-dashboard,,,,,
DATAFLOW,SPC:DF_BP50_2(1.0),Blue Pacific 2050: People-Centered Development (Thematic Area 2),I,A,Annual,SH_SAN_SAFE,"Proportion of population using safely managed sanitation
            services",KI,Kiribati,_T,Total,_T,All ages,_T,National,_T,Total,_T,All education levels,_T,All occupations,_Z,Not applicable,_T,No breakdown by disability,2000,,16.99,,PERCENT,percent,G,Global,_X,Not Available,,,,,,
DATAFLOW,SPC:DF_BP50_2(1.0),Blue Pacific 2050: People-Centered Development (Thematic Area 2),I,A,Annual,SH_SAN_SAFE,"Proportion of population using safely managed sanitation
            services",KI,Kiribati,_T,Total,_T,All ages,_T,National,_T,Total,_T,All education levels,_T,All occupations,_Z,Not applicable,_T,No breakdown by disability,2001,,17.73,,PERCENT,percent,G,Global,_X,Not Available,,,,,,
DATAFLOW,SPC:DF_BP50_2(1.0),Blue Pacific 2050: People-Centered Development (Thematic Area 2),I,A,Annual,SH_SAN_SAFE,"Proportion of population using safely managed sanitation
            services",KI,Kiribati,_T,Total,_T,All ages,_T,National,_T,Total,_T,All education levels,_T,All occupations,_Z,Not applicable,_T,No breakdown by disability,2002,,18.41,,PERCENT,percent,G,Global,_X,Not Available,,,,,,
DATAFLOW,SPC:DF_BP50_2(1.0),Blue Pacific 2050: People-Centered Development (Thematic Area 2),I,A,Annual,SH_SAN_SAFE,"Proportion of population using safely managed sanitation
            services",KI,Kiribati,_T,Total,_T,All ages,_T,National,_T,Total,_T,All education levels,_T,All occupations,_Z,Not applicable,_T,No breakdown by disability,2003,,19.1,,PERCENT,percent,G,Global,_X,Not Available,,,,,,
DATAFLOW,SPC:DF_BP50_2(1.0),Blue Pacific 2050: People-Centered Development (Thematic Area 2),I,A,Annual,SH_SAN_SAFE,"Proportion of population using safely managed sanitation
            services",KI,Kiribati,_T,Total,_T,All ages,_T,National,_T,Total,_T,All education levels,_T,All occupations,_Z,Not applicable,_T,No breakdown by disability,2004,,19.79,,PERCENT,percent,G,Global,_X,Not Available,,,,,,
DATAFLOW,SPC:DF_BP50_2(1.0),Blue Pacific 2050: People-Centered Development (Thematic Area 2),I,A,Annual,SH_SAN_SAFE,"Proportion of population using safely managed sanitation
            services",KI,Kiribati,_T,Total,_T,All ages,_T,National,_T,Total,_T,All education levels,_T,All occupations,_Z,Not applicable,_T,No breakdown by disability,2005,,20.23,,PERCENT,percent,G,Global,_X,Not Available,,,,,,
DATAFLOW,SPC:DF_BP50_2(1.0),Blue Pacific 2050: People-Centered Development (Thematic Area 2),I,A,Annual,SH_SAN_SAFE,"Proportion of population using safely managed sanitation
            services",KI,Kiribati,_T,Total,_T,All ages,_T,National,_T,Total,_T,All education levels,_T,All occupations,_Z,Not applicable,_T,No breakdown by disability,2006,,20.7,,PERCENT,percent,G,Global,_X,Not Available,,,,,,
DATAFLOW,SPC:DF_BP50_2(1.0),Blue Pacific 2050: People-Centered Development (Thematic Area 2),I,A,Annual,SH_SAN_SAFE,"Proportion of population using safely managed sanitation
            services",KI,Kiribati,_T,Total,_T,All ages,_T,National,_T,Total,_T,All education levels,_T,All occupations,_Z,Not applicable,_T,No breakdown by disability,2007,,21.2,,PERCENT,percent,G,Global,_X,Not Available,,,,,,
DATAFLOW,SPC:DF_BP50_2(1.0),Blue Pacific 2050: People-Centered Development (Thematic Area 2),I,A,Annual,SH_SAN_SAFE,"Proportion of population using safely managed sanitation
            services",KI,Kiribati,_T,Total,_T,All ages,_T,National,_T,Total,_T,All education levels,_T,All occupations,_Z,Not applicable,_T,No breakdown by disability,2008,,21.52,,PERCENT,percent,G,Global,_X,Not Available,,,,,,
DATAFLOW,SPC:DF_BP50_2(1.0),Blue Pacific 2050: People-Centered Development (Thematic Area 2),I,A,Annual,SH_SAN_SAFE,"Proportion of population using safely managed sanitation
            services",KI,Kiribati,_T,Total,_T,All ages,_T,National,_T,Total,_T,All education levels,_T,All occupations,_Z,Not applicable,_T,No breakdown by disability,2009,,21.83,,PERCENT,percent,G,Global,_X,Not Available,,,,,,
DATAFLOW,SPC:DF_BP50_2(1.0),Blue Pacific 2050: People-Centered Development (Thematic Area 2),I,A,Annual,SH_SAN_SAFE,"Proportion of population using safely managed sanitation
            services",KI,Kiribati,_T,Total,_T,All ages,_T,National,_T,Total,_T,All education levels,_T,All occupations,_Z,Not applicable,_T,No breakdown by disability,2010,,22.12,,PERCENT,percent,G,Global,_X,Not Available,,,,,,
DATAFLOW,SPC:DF_BP50_2(1.0),Blue Pacific 2050: People-Centered Development (Thematic Area 2),I,A,Annual,SH_SAN_SAFE,"Proportion of population using safely managed sanitation
            services",KI,Kiribati,_T,Total,_T,All ages,_T,National,_T,Total,_T,All education levels,_T,All occupations,_Z,Not applicable,_T,No breakdown by disability,2011,,22.41,,PERCENT,percent,G,Global,_X,Not Available,,,,,,
DATAFLOW,SPC:DF_BP50_2(1.0),Blue Pacific 2050: People-Centered Development (Thematic Area 2),I,A,Annual,SH_SAN_SAFE,"Proportion of population using safely managed sanitation
            services",KI,Kiribati,_T,Total,_T,All ages,_T,National,_T,Total,_T,All education levels,_T,All occupations,_Z,Not applicable,_T,No breakdown by disability,2012,,22.68,,PERCENT,percent,G,Global,_X,Not Available,,,,,,
DATAFLOW,SPC:DF_BP50_2(1.0),Blue Pacific 2050: People-Centered Development (Thematic Area 2),I,A,Annual,SH_SAN_SAFE,"Proportion of population using safely managed sanitation
            services",KI,Kiribati,_T,Total,_T,All ages,_T,National,_T,Total,_T,All education levels,_T,All occupations,_Z,Not applicable,_T,No breakdown by disability,2013,,22.93,,PERCENT,percent,G,Global,_X,Not Available,,,,,,
DATAFLOW,SPC:DF_BP50_2(1.0),Blue Pacific 2050: People-Centered Development (Thematic Area 2),I,A,Annual,SH_SAN_SAFE,"Proportion of population using safely managed sanitation
            services",KI,Kiribati,_T,Total,_T,All ages,_T,National,_T,Total,_T,All education levels,_T,All occupations,_Z,Not applicable,_T,No breakdown by disability,2014,,23.17,,PERCENT,percent,G,Global,_X,Not Available,,,,,,
DATAFLOW,SPC:DF_BP50_2(1.0),Blue Pacific 2050: People-Centered Development (Thematic Area 2),I,A,Annual,SH_SAN_SAFE,"Proportion of population using safely managed sanitation
            services",KI,Kiribati,_T,Total,_T,All ages,_T,National,_T,Total,_T,All education levels,_T,All occupations,_Z,Not applicable,_T,No breakdown by disability,2015,,23.4,,PERCENT,percent,G,Global,_X,Not Available,,,,,,
DATAFLOW,SPC:DF_BP50_2(1.0),Blue Pacific 2050: People-Centered Development (Thematic Area 2),I,A,Annual,SH_SAN_SAFE,"Proportion of population using safely managed sanitation
            services",KI,Kiribati,_T,Total,_T,All ages,_T,National,_T,Total,_T,All education levels,_T,All occupations,_Z,Not applicable,_T,No breakdown by disability,2016,,23.61,,PERCENT,percent,G,Global,_X,Not Available,,,,,,
DATAFLOW,SPC:DF_BP50_2(1.0),Blue Pacific 2050: People-Centered Development (Thematic Area 2),I,A,Annual,SH_SAN_SAFE,"Proportion of population using safely managed sanitation
            services",KI,Kiribati,_T,Total,_T,All ages,_T,National,_T,Total,_T,All education levels,_T,All occupations,_Z,Not applicable,_T,No breakdown by disability,2017,,23.81,,PERCENT,percent,G,Global,_X,Not Available,,,,,,
DATAFLOW,SPC:DF_BP50_2(1.0),Blue Pacific 2050: People-Centered Development (Thematic Area 2),I,A,Annual,SH_SAN_SAFE,"Proportion of population using safely managed sanitation
            services",KI,Kiribati,_T,Total,_T,All ages,_T,National,_T,Total,_T,All education levels,_T,All occupations,_Z,Not applicable,_T,No breakdown by disability,2018,,24,,PERCENT,percent,G,Global,_X,Not Available,,,,,,
DATAFLOW,SPC:DF_BP50_2(1.0),Blue Pacific 2050: People-Centered Development (Thematic Area 2),I,A,Annual,SH_SAN_SAFE,"Proportion of population using safely managed sanitation
            services",KI,Kiribati,_T,Total,_T,All ages,_T,National,_T,Total,_T,All education levels,_T,All occupations,_Z,Not applicable,_T,No breakdown by disability,2019,,24.17,,PERCENT,percent,G,Global,_X,Not Available,,,,,,
DATAFLOW,SPC:DF_BP50_2(1.0),Blue Pacific 2050: People-Centered Development (Thematic Area 2),I,A,Annual,SH_SAN_SAFE,"Proportion of population using safely managed sanitation
            services",KI,Kiribati,_T,Total,_T,All ages,_T,National,_T,Total,_T,All education levels,_T,All occupations,_Z,Not applicable,_T,No breakdown by disability,2020,,24.32,,PERCENT,percent,G,Global,_X,Not Available,,,,,,
DATAFLOW,SPC:DF_BP50_2(1.0),Blue Pacific 2050: People-Centered Development (Thematic Area 2),I,A,Annual,SH_SAN_SAFE,"Proportion of population using safely managed sanitation
            services",KI,Kiribati,_T,Total,_T,All ages,_T,National,_T,Total,_T,All education levels,_T,All occupations,_Z,Not applicable,_T,No breakdown by disability,2021,,24.46,,PERCENT,percent,G,Global,_X,Not Available,,,,,,
DATAFLOW,SPC:DF_BP50_2(1.0),Blue Pacific 2050: People-Centered Development (Thematic Area 2),I,A,Annual,SH_SAN_SAFE,"Proportion of population using safely managed sanitation
            services",KI,Kiribati,_T,Total,_T,All ages,_T,National,_T,Total,_T,All education levels,_T,All occupations,_Z,Not applicable,_T,No breakdown by disability,2022,,24.79,,PERCENT,percent,G,Global,_X,Not Available,,,,,,
DATAFLOW,SPC:DF_BP50_2(1.0),Blue Pacific 2050: People-Centered Development (Thematic Area 2),I,A,Annual,SPC_3_8_1,Coverage of essential health services,KI,Kiribati,_T,Total,_T,All ages,_T,National,_T,Total,_T,All education levels,_T,All occupations,_Z,Not applicable,_T,No breakdown by disability,2000,,27.53,,INDEX,index,G,Global,_X,Not Available,,,,,,
DATAFLOW,SPC:DF_BP50_2(1.0),Blue Pacific 2050: People-Centered Development (Thematic Area 2),I,A,Annual,SPC_3_8_1,Coverage of essential health services,KI,Kiribati,_T,Total,_T,All ages,_T,National,_T,Total,_T,All education levels,_T,All occupations,_Z,Not applicable,_T,No breakdown by disability,2005,,32.13,,INDEX,index,G,Global,_X,Not Available,,,,,,
DATAFLOW,SPC:DF_BP50_2(1.0),Blue Pacific 2050: People-Centered Development (Thematic Area 2),I,A,Annual,SPC_3_8_1,Coverage of essential health services,KI,Kiribati,_T,Total,_T,All ages,_T,National,_T,Total,_T,All education levels,_T,All occupations,_Z,Not applicable,_T,No breakdown by disability,2010,,41.05,,INDEX,index,G,Global,_X,Not Available,,,,,,
DATAFLOW,SPC:DF_BP50_2(1.0),Blue Pacific 2050: People-Centered Development (Thematic Area 2),I,A,Annual,SPC_3_8_1,Coverage of essential health services,KI,Kiribati,_T,Total,_T,All ages,_T,National,_T,Total,_T,All education levels,_T,All occupations,_Z,Not applicable,_T,No breakdown by disability,2015,,44.74,,INDEX,index,G,Global,_X,Not Available,,,,,,
DATAFLOW,SPC:DF_BP50_2(1.0),Blue Pacific 2050: People-Centered Development (Thematic Area 2),I,A,Annual,SPC_3_8_1,Coverage of essential health services,KI,Kiribati,_T,Total,_T,All ages,_T,National,_T,Total,_T,All education levels,_T,All occupations,_Z,Not applicable,_T,No breakdown by disability,2017,,46.61,,INDEX,index,G,Global,_X,Not Available,,,,,,
DATAFLOW,SPC:DF_BP50_2(1.0),Blue Pacific 2050: People-Centered Development (Thematic Area 2),I,A,Annual,SPC_3_8_1,Coverage of essential health services,KI,Kiribati,_T,Total,_T,All ages,_T,National,_T,Total,_T,All education levels,_T,All occupations,_Z,Not applicable,_T,No breakdown by disability,2019,,48.1,,INDEX,index,G,Global,_X,Not Available,,,,,,
DATAFLOW,SPC:DF_BP50_2(1.0),Blue Pacific 2050: People-Centered Development (Thematic Area 2),I,A,Annual,SPC_3_8_1,Coverage of essential health services,KI,Kiribati,_T,Total,_T,All ages,_T,National,_T,Total,_T,All education levels,_T,All occupations,_Z,Not applicable,_T,No breakdown by disability,2021,,47.71,,INDEX,index,G,Global,_X,Not Available,,,,,,
DATAFLOW,SPC:DF_BP50_2(1.0),Blue Pacific 2050: People-Centered Development (Thematic Area 2),I,A,Annual,SPC_3_8_1,Coverage of essential health services,TO,Tonga,_T,Total,_T,All ages,_T,National,_T,Total,_T,All education levels,_T,All occupations,_Z,Not applicable,_T,No breakdown by disability,2000,,43.29,,INDEX,index,G,Global,_X,Not Available,,,,,,
DATAFLOW,SPC:DF_BP50_2(1.0),Blue Pacific 2050: People-Centered Development (Thematic Area 2),I,A,Annual,SPC_3_8_1,Coverage of essential health services,TO,Tonga,_T,Total,_T,All ages,_T,National,_T,Total,_T,All education levels,_T,All occupations,_Z,Not applicable,_T,No breakdown by disability,2005,,44.62,,INDEX,index,G,Global,_X,Not Available,,,,,,
DATAFLOW,SPC:DF_BP50_2(1.0),Blue Pacific 2050: People-Centered Development (Thematic Area 2),I,A,Annual,SPC_3_8_1,Coverage of essential health services,TO,Tonga,_T,Total,_T,All ages,_T,National,_T,Total,_T,All education levels,_T,All occupations,_Z,Not applicable,_T,No breakdown by disability,2010,,52.79,,INDEX,index,G,Global,_X,Not Available,,,,,,
DATAFLOW,SPC:DF_BP50_2(1.0),Blue Pacific 2050: People-Centered Development (Thematic Area 2),I,A,Annual,SPC_3_8_1,Coverage of essential health services,TO,Tonga,_T,Total,_T,All ages,_T,National,_T,Total,_T,All education levels,_T,All occupations,_Z,Not applicable,_T,No breakdown by disability,2015,,54.12,,INDEX,index,G,Global,_X,Not Available,,,,,,
DATAFLOW,SPC:DF_BP50_2(1.0),Blue Pacific 2050: People-Centered Development (Thematic Area 2),I,A,Annual,SPC_3_8_1,Coverage of essential health services,TO,Tonga,_T,Total,_T,All ages,_T,National,_T,Total,_T,All education levels,_T,All occupations,_Z,Not applicable,_T,No breakdown by disability,2017,,55.86,,INDEX,index,G,Global,_X,Not Available,,,,,,
DATAFLOW,SPC:DF_BP50_2(1.0),Blue Pacific 2050: People-Centered Development (Thematic Area 2),I,A,Annual,SPC_3_8_1,Coverage of essential health services,TO,Tonga,_T,Total,_T,All ages,_T,National,_T,Total,_T,All education levels,_T,All occupations,_Z,Not applicable,_T,No breakdown by disability,2019,,56.8,,INDEX,index,G,Global,_X,Not Available,,,,,,
DATAFLOW,SPC:DF_BP50_2(1.0),Blue Pacific 2050: People-Centered Development (Thematic Area 2),I,A,Annual,SPC_3_8_1,Coverage of essential health services,TO,Tonga,_T,Total,_T,All ages,_T,National,_T,Total,_T,All education levels,_T,All occupations,_Z,Not applicable,_T,No breakdown by disability,2021,,56.69,,INDEX,index,G,Global,_X,Not Available,,,,,,
DATAFLOW,SPC:DF_BP50_2(1.0),Blue Pacific 2050: People-Centered Development (Thematic Area 2),I,A,Annual,BPI_MANASL2,National strategy addressing NCDs and risk factors,FM,Micronesia (Federated States of),_T,Total,_T,All ages,_T,National,_T,Total,_T,All education levels,_T,All occupations,_Z,Not applicable,_T,No breakdown by disability,2017,,3,,N,units,R,Regional,C,Country Data,Pacific Mana Dashboard https://pacificdata.org/health-dashboard,,,,,
DATAFLOW,SPC:DF_BP50_2(1.0),Blue Pacific 2050: People-Centered Development (Thematic Area 2),I,A,Annual,BPI_MANASL2,National strategy addressing NCDs and risk factors,FM,Micronesia (Federated States of),_T,Total,_T,All ages,_T,National,_T,Total,_T,All education levels,_T,All occupations,_Z,Not applicable,_T,No breakdown by disability,2019,,6,,N,units,R,Regional,C,Country Data,Pacific Mana Dashboard https://pacificdata.org/health-dashboard,,,,,
DATAFLOW,SPC:DF_BP50_2(1.0),Blue Pacific 2050: People-Centered Development (Thematic Area 2),I,A,Annual,BPI_MANASL2,National strategy addressing NCDs and risk factors,FM,Micronesia (Federated States of),_T,Total,_T,All ages,_T,National,_T,Total,_T,All education levels,_T,All occupations,_Z,Not applicable,_T,No breakdown by disability,2021,,0,,N,units,R,Regional,C,Country Data,Pacific Mana Dashboard https://pacificdata.org/health-dashboard,,,,,
DATAFLOW,SPC:DF_BP50_2(1.0),Blue Pacific 2050: People-Centered Development (Thematic Area 2),I,A,Annual,SH_H2O_IMPR,Population using an improved drinking water source,NU,Niue,_T,Total,_T,All ages,_T,National,_T,Total,_T,All education levels,_T,All occupations,_Z,Not applicable,_T,No breakdown by disability,2016,,96.3,,RATIO_POP,ratio to total population,G,Global,E,Estimated,"WHO/UNICEF Joint Monitoring Programme for Water Supply, Sanitation and Hygiene (2017)",,,,,
DATAFLOW,SPC:DF_BP50_2(1.0),Blue Pacific 2050: People-Centered Development (Thematic Area 2),I,A,Annual,SPC_3_8_1,Coverage of essential health services,TV,Tuvalu,_T,Total,_T,All ages,_T,National,_T,Total,_T,All education levels,_T,All occupations,_Z,Not applicable,_T,No breakdown by disability,2000,,37.4,,INDEX,index,G,Global,_X,Not Available,,,,,,
DATAFLOW,SPC:DF_BP50_2(1.0),Blue Pacific 2050: People-Centered Development (Thematic Area 2),I,A,Annual,SPC_3_8_1,Coverage of essential health services,TV,Tuvalu,_T,Total,_T,All ages,_T,National,_T,Total,_T,All education levels,_T,All occupations,_Z,Not applicable,_T,No breakdown by disability,2005,,40.03,,INDEX,index,G,Global,_X,Not Available,,,,,,
DATAFLOW,SPC:DF_BP50_2(1.0),Blue Pacific 2050: People-Centered Development (Thematic Area 2),I,A,Annual,SPC_3_8_1,Coverage of essential health services,TV,Tuvalu,_T,Total,_T,All ages,_T,National,_T,Total,_T,All education levels,_T,All occupations,_Z,Not applicable,_T,No breakdown by disability,2010,,48.65,,INDEX,index,G,Global,_X,Not Available,,,,,,
DATAFLOW,SPC:DF_BP50_2(1.0),Blue Pacific 2050: People-Centered Development (Thematic Area 2),I,A,Annual,SPC_3_8_1,Coverage of essential health services,TV,Tuvalu,_T,Total,_T,All ages,_T,National,_T,Total,_T,All education levels,_T,All occupations,_Z,Not applicable,_T,No breakdown by disability,2015,,52.43,,INDEX,index,G,Global,_X,Not Available,,,,,,
DATAFLOW,SPC:DF_BP50_2(1.0),Blue Pacific 2050: People-Centered Development (Thematic Area 2),I,A,Annual,SPC_3_8_1,Coverage of essential health services,TV,Tuvalu,_T,Total,_T,All ages,_T,National,_T,Total,_T,All education levels,_T,All occupations,_Z,Not applicable,_T,No breakdown by disability,2017,,51.95,,INDEX,index,G,Global,_X,Not Available,,,,,,
DATAFLOW,SPC:DF_BP50_2(1.0),Blue Pacific 2050: People-Centered Development (Thematic Area 2),I,A,Annual,SPC_3_8_1,Coverage of essential health services,TV,Tuvalu,_T,Total,_T,All ages,_T,National,_T,Total,_T,All education levels,_T,All occupations,_Z,Not applicable,_T,No breakdown by disability,2019,,52.31,,INDEX,index,G,Global,_X,Not Available,,,,,,
DATAFLOW,SPC:DF_BP50_2(1.0),Blue Pacific 2050: People-Centered Development (Thematic Area 2),I,A,Annual,SPC_3_8_1,Coverage of essential health services,TV,Tuvalu,_T,Total,_T,All ages,_T,National,_T,Total,_T,All education levels,_T,All occupations,_Z,Not applicable,_T,No breakdown by disability,2021,,52.41,,INDEX,index,G,Global,_X,Not Available,,,,,,
DATAFLOW,SPC:DF_BP50_2(1.0),Blue Pacific 2050: People-Centered Development (Thematic Area 2),I,A,Annual,SH_H2O_IMPR,Population using an improved drinking water source,WS,Samoa,_T,Total,_T,All ages,_T,National,_T,Total,_T,All education levels,_T,All occupations,_Z,Not applicable,_T,No breakdown by disability,2015,,97.3,,RATIO_POP,ratio to total population,N,National,C,Country Data,Samoa Ministry of Natural Resources and  Environment - National Water and Sanitation Baseline Survey 2015,,,,,
DATAFLOW,SPC:DF_BP50_2(1.0),Blue Pacific 2050: People-Centered Development (Thematic Area 2),I,A,Annual,SH_H2O_IMPR,Population using an improved drinking water source,NR,Nauru,_T,Total,_T,All ages,_T,National,_T,Total,_T,All education levels,_T,All occupations,_Z,Not applicable,_T,No breakdown by disability,2013,,97.5,,RATIO_POP,ratio to total population,G,Global,E,Estimated,"WHO/UNICEF Joint Monitoring Programme for Water Supply, Sanitation and Hygiene (2017)",,,,,
DATAFLOW,SPC:DF_BP50_2(1.0),Blue Pacific 2050: People-Centered Development (Thematic Area 2),I,A,Annual,BPI_MANAP1,Compulsory physical education in school curriculum,TV,Tuvalu,_T,Total,_T,All ages,_T,National,_T,Total,_T,All education levels,_T,All occupations,_Z,Not applicable,_T,No breakdown by disability,2017,,2,,N,units,R,Regional,C,Country Data,Pacific Mana Dashboard https://pacificdata.org/health-dashboard,,,,,
DATAFLOW,SPC:DF_BP50_2(1.0),Blue Pacific 2050: People-Centered Development (Thematic Area 2),I,A,Annual,BPI_MANAP1,Compulsory physical education in school curriculum,TV,Tuvalu,_T,Total,_T,All ages,_T,National,_T,Total,_T,All education levels,_T,All occupations,_Z,Not applicable,_T,No breakdown by disability,2019,,2,,N,units,R,Regional,C,Country Data,Pacific Mana Dashboard https://pacificdata.org/health-dashboard,,,,,
DATAFLOW,SPC:DF_BP50_2(1.0),Blue Pacific 2050: People-Centered Development (Thematic Area 2),I,A,Annual,BPI_MANAP1,Compulsory physical education in school curriculum,TV,Tuvalu,_T,Total,_T,All ages,_T,National,_T,Total,_T,All education levels,_T,All occupations,_Z,Not applicable,_T,No breakdown by disability,2021,,4,,N,units,R,Regional,C,Country Data,Pacific Mana Dashboard https://pacificdata.org/health-dashboard,,,,,
DATAFLOW,SPC:DF_BP50_2(1.0),Blue Pacific 2050: People-Centered Development (Thematic Area 2),I,A,Annual,SPC_3_8_1,Coverage of essential health services,MH,Marshall Islands,_T,Total,_T,All ages,_T,National,_T,Total,_T,All education levels,_T,All occupations,_Z,Not applicable,_T,No breakdown by disability,2000,,42.01,,INDEX,index,G,Global,_X,Not Available,,,,,,
DATAFLOW,SPC:DF_BP50_2(1.0),Blue Pacific 2050: People-Centered Development (Thematic Area 2),I,A,Annual,SPC_3_8_1,Coverage of essential health services,MH,Marshall Islands,_T,Total,_T,All ages,_T,National,_T,Total,_T,All education levels,_T,All occupations,_Z,Not applicable,_T,No breakdown by disability,2005,,45.6,,INDEX,index,G,Global,_X,Not Available,,,,,,
DATAFLOW,SPC:DF_BP50_2(1.0),Blue Pacific 2050: People-Centered Development (Thematic Area 2),I,A,Annual,SPC_3_8_1,Coverage of essential health services,MH,Marshall Islands,_T,Total,_T,All ages,_T,National,_T,Total,_T,All education levels,_T,All occupations,_Z,Not applicable,_T,No breakdown by disability,2010,,56.88,,INDEX,index,G,Global,_X,Not Available,,,,,,
DATAFLOW,SPC:DF_BP50_2(1.0),Blue Pacific 2050: People-Centered Development (Thematic Area 2),I,A,Annual,SPC_3_8_1,Coverage of essential health services,MH,Marshall Islands,_T,Total,_T,All ages,_T,National,_T,Total,_T,All education levels,_T,All occupations,_Z,Not applicable,_T,No breakdown by disability,2015,,59.52,,INDEX,index,G,Global,_X,Not Available,,,,,,
DATAFLOW,SPC:DF_BP50_2(1.0),Blue Pacific 2050: People-Centered Development (Thematic Area 2),I,A,Annual,SPC_3_8_1,Coverage of essential health services,MH,Marshall Islands,_T,Total,_T,All ages,_T,National,_T,Total,_T,All education levels,_T,All occupations,_Z,Not applicable,_T,No breakdown by disability,2017,,61.18,,INDEX,index,G,Global,_X,Not Available,,,,,,
DATAFLOW,SPC:DF_BP50_2(1.0),Blue Pacific 2050: People-Centered Development (Thematic Area 2),I,A,Annual,SPC_3_8_1,Coverage of essential health services,MH,Marshall Islands,_T,Total,_T,All ages,_T,National,_T,Total,_T,All education levels,_T,All occupations,_Z,Not applicable,_T,No breakdown by disability,2019,,60.99,,INDEX,index,G,Global,_X,Not Available,,,,,,
DATAFLOW,SPC:DF_BP50_2(1.0),Blue Pacific 2050: People-Centered Development (Thematic Area 2),I,A,Annual,SPC_3_8_1,Coverage of essential health services,MH,Marshall Islands,_T,Total,_T,All ages,_T,National,_T,Total,_T,All education levels,_T,All occupations,_Z,Not applicable,_T,No breakdown by disability,2021,,58.94,,INDEX,index,G,Global,_X,Not Available,,,,,,
DATAFLOW,SPC:DF_BP50_2(1.0),Blue Pacific 2050: People-Centered Development (Thematic Area 2),I,A,Annual,BPI_MANAF5,Healthy food policies in schools,FJ,Fiji,_T,Total,_T,All ages,_T,National,_T,Total,_T,All education levels,_T,All occupations,_Z,Not applicable,_T,No breakdown by disability,2017,,4,,N,units,R,Regional,C,Country Data,Pacific Mana Dashboard https://pacificdata.org/health-dashboard,,,,,
DATAFLOW,SPC:DF_BP50_2(1.0),Blue Pacific 2050: People-Centered Development (Thematic Area 2),I,A,Annual,BPI_MANAF5,Healthy food policies in schools,FJ,Fiji,_T,Total,_T,All ages,_T,National,_T,Total,_T,All education levels,_T,All occupations,_Z,Not applicable,_T,No breakdown by disability,2019,,4,,N,units,R,Regional,C,Country Data,Pacific Mana Dashboard https://pacificdata.org/health-dashboard,,,,,
DATAFLOW,SPC:DF_BP50_2(1.0),Blue Pacific 2050: People-Centered Development (Thematic Area 2),I,A,Annual,BPI_MANAF5,Healthy food policies in schools,FJ,Fiji,_T,Total,_T,All ages,_T,National,_T,Total,_T,All education levels,_T,All occupations,_Z,Not applicable,_T,No breakdown by disability,2021,,4,,N,units,R,Regional,C,Country Data,Pacific Mana Dashboard https://pacificdata.org/health-dashboard,,,,,
DATAFLOW,SPC:DF_BP50_2(1.0),Blue Pacific 2050: People-Centered Development (Thematic Area 2),I,A,Annual,BPI_MANAGL2,National guidelines for care of main NCDs,VU,Vanuatu,_T,Total,_T,All ages,_T,National,_T,Total,_T,All education levels,_T,All occupations,_Z,Not applicable,_T,No breakdown by disability,2017,,4,,N,units,R,Regional,C,Country Data,Pacific Mana Dashboard https://pacificdata.org/health-dashboard,,,,,
DATAFLOW,SPC:DF_BP50_2(1.0),Blue Pacific 2050: People-Centered Development (Thematic Area 2),I,A,Annual,BPI_MANAGL2,National guidelines for care of main NCDs,VU,Vanuatu,_T,Total,_T,All ages,_T,National,_T,Total,_T,All education levels,_T,All occupations,_Z,Not applicable,_T,No breakdown by disability,2019,,4,,N,units,R,Regional,C,Country Data,Pacific Mana Dashboard https://pacificdata.org/health-dashboard,,,,,
DATAFLOW,SPC:DF_BP50_2(1.0),Blue Pacific 2050: People-Centered Development (Thematic Area 2),I,A,Annual,BPI_MANAGL2,National guidelines for care of main NCDs,VU,Vanuatu,_T,Total,_T,All ages,_T,National,_T,Total,_T,All education levels,_T,All occupations,_Z,Not applicable,_T,No breakdown by disability,2021,,4,,N,units,R,Regional,C,Country Data,Pacific Mana Dashboard https://pacificdata.org/health-dashboard,,,,,
