STRUCTURE,STRUCTURE_ID,STRUCTURE_NAME,ACTION,FREQ,Frequency,INDICATOR,Indicator,GEO_PICT,Pacific Island Countries and territories,SEX,Sex,AGE,Age,URBANIZATION,Urbanization,INCOME,Income,EDUCATION,Education level,OCCUPATION,Occupation,COMPOSITE_BREAKDOWN,Composite breakdown,DISABILITY,Disability,TIME_PERIOD,Time,OBS_VALUE,Observation value,UNIT_MEASURE,Unit of measure,REPORTING_TYPE,Reporting type,NATURE,Nature,DATA_SOURCE,Data source,OBS_STATUS,Observation Status,OBS_COMMENT,Comment
DATAFLOW,SPC:DF_SDG_06(3.0),Sustainable Development Goal 06 - Clean Water and Sanitation,I,A,Annual,SH_H2O_SAFE,6.1.1 Population using safely managed drinking water services,FJ,Fiji,_T,Total,_T,All ages,_T,National,_T,Total,_T,All education levels,_T,All occupations,_Z,Not applicable,_T,No breakdown by disability,2016,,95.28,,PERCENT,percent,G,Global,_X,Not Available,,,,,,
DATAFLOW,SPC:DF_SDG_06(3.0),Sustainable Development Goal 06 - Clean Water and Sanitation,I,A,Annual,SH_H2O_SAFE,6.1.1 Population using safely managed drinking water services,FJ,Fiji,_T,Total,_T,All ages,_T,National,_T,Total,_T,All education levels,_T,All occupations,_Z,Not applicable,_T,No breakdown by disability,2017,,95.31,,PERCENT,percent,G,Global,_X,Not Available,,,,,,
DATAFLOW,SPC:DF_SDG_06(3.0),Sustainable Development Goal 06 - Clean Water and Sanitation,I,A,Annual,SH_H2O_SAFE,6.1.1 Population using safely managed drinking water services,FJ,Fiji,_T,Total,_T,All ages,_T,National,_T,Total,_T,All education levels,_T,All occupations,_Z,Not applicable,_T,No breakdown by disability,2018,,95.35,,PERCENT,percent,G,Global,_X,Not Available,,,,,,
DATAFLOW,SPC:DF_SDG_06(3.0),Sustainable Development Goal 06 - Clean Water and Sanitation,I,A,Annual,SH_H2O_SAFE,6.1.1 Population using safely managed drinking water services,FJ,Fiji,_T,Total,_T,All ages,_T,National,_T,Total,_T,All education levels,_T,All occupations,_Z,Not applicable,_T,No breakdown by disability,2019,,95.38,,PERCENT,percent,G,Global,_X,Not Available,,,,,,
DATAFLOW,SPC:DF_SDG_06(3.0),Sustainable Development Goal 06 - Clean Water and Sanitation,I,A,Annual,SH_H2O_SAFE,6.1.1 Population using safely managed drinking water services,FJ,Fiji,_T,Total,_T,All ages,_T,National,_T,Total,_T,All education levels,_T,All occupations,_Z,Not applicable,_T,No breakdown by disability,2020,,95.42,,PERCENT,percent,G,Global,_X,Not Available,,,,,,
DATAFLOW,SPC:DF_SDG_06(3.0),Sustainable Development Goal 06 - Clean Water and Sanitation,I,A,Annual,SH_H2O_SAFE,6.1.1 Population using safely managed drinking water services,FJ,Fiji,_T,Total,_T,All ages,_T,National,_T,Total,_T,All education levels,_T,All occupations,_Z,Not applicable,_T,No breakdown by disability,2021,,95.45,,PERCENT,percent,G,Global,_X,Not Available,,,,,,
DATAFLOW,SPC:DF_SDG_06(3.0),Sustainable Development Goal 06 - Clean Water and Sanitation,I,A,Annual,SH_H2O_SAFE,6.1.1 Population using safely managed drinking water services,FJ,Fiji,_T,Total,_T,All ages,_T,National,_T,Total,_T,All education levels,_T,All occupations,_Z,Not applicable,_T,No breakdown by disability,2022,,95.49,,PERCENT,percent,G,Global,_X,Not Available,,,,,,
DATAFLOW,SPC:DF_SDG_06(3.0),Sustainable Development Goal 06 - Clean Water and Sanitation,I,A,Annual,SH_H2O_SAFE,6.1.1 Population using safely managed drinking water services,NU,Niue,_T,Total,_T,All ages,_T,National,_T,Total,_T,All education levels,_T,All occupations,_Z,Not applicable,_T,No breakdown by disability,2016,,97.46,,PERCENT,percent,G,Global,_X,Not Available,,,,,,
DATAFLOW,SPC:DF_SDG_06(3.0),Sustainable Development Goal 06 - Clean Water and Sanitation,I,A,Annual,SH_H2O_SAFE,6.1.1 Population using safely managed drinking water services,NU,Niue,_T,Total,_T,All ages,_T,National,_T,Total,_T,All education levels,_T,All occupations,_Z,Not applicable,_T,No breakdown by disability,2017,,97.31,,PERCENT,percent,G,Global,_X,Not Available,,,,,,
DATAFLOW,SPC:DF_SDG_06(3.0),Sustainable Development Goal 06 - Clean Water and Sanitation,I,A,Annual,SH_H2O_SAFE,6.1.1 Population using safely managed drinking water services,NU,Niue,_T,Total,_T,All ages,_T,National,_T,Total,_T,All education levels,_T,All occupations,_Z,Not applicable,_T,No breakdown by disability,2018,,97.16,,PERCENT,percent,G,Global,_X,Not Available,,,,,,
DATAFLOW,SPC:DF_SDG_06(3.0),Sustainable Development Goal 06 - Clean Water and Sanitation,I,A,Annual,SH_H2O_SAFE,6.1.1 Population using safely managed drinking water services,NU,Niue,_T,Total,_T,All ages,_T,National,_T,Total,_T,All education levels,_T,All occupations,_Z,Not applicable,_T,No breakdown by disability,2019,,97.01,,PERCENT,percent,G,Global,_X,Not Available,,,,,,
DATAFLOW,SPC:DF_SDG_06(3.0),Sustainable Development Goal 06 - Clean Water and Sanitation,I,A,Annual,SH_H2O_SAFE,6.1.1 Population using safely managed drinking water services,NU,Niue,_T,Total,_T,All ages,_T,National,_T,Total,_T,All education levels,_T,All occupations,_Z,Not applicable,_T,No breakdown by disability,2020,,97.01,,PERCENT,percent,G,Global,_X,Not Available,,,,,,
DATAFLOW,SPC:DF_SDG_06(3.0),Sustainable Development Goal 06 - Clean Water and Sanitation,I,A,Annual,SH_H2O_SAFE,6.1.1 Population using safely managed drinking water services,NU,Niue,_T,Total,_T,All ages,_T,National,_T,Total,_T,All education levels,_T,All occupations,_Z,Not applicable,_T,No breakdown by disability,2021,,97.01,,PERCENT,percent,G,Global,_X,Not Available,,,,,,
DATAFLOW,SPC:DF_SDG_06(3.0),Sustainable Development Goal 06 - Clean Water and Sanitation,I,A,Annual,SH_H2O_SAFE,6.1.1 Population using safely managed drinking water services,NU,Niue,_T,Total,_T,All ages,_T,National,_T,Total,_T,All education levels,_T,All occupations,_Z,Not applicable,_T,No breakdown by disability,2022,,97.01,,PERCENT,percent,G,Global,_X,Not Available,,,,,,
DATAFLOW,SPC:DF_SDG_06(3.0),Sustainable Development Goal 06 - Clean Water and Sanitation,I,A,Annual,SH_SAN_IMPR,6.2.1 Population using improved sanitation services,KI,Kiribati,_T,Total,_T,All ages,R,Rural,_T,Total,_T,All education levels,_T,All occupations,_Z,Not applicable,_T,No breakdown by disability,2018,,44.8,,PERCENT,percent,N,National,C,Country Data,"Kiribati National Statistics Office, Kiribati Social Development Indicator Survey 2018-19",,,,,
DATAFLOW,SPC:DF_SDG_06(3.0),Sustainable Development Goal 06 - Clean Water and Sanitation,I,A,Annual,SH_SAN_IMPR,6.2.1 Population using improved sanitation services,TV,Tuvalu,_T,Total,_T,All ages,_T,National,_T,Total,_T,All education levels,_T,All occupations,_Z,Not applicable,_T,No breakdown by disability,2016,,97,,RATIO_POP,ratio to total population,N,National,C,Country Data,"Tuvalu NSO, 2016 HIES.",,,,,
DATAFLOW,SPC:DF_SDG_06(3.0),Sustainable Development Goal 06 - Clean Water and Sanitation,I,A,Annual,SH_SAN_IMPR,6.2.1 Population using improved sanitation services,KI,Kiribati,_T,Total,_T,All ages,U,Urban,_T,Total,_T,All education levels,_T,All occupations,_Z,Not applicable,_T,No breakdown by disability,2018,,74.2,,PERCENT,percent,N,National,C,Country Data,"Kiribati National Statistics Office, Kiribati Social Development Indicator Survey 2018-19",,,,,
DATAFLOW,SPC:DF_SDG_06(3.0),Sustainable Development Goal 06 - Clean Water and Sanitation,I,A,Annual,SH_H2O_SAFE,6.1.1 Population using safely managed drinking water services,FJ,Fiji,_T,Total,_T,All ages,U,Urban,_T,Total,_T,All education levels,_T,All occupations,_Z,Not applicable,_T,No breakdown by disability,2016,,98.58,,PERCENT,percent,G,Global,_X,Not Available,,,,,,
DATAFLOW,SPC:DF_SDG_06(3.0),Sustainable Development Goal 06 - Clean Water and Sanitation,I,A,Annual,SH_H2O_SAFE,6.1.1 Population using safely managed drinking water services,FJ,Fiji,_T,Total,_T,All ages,U,Urban,_T,Total,_T,All education levels,_T,All occupations,_Z,Not applicable,_T,No breakdown by disability,2017,,98.6,,PERCENT,percent,G,Global,_X,Not Available,,,,,,
DATAFLOW,SPC:DF_SDG_06(3.0),Sustainable Development Goal 06 - Clean Water and Sanitation,I,A,Annual,SH_H2O_SAFE,6.1.1 Population using safely managed drinking water services,FJ,Fiji,_T,Total,_T,All ages,U,Urban,_T,Total,_T,All education levels,_T,All occupations,_Z,Not applicable,_T,No breakdown by disability,2018,,98.61,,PERCENT,percent,G,Global,_X,Not Available,,,,,,
DATAFLOW,SPC:DF_SDG_06(3.0),Sustainable Development Goal 06 - Clean Water and Sanitation,I,A,Annual,SH_H2O_SAFE,6.1.1 Population using safely managed drinking water services,FJ,Fiji,_T,Total,_T,All ages,U,Urban,_T,Total,_T,All education levels,_T,All occupations,_Z,Not applicable,_T,No breakdown by disability,2019,,98.62,,PERCENT,percent,G,Global,_X,Not Available,,,,,,
DATAFLOW,SPC:DF_SDG_06(3.0),Sustainable Development Goal 06 - Clean Water and Sanitation,I,A,Annual,SH_H2O_SAFE,6.1.1 Population using safely managed drinking water services,FJ,Fiji,_T,Total,_T,All ages,U,Urban,_T,Total,_T,All education levels,_T,All occupations,_Z,Not applicable,_T,No breakdown by disability,2020,,98.64,,PERCENT,percent,G,Global,_X,Not Available,,,,,,
DATAFLOW,SPC:DF_SDG_06(3.0),Sustainable Development Goal 06 - Clean Water and Sanitation,I,A,Annual,SH_H2O_SAFE,6.1.1 Population using safely managed drinking water services,FJ,Fiji,_T,Total,_T,All ages,U,Urban,_T,Total,_T,All education levels,_T,All occupations,_Z,Not applicable,_T,No breakdown by disability,2021,,98.65,,PERCENT,percent,G,Global,_X,Not Available,,,,,,
DATAFLOW,SPC:DF_SDG_06(3.0),Sustainable Development Goal 06 - Clean Water and Sanitation,I,A,Annual,SH_H2O_SAFE,6.1.1 Population using safely managed drinking water services,FJ,Fiji,_T,Total,_T,All ages,U,Urban,_T,Total,_T,All education levels,_T,All occupations,_Z,Not applicable,_T,No breakdown by disability,2022,,98.66,,PERCENT,percent,G,Global,_X,Not Available,,,,,,
DATAFLOW,SPC:DF_SDG_06(3.0),Sustainable Development Goal 06 - Clean Water and Sanitation,I,A,Annual,SH_SAN_IMPR,6.2.1 Population using improved sanitation services,NR,Nauru,_T,Total,_T,All ages,_T,National,_T,Total,_T,All education levels,_T,All occupations,_Z,Not applicable,_T,No breakdown by disability,2023,,74.5,,PERCENT,percent,N,National,C,Country Data,"Nauru Bureau of Statistics. 2024. Nauru Multiple Indicator Cluster Survey 2023, Survey Findings Report.",,A,Normal value,Household members using improved sanitation facilities which are not shared.,
DATAFLOW,SPC:DF_SDG_06(3.0),Sustainable Development Goal 06 - Clean Water and Sanitation,I,A,Annual,SH_SAN_IMPR,6.2.1 Population using improved sanitation services,NU,Niue,_T,Total,_T,All ages,_T,National,_T,Total,_T,All education levels,_T,All occupations,_Z,Not applicable,_T,No breakdown by disability,2016,,99.6,,RATIO_POP,ratio to total population,G,Global,E,Estimated,"WHO/UNICEF Joint Monitoring Programme for Water Supply, Sanitation and Hygiene (2017)",,,,,
DATAFLOW,SPC:DF_SDG_06(3.0),Sustainable Development Goal 06 - Clean Water and Sanitation,I,A,Annual,SH_H2O_SAFE,6.1.1 Population using safely managed drinking water services,PW,Palau,_T,Total,_T,All ages,R,Rural,_T,Total,_T,All education levels,_T,All occupations,_Z,Not applicable,_T,No breakdown by disability,2016,,99.18,,PERCENT,percent,G,Global,_X,Not Available,,,,,,
DATAFLOW,SPC:DF_SDG_06(3.0),Sustainable Development Goal 06 - Clean Water and Sanitation,I,A,Annual,SH_H2O_SAFE,6.1.1 Population using safely managed drinking water services,PW,Palau,_T,Total,_T,All ages,R,Rural,_T,Total,_T,All education levels,_T,All occupations,_Z,Not applicable,_T,No breakdown by disability,2017,,99.21,,PERCENT,percent,G,Global,_X,Not Available,,,,,,
DATAFLOW,SPC:DF_SDG_06(3.0),Sustainable Development Goal 06 - Clean Water and Sanitation,I,A,Annual,SH_H2O_SAFE,6.1.1 Population using safely managed drinking water services,PW,Palau,_T,Total,_T,All ages,R,Rural,_T,Total,_T,All education levels,_T,All occupations,_Z,Not applicable,_T,No breakdown by disability,2018,,99.24,,PERCENT,percent,G,Global,_X,Not Available,,,,,,
DATAFLOW,SPC:DF_SDG_06(3.0),Sustainable Development Goal 06 - Clean Water and Sanitation,I,A,Annual,SH_H2O_SAFE,6.1.1 Population using safely managed drinking water services,PW,Palau,_T,Total,_T,All ages,R,Rural,_T,Total,_T,All education levels,_T,All occupations,_Z,Not applicable,_T,No breakdown by disability,2019,,99.27,,PERCENT,percent,G,Global,_X,Not Available,,,,,,
DATAFLOW,SPC:DF_SDG_06(3.0),Sustainable Development Goal 06 - Clean Water and Sanitation,I,A,Annual,SH_H2O_SAFE,6.1.1 Population using safely managed drinking water services,PW,Palau,_T,Total,_T,All ages,R,Rural,_T,Total,_T,All education levels,_T,All occupations,_Z,Not applicable,_T,No breakdown by disability,2020,,99.3,,PERCENT,percent,G,Global,_X,Not Available,,,,,,
DATAFLOW,SPC:DF_SDG_06(3.0),Sustainable Development Goal 06 - Clean Water and Sanitation,I,A,Annual,SH_H2O_SAFE,6.1.1 Population using safely managed drinking water services,PW,Palau,_T,Total,_T,All ages,R,Rural,_T,Total,_T,All education levels,_T,All occupations,_Z,Not applicable,_T,No breakdown by disability,2021,,99.34,,PERCENT,percent,G,Global,_X,Not Available,,,,,,
DATAFLOW,SPC:DF_SDG_06(3.0),Sustainable Development Goal 06 - Clean Water and Sanitation,I,A,Annual,SH_H2O_SAFE,6.1.1 Population using safely managed drinking water services,PW,Palau,_T,Total,_T,All ages,R,Rural,_T,Total,_T,All education levels,_T,All occupations,_Z,Not applicable,_T,No breakdown by disability,2022,,99.37,,PERCENT,percent,G,Global,_X,Not Available,,,,,,
DATAFLOW,SPC:DF_SDG_06(3.0),Sustainable Development Goal 06 - Clean Water and Sanitation,I,A,Annual,SH_H2O_SAFE,6.1.1 Population using safely managed drinking water services,TV,Tuvalu,_T,Total,_T,All ages,R,Rural,_T,Total,_T,All education levels,_T,All occupations,_Z,Not applicable,_T,No breakdown by disability,2016,,99.54,,PERCENT,percent,G,Global,_X,Not Available,,,,,,
DATAFLOW,SPC:DF_SDG_06(3.0),Sustainable Development Goal 06 - Clean Water and Sanitation,I,A,Annual,SH_H2O_SAFE,6.1.1 Population using safely managed drinking water services,TV,Tuvalu,_T,Total,_T,All ages,R,Rural,_T,Total,_T,All education levels,_T,All occupations,_Z,Not applicable,_T,No breakdown by disability,2017,,99.57,,PERCENT,percent,G,Global,_X,Not Available,,,,,,
DATAFLOW,SPC:DF_SDG_06(3.0),Sustainable Development Goal 06 - Clean Water and Sanitation,I,A,Annual,SH_H2O_SAFE,6.1.1 Population using safely managed drinking water services,TV,Tuvalu,_T,Total,_T,All ages,R,Rural,_T,Total,_T,All education levels,_T,All occupations,_Z,Not applicable,_T,No breakdown by disability,2018,,99.61,,PERCENT,percent,G,Global,_X,Not Available,,,,,,
DATAFLOW,SPC:DF_SDG_06(3.0),Sustainable Development Goal 06 - Clean Water and Sanitation,I,A,Annual,SH_H2O_SAFE,6.1.1 Population using safely managed drinking water services,TV,Tuvalu,_T,Total,_T,All ages,R,Rural,_T,Total,_T,All education levels,_T,All occupations,_Z,Not applicable,_T,No breakdown by disability,2019,,99.64,,PERCENT,percent,G,Global,_X,Not Available,,,,,,
DATAFLOW,SPC:DF_SDG_06(3.0),Sustainable Development Goal 06 - Clean Water and Sanitation,I,A,Annual,SH_H2O_SAFE,6.1.1 Population using safely managed drinking water services,TV,Tuvalu,_T,Total,_T,All ages,R,Rural,_T,Total,_T,All education levels,_T,All occupations,_Z,Not applicable,_T,No breakdown by disability,2020,,99.67,,PERCENT,percent,G,Global,_X,Not Available,,,,,,
DATAFLOW,SPC:DF_SDG_06(3.0),Sustainable Development Goal 06 - Clean Water and Sanitation,I,A,Annual,SH_H2O_SAFE,6.1.1 Population using safely managed drinking water services,TV,Tuvalu,_T,Total,_T,All ages,R,Rural,_T,Total,_T,All education levels,_T,All occupations,_Z,Not applicable,_T,No breakdown by disability,2021,,99.71,,PERCENT,percent,G,Global,_X,Not Available,,,,,,
DATAFLOW,SPC:DF_SDG_06(3.0),Sustainable Development Goal 06 - Clean Water and Sanitation,I,A,Annual,SH_H2O_SAFE,6.1.1 Population using safely managed drinking water services,TV,Tuvalu,_T,Total,_T,All ages,R,Rural,_T,Total,_T,All education levels,_T,All occupations,_Z,Not applicable,_T,No breakdown by disability,2022,,99.74,,PERCENT,percent,G,Global,_X,Not Available,,,,,,
DATAFLOW,SPC:DF_SDG_06(3.0),Sustainable Development Goal 06 - Clean Water and Sanitation,I,A,Annual,SH_H2O_SAFE,6.1.1 Population using safely managed drinking water services,VU,Vanuatu,_T,Total,_T,All ages,R,Rural,_T,Total,_T,All education levels,_T,All occupations,_Z,Not applicable,_T,No breakdown by disability,2016,,85.61,,PERCENT,percent,G,Global,_X,Not Available,,,,,,
DATAFLOW,SPC:DF_SDG_06(3.0),Sustainable Development Goal 06 - Clean Water and Sanitation,I,A,Annual,SH_H2O_SAFE,6.1.1 Population using safely managed drinking water services,VU,Vanuatu,_T,Total,_T,All ages,R,Rural,_T,Total,_T,All education levels,_T,All occupations,_Z,Not applicable,_T,No breakdown by disability,2017,,86.11,,PERCENT,percent,G,Global,_X,Not Available,,,,,,
DATAFLOW,SPC:DF_SDG_06(3.0),Sustainable Development Goal 06 - Clean Water and Sanitation,I,A,Annual,SH_H2O_SAFE,6.1.1 Population using safely managed drinking water services,VU,Vanuatu,_T,Total,_T,All ages,R,Rural,_T,Total,_T,All education levels,_T,All occupations,_Z,Not applicable,_T,No breakdown by disability,2018,,86.61,,PERCENT,percent,G,Global,_X,Not Available,,,,,,
DATAFLOW,SPC:DF_SDG_06(3.0),Sustainable Development Goal 06 - Clean Water and Sanitation,I,A,Annual,SH_H2O_SAFE,6.1.1 Population using safely managed drinking water services,VU,Vanuatu,_T,Total,_T,All ages,R,Rural,_T,Total,_T,All education levels,_T,All occupations,_Z,Not applicable,_T,No breakdown by disability,2019,,87.11,,PERCENT,percent,G,Global,_X,Not Available,,,,,,
DATAFLOW,SPC:DF_SDG_06(3.0),Sustainable Development Goal 06 - Clean Water and Sanitation,I,A,Annual,SH_H2O_SAFE,6.1.1 Population using safely managed drinking water services,VU,Vanuatu,_T,Total,_T,All ages,R,Rural,_T,Total,_T,All education levels,_T,All occupations,_Z,Not applicable,_T,No breakdown by disability,2020,,87.6,,PERCENT,percent,G,Global,_X,Not Available,,,,,,
DATAFLOW,SPC:DF_SDG_06(3.0),Sustainable Development Goal 06 - Clean Water and Sanitation,I,A,Annual,SH_H2O_SAFE,6.1.1 Population using safely managed drinking water services,VU,Vanuatu,_T,Total,_T,All ages,R,Rural,_T,Total,_T,All education levels,_T,All occupations,_Z,Not applicable,_T,No breakdown by disability,2021,,88.1,,PERCENT,percent,G,Global,_X,Not Available,,,,,,
DATAFLOW,SPC:DF_SDG_06(3.0),Sustainable Development Goal 06 - Clean Water and Sanitation,I,A,Annual,SH_H2O_SAFE,6.1.1 Population using safely managed drinking water services,VU,Vanuatu,_T,Total,_T,All ages,R,Rural,_T,Total,_T,All education levels,_T,All occupations,_Z,Not applicable,_T,No breakdown by disability,2022,,88.6,,PERCENT,percent,G,Global,_X,Not Available,,,,,,
DATAFLOW,SPC:DF_SDG_06(3.0),Sustainable Development Goal 06 - Clean Water and Sanitation,I,A,Annual,SH_H2O_SAFE,6.1.1 Population using safely managed drinking water services,MH,Marshall Islands,_T,Total,_T,All ages,U,Urban,_T,Total,_T,All education levels,_T,All occupations,_Z,Not applicable,_T,No breakdown by disability,2016,,85.11,,PERCENT,percent,G,Global,_X,Not Available,,,,,,
DATAFLOW,SPC:DF_SDG_06(3.0),Sustainable Development Goal 06 - Clean Water and Sanitation,I,A,Annual,SH_H2O_SAFE,6.1.1 Population using safely managed drinking water services,MH,Marshall Islands,_T,Total,_T,All ages,U,Urban,_T,Total,_T,All education levels,_T,All occupations,_Z,Not applicable,_T,No breakdown by disability,2017,,85,,PERCENT,percent,G,Global,_X,Not Available,,,,,,
DATAFLOW,SPC:DF_SDG_06(3.0),Sustainable Development Goal 06 - Clean Water and Sanitation,I,A,Annual,SH_H2O_SAFE,6.1.1 Population using safely managed drinking water services,MH,Marshall Islands,_T,Total,_T,All ages,U,Urban,_T,Total,_T,All education levels,_T,All occupations,_Z,Not applicable,_T,No breakdown by disability,2018,,84.9,,PERCENT,percent,G,Global,_X,Not Available,,,,,,
DATAFLOW,SPC:DF_SDG_06(3.0),Sustainable Development Goal 06 - Clean Water and Sanitation,I,A,Annual,SH_H2O_SAFE,6.1.1 Population using safely managed drinking water services,MH,Marshall Islands,_T,Total,_T,All ages,U,Urban,_T,Total,_T,All education levels,_T,All occupations,_Z,Not applicable,_T,No breakdown by disability,2019,,84.79,,PERCENT,percent,G,Global,_X,Not Available,,,,,,
DATAFLOW,SPC:DF_SDG_06(3.0),Sustainable Development Goal 06 - Clean Water and Sanitation,I,A,Annual,SH_H2O_SAFE,6.1.1 Population using safely managed drinking water services,MH,Marshall Islands,_T,Total,_T,All ages,U,Urban,_T,Total,_T,All education levels,_T,All occupations,_Z,Not applicable,_T,No breakdown by disability,2020,,84.68,,PERCENT,percent,G,Global,_X,Not Available,,,,,,
DATAFLOW,SPC:DF_SDG_06(3.0),Sustainable Development Goal 06 - Clean Water and Sanitation,I,A,Annual,SH_H2O_SAFE,6.1.1 Population using safely managed drinking water services,MH,Marshall Islands,_T,Total,_T,All ages,U,Urban,_T,Total,_T,All education levels,_T,All occupations,_Z,Not applicable,_T,No breakdown by disability,2021,,84.58,,PERCENT,percent,G,Global,_X,Not Available,,,,,,
DATAFLOW,SPC:DF_SDG_06(3.0),Sustainable Development Goal 06 - Clean Water and Sanitation,I,A,Annual,SH_H2O_SAFE,6.1.1 Population using safely managed drinking water services,MH,Marshall Islands,_T,Total,_T,All ages,U,Urban,_T,Total,_T,All education levels,_T,All occupations,_Z,Not applicable,_T,No breakdown by disability,2022,,84.47,,PERCENT,percent,G,Global,_X,Not Available,,,,,,
DATAFLOW,SPC:DF_SDG_06(3.0),Sustainable Development Goal 06 - Clean Water and Sanitation,I,A,Annual,SH_H2O_SAFE,6.1.1 Population using safely managed drinking water services,PW,Palau,_T,Total,_T,All ages,_T,National,_T,Total,_T,All education levels,_T,All occupations,_Z,Not applicable,_T,No breakdown by disability,2016,,99.53,,PERCENT,percent,G,Global,_X,Not Available,,,,,,
DATAFLOW,SPC:DF_SDG_06(3.0),Sustainable Development Goal 06 - Clean Water and Sanitation,I,A,Annual,SH_H2O_SAFE,6.1.1 Population using safely managed drinking water services,PW,Palau,_T,Total,_T,All ages,_T,National,_T,Total,_T,All education levels,_T,All occupations,_Z,Not applicable,_T,No breakdown by disability,2017,,99.54,,PERCENT,percent,G,Global,_X,Not Available,,,,,,
DATAFLOW,SPC:DF_SDG_06(3.0),Sustainable Development Goal 06 - Clean Water and Sanitation,I,A,Annual,SH_H2O_SAFE,6.1.1 Population using safely managed drinking water services,PW,Palau,_T,Total,_T,All ages,_T,National,_T,Total,_T,All education levels,_T,All occupations,_Z,Not applicable,_T,No breakdown by disability,2018,,99.54,,PERCENT,percent,G,Global,_X,Not Available,,,,,,
DATAFLOW,SPC:DF_SDG_06(3.0),Sustainable Development Goal 06 - Clean Water and Sanitation,I,A,Annual,SH_H2O_SAFE,6.1.1 Population using safely managed drinking water services,PW,Palau,_T,Total,_T,All ages,_T,National,_T,Total,_T,All education levels,_T,All occupations,_Z,Not applicable,_T,No breakdown by disability,2019,,99.55,,PERCENT,percent,G,Global,_X,Not Available,,,,,,
DATAFLOW,SPC:DF_SDG_06(3.0),Sustainable Development Goal 06 - Clean Water and Sanitation,I,A,Annual,SH_H2O_SAFE,6.1.1 Population using safely managed drinking water services,PW,Palau,_T,Total,_T,All ages,_T,National,_T,Total,_T,All education levels,_T,All occupations,_Z,Not applicable,_T,No breakdown by disability,2020,,99.56,,PERCENT,percent,G,Global,_X,Not Available,,,,,,
DATAFLOW,SPC:DF_SDG_06(3.0),Sustainable Development Goal 06 - Clean Water and Sanitation,I,A,Annual,SH_H2O_SAFE,6.1.1 Population using safely managed drinking water services,PW,Palau,_T,Total,_T,All ages,_T,National,_T,Total,_T,All education levels,_T,All occupations,_Z,Not applicable,_T,No breakdown by disability,2021,,99.56,,PERCENT,percent,G,Global,_X,Not Available,,,,,,
DATAFLOW,SPC:DF_SDG_06(3.0),Sustainable Development Goal 06 - Clean Water and Sanitation,I,A,Annual,SH_H2O_SAFE,6.1.1 Population using safely managed drinking water services,PW,Palau,_T,Total,_T,All ages,_T,National,_T,Total,_T,All education levels,_T,All occupations,_Z,Not applicable,_T,No breakdown by disability,2022,,99.57,,PERCENT,percent,G,Global,_X,Not Available,,,,,,
DATAFLOW,SPC:DF_SDG_06(3.0),Sustainable Development Goal 06 - Clean Water and Sanitation,I,A,Annual,SH_H2O_SAFE,6.1.1 Population using safely managed drinking water services,KI,Kiribati,_T,Total,_T,All ages,U,Urban,_T,Total,_T,All education levels,_T,All occupations,_Z,Not applicable,_T,No breakdown by disability,2016,,85.84,,PERCENT,percent,G,Global,_X,Not Available,,,,,,
DATAFLOW,SPC:DF_SDG_06(3.0),Sustainable Development Goal 06 - Clean Water and Sanitation,I,A,Annual,SH_H2O_SAFE,6.1.1 Population using safely managed drinking water services,KI,Kiribati,_T,Total,_T,All ages,U,Urban,_T,Total,_T,All education levels,_T,All occupations,_Z,Not applicable,_T,No breakdown by disability,2017,,86.11,,PERCENT,percent,G,Global,_X,Not Available,,,,,,
DATAFLOW,SPC:DF_SDG_06(3.0),Sustainable Development Goal 06 - Clean Water and Sanitation,I,A,Annual,SH_H2O_SAFE,6.1.1 Population using safely managed drinking water services,KI,Kiribati,_T,Total,_T,All ages,U,Urban,_T,Total,_T,All education levels,_T,All occupations,_Z,Not applicable,_T,No breakdown by disability,2018,,86.38,,PERCENT,percent,G,Global,_X,Not Available,,,,,,
DATAFLOW,SPC:DF_SDG_06(3.0),Sustainable Development Goal 06 - Clean Water and Sanitation,I,A,Annual,SH_H2O_SAFE,6.1.1 Population using safely managed drinking water services,KI,Kiribati,_T,Total,_T,All ages,U,Urban,_T,Total,_T,All education levels,_T,All occupations,_Z,Not applicable,_T,No breakdown by disability,2019,,86.64,,PERCENT,percent,G,Global,_X,Not Available,,,,,,
DATAFLOW,SPC:DF_SDG_06(3.0),Sustainable Development Goal 06 - Clean Water and Sanitation,I,A,Annual,SH_H2O_SAFE,6.1.1 Population using safely managed drinking water services,KI,Kiribati,_T,Total,_T,All ages,U,Urban,_T,Total,_T,All education levels,_T,All occupations,_Z,Not applicable,_T,No breakdown by disability,2020,,86.9,,PERCENT,percent,G,Global,_X,Not Available,,,,,,
DATAFLOW,SPC:DF_SDG_06(3.0),Sustainable Development Goal 06 - Clean Water and Sanitation,I,A,Annual,SH_H2O_SAFE,6.1.1 Population using safely managed drinking water services,KI,Kiribati,_T,Total,_T,All ages,U,Urban,_T,Total,_T,All education levels,_T,All occupations,_Z,Not applicable,_T,No breakdown by disability,2021,,87.14,,PERCENT,percent,G,Global,_X,Not Available,,,,,,
DATAFLOW,SPC:DF_SDG_06(3.0),Sustainable Development Goal 06 - Clean Water and Sanitation,I,A,Annual,SH_H2O_SAFE,6.1.1 Population using safely managed drinking water services,KI,Kiribati,_T,Total,_T,All ages,U,Urban,_T,Total,_T,All education levels,_T,All occupations,_Z,Not applicable,_T,No breakdown by disability,2022,,87.86,,PERCENT,percent,G,Global,_X,Not Available,,,,,,
DATAFLOW,SPC:DF_SDG_06(3.0),Sustainable Development Goal 06 - Clean Water and Sanitation,I,A,Annual,SH_H2O_SAFE,6.1.1 Population using safely managed drinking water services,NR,Nauru,_T,Total,_T,All ages,U,Urban,_T,Total,_T,All education levels,_T,All occupations,_Z,Not applicable,_T,No breakdown by disability,2016,,97,,PERCENT,percent,G,Global,_X,Not Available,,,,,,
DATAFLOW,SPC:DF_SDG_06(3.0),Sustainable Development Goal 06 - Clean Water and Sanitation,I,A,Annual,SH_H2O_SAFE,6.1.1 Population using safely managed drinking water services,NR,Nauru,_T,Total,_T,All ages,U,Urban,_T,Total,_T,All education levels,_T,All occupations,_Z,Not applicable,_T,No breakdown by disability,2017,,97,,PERCENT,percent,G,Global,_X,Not Available,,,,,,
DATAFLOW,SPC:DF_SDG_06(3.0),Sustainable Development Goal 06 - Clean Water and Sanitation,I,A,Annual,SH_H2O_SAFE,6.1.1 Population using safely managed drinking water services,NR,Nauru,_T,Total,_T,All ages,U,Urban,_T,Total,_T,All education levels,_T,All occupations,_Z,Not applicable,_T,No breakdown by disability,2018,,97,,PERCENT,percent,G,Global,_X,Not Available,,,,,,
DATAFLOW,SPC:DF_SDG_06(3.0),Sustainable Development Goal 06 - Clean Water and Sanitation,I,A,Annual,SH_H2O_SAFE,6.1.1 Population using safely managed drinking water services,NR,Nauru,_T,Total,_T,All ages,U,Urban,_T,Total,_T,All education levels,_T,All occupations,_Z,Not applicable,_T,No breakdown by disability,2019,,97,,PERCENT,percent,G,Global,_X,Not Available,,,,,,
DATAFLOW,SPC:DF_SDG_06(3.0),Sustainable Development Goal 06 - Clean Water and Sanitation,I,A,Annual,SH_H2O_SAFE,6.1.1 Population using safely managed drinking water services,NR,Nauru,_T,Total,_T,All ages,U,Urban,_T,Total,_T,All education levels,_T,All occupations,_Z,Not applicable,_T,No breakdown by disability,2020,,100,,PERCENT,percent,G,Global,_X,Not Available,,,,,,
DATAFLOW,SPC:DF_SDG_06(3.0),Sustainable Development Goal 06 - Clean Water and Sanitation,I,A,Annual,SH_H2O_SAFE,6.1.1 Population using safely managed drinking water services,PG,Papua New Guinea,_T,Total,_T,All ages,R,Rural,_T,Total,_T,All education levels,_T,All occupations,_Z,Not applicable,_T,No breakdown by disability,2016,,37.73,,PERCENT,percent,G,Global,_X,Not Available,,,,,,
DATAFLOW,SPC:DF_SDG_06(3.0),Sustainable Development Goal 06 - Clean Water and Sanitation,I,A,Annual,SH_H2O_SAFE,6.1.1 Population using safely managed drinking water services,PG,Papua New Guinea,_T,Total,_T,All ages,R,Rural,_T,Total,_T,All education levels,_T,All occupations,_Z,Not applicable,_T,No breakdown by disability,2017,,38.84,,PERCENT,percent,G,Global,_X,Not Available,,,,,,
DATAFLOW,SPC:DF_SDG_06(3.0),Sustainable Development Goal 06 - Clean Water and Sanitation,I,A,Annual,SH_H2O_SAFE,6.1.1 Population using safely managed drinking water services,PG,Papua New Guinea,_T,Total,_T,All ages,R,Rural,_T,Total,_T,All education levels,_T,All occupations,_Z,Not applicable,_T,No breakdown by disability,2018,,39.94,,PERCENT,percent,G,Global,_X,Not Available,,,,,,
DATAFLOW,SPC:DF_SDG_06(3.0),Sustainable Development Goal 06 - Clean Water and Sanitation,I,A,Annual,SH_H2O_SAFE,6.1.1 Population using safely managed drinking water services,PG,Papua New Guinea,_T,Total,_T,All ages,R,Rural,_T,Total,_T,All education levels,_T,All occupations,_Z,Not applicable,_T,No breakdown by disability,2019,,41.03,,PERCENT,percent,G,Global,_X,Not Available,,,,,,
DATAFLOW,SPC:DF_SDG_06(3.0),Sustainable Development Goal 06 - Clean Water and Sanitation,I,A,Annual,SH_H2O_SAFE,6.1.1 Population using safely managed drinking water services,PG,Papua New Guinea,_T,Total,_T,All ages,R,Rural,_T,Total,_T,All education levels,_T,All occupations,_Z,Not applicable,_T,No breakdown by disability,2020,,42.12,,PERCENT,percent,G,Global,_X,Not Available,,,,,,
DATAFLOW,SPC:DF_SDG_06(3.0),Sustainable Development Goal 06 - Clean Water and Sanitation,I,A,Annual,SH_H2O_SAFE,6.1.1 Population using safely managed drinking water services,PG,Papua New Guinea,_T,Total,_T,All ages,R,Rural,_T,Total,_T,All education levels,_T,All occupations,_Z,Not applicable,_T,No breakdown by disability,2021,,43.29,,PERCENT,percent,G,Global,_X,Not Available,,,,,,
DATAFLOW,SPC:DF_SDG_06(3.0),Sustainable Development Goal 06 - Clean Water and Sanitation,I,A,Annual,SH_H2O_SAFE,6.1.1 Population using safely managed drinking water services,PG,Papua New Guinea,_T,Total,_T,All ages,R,Rural,_T,Total,_T,All education levels,_T,All occupations,_Z,Not applicable,_T,No breakdown by disability,2022,,44.47,,PERCENT,percent,G,Global,_X,Not Available,,,,,,
DATAFLOW,SPC:DF_SDG_06(3.0),Sustainable Development Goal 06 - Clean Water and Sanitation,I,A,Annual,SH_H2O_SAFE,6.1.1 Population using safely managed drinking water services,PW,Palau,_T,Total,_T,All ages,U,Urban,_T,Total,_T,All education levels,_T,All occupations,_Z,Not applicable,_T,No breakdown by disability,2016,,99.62,,PERCENT,percent,G,Global,_X,Not Available,,,,,,
DATAFLOW,SPC:DF_SDG_06(3.0),Sustainable Development Goal 06 - Clean Water and Sanitation,I,A,Annual,SH_H2O_SAFE,6.1.1 Population using safely managed drinking water services,PW,Palau,_T,Total,_T,All ages,U,Urban,_T,Total,_T,All education levels,_T,All occupations,_Z,Not applicable,_T,No breakdown by disability,2017,,99.62,,PERCENT,percent,G,Global,_X,Not Available,,,,,,
DATAFLOW,SPC:DF_SDG_06(3.0),Sustainable Development Goal 06 - Clean Water and Sanitation,I,A,Annual,SH_H2O_SAFE,6.1.1 Population using safely managed drinking water services,PW,Palau,_T,Total,_T,All ages,U,Urban,_T,Total,_T,All education levels,_T,All occupations,_Z,Not applicable,_T,No breakdown by disability,2018,,99.62,,PERCENT,percent,G,Global,_X,Not Available,,,,,,
DATAFLOW,SPC:DF_SDG_06(3.0),Sustainable Development Goal 06 - Clean Water and Sanitation,I,A,Annual,SH_H2O_SAFE,6.1.1 Population using safely managed drinking water services,PW,Palau,_T,Total,_T,All ages,U,Urban,_T,Total,_T,All education levels,_T,All occupations,_Z,Not applicable,_T,No breakdown by disability,2019,,99.62,,PERCENT,percent,G,Global,_X,Not Available,,,,,,
DATAFLOW,SPC:DF_SDG_06(3.0),Sustainable Development Goal 06 - Clean Water and Sanitation,I,A,Annual,SH_H2O_SAFE,6.1.1 Population using safely managed drinking water services,PW,Palau,_T,Total,_T,All ages,U,Urban,_T,Total,_T,All education levels,_T,All occupations,_Z,Not applicable,_T,No breakdown by disability,2020,,99.62,,PERCENT,percent,G,Global,_X,Not Available,,,,,,
DATAFLOW,SPC:DF_SDG_06(3.0),Sustainable Development Goal 06 - Clean Water and Sanitation,I,A,Annual,SH_H2O_SAFE,6.1.1 Population using safely managed drinking water services,PW,Palau,_T,Total,_T,All ages,U,Urban,_T,Total,_T,All education levels,_T,All occupations,_Z,Not applicable,_T,No breakdown by disability,2021,,99.62,,PERCENT,percent,G,Global,_X,Not Available,,,,,,
DATAFLOW,SPC:DF_SDG_06(3.0),Sustainable Development Goal 06 - Clean Water and Sanitation,I,A,Annual,SH_H2O_SAFE,6.1.1 Population using safely managed drinking water services,PW,Palau,_T,Total,_T,All ages,U,Urban,_T,Total,_T,All education levels,_T,All occupations,_Z,Not applicable,_T,No breakdown by disability,2022,,99.61,,PERCENT,percent,G,Global,_X,Not Available,,,,,,
DATAFLOW,SPC:DF_SDG_06(3.0),Sustainable Development Goal 06 - Clean Water and Sanitation,I,A,Annual,SH_H2O_SAFE,6.1.1 Population using safely managed drinking water services,KI,Kiribati,_T,Total,_T,All ages,R,Rural,_T,Total,_T,All education levels,_T,All occupations,_Z,Not applicable,_T,No breakdown by disability,2016,,56.72,,PERCENT,percent,G,Global,_X,Not Available,,,,,,
DATAFLOW,SPC:DF_SDG_06(3.0),Sustainable Development Goal 06 - Clean Water and Sanitation,I,A,Annual,SH_H2O_SAFE,6.1.1 Population using safely managed drinking water services,KI,Kiribati,_T,Total,_T,All ages,R,Rural,_T,Total,_T,All education levels,_T,All occupations,_Z,Not applicable,_T,No breakdown by disability,2017,,57.18,,PERCENT,percent,G,Global,_X,Not Available,,,,,,
DATAFLOW,SPC:DF_SDG_06(3.0),Sustainable Development Goal 06 - Clean Water and Sanitation,I,A,Annual,SH_H2O_SAFE,6.1.1 Population using safely managed drinking water services,KI,Kiribati,_T,Total,_T,All ages,R,Rural,_T,Total,_T,All education levels,_T,All occupations,_Z,Not applicable,_T,No breakdown by disability,2018,,57.64,,PERCENT,percent,G,Global,_X,Not Available,,,,,,
DATAFLOW,SPC:DF_SDG_06(3.0),Sustainable Development Goal 06 - Clean Water and Sanitation,I,A,Annual,SH_H2O_SAFE,6.1.1 Population using safely managed drinking water services,KI,Kiribati,_T,Total,_T,All ages,R,Rural,_T,Total,_T,All education levels,_T,All occupations,_Z,Not applicable,_T,No breakdown by disability,2019,,58.1,,PERCENT,percent,G,Global,_X,Not Available,,,,,,
DATAFLOW,SPC:DF_SDG_06(3.0),Sustainable Development Goal 06 - Clean Water and Sanitation,I,A,Annual,SH_H2O_SAFE,6.1.1 Population using safely managed drinking water services,KI,Kiribati,_T,Total,_T,All ages,R,Rural,_T,Total,_T,All education levels,_T,All occupations,_Z,Not applicable,_T,No breakdown by disability,2020,,58.55,,PERCENT,percent,G,Global,_X,Not Available,,,,,,
DATAFLOW,SPC:DF_SDG_06(3.0),Sustainable Development Goal 06 - Clean Water and Sanitation,I,A,Annual,SH_H2O_SAFE,6.1.1 Population using safely managed drinking water services,KI,Kiribati,_T,Total,_T,All ages,R,Rural,_T,Total,_T,All education levels,_T,All occupations,_Z,Not applicable,_T,No breakdown by disability,2021,,59.01,,PERCENT,percent,G,Global,_X,Not Available,,,,,,
DATAFLOW,SPC:DF_SDG_06(3.0),Sustainable Development Goal 06 - Clean Water and Sanitation,I,A,Annual,SH_H2O_SAFE,6.1.1 Population using safely managed drinking water services,KI,Kiribati,_T,Total,_T,All ages,R,Rural,_T,Total,_T,All education levels,_T,All occupations,_Z,Not applicable,_T,No breakdown by disability,2022,,59.53,,PERCENT,percent,G,Global,_X,Not Available,,,,,,
DATAFLOW,SPC:DF_SDG_06(3.0),Sustainable Development Goal 06 - Clean Water and Sanitation,I,A,Annual,SH_H2O_SAFE,6.1.1 Population using safely managed drinking water services,FM,Micronesia (Federated States of),_T,Total,_T,All ages,_T,National,_T,Total,_T,All education levels,_T,All occupations,_Z,Not applicable,_T,No breakdown by disability,2016,,90.11,,PERCENT,percent,G,Global,_X,Not Available,,,,,,
DATAFLOW,SPC:DF_SDG_06(3.0),Sustainable Development Goal 06 - Clean Water and Sanitation,I,A,Annual,SH_H2O_SAFE,6.1.1 Population using safely managed drinking water services,FM,Micronesia (Federated States of),_T,Total,_T,All ages,_T,National,_T,Total,_T,All education levels,_T,All occupations,_Z,Not applicable,_T,No breakdown by disability,2017,,90.11,,PERCENT,percent,G,Global,_X,Not Available,,,,,,
DATAFLOW,SPC:DF_SDG_06(3.0),Sustainable Development Goal 06 - Clean Water and Sanitation,I,A,Annual,SH_H2O_SAFE,6.1.1 Population using safely managed drinking water services,FM,Micronesia (Federated States of),_T,Total,_T,All ages,_T,National,_T,Total,_T,All education levels,_T,All occupations,_Z,Not applicable,_T,No breakdown by disability,2018,,90.11,,PERCENT,percent,G,Global,_X,Not Available,,,,,,
DATAFLOW,SPC:DF_SDG_06(3.0),Sustainable Development Goal 06 - Clean Water and Sanitation,I,A,Annual,SH_H2O_SAFE,6.1.1 Population using safely managed drinking water services,FM,Micronesia (Federated States of),_T,Total,_T,All ages,_T,National,_T,Total,_T,All education levels,_T,All occupations,_Z,Not applicable,_T,No breakdown by disability,2019,,90.11,,PERCENT,percent,G,Global,_X,Not Available,,,,,,
DATAFLOW,SPC:DF_SDG_06(3.0),Sustainable Development Goal 06 - Clean Water and Sanitation,I,A,Annual,SH_H2O_SAFE,6.1.1 Population using safely managed drinking water services,FM,Micronesia (Federated States of),_T,Total,_T,All ages,_T,National,_T,Total,_T,All education levels,_T,All occupations,_Z,Not applicable,_T,No breakdown by disability,2020,,90.11,,PERCENT,percent,G,Global,_X,Not Available,,,,,,
DATAFLOW,SPC:DF_SDG_06(3.0),Sustainable Development Goal 06 - Clean Water and Sanitation,I,A,Annual,SH_H2O_SAFE,6.1.1 Population using safely managed drinking water services,SB,Solomon Islands,_T,Total,_T,All ages,_T,National,_T,Total,_T,All education levels,_T,All occupations,_Z,Not applicable,_T,No breakdown by disability,2016,,68.54,,PERCENT,percent,G,Global,_X,Not Available,,,,,,
DATAFLOW,SPC:DF_SDG_06(3.0),Sustainable Development Goal 06 - Clean Water and Sanitation,I,A,Annual,SH_H2O_SAFE,6.1.1 Population using safely managed drinking water services,SB,Solomon Islands,_T,Total,_T,All ages,_T,National,_T,Total,_T,All education levels,_T,All occupations,_Z,Not applicable,_T,No breakdown by disability,2017,,67.78,,PERCENT,percent,G,Global,_X,Not Available,,,,,,
DATAFLOW,SPC:DF_SDG_06(3.0),Sustainable Development Goal 06 - Clean Water and Sanitation,I,A,Annual,SH_H2O_SAFE,6.1.1 Population using safely managed drinking water services,SB,Solomon Islands,_T,Total,_T,All ages,_T,National,_T,Total,_T,All education levels,_T,All occupations,_Z,Not applicable,_T,No breakdown by disability,2018,,67.01,,PERCENT,percent,G,Global,_X,Not Available,,,,,,
DATAFLOW,SPC:DF_SDG_06(3.0),Sustainable Development Goal 06 - Clean Water and Sanitation,I,A,Annual,SH_H2O_SAFE,6.1.1 Population using safely managed drinking water services,SB,Solomon Islands,_T,Total,_T,All ages,_T,National,_T,Total,_T,All education levels,_T,All occupations,_Z,Not applicable,_T,No breakdown by disability,2019,,67.15,,PERCENT,percent,G,Global,_X,Not Available,,,,,,
DATAFLOW,SPC:DF_SDG_06(3.0),Sustainable Development Goal 06 - Clean Water and Sanitation,I,A,Annual,SH_H2O_SAFE,6.1.1 Population using safely managed drinking water services,SB,Solomon Islands,_T,Total,_T,All ages,_T,National,_T,Total,_T,All education levels,_T,All occupations,_Z,Not applicable,_T,No breakdown by disability,2020,,67.3,,PERCENT,percent,G,Global,_X,Not Available,,,,,,
DATAFLOW,SPC:DF_SDG_06(3.0),Sustainable Development Goal 06 - Clean Water and Sanitation,I,A,Annual,SH_H2O_SAFE,6.1.1 Population using safely managed drinking water services,SB,Solomon Islands,_T,Total,_T,All ages,_T,National,_T,Total,_T,All education levels,_T,All occupations,_Z,Not applicable,_T,No breakdown by disability,2021,,67.45,,PERCENT,percent,G,Global,_X,Not Available,,,,,,
DATAFLOW,SPC:DF_SDG_06(3.0),Sustainable Development Goal 06 - Clean Water and Sanitation,I,A,Annual,SH_H2O_SAFE,6.1.1 Population using safely managed drinking water services,PG,Papua New Guinea,_T,Total,_T,All ages,_T,National,_T,Total,_T,All education levels,_T,All occupations,_Z,Not applicable,_T,No breakdown by disability,2016,,43.99,,PERCENT,percent,G,Global,_X,Not Available,,,,,,
DATAFLOW,SPC:DF_SDG_06(3.0),Sustainable Development Goal 06 - Clean Water and Sanitation,I,A,Annual,SH_H2O_SAFE,6.1.1 Population using safely managed drinking water services,PG,Papua New Guinea,_T,Total,_T,All ages,_T,National,_T,Total,_T,All education levels,_T,All occupations,_Z,Not applicable,_T,No breakdown by disability,2017,,45.02,,PERCENT,percent,G,Global,_X,Not Available,,,,,,
DATAFLOW,SPC:DF_SDG_06(3.0),Sustainable Development Goal 06 - Clean Water and Sanitation,I,A,Annual,SH_H2O_SAFE,6.1.1 Population using safely managed drinking water services,PG,Papua New Guinea,_T,Total,_T,All ages,_T,National,_T,Total,_T,All education levels,_T,All occupations,_Z,Not applicable,_T,No breakdown by disability,2018,,46.05,,PERCENT,percent,G,Global,_X,Not Available,,,,,,
DATAFLOW,SPC:DF_SDG_06(3.0),Sustainable Development Goal 06 - Clean Water and Sanitation,I,A,Annual,SH_H2O_SAFE,6.1.1 Population using safely managed drinking water services,PG,Papua New Guinea,_T,Total,_T,All ages,_T,National,_T,Total,_T,All education levels,_T,All occupations,_Z,Not applicable,_T,No breakdown by disability,2019,,47.08,,PERCENT,percent,G,Global,_X,Not Available,,,,,,
DATAFLOW,SPC:DF_SDG_06(3.0),Sustainable Development Goal 06 - Clean Water and Sanitation,I,A,Annual,SH_H2O_SAFE,6.1.1 Population using safely managed drinking water services,PG,Papua New Guinea,_T,Total,_T,All ages,_T,National,_T,Total,_T,All education levels,_T,All occupations,_Z,Not applicable,_T,No breakdown by disability,2020,,48.11,,PERCENT,percent,G,Global,_X,Not Available,,,,,,
DATAFLOW,SPC:DF_SDG_06(3.0),Sustainable Development Goal 06 - Clean Water and Sanitation,I,A,Annual,SH_H2O_SAFE,6.1.1 Population using safely managed drinking water services,PG,Papua New Guinea,_T,Total,_T,All ages,_T,National,_T,Total,_T,All education levels,_T,All occupations,_Z,Not applicable,_T,No breakdown by disability,2021,,49.17,,PERCENT,percent,G,Global,_X,Not Available,,,,,,
DATAFLOW,SPC:DF_SDG_06(3.0),Sustainable Development Goal 06 - Clean Water and Sanitation,I,A,Annual,SH_H2O_SAFE,6.1.1 Population using safely managed drinking water services,PG,Papua New Guinea,_T,Total,_T,All ages,_T,National,_T,Total,_T,All education levels,_T,All occupations,_Z,Not applicable,_T,No breakdown by disability,2022,,50.24,,PERCENT,percent,G,Global,_X,Not Available,,,,,,
DATAFLOW,SPC:DF_SDG_06(3.0),Sustainable Development Goal 06 - Clean Water and Sanitation,I,A,Annual,SH_H2O_SAFE,6.1.1 Population using safely managed drinking water services,SB,Solomon Islands,_T,Total,_T,All ages,U,Urban,_T,Total,_T,All education levels,_T,All occupations,_Z,Not applicable,_T,No breakdown by disability,2016,,91.34,,PERCENT,percent,G,Global,_X,Not Available,,,,,,
DATAFLOW,SPC:DF_SDG_06(3.0),Sustainable Development Goal 06 - Clean Water and Sanitation,I,A,Annual,SH_H2O_SAFE,6.1.1 Population using safely managed drinking water services,SB,Solomon Islands,_T,Total,_T,All ages,U,Urban,_T,Total,_T,All education levels,_T,All occupations,_Z,Not applicable,_T,No breakdown by disability,2017,,91.41,,PERCENT,percent,G,Global,_X,Not Available,,,,,,
DATAFLOW,SPC:DF_SDG_06(3.0),Sustainable Development Goal 06 - Clean Water and Sanitation,I,A,Annual,SH_H2O_SAFE,6.1.1 Population using safely managed drinking water services,SB,Solomon Islands,_T,Total,_T,All ages,U,Urban,_T,Total,_T,All education levels,_T,All occupations,_Z,Not applicable,_T,No breakdown by disability,2018,,91.41,,PERCENT,percent,G,Global,_X,Not Available,,,,,,
DATAFLOW,SPC:DF_SDG_06(3.0),Sustainable Development Goal 06 - Clean Water and Sanitation,I,A,Annual,SH_H2O_SAFE,6.1.1 Population using safely managed drinking water services,SB,Solomon Islands,_T,Total,_T,All ages,U,Urban,_T,Total,_T,All education levels,_T,All occupations,_Z,Not applicable,_T,No breakdown by disability,2019,,91.41,,PERCENT,percent,G,Global,_X,Not Available,,,,,,
DATAFLOW,SPC:DF_SDG_06(3.0),Sustainable Development Goal 06 - Clean Water and Sanitation,I,A,Annual,SH_H2O_SAFE,6.1.1 Population using safely managed drinking water services,SB,Solomon Islands,_T,Total,_T,All ages,U,Urban,_T,Total,_T,All education levels,_T,All occupations,_Z,Not applicable,_T,No breakdown by disability,2020,,91.41,,PERCENT,percent,G,Global,_X,Not Available,,,,,,
DATAFLOW,SPC:DF_SDG_06(3.0),Sustainable Development Goal 06 - Clean Water and Sanitation,I,A,Annual,SH_H2O_SAFE,6.1.1 Population using safely managed drinking water services,SB,Solomon Islands,_T,Total,_T,All ages,U,Urban,_T,Total,_T,All education levels,_T,All occupations,_Z,Not applicable,_T,No breakdown by disability,2021,,91.41,,PERCENT,percent,G,Global,_X,Not Available,,,,,,
DATAFLOW,SPC:DF_SDG_06(3.0),Sustainable Development Goal 06 - Clean Water and Sanitation,I,A,Annual,SH_H2O_SAFE,6.1.1 Population using safely managed drinking water services,SB,Solomon Islands,_T,Total,_T,All ages,R,Rural,_T,Total,_T,All education levels,_T,All occupations,_Z,Not applicable,_T,No breakdown by disability,2016,,61.8,,PERCENT,percent,G,Global,_X,Not Available,,,,,,
DATAFLOW,SPC:DF_SDG_06(3.0),Sustainable Development Goal 06 - Clean Water and Sanitation,I,A,Annual,SH_H2O_SAFE,6.1.1 Population using safely managed drinking water services,SB,Solomon Islands,_T,Total,_T,All ages,R,Rural,_T,Total,_T,All education levels,_T,All occupations,_Z,Not applicable,_T,No breakdown by disability,2017,,60.6,,PERCENT,percent,G,Global,_X,Not Available,,,,,,
DATAFLOW,SPC:DF_SDG_06(3.0),Sustainable Development Goal 06 - Clean Water and Sanitation,I,A,Annual,SH_H2O_SAFE,6.1.1 Population using safely managed drinking water services,SB,Solomon Islands,_T,Total,_T,All ages,R,Rural,_T,Total,_T,All education levels,_T,All occupations,_Z,Not applicable,_T,No breakdown by disability,2018,,59.41,,PERCENT,percent,G,Global,_X,Not Available,,,,,,
DATAFLOW,SPC:DF_SDG_06(3.0),Sustainable Development Goal 06 - Clean Water and Sanitation,I,A,Annual,SH_H2O_SAFE,6.1.1 Population using safely managed drinking water services,SB,Solomon Islands,_T,Total,_T,All ages,R,Rural,_T,Total,_T,All education levels,_T,All occupations,_Z,Not applicable,_T,No breakdown by disability,2019,,59.41,,PERCENT,percent,G,Global,_X,Not Available,,,,,,
DATAFLOW,SPC:DF_SDG_06(3.0),Sustainable Development Goal 06 - Clean Water and Sanitation,I,A,Annual,SH_H2O_SAFE,6.1.1 Population using safely managed drinking water services,SB,Solomon Islands,_T,Total,_T,All ages,R,Rural,_T,Total,_T,All education levels,_T,All occupations,_Z,Not applicable,_T,No breakdown by disability,2020,,59.41,,PERCENT,percent,G,Global,_X,Not Available,,,,,,
DATAFLOW,SPC:DF_SDG_06(3.0),Sustainable Development Goal 06 - Clean Water and Sanitation,I,A,Annual,SH_H2O_SAFE,6.1.1 Population using safely managed drinking water services,SB,Solomon Islands,_T,Total,_T,All ages,R,Rural,_T,Total,_T,All education levels,_T,All occupations,_Z,Not applicable,_T,No breakdown by disability,2021,,59.41,,PERCENT,percent,G,Global,_X,Not Available,,,,,,
DATAFLOW,SPC:DF_SDG_06(3.0),Sustainable Development Goal 06 - Clean Water and Sanitation,I,A,Annual,SH_H2O_SAFE,6.1.1 Population using safely managed drinking water services,SB,Solomon Islands,_T,Total,_T,All ages,R,Rural,_T,Total,_T,All education levels,_T,All occupations,_Z,Not applicable,_T,No breakdown by disability,2022,,59.41,,PERCENT,percent,G,Global,_X,Not Available,,,,,,
DATAFLOW,SPC:DF_SDG_06(3.0),Sustainable Development Goal 06 - Clean Water and Sanitation,I,A,Annual,SH_H2O_SAFE,6.1.1 Population using safely managed drinking water services,VU,Vanuatu,_T,Total,_T,All ages,U,Urban,_T,Total,_T,All education levels,_T,All occupations,_Z,Not applicable,_T,No breakdown by disability,2016,,98.33,,PERCENT,percent,G,Global,_X,Not Available,,,,,,
DATAFLOW,SPC:DF_SDG_06(3.0),Sustainable Development Goal 06 - Clean Water and Sanitation,I,A,Annual,SH_H2O_SAFE,6.1.1 Population using safely managed drinking water services,VU,Vanuatu,_T,Total,_T,All ages,U,Urban,_T,Total,_T,All education levels,_T,All occupations,_Z,Not applicable,_T,No breakdown by disability,2017,,98.47,,PERCENT,percent,G,Global,_X,Not Available,,,,,,
DATAFLOW,SPC:DF_SDG_06(3.0),Sustainable Development Goal 06 - Clean Water and Sanitation,I,A,Annual,SH_H2O_SAFE,6.1.1 Population using safely managed drinking water services,VU,Vanuatu,_T,Total,_T,All ages,U,Urban,_T,Total,_T,All education levels,_T,All occupations,_Z,Not applicable,_T,No breakdown by disability,2018,,98.62,,PERCENT,percent,G,Global,_X,Not Available,,,,,,
DATAFLOW,SPC:DF_SDG_06(3.0),Sustainable Development Goal 06 - Clean Water and Sanitation,I,A,Annual,SH_H2O_SAFE,6.1.1 Population using safely managed drinking water services,VU,Vanuatu,_T,Total,_T,All ages,U,Urban,_T,Total,_T,All education levels,_T,All occupations,_Z,Not applicable,_T,No breakdown by disability,2019,,98.76,,PERCENT,percent,G,Global,_X,Not Available,,,,,,
DATAFLOW,SPC:DF_SDG_06(3.0),Sustainable Development Goal 06 - Clean Water and Sanitation,I,A,Annual,SH_H2O_SAFE,6.1.1 Population using safely managed drinking water services,VU,Vanuatu,_T,Total,_T,All ages,U,Urban,_T,Total,_T,All education levels,_T,All occupations,_Z,Not applicable,_T,No breakdown by disability,2020,,98.91,,PERCENT,percent,G,Global,_X,Not Available,,,,,,
DATAFLOW,SPC:DF_SDG_06(3.0),Sustainable Development Goal 06 - Clean Water and Sanitation,I,A,Annual,SH_H2O_SAFE,6.1.1 Population using safely managed drinking water services,VU,Vanuatu,_T,Total,_T,All ages,U,Urban,_T,Total,_T,All education levels,_T,All occupations,_Z,Not applicable,_T,No breakdown by disability,2021,,99.05,,PERCENT,percent,G,Global,_X,Not Available,,,,,,
DATAFLOW,SPC:DF_SDG_06(3.0),Sustainable Development Goal 06 - Clean Water and Sanitation,I,A,Annual,SH_H2O_SAFE,6.1.1 Population using safely managed drinking water services,VU,Vanuatu,_T,Total,_T,All ages,U,Urban,_T,Total,_T,All education levels,_T,All occupations,_Z,Not applicable,_T,No breakdown by disability,2022,,99.2,,PERCENT,percent,G,Global,_X,Not Available,,,,,,
DATAFLOW,SPC:DF_SDG_06(3.0),Sustainable Development Goal 06 - Clean Water and Sanitation,I,A,Annual,SH_H2O_SAFE,6.1.1 Population using safely managed drinking water services,MH,Marshall Islands,_T,Total,_T,All ages,_T,National,_T,Total,_T,All education levels,_T,All occupations,_Z,Not applicable,_T,No breakdown by disability,2016,,86.4,,PERCENT,percent,G,Global,_X,Not Available,,,,,,
DATAFLOW,SPC:DF_SDG_06(3.0),Sustainable Development Goal 06 - Clean Water and Sanitation,I,A,Annual,SH_H2O_SAFE,6.1.1 Population using safely managed drinking water services,MH,Marshall Islands,_T,Total,_T,All ages,_T,National,_T,Total,_T,All education levels,_T,All occupations,_Z,Not applicable,_T,No breakdown by disability,2017,,86.17,,PERCENT,percent,G,Global,_X,Not Available,,,,,,
DATAFLOW,SPC:DF_SDG_06(3.0),Sustainable Development Goal 06 - Clean Water and Sanitation,I,A,Annual,SH_H2O_SAFE,6.1.1 Population using safely managed drinking water services,MH,Marshall Islands,_T,Total,_T,All ages,_T,National,_T,Total,_T,All education levels,_T,All occupations,_Z,Not applicable,_T,No breakdown by disability,2018,,85.94,,PERCENT,percent,G,Global,_X,Not Available,,,,,,
DATAFLOW,SPC:DF_SDG_06(3.0),Sustainable Development Goal 06 - Clean Water and Sanitation,I,A,Annual,SH_H2O_SAFE,6.1.1 Population using safely managed drinking water services,MH,Marshall Islands,_T,Total,_T,All ages,_T,National,_T,Total,_T,All education levels,_T,All occupations,_Z,Not applicable,_T,No breakdown by disability,2019,,85.72,,PERCENT,percent,G,Global,_X,Not Available,,,,,,
DATAFLOW,SPC:DF_SDG_06(3.0),Sustainable Development Goal 06 - Clean Water and Sanitation,I,A,Annual,SH_H2O_SAFE,6.1.1 Population using safely managed drinking water services,MH,Marshall Islands,_T,Total,_T,All ages,_T,National,_T,Total,_T,All education levels,_T,All occupations,_Z,Not applicable,_T,No breakdown by disability,2020,,85.49,,PERCENT,percent,G,Global,_X,Not Available,,,,,,
DATAFLOW,SPC:DF_SDG_06(3.0),Sustainable Development Goal 06 - Clean Water and Sanitation,I,A,Annual,SH_H2O_SAFE,6.1.1 Population using safely managed drinking water services,MH,Marshall Islands,_T,Total,_T,All ages,_T,National,_T,Total,_T,All education levels,_T,All occupations,_Z,Not applicable,_T,No breakdown by disability,2021,,85.28,,PERCENT,percent,G,Global,_X,Not Available,,,,,,
DATAFLOW,SPC:DF_SDG_06(3.0),Sustainable Development Goal 06 - Clean Water and Sanitation,I,A,Annual,SH_H2O_SAFE,6.1.1 Population using safely managed drinking water services,MH,Marshall Islands,_T,Total,_T,All ages,_T,National,_T,Total,_T,All education levels,_T,All occupations,_Z,Not applicable,_T,No breakdown by disability,2022,,85.06,,PERCENT,percent,G,Global,_X,Not Available,,,,,,
DATAFLOW,SPC:DF_SDG_06(3.0),Sustainable Development Goal 06 - Clean Water and Sanitation,I,A,Annual,SH_H2O_SAFE,6.1.1 Population using safely managed drinking water services,TV,Tuvalu,_T,Total,_T,All ages,U,Urban,_T,Total,_T,All education levels,_T,All occupations,_Z,Not applicable,_T,No breakdown by disability,2016,,98.88,,PERCENT,percent,G,Global,_X,Not Available,,,,,,
DATAFLOW,SPC:DF_SDG_06(3.0),Sustainable Development Goal 06 - Clean Water and Sanitation,I,A,Annual,SH_H2O_SAFE,6.1.1 Population using safely managed drinking water services,TV,Tuvalu,_T,Total,_T,All ages,U,Urban,_T,Total,_T,All education levels,_T,All occupations,_Z,Not applicable,_T,No breakdown by disability,2017,,98.9,,PERCENT,percent,G,Global,_X,Not Available,,,,,,
DATAFLOW,SPC:DF_SDG_06(3.0),Sustainable Development Goal 06 - Clean Water and Sanitation,I,A,Annual,SH_H2O_SAFE,6.1.1 Population using safely managed drinking water services,TV,Tuvalu,_T,Total,_T,All ages,U,Urban,_T,Total,_T,All education levels,_T,All occupations,_Z,Not applicable,_T,No breakdown by disability,2018,,98.92,,PERCENT,percent,G,Global,_X,Not Available,,,,,,
DATAFLOW,SPC:DF_SDG_06(3.0),Sustainable Development Goal 06 - Clean Water and Sanitation,I,A,Annual,SH_H2O_SAFE,6.1.1 Population using safely managed drinking water services,TV,Tuvalu,_T,Total,_T,All ages,U,Urban,_T,Total,_T,All education levels,_T,All occupations,_Z,Not applicable,_T,No breakdown by disability,2019,,98.94,,PERCENT,percent,G,Global,_X,Not Available,,,,,,
DATAFLOW,SPC:DF_SDG_06(3.0),Sustainable Development Goal 06 - Clean Water and Sanitation,I,A,Annual,SH_H2O_SAFE,6.1.1 Population using safely managed drinking water services,TV,Tuvalu,_T,Total,_T,All ages,U,Urban,_T,Total,_T,All education levels,_T,All occupations,_Z,Not applicable,_T,No breakdown by disability,2020,,98.96,,PERCENT,percent,G,Global,_X,Not Available,,,,,,
DATAFLOW,SPC:DF_SDG_06(3.0),Sustainable Development Goal 06 - Clean Water and Sanitation,I,A,Annual,SH_H2O_SAFE,6.1.1 Population using safely managed drinking water services,TV,Tuvalu,_T,Total,_T,All ages,U,Urban,_T,Total,_T,All education levels,_T,All occupations,_Z,Not applicable,_T,No breakdown by disability,2021,,98.98,,PERCENT,percent,G,Global,_X,Not Available,,,,,,
DATAFLOW,SPC:DF_SDG_06(3.0),Sustainable Development Goal 06 - Clean Water and Sanitation,I,A,Annual,SH_H2O_SAFE,6.1.1 Population using safely managed drinking water services,TV,Tuvalu,_T,Total,_T,All ages,U,Urban,_T,Total,_T,All education levels,_T,All occupations,_Z,Not applicable,_T,No breakdown by disability,2022,,99,,PERCENT,percent,G,Global,_X,Not Available,,,,,,
DATAFLOW,SPC:DF_SDG_06(3.0),Sustainable Development Goal 06 - Clean Water and Sanitation,I,A,Annual,SH_H2O_SAFE,6.1.1 Population using safely managed drinking water services,TO,Tonga,_T,Total,_T,All ages,_T,National,_T,Total,_T,All education levels,_T,All occupations,_Z,Not applicable,_T,No breakdown by disability,2016,,98.59,,PERCENT,percent,G,Global,_X,Not Available,,,,,,
DATAFLOW,SPC:DF_SDG_06(3.0),Sustainable Development Goal 06 - Clean Water and Sanitation,I,A,Annual,SH_H2O_SAFE,6.1.1 Population using safely managed drinking water services,TO,Tonga,_T,Total,_T,All ages,_T,National,_T,Total,_T,All education levels,_T,All occupations,_Z,Not applicable,_T,No breakdown by disability,2017,,98.63,,PERCENT,percent,G,Global,_X,Not Available,,,,,,
DATAFLOW,SPC:DF_SDG_06(3.0),Sustainable Development Goal 06 - Clean Water and Sanitation,I,A,Annual,SH_H2O_SAFE,6.1.1 Population using safely managed drinking water services,TO,Tonga,_T,Total,_T,All ages,_T,National,_T,Total,_T,All education levels,_T,All occupations,_Z,Not applicable,_T,No breakdown by disability,2018,,98.66,,PERCENT,percent,G,Global,_X,Not Available,,,,,,
DATAFLOW,SPC:DF_SDG_06(3.0),Sustainable Development Goal 06 - Clean Water and Sanitation,I,A,Annual,SH_H2O_SAFE,6.1.1 Population using safely managed drinking water services,TO,Tonga,_T,Total,_T,All ages,_T,National,_T,Total,_T,All education levels,_T,All occupations,_Z,Not applicable,_T,No breakdown by disability,2019,,98.7,,PERCENT,percent,G,Global,_X,Not Available,,,,,,
DATAFLOW,SPC:DF_SDG_06(3.0),Sustainable Development Goal 06 - Clean Water and Sanitation,I,A,Annual,SH_H2O_SAFE,6.1.1 Population using safely managed drinking water services,TO,Tonga,_T,Total,_T,All ages,_T,National,_T,Total,_T,All education levels,_T,All occupations,_Z,Not applicable,_T,No breakdown by disability,2020,,98.74,,PERCENT,percent,G,Global,_X,Not Available,,,,,,
DATAFLOW,SPC:DF_SDG_06(3.0),Sustainable Development Goal 06 - Clean Water and Sanitation,I,A,Annual,SH_H2O_SAFE,6.1.1 Population using safely managed drinking water services,TO,Tonga,_T,Total,_T,All ages,_T,National,_T,Total,_T,All education levels,_T,All occupations,_Z,Not applicable,_T,No breakdown by disability,2021,,98.77,,PERCENT,percent,G,Global,_X,Not Available,,,,,,
DATAFLOW,SPC:DF_SDG_06(3.0),Sustainable Development Goal 06 - Clean Water and Sanitation,I,A,Annual,SH_H2O_SAFE,6.1.1 Population using safely managed drinking water services,TO,Tonga,_T,Total,_T,All ages,_T,National,_T,Total,_T,All education levels,_T,All occupations,_Z,Not applicable,_T,No breakdown by disability,2022,,98.81,,PERCENT,percent,G,Global,_X,Not Available,,,,,,
DATAFLOW,SPC:DF_SDG_06(3.0),Sustainable Development Goal 06 - Clean Water and Sanitation,I,A,Annual,SH_H2O_SAFE,6.1.1 Population using safely managed drinking water services,NR,Nauru,_T,Total,_T,All ages,_T,National,_T,Total,_T,All education levels,_T,All occupations,_Z,Not applicable,_T,No breakdown by disability,2016,,97,,PERCENT,percent,G,Global,_X,Not Available,,,,,,
DATAFLOW,SPC:DF_SDG_06(3.0),Sustainable Development Goal 06 - Clean Water and Sanitation,I,A,Annual,SH_H2O_SAFE,6.1.1 Population using safely managed drinking water services,NR,Nauru,_T,Total,_T,All ages,_T,National,_T,Total,_T,All education levels,_T,All occupations,_Z,Not applicable,_T,No breakdown by disability,2017,,97,,PERCENT,percent,G,Global,_X,Not Available,,,,,,
DATAFLOW,SPC:DF_SDG_06(3.0),Sustainable Development Goal 06 - Clean Water and Sanitation,I,A,Annual,SH_H2O_SAFE,6.1.1 Population using safely managed drinking water services,NR,Nauru,_T,Total,_T,All ages,_T,National,_T,Total,_T,All education levels,_T,All occupations,_Z,Not applicable,_T,No breakdown by disability,2018,,97,,PERCENT,percent,G,Global,_X,Not Available,,,,,,
DATAFLOW,SPC:DF_SDG_06(3.0),Sustainable Development Goal 06 - Clean Water and Sanitation,I,A,Annual,SH_H2O_SAFE,6.1.1 Population using safely managed drinking water services,NR,Nauru,_T,Total,_T,All ages,_T,National,_T,Total,_T,All education levels,_T,All occupations,_Z,Not applicable,_T,No breakdown by disability,2019,,97,,PERCENT,percent,G,Global,_X,Not Available,,,,,,
DATAFLOW,SPC:DF_SDG_06(3.0),Sustainable Development Goal 06 - Clean Water and Sanitation,I,A,Annual,SH_H2O_SAFE,6.1.1 Population using safely managed drinking water services,NR,Nauru,_T,Total,_T,All ages,_T,National,_T,Total,_T,All education levels,_T,All occupations,_Z,Not applicable,_T,No breakdown by disability,2020,,100,,PERCENT,percent,G,Global,_X,Not Available,,,,,,
DATAFLOW,SPC:DF_SDG_06(3.0),Sustainable Development Goal 06 - Clean Water and Sanitation,I,A,Annual,SH_H2O_SAFE,6.1.1 Population using safely managed drinking water services,VU,Vanuatu,_T,Total,_T,All ages,_T,National,_T,Total,_T,All education levels,_T,All occupations,_Z,Not applicable,_T,No breakdown by disability,2016,,88.8,,PERCENT,percent,G,Global,_X,Not Available,,,,,,
DATAFLOW,SPC:DF_SDG_06(3.0),Sustainable Development Goal 06 - Clean Water and Sanitation,I,A,Annual,SH_H2O_SAFE,6.1.1 Population using safely managed drinking water services,VU,Vanuatu,_T,Total,_T,All ages,_T,National,_T,Total,_T,All education levels,_T,All occupations,_Z,Not applicable,_T,No breakdown by disability,2017,,89.22,,PERCENT,percent,G,Global,_X,Not Available,,,,,,
DATAFLOW,SPC:DF_SDG_06(3.0),Sustainable Development Goal 06 - Clean Water and Sanitation,I,A,Annual,SH_H2O_SAFE,6.1.1 Population using safely managed drinking water services,VU,Vanuatu,_T,Total,_T,All ages,_T,National,_T,Total,_T,All education levels,_T,All occupations,_Z,Not applicable,_T,No breakdown by disability,2018,,89.64,,PERCENT,percent,G,Global,_X,Not Available,,,,,,
DATAFLOW,SPC:DF_SDG_06(3.0),Sustainable Development Goal 06 - Clean Water and Sanitation,I,A,Annual,SH_H2O_SAFE,6.1.1 Population using safely managed drinking water services,VU,Vanuatu,_T,Total,_T,All ages,_T,National,_T,Total,_T,All education levels,_T,All occupations,_Z,Not applicable,_T,No breakdown by disability,2019,,90.07,,PERCENT,percent,G,Global,_X,Not Available,,,,,,
DATAFLOW,SPC:DF_SDG_06(3.0),Sustainable Development Goal 06 - Clean Water and Sanitation,I,A,Annual,SH_H2O_SAFE,6.1.1 Population using safely managed drinking water services,VU,Vanuatu,_T,Total,_T,All ages,_T,National,_T,Total,_T,All education levels,_T,All occupations,_Z,Not applicable,_T,No breakdown by disability,2020,,90.49,,PERCENT,percent,G,Global,_X,Not Available,,,,,,
DATAFLOW,SPC:DF_SDG_06(3.0),Sustainable Development Goal 06 - Clean Water and Sanitation,I,A,Annual,SH_H2O_SAFE,6.1.1 Population using safely managed drinking water services,VU,Vanuatu,_T,Total,_T,All ages,_T,National,_T,Total,_T,All education levels,_T,All occupations,_Z,Not applicable,_T,No breakdown by disability,2021,,90.91,,PERCENT,percent,G,Global,_X,Not Available,,,,,,
DATAFLOW,SPC:DF_SDG_06(3.0),Sustainable Development Goal 06 - Clean Water and Sanitation,I,A,Annual,SH_H2O_SAFE,6.1.1 Population using safely managed drinking water services,VU,Vanuatu,_T,Total,_T,All ages,_T,National,_T,Total,_T,All education levels,_T,All occupations,_Z,Not applicable,_T,No breakdown by disability,2022,,91.34,,PERCENT,percent,G,Global,_X,Not Available,,,,,,
DATAFLOW,SPC:DF_SDG_06(3.0),Sustainable Development Goal 06 - Clean Water and Sanitation,I,A,Annual,SH_H2O_SAFE,6.1.1 Population using safely managed drinking water services,PG,Papua New Guinea,_T,Total,_T,All ages,U,Urban,_T,Total,_T,All education levels,_T,All occupations,_Z,Not applicable,_T,No breakdown by disability,2016,,85.69,,PERCENT,percent,G,Global,_X,Not Available,,,,,,
DATAFLOW,SPC:DF_SDG_06(3.0),Sustainable Development Goal 06 - Clean Water and Sanitation,I,A,Annual,SH_H2O_SAFE,6.1.1 Population using safely managed drinking water services,PG,Papua New Guinea,_T,Total,_T,All ages,U,Urban,_T,Total,_T,All education levels,_T,All occupations,_Z,Not applicable,_T,No breakdown by disability,2017,,86.02,,PERCENT,percent,G,Global,_X,Not Available,,,,,,
DATAFLOW,SPC:DF_SDG_06(3.0),Sustainable Development Goal 06 - Clean Water and Sanitation,I,A,Annual,SH_H2O_SAFE,6.1.1 Population using safely managed drinking water services,PG,Papua New Guinea,_T,Total,_T,All ages,U,Urban,_T,Total,_T,All education levels,_T,All occupations,_Z,Not applicable,_T,No breakdown by disability,2018,,86.34,,PERCENT,percent,G,Global,_X,Not Available,,,,,,
DATAFLOW,SPC:DF_SDG_06(3.0),Sustainable Development Goal 06 - Clean Water and Sanitation,I,A,Annual,SH_H2O_SAFE,6.1.1 Population using safely managed drinking water services,PG,Papua New Guinea,_T,Total,_T,All ages,U,Urban,_T,Total,_T,All education levels,_T,All occupations,_Z,Not applicable,_T,No breakdown by disability,2019,,86.66,,PERCENT,percent,G,Global,_X,Not Available,,,,,,
DATAFLOW,SPC:DF_SDG_06(3.0),Sustainable Development Goal 06 - Clean Water and Sanitation,I,A,Annual,SH_H2O_SAFE,6.1.1 Population using safely managed drinking water services,PG,Papua New Guinea,_T,Total,_T,All ages,U,Urban,_T,Total,_T,All education levels,_T,All occupations,_Z,Not applicable,_T,No breakdown by disability,2020,,86.98,,PERCENT,percent,G,Global,_X,Not Available,,,,,,
DATAFLOW,SPC:DF_SDG_06(3.0),Sustainable Development Goal 06 - Clean Water and Sanitation,I,A,Annual,SH_H2O_SAFE,6.1.1 Population using safely managed drinking water services,PG,Papua New Guinea,_T,Total,_T,All ages,U,Urban,_T,Total,_T,All education levels,_T,All occupations,_Z,Not applicable,_T,No breakdown by disability,2021,,86.96,,PERCENT,percent,G,Global,_X,Not Available,,,,,,
DATAFLOW,SPC:DF_SDG_06(3.0),Sustainable Development Goal 06 - Clean Water and Sanitation,I,A,Annual,SH_H2O_SAFE,6.1.1 Population using safely managed drinking water services,PG,Papua New Guinea,_T,Total,_T,All ages,U,Urban,_T,Total,_T,All education levels,_T,All occupations,_Z,Not applicable,_T,No breakdown by disability,2022,,86.94,,PERCENT,percent,G,Global,_X,Not Available,,,,,,
DATAFLOW,SPC:DF_SDG_06(3.0),Sustainable Development Goal 06 - Clean Water and Sanitation,I,A,Annual,SH_H2O_SAFE,6.1.1 Population using safely managed drinking water services,TO,Tonga,_T,Total,_T,All ages,R,Rural,_T,Total,_T,All education levels,_T,All occupations,_Z,Not applicable,_T,No breakdown by disability,2016,,98.45,,PERCENT,percent,G,Global,_X,Not Available,,,,,,
DATAFLOW,SPC:DF_SDG_06(3.0),Sustainable Development Goal 06 - Clean Water and Sanitation,I,A,Annual,SH_H2O_SAFE,6.1.1 Population using safely managed drinking water services,TO,Tonga,_T,Total,_T,All ages,R,Rural,_T,Total,_T,All education levels,_T,All occupations,_Z,Not applicable,_T,No breakdown by disability,2017,,98.47,,PERCENT,percent,G,Global,_X,Not Available,,,,,,
DATAFLOW,SPC:DF_SDG_06(3.0),Sustainable Development Goal 06 - Clean Water and Sanitation,I,A,Annual,SH_H2O_SAFE,6.1.1 Population using safely managed drinking water services,TO,Tonga,_T,Total,_T,All ages,R,Rural,_T,Total,_T,All education levels,_T,All occupations,_Z,Not applicable,_T,No breakdown by disability,2018,,98.49,,PERCENT,percent,G,Global,_X,Not Available,,,,,,
DATAFLOW,SPC:DF_SDG_06(3.0),Sustainable Development Goal 06 - Clean Water and Sanitation,I,A,Annual,SH_H2O_SAFE,6.1.1 Population using safely managed drinking water services,TO,Tonga,_T,Total,_T,All ages,R,Rural,_T,Total,_T,All education levels,_T,All occupations,_Z,Not applicable,_T,No breakdown by disability,2019,,98.51,,PERCENT,percent,G,Global,_X,Not Available,,,,,,
DATAFLOW,SPC:DF_SDG_06(3.0),Sustainable Development Goal 06 - Clean Water and Sanitation,I,A,Annual,SH_H2O_SAFE,6.1.1 Population using safely managed drinking water services,TO,Tonga,_T,Total,_T,All ages,R,Rural,_T,Total,_T,All education levels,_T,All occupations,_Z,Not applicable,_T,No breakdown by disability,2020,,98.54,,PERCENT,percent,G,Global,_X,Not Available,,,,,,
DATAFLOW,SPC:DF_SDG_06(3.0),Sustainable Development Goal 06 - Clean Water and Sanitation,I,A,Annual,SH_H2O_SAFE,6.1.1 Population using safely managed drinking water services,TO,Tonga,_T,Total,_T,All ages,R,Rural,_T,Total,_T,All education levels,_T,All occupations,_Z,Not applicable,_T,No breakdown by disability,2021,,98.56,,PERCENT,percent,G,Global,_X,Not Available,,,,,,
DATAFLOW,SPC:DF_SDG_06(3.0),Sustainable Development Goal 06 - Clean Water and Sanitation,I,A,Annual,SH_H2O_SAFE,6.1.1 Population using safely managed drinking water services,TO,Tonga,_T,Total,_T,All ages,R,Rural,_T,Total,_T,All education levels,_T,All occupations,_Z,Not applicable,_T,No breakdown by disability,2022,,98.58,,PERCENT,percent,G,Global,_X,Not Available,,,,,,
DATAFLOW,SPC:DF_SDG_06(3.0),Sustainable Development Goal 06 - Clean Water and Sanitation,I,A,Annual,SH_H2O_SAFE,6.1.1 Population using safely managed drinking water services,WS,Samoa,_T,Total,_T,All ages,_T,National,_T,Total,_T,All education levels,_T,All occupations,_Z,Not applicable,_T,No breakdown by disability,2016,,93.29,,PERCENT,percent,G,Global,_X,Not Available,,,,,,
DATAFLOW,SPC:DF_SDG_06(3.0),Sustainable Development Goal 06 - Clean Water and Sanitation,I,A,Annual,SH_H2O_SAFE,6.1.1 Population using safely managed drinking water services,WS,Samoa,_T,Total,_T,All ages,_T,National,_T,Total,_T,All education levels,_T,All occupations,_Z,Not applicable,_T,No breakdown by disability,2017,,94.35,,PERCENT,percent,G,Global,_X,Not Available,,,,,,
DATAFLOW,SPC:DF_SDG_06(3.0),Sustainable Development Goal 06 - Clean Water and Sanitation,I,A,Annual,SH_H2O_SAFE,6.1.1 Population using safely managed drinking water services,WS,Samoa,_T,Total,_T,All ages,_T,National,_T,Total,_T,All education levels,_T,All occupations,_Z,Not applicable,_T,No breakdown by disability,2018,,95.41,,PERCENT,percent,G,Global,_X,Not Available,,,,,,
DATAFLOW,SPC:DF_SDG_06(3.0),Sustainable Development Goal 06 - Clean Water and Sanitation,I,A,Annual,SH_H2O_SAFE,6.1.1 Population using safely managed drinking water services,WS,Samoa,_T,Total,_T,All ages,_T,National,_T,Total,_T,All education levels,_T,All occupations,_Z,Not applicable,_T,No breakdown by disability,2019,,96.42,,PERCENT,percent,G,Global,_X,Not Available,,,,,,
DATAFLOW,SPC:DF_SDG_06(3.0),Sustainable Development Goal 06 - Clean Water and Sanitation,I,A,Annual,SH_H2O_SAFE,6.1.1 Population using safely managed drinking water services,WS,Samoa,_T,Total,_T,All ages,_T,National,_T,Total,_T,All education levels,_T,All occupations,_Z,Not applicable,_T,No breakdown by disability,2020,,97.4,,PERCENT,percent,G,Global,_X,Not Available,,,,,,
DATAFLOW,SPC:DF_SDG_06(3.0),Sustainable Development Goal 06 - Clean Water and Sanitation,I,A,Annual,SH_H2O_SAFE,6.1.1 Population using safely managed drinking water services,WS,Samoa,_T,Total,_T,All ages,_T,National,_T,Total,_T,All education levels,_T,All occupations,_Z,Not applicable,_T,No breakdown by disability,2021,,98.27,,PERCENT,percent,G,Global,_X,Not Available,,,,,,
DATAFLOW,SPC:DF_SDG_06(3.0),Sustainable Development Goal 06 - Clean Water and Sanitation,I,A,Annual,SH_H2O_SAFE,6.1.1 Population using safely managed drinking water services,WS,Samoa,_T,Total,_T,All ages,_T,National,_T,Total,_T,All education levels,_T,All occupations,_Z,Not applicable,_T,No breakdown by disability,2022,,99.04,,PERCENT,percent,G,Global,_X,Not Available,,,,,,
DATAFLOW,SPC:DF_SDG_06(3.0),Sustainable Development Goal 06 - Clean Water and Sanitation,I,A,Annual,SH_H2O_SAFE,6.1.1 Population using safely managed drinking water services,FJ,Fiji,_T,Total,_T,All ages,R,Rural,_T,Total,_T,All education levels,_T,All occupations,_Z,Not applicable,_T,No breakdown by disability,2016,,91.2,,PERCENT,percent,G,Global,_X,Not Available,,,,,,
DATAFLOW,SPC:DF_SDG_06(3.0),Sustainable Development Goal 06 - Clean Water and Sanitation,I,A,Annual,SH_H2O_SAFE,6.1.1 Population using safely managed drinking water services,FJ,Fiji,_T,Total,_T,All ages,R,Rural,_T,Total,_T,All education levels,_T,All occupations,_Z,Not applicable,_T,No breakdown by disability,2017,,91.18,,PERCENT,percent,G,Global,_X,Not Available,,,,,,
DATAFLOW,SPC:DF_SDG_06(3.0),Sustainable Development Goal 06 - Clean Water and Sanitation,I,A,Annual,SH_H2O_SAFE,6.1.1 Population using safely managed drinking water services,FJ,Fiji,_T,Total,_T,All ages,R,Rural,_T,Total,_T,All education levels,_T,All occupations,_Z,Not applicable,_T,No breakdown by disability,2018,,91.15,,PERCENT,percent,G,Global,_X,Not Available,,,,,,
DATAFLOW,SPC:DF_SDG_06(3.0),Sustainable Development Goal 06 - Clean Water and Sanitation,I,A,Annual,SH_H2O_SAFE,6.1.1 Population using safely managed drinking water services,FJ,Fiji,_T,Total,_T,All ages,R,Rural,_T,Total,_T,All education levels,_T,All occupations,_Z,Not applicable,_T,No breakdown by disability,2019,,91.13,,PERCENT,percent,G,Global,_X,Not Available,,,,,,
DATAFLOW,SPC:DF_SDG_06(3.0),Sustainable Development Goal 06 - Clean Water and Sanitation,I,A,Annual,SH_H2O_SAFE,6.1.1 Population using safely managed drinking water services,FJ,Fiji,_T,Total,_T,All ages,R,Rural,_T,Total,_T,All education levels,_T,All occupations,_Z,Not applicable,_T,No breakdown by disability,2020,,91.11,,PERCENT,percent,G,Global,_X,Not Available,,,,,,
DATAFLOW,SPC:DF_SDG_06(3.0),Sustainable Development Goal 06 - Clean Water and Sanitation,I,A,Annual,SH_H2O_SAFE,6.1.1 Population using safely managed drinking water services,FJ,Fiji,_T,Total,_T,All ages,R,Rural,_T,Total,_T,All education levels,_T,All occupations,_Z,Not applicable,_T,No breakdown by disability,2021,,91.08,,PERCENT,percent,G,Global,_X,Not Available,,,,,,
DATAFLOW,SPC:DF_SDG_06(3.0),Sustainable Development Goal 06 - Clean Water and Sanitation,I,A,Annual,SH_H2O_SAFE,6.1.1 Population using safely managed drinking water services,FJ,Fiji,_T,Total,_T,All ages,R,Rural,_T,Total,_T,All education levels,_T,All occupations,_Z,Not applicable,_T,No breakdown by disability,2022,,91.06,,PERCENT,percent,G,Global,_X,Not Available,,,,,,
DATAFLOW,SPC:DF_SDG_06(3.0),Sustainable Development Goal 06 - Clean Water and Sanitation,I,A,Annual,SH_H2O_SAFE,6.1.1 Population using safely managed drinking water services,CK,Cook Islands,_T,Total,_T,All ages,_T,National,_T,Total,_T,All education levels,_T,All occupations,_Z,Not applicable,_T,No breakdown by disability,2016,,99.96,,PERCENT,percent,G,Global,_X,Not Available,,,,,,
DATAFLOW,SPC:DF_SDG_06(3.0),Sustainable Development Goal 06 - Clean Water and Sanitation,I,A,Annual,SH_H2O_SAFE,6.1.1 Population using safely managed drinking water services,CK,Cook Islands,_T,Total,_T,All ages,_T,National,_T,Total,_T,All education levels,_T,All occupations,_Z,Not applicable,_T,No breakdown by disability,2017,,99.97,,PERCENT,percent,G,Global,_X,Not Available,,,,,,
DATAFLOW,SPC:DF_SDG_06(3.0),Sustainable Development Goal 06 - Clean Water and Sanitation,I,A,Annual,SH_H2O_SAFE,6.1.1 Population using safely managed drinking water services,CK,Cook Islands,_T,Total,_T,All ages,_T,National,_T,Total,_T,All education levels,_T,All occupations,_Z,Not applicable,_T,No breakdown by disability,2018,,99.97,,PERCENT,percent,G,Global,_X,Not Available,,,,,,
DATAFLOW,SPC:DF_SDG_06(3.0),Sustainable Development Goal 06 - Clean Water and Sanitation,I,A,Annual,SH_H2O_SAFE,6.1.1 Population using safely managed drinking water services,CK,Cook Islands,_T,Total,_T,All ages,_T,National,_T,Total,_T,All education levels,_T,All occupations,_Z,Not applicable,_T,No breakdown by disability,2019,,99.97,,PERCENT,percent,G,Global,_X,Not Available,,,,,,
DATAFLOW,SPC:DF_SDG_06(3.0),Sustainable Development Goal 06 - Clean Water and Sanitation,I,A,Annual,SH_H2O_SAFE,6.1.1 Population using safely managed drinking water services,CK,Cook Islands,_T,Total,_T,All ages,_T,National,_T,Total,_T,All education levels,_T,All occupations,_Z,Not applicable,_T,No breakdown by disability,2020,,99.97,,PERCENT,percent,G,Global,_X,Not Available,,,,,,
DATAFLOW,SPC:DF_SDG_06(3.0),Sustainable Development Goal 06 - Clean Water and Sanitation,I,A,Annual,SH_H2O_SAFE,6.1.1 Population using safely managed drinking water services,CK,Cook Islands,_T,Total,_T,All ages,_T,National,_T,Total,_T,All education levels,_T,All occupations,_Z,Not applicable,_T,No breakdown by disability,2021,,99.97,,PERCENT,percent,G,Global,_X,Not Available,,,,,,
DATAFLOW,SPC:DF_SDG_06(3.0),Sustainable Development Goal 06 - Clean Water and Sanitation,I,A,Annual,SH_H2O_SAFE,6.1.1 Population using safely managed drinking water services,CK,Cook Islands,_T,Total,_T,All ages,_T,National,_T,Total,_T,All education levels,_T,All occupations,_Z,Not applicable,_T,No breakdown by disability,2022,,99.97,,PERCENT,percent,G,Global,_X,Not Available,,,,,,
DATAFLOW,SPC:DF_SDG_06(3.0),Sustainable Development Goal 06 - Clean Water and Sanitation,I,A,Annual,SH_SAN_IMPR,6.2.1 Population using improved sanitation services,TO,Tonga,_T,Total,_T,All ages,_T,National,_T,Total,_T,All education levels,_T,All occupations,_Z,Not applicable,_T,No breakdown by disability,2016,,99.8,,RATIO_POP,ratio to total population,N,National,C,Country Data,"Tonga NSO, Census of Population and Housing 2016.",,,,,
DATAFLOW,SPC:DF_SDG_06(3.0),Sustainable Development Goal 06 - Clean Water and Sanitation,I,A,Annual,SH_H2O_SAFE,6.1.1 Population using safely managed drinking water services,MH,Marshall Islands,_T,Total,_T,All ages,R,Rural,_T,Total,_T,All education levels,_T,All occupations,_Z,Not applicable,_T,No breakdown by disability,2016,,90.55,,PERCENT,percent,G,Global,_X,Not Available,,,,,,
DATAFLOW,SPC:DF_SDG_06(3.0),Sustainable Development Goal 06 - Clean Water and Sanitation,I,A,Annual,SH_H2O_SAFE,6.1.1 Population using safely managed drinking water services,MH,Marshall Islands,_T,Total,_T,All ages,R,Rural,_T,Total,_T,All education levels,_T,All occupations,_Z,Not applicable,_T,No breakdown by disability,2017,,90,,PERCENT,percent,G,Global,_X,Not Available,,,,,,
DATAFLOW,SPC:DF_SDG_06(3.0),Sustainable Development Goal 06 - Clean Water and Sanitation,I,A,Annual,SH_H2O_SAFE,6.1.1 Population using safely managed drinking water services,MH,Marshall Islands,_T,Total,_T,All ages,R,Rural,_T,Total,_T,All education levels,_T,All occupations,_Z,Not applicable,_T,No breakdown by disability,2018,,89.44,,PERCENT,percent,G,Global,_X,Not Available,,,,,,
DATAFLOW,SPC:DF_SDG_06(3.0),Sustainable Development Goal 06 - Clean Water and Sanitation,I,A,Annual,SH_H2O_SAFE,6.1.1 Population using safely managed drinking water services,MH,Marshall Islands,_T,Total,_T,All ages,R,Rural,_T,Total,_T,All education levels,_T,All occupations,_Z,Not applicable,_T,No breakdown by disability,2019,,88.89,,PERCENT,percent,G,Global,_X,Not Available,,,,,,
DATAFLOW,SPC:DF_SDG_06(3.0),Sustainable Development Goal 06 - Clean Water and Sanitation,I,A,Annual,SH_H2O_SAFE,6.1.1 Population using safely managed drinking water services,MH,Marshall Islands,_T,Total,_T,All ages,R,Rural,_T,Total,_T,All education levels,_T,All occupations,_Z,Not applicable,_T,No breakdown by disability,2020,,88.34,,PERCENT,percent,G,Global,_X,Not Available,,,,,,
DATAFLOW,SPC:DF_SDG_06(3.0),Sustainable Development Goal 06 - Clean Water and Sanitation,I,A,Annual,SH_H2O_SAFE,6.1.1 Population using safely managed drinking water services,MH,Marshall Islands,_T,Total,_T,All ages,R,Rural,_T,Total,_T,All education levels,_T,All occupations,_Z,Not applicable,_T,No breakdown by disability,2021,,87.78,,PERCENT,percent,G,Global,_X,Not Available,,,,,,
DATAFLOW,SPC:DF_SDG_06(3.0),Sustainable Development Goal 06 - Clean Water and Sanitation,I,A,Annual,SH_H2O_SAFE,6.1.1 Population using safely managed drinking water services,MH,Marshall Islands,_T,Total,_T,All ages,R,Rural,_T,Total,_T,All education levels,_T,All occupations,_Z,Not applicable,_T,No breakdown by disability,2022,,87.23,,PERCENT,percent,G,Global,_X,Not Available,,,,,,
DATAFLOW,SPC:DF_SDG_06(3.0),Sustainable Development Goal 06 - Clean Water and Sanitation,I,A,Annual,SH_SAN_IMPR,6.2.1 Population using improved sanitation services,KI,Kiribati,_T,Total,_T,All ages,_T,National,_T,Total,_T,All education levels,_T,All occupations,_Z,Not applicable,_T,No breakdown by disability,2018,,60.6,,PERCENT,percent,N,National,C,Country Data,"Kiribati National Statistics Office, Kiribati Social Development Indicator Survey 2018-19",,,,,
DATAFLOW,SPC:DF_SDG_06(3.0),Sustainable Development Goal 06 - Clean Water and Sanitation,I,A,Annual,SH_H2O_SAFE,6.1.1 Population using safely managed drinking water services,TO,Tonga,_T,Total,_T,All ages,U,Urban,_T,Total,_T,All education levels,_T,All occupations,_Z,Not applicable,_T,No breakdown by disability,2016,,99.06,,PERCENT,percent,G,Global,_X,Not Available,,,,,,
DATAFLOW,SPC:DF_SDG_06(3.0),Sustainable Development Goal 06 - Clean Water and Sanitation,I,A,Annual,SH_H2O_SAFE,6.1.1 Population using safely managed drinking water services,TO,Tonga,_T,Total,_T,All ages,U,Urban,_T,Total,_T,All education levels,_T,All occupations,_Z,Not applicable,_T,No breakdown by disability,2017,,99.14,,PERCENT,percent,G,Global,_X,Not Available,,,,,,
DATAFLOW,SPC:DF_SDG_06(3.0),Sustainable Development Goal 06 - Clean Water and Sanitation,I,A,Annual,SH_H2O_SAFE,6.1.1 Population using safely managed drinking water services,TO,Tonga,_T,Total,_T,All ages,U,Urban,_T,Total,_T,All education levels,_T,All occupations,_Z,Not applicable,_T,No breakdown by disability,2018,,99.23,,PERCENT,percent,G,Global,_X,Not Available,,,,,,
DATAFLOW,SPC:DF_SDG_06(3.0),Sustainable Development Goal 06 - Clean Water and Sanitation,I,A,Annual,SH_H2O_SAFE,6.1.1 Population using safely managed drinking water services,TO,Tonga,_T,Total,_T,All ages,U,Urban,_T,Total,_T,All education levels,_T,All occupations,_Z,Not applicable,_T,No breakdown by disability,2019,,99.32,,PERCENT,percent,G,Global,_X,Not Available,,,,,,
DATAFLOW,SPC:DF_SDG_06(3.0),Sustainable Development Goal 06 - Clean Water and Sanitation,I,A,Annual,SH_H2O_SAFE,6.1.1 Population using safely managed drinking water services,TO,Tonga,_T,Total,_T,All ages,U,Urban,_T,Total,_T,All education levels,_T,All occupations,_Z,Not applicable,_T,No breakdown by disability,2020,,99.41,,PERCENT,percent,G,Global,_X,Not Available,,,,,,
DATAFLOW,SPC:DF_SDG_06(3.0),Sustainable Development Goal 06 - Clean Water and Sanitation,I,A,Annual,SH_H2O_SAFE,6.1.1 Population using safely managed drinking water services,TO,Tonga,_T,Total,_T,All ages,U,Urban,_T,Total,_T,All education levels,_T,All occupations,_Z,Not applicable,_T,No breakdown by disability,2021,,99.49,,PERCENT,percent,G,Global,_X,Not Available,,,,,,
DATAFLOW,SPC:DF_SDG_06(3.0),Sustainable Development Goal 06 - Clean Water and Sanitation,I,A,Annual,SH_H2O_SAFE,6.1.1 Population using safely managed drinking water services,TO,Tonga,_T,Total,_T,All ages,U,Urban,_T,Total,_T,All education levels,_T,All occupations,_Z,Not applicable,_T,No breakdown by disability,2022,,99.58,,PERCENT,percent,G,Global,_X,Not Available,,,,,,
DATAFLOW,SPC:DF_SDG_06(3.0),Sustainable Development Goal 06 - Clean Water and Sanitation,I,A,Annual,SH_H2O_SAFE,6.1.1 Population using safely managed drinking water services,KI,Kiribati,_T,Total,_T,All ages,_T,National,_T,Total,_T,All education levels,_T,All occupations,_Z,Not applicable,_T,No breakdown by disability,2016,,71.99,,PERCENT,percent,G,Global,_X,Not Available,,,,,,
DATAFLOW,SPC:DF_SDG_06(3.0),Sustainable Development Goal 06 - Clean Water and Sanitation,I,A,Annual,SH_H2O_SAFE,6.1.1 Population using safely managed drinking water services,KI,Kiribati,_T,Total,_T,All ages,_T,National,_T,Total,_T,All education levels,_T,All occupations,_Z,Not applicable,_T,No breakdown by disability,2017,,72.59,,PERCENT,percent,G,Global,_X,Not Available,,,,,,
DATAFLOW,SPC:DF_SDG_06(3.0),Sustainable Development Goal 06 - Clean Water and Sanitation,I,A,Annual,SH_H2O_SAFE,6.1.1 Population using safely managed drinking water services,KI,Kiribati,_T,Total,_T,All ages,_T,National,_T,Total,_T,All education levels,_T,All occupations,_Z,Not applicable,_T,No breakdown by disability,2018,,73.18,,PERCENT,percent,G,Global,_X,Not Available,,,,,,
DATAFLOW,SPC:DF_SDG_06(3.0),Sustainable Development Goal 06 - Clean Water and Sanitation,I,A,Annual,SH_H2O_SAFE,6.1.1 Population using safely managed drinking water services,KI,Kiribati,_T,Total,_T,All ages,_T,National,_T,Total,_T,All education levels,_T,All occupations,_Z,Not applicable,_T,No breakdown by disability,2019,,73.75,,PERCENT,percent,G,Global,_X,Not Available,,,,,,
DATAFLOW,SPC:DF_SDG_06(3.0),Sustainable Development Goal 06 - Clean Water and Sanitation,I,A,Annual,SH_H2O_SAFE,6.1.1 Population using safely managed drinking water services,KI,Kiribati,_T,Total,_T,All ages,_T,National,_T,Total,_T,All education levels,_T,All occupations,_Z,Not applicable,_T,No breakdown by disability,2020,,74.31,,PERCENT,percent,G,Global,_X,Not Available,,,,,,
DATAFLOW,SPC:DF_SDG_06(3.0),Sustainable Development Goal 06 - Clean Water and Sanitation,I,A,Annual,SH_H2O_SAFE,6.1.1 Population using safely managed drinking water services,KI,Kiribati,_T,Total,_T,All ages,_T,National,_T,Total,_T,All education levels,_T,All occupations,_Z,Not applicable,_T,No breakdown by disability,2021,,74.86,,PERCENT,percent,G,Global,_X,Not Available,,,,,,
DATAFLOW,SPC:DF_SDG_06(3.0),Sustainable Development Goal 06 - Clean Water and Sanitation,I,A,Annual,SH_H2O_SAFE,6.1.1 Population using safely managed drinking water services,KI,Kiribati,_T,Total,_T,All ages,_T,National,_T,Total,_T,All education levels,_T,All occupations,_Z,Not applicable,_T,No breakdown by disability,2022,,75.69,,PERCENT,percent,G,Global,_X,Not Available,,,,,,
DATAFLOW,SPC:DF_SDG_06(3.0),Sustainable Development Goal 06 - Clean Water and Sanitation,I,A,Annual,SH_H2O_SAFE,6.1.1 Population using safely managed drinking water services,WS,Samoa,_T,Total,_T,All ages,U,Urban,_T,Total,_T,All education levels,_T,All occupations,_Z,Not applicable,_T,No breakdown by disability,2016,,93.33,,PERCENT,percent,G,Global,_X,Not Available,,,,,,
DATAFLOW,SPC:DF_SDG_06(3.0),Sustainable Development Goal 06 - Clean Water and Sanitation,I,A,Annual,SH_H2O_SAFE,6.1.1 Population using safely managed drinking water services,WS,Samoa,_T,Total,_T,All ages,U,Urban,_T,Total,_T,All education levels,_T,All occupations,_Z,Not applicable,_T,No breakdown by disability,2017,,95.02,,PERCENT,percent,G,Global,_X,Not Available,,,,,,
DATAFLOW,SPC:DF_SDG_06(3.0),Sustainable Development Goal 06 - Clean Water and Sanitation,I,A,Annual,SH_H2O_SAFE,6.1.1 Population using safely managed drinking water services,WS,Samoa,_T,Total,_T,All ages,U,Urban,_T,Total,_T,All education levels,_T,All occupations,_Z,Not applicable,_T,No breakdown by disability,2018,,96.73,,PERCENT,percent,G,Global,_X,Not Available,,,,,,
DATAFLOW,SPC:DF_SDG_06(3.0),Sustainable Development Goal 06 - Clean Water and Sanitation,I,A,Annual,SH_H2O_SAFE,6.1.1 Population using safely managed drinking water services,WS,Samoa,_T,Total,_T,All ages,U,Urban,_T,Total,_T,All education levels,_T,All occupations,_Z,Not applicable,_T,No breakdown by disability,2019,,98.15,,PERCENT,percent,G,Global,_X,Not Available,,,,,,
DATAFLOW,SPC:DF_SDG_06(3.0),Sustainable Development Goal 06 - Clean Water and Sanitation,I,A,Annual,SH_H2O_SAFE,6.1.1 Population using safely managed drinking water services,WS,Samoa,_T,Total,_T,All ages,U,Urban,_T,Total,_T,All education levels,_T,All occupations,_Z,Not applicable,_T,No breakdown by disability,2020,,99.36,,PERCENT,percent,G,Global,_X,Not Available,,,,,,
DATAFLOW,SPC:DF_SDG_06(3.0),Sustainable Development Goal 06 - Clean Water and Sanitation,I,A,Annual,SH_H2O_SAFE,6.1.1 Population using safely managed drinking water services,WS,Samoa,_T,Total,_T,All ages,U,Urban,_T,Total,_T,All education levels,_T,All occupations,_Z,Not applicable,_T,No breakdown by disability,2021,,100,,PERCENT,percent,G,Global,_X,Not Available,,,,,,
DATAFLOW,SPC:DF_SDG_06(3.0),Sustainable Development Goal 06 - Clean Water and Sanitation,I,A,Annual,SH_H2O_SAFE,6.1.1 Population using safely managed drinking water services,WS,Samoa,_T,Total,_T,All ages,U,Urban,_T,Total,_T,All education levels,_T,All occupations,_Z,Not applicable,_T,No breakdown by disability,2022,,100,,PERCENT,percent,G,Global,_X,Not Available,,,,,,
DATAFLOW,SPC:DF_SDG_06(3.0),Sustainable Development Goal 06 - Clean Water and Sanitation,I,A,Annual,SH_H2O_SAFE,6.1.1 Population using safely managed drinking water services,WS,Samoa,_T,Total,_T,All ages,R,Rural,_T,Total,_T,All education levels,_T,All occupations,_Z,Not applicable,_T,No breakdown by disability,2016,,93.28,,PERCENT,percent,G,Global,_X,Not Available,,,,,,
DATAFLOW,SPC:DF_SDG_06(3.0),Sustainable Development Goal 06 - Clean Water and Sanitation,I,A,Annual,SH_H2O_SAFE,6.1.1 Population using safely managed drinking water services,WS,Samoa,_T,Total,_T,All ages,R,Rural,_T,Total,_T,All education levels,_T,All occupations,_Z,Not applicable,_T,No breakdown by disability,2017,,94.2,,PERCENT,percent,G,Global,_X,Not Available,,,,,,
DATAFLOW,SPC:DF_SDG_06(3.0),Sustainable Development Goal 06 - Clean Water and Sanitation,I,A,Annual,SH_H2O_SAFE,6.1.1 Population using safely managed drinking water services,WS,Samoa,_T,Total,_T,All ages,R,Rural,_T,Total,_T,All education levels,_T,All occupations,_Z,Not applicable,_T,No breakdown by disability,2018,,95.12,,PERCENT,percent,G,Global,_X,Not Available,,,,,,
DATAFLOW,SPC:DF_SDG_06(3.0),Sustainable Development Goal 06 - Clean Water and Sanitation,I,A,Annual,SH_H2O_SAFE,6.1.1 Population using safely managed drinking water services,WS,Samoa,_T,Total,_T,All ages,R,Rural,_T,Total,_T,All education levels,_T,All occupations,_Z,Not applicable,_T,No breakdown by disability,2019,,96.04,,PERCENT,percent,G,Global,_X,Not Available,,,,,,
DATAFLOW,SPC:DF_SDG_06(3.0),Sustainable Development Goal 06 - Clean Water and Sanitation,I,A,Annual,SH_H2O_SAFE,6.1.1 Population using safely managed drinking water services,WS,Samoa,_T,Total,_T,All ages,R,Rural,_T,Total,_T,All education levels,_T,All occupations,_Z,Not applicable,_T,No breakdown by disability,2020,,96.97,,PERCENT,percent,G,Global,_X,Not Available,,,,,,
DATAFLOW,SPC:DF_SDG_06(3.0),Sustainable Development Goal 06 - Clean Water and Sanitation,I,A,Annual,SH_H2O_SAFE,6.1.1 Population using safely managed drinking water services,WS,Samoa,_T,Total,_T,All ages,R,Rural,_T,Total,_T,All education levels,_T,All occupations,_Z,Not applicable,_T,No breakdown by disability,2021,,97.9,,PERCENT,percent,G,Global,_X,Not Available,,,,,,
DATAFLOW,SPC:DF_SDG_06(3.0),Sustainable Development Goal 06 - Clean Water and Sanitation,I,A,Annual,SH_H2O_SAFE,6.1.1 Population using safely managed drinking water services,WS,Samoa,_T,Total,_T,All ages,R,Rural,_T,Total,_T,All education levels,_T,All occupations,_Z,Not applicable,_T,No breakdown by disability,2022,,98.83,,PERCENT,percent,G,Global,_X,Not Available,,,,,,
DATAFLOW,SPC:DF_SDG_06(3.0),Sustainable Development Goal 06 - Clean Water and Sanitation,I,A,Annual,SH_H2O_SAFE,6.1.1 Population using safely managed drinking water services,TV,Tuvalu,_T,Total,_T,All ages,_T,National,_T,Total,_T,All education levels,_T,All occupations,_Z,Not applicable,_T,No breakdown by disability,2016,,99.14,,PERCENT,percent,G,Global,_X,Not Available,,,,,,
DATAFLOW,SPC:DF_SDG_06(3.0),Sustainable Development Goal 06 - Clean Water and Sanitation,I,A,Annual,SH_H2O_SAFE,6.1.1 Population using safely managed drinking water services,TV,Tuvalu,_T,Total,_T,All ages,_T,National,_T,Total,_T,All education levels,_T,All occupations,_Z,Not applicable,_T,No breakdown by disability,2017,,99.16,,PERCENT,percent,G,Global,_X,Not Available,,,,,,
DATAFLOW,SPC:DF_SDG_06(3.0),Sustainable Development Goal 06 - Clean Water and Sanitation,I,A,Annual,SH_H2O_SAFE,6.1.1 Population using safely managed drinking water services,TV,Tuvalu,_T,Total,_T,All ages,_T,National,_T,Total,_T,All education levels,_T,All occupations,_Z,Not applicable,_T,No breakdown by disability,2018,,99.18,,PERCENT,percent,G,Global,_X,Not Available,,,,,,
DATAFLOW,SPC:DF_SDG_06(3.0),Sustainable Development Goal 06 - Clean Water and Sanitation,I,A,Annual,SH_H2O_SAFE,6.1.1 Population using safely managed drinking water services,TV,Tuvalu,_T,Total,_T,All ages,_T,National,_T,Total,_T,All education levels,_T,All occupations,_Z,Not applicable,_T,No breakdown by disability,2019,,99.2,,PERCENT,percent,G,Global,_X,Not Available,,,,,,
DATAFLOW,SPC:DF_SDG_06(3.0),Sustainable Development Goal 06 - Clean Water and Sanitation,I,A,Annual,SH_H2O_SAFE,6.1.1 Population using safely managed drinking water services,TV,Tuvalu,_T,Total,_T,All ages,_T,National,_T,Total,_T,All education levels,_T,All occupations,_Z,Not applicable,_T,No breakdown by disability,2020,,99.22,,PERCENT,percent,G,Global,_X,Not Available,,,,,,
DATAFLOW,SPC:DF_SDG_06(3.0),Sustainable Development Goal 06 - Clean Water and Sanitation,I,A,Annual,SH_H2O_SAFE,6.1.1 Population using safely managed drinking water services,TV,Tuvalu,_T,Total,_T,All ages,_T,National,_T,Total,_T,All education levels,_T,All occupations,_Z,Not applicable,_T,No breakdown by disability,2021,,99.24,,PERCENT,percent,G,Global,_X,Not Available,,,,,,
DATAFLOW,SPC:DF_SDG_06(3.0),Sustainable Development Goal 06 - Clean Water and Sanitation,I,A,Annual,SH_H2O_SAFE,6.1.1 Population using safely managed drinking water services,TV,Tuvalu,_T,Total,_T,All ages,_T,National,_T,Total,_T,All education levels,_T,All occupations,_Z,Not applicable,_T,No breakdown by disability,2022,,99.26,,PERCENT,percent,G,Global,_X,Not Available,,,,,,
DATAFLOW,SPC:DF_SDG_06(3.0),Sustainable Development Goal 06 - Clean Water and Sanitation,I,A,Annual,SH_H2O_SAFE,6.1.1 Population using safely managed drinking water services,MP,Northern Mariana Islands,_T,Total,_T,All ages,_T,National,_T,Total,_T,All education levels,_T,All occupations,_Z,Not applicable,_T,No breakdown by disability,2016,,89.85,,PERCENT,percent,G,Global,E,Estimated,"WHO/UNICEF Joint Monitoring Programme for Water Supply, Sanitation and Hygiene (2023)",,,,,
DATAFLOW,SPC:DF_SDG_06(3.0),Sustainable Development Goal 06 - Clean Water and Sanitation,I,A,Annual,SH_H2O_SAFE,6.1.1 Population using safely managed drinking water services,MP,Northern Mariana Islands,_T,Total,_T,All ages,_T,National,_T,Total,_T,All education levels,_T,All occupations,_Z,Not applicable,_T,No breakdown by disability,2017,,90.24,,PERCENT,percent,G,Global,E,Estimated,"WHO/UNICEF Joint Monitoring Programme for Water Supply, Sanitation and Hygiene (2023)",,,,,
DATAFLOW,SPC:DF_SDG_06(3.0),Sustainable Development Goal 06 - Clean Water and Sanitation,I,A,Annual,SH_H2O_SAFE,6.1.1 Population using safely managed drinking water services,MP,Northern Mariana Islands,_T,Total,_T,All ages,_T,National,_T,Total,_T,All education levels,_T,All occupations,_Z,Not applicable,_T,No breakdown by disability,2018,,90.64,,PERCENT,percent,G,Global,E,Estimated,"WHO/UNICEF Joint Monitoring Programme for Water Supply, Sanitation and Hygiene (2023)",,,,,
DATAFLOW,SPC:DF_SDG_06(3.0),Sustainable Development Goal 06 - Clean Water and Sanitation,I,A,Annual,SH_H2O_SAFE,6.1.1 Population using safely managed drinking water services,MP,Northern Mariana Islands,_T,Total,_T,All ages,_T,National,_T,Total,_T,All education levels,_T,All occupations,_Z,Not applicable,_T,No breakdown by disability,2019,,90.64,,PERCENT,percent,G,Global,E,Estimated,"WHO/UNICEF Joint Monitoring Programme for Water Supply, Sanitation and Hygiene (2023)",,,,,
DATAFLOW,SPC:DF_SDG_06(3.0),Sustainable Development Goal 06 - Clean Water and Sanitation,I,A,Annual,SH_H2O_SAFE,6.1.1 Population using safely managed drinking water services,MP,Northern Mariana Islands,_T,Total,_T,All ages,_T,National,_T,Total,_T,All education levels,_T,All occupations,_Z,Not applicable,_T,No breakdown by disability,2020,,90.64,,PERCENT,percent,G,Global,E,Estimated,"WHO/UNICEF Joint Monitoring Programme for Water Supply, Sanitation and Hygiene (2023)",,,,,
DATAFLOW,SPC:DF_SDG_06(3.0),Sustainable Development Goal 06 - Clean Water and Sanitation,I,A,Annual,SH_H2O_SAFE,6.1.1 Population using safely managed drinking water services,MP,Northern Mariana Islands,_T,Total,_T,All ages,_T,National,_T,Total,_T,All education levels,_T,All occupations,_Z,Not applicable,_T,No breakdown by disability,2021,,90.64,,PERCENT,percent,G,Global,E,Estimated,"WHO/UNICEF Joint Monitoring Programme for Water Supply, Sanitation and Hygiene (2023)",,,,,
DATAFLOW,SPC:DF_SDG_06(3.0),Sustainable Development Goal 06 - Clean Water and Sanitation,I,A,Annual,SH_H2O_SAFE,6.1.1 Population using safely managed drinking water services,MP,Northern Mariana Islands,_T,Total,_T,All ages,_T,National,_T,Total,_T,All education levels,_T,All occupations,_Z,Not applicable,_T,No breakdown by disability,2022,,90.64,,PERCENT,percent,G,Global,E,Estimated,"WHO/UNICEF Joint Monitoring Programme for Water Supply, Sanitation and Hygiene (2023)",,,,,
DATAFLOW,SPC:DF_SDG_06(3.0),Sustainable Development Goal 06 - Clean Water and Sanitation,I,A,Annual,SH_H2O_SAFE,6.1.1 Population using safely managed drinking water services,AS,American Samoa,_T,Total,_T,All ages,_T,National,_T,Total,_T,All education levels,_T,All occupations,_Z,Not applicable,_T,No breakdown by disability,2016,,89.62,,PERCENT,percent,G,Global,E,Estimated,"WHO/UNICEF Joint Monitoring Programme for Water Supply, Sanitation and Hygiene (2023)",,,,,
DATAFLOW,SPC:DF_SDG_06(3.0),Sustainable Development Goal 06 - Clean Water and Sanitation,I,A,Annual,SH_H2O_SAFE,6.1.1 Population using safely managed drinking water services,AS,American Samoa,_T,Total,_T,All ages,_T,National,_T,Total,_T,All education levels,_T,All occupations,_Z,Not applicable,_T,No breakdown by disability,2017,,89.85,,PERCENT,percent,G,Global,E,Estimated,"WHO/UNICEF Joint Monitoring Programme for Water Supply, Sanitation and Hygiene (2023)",,,,,
DATAFLOW,SPC:DF_SDG_06(3.0),Sustainable Development Goal 06 - Clean Water and Sanitation,I,A,Annual,SH_H2O_SAFE,6.1.1 Population using safely managed drinking water services,AS,American Samoa,_T,Total,_T,All ages,_T,National,_T,Total,_T,All education levels,_T,All occupations,_Z,Not applicable,_T,No breakdown by disability,2018,,89.85,,PERCENT,percent,G,Global,E,Estimated,"WHO/UNICEF Joint Monitoring Programme for Water Supply, Sanitation and Hygiene (2023)",,,,,
DATAFLOW,SPC:DF_SDG_06(3.0),Sustainable Development Goal 06 - Clean Water and Sanitation,I,A,Annual,SH_H2O_SAFE,6.1.1 Population using safely managed drinking water services,AS,American Samoa,_T,Total,_T,All ages,_T,National,_T,Total,_T,All education levels,_T,All occupations,_Z,Not applicable,_T,No breakdown by disability,2019,,89.85,,PERCENT,percent,G,Global,E,Estimated,"WHO/UNICEF Joint Monitoring Programme for Water Supply, Sanitation and Hygiene (2023)",,,,,
DATAFLOW,SPC:DF_SDG_06(3.0),Sustainable Development Goal 06 - Clean Water and Sanitation,I,A,Annual,SH_H2O_SAFE,6.1.1 Population using safely managed drinking water services,AS,American Samoa,_T,Total,_T,All ages,_T,National,_T,Total,_T,All education levels,_T,All occupations,_Z,Not applicable,_T,No breakdown by disability,2020,,89.85,,PERCENT,percent,G,Global,E,Estimated,"WHO/UNICEF Joint Monitoring Programme for Water Supply, Sanitation and Hygiene (2023)",,,,,
DATAFLOW,SPC:DF_SDG_06(3.0),Sustainable Development Goal 06 - Clean Water and Sanitation,I,A,Annual,SH_H2O_SAFE,6.1.1 Population using safely managed drinking water services,AS,American Samoa,_T,Total,_T,All ages,_T,National,_T,Total,_T,All education levels,_T,All occupations,_Z,Not applicable,_T,No breakdown by disability,2021,,89.85,,PERCENT,percent,G,Global,E,Estimated,"WHO/UNICEF Joint Monitoring Programme for Water Supply, Sanitation and Hygiene (2023)",,,,,
DATAFLOW,SPC:DF_SDG_06(3.0),Sustainable Development Goal 06 - Clean Water and Sanitation,I,A,Annual,SH_H2O_SAFE,6.1.1 Population using safely managed drinking water services,WF,Wallis and Futuna,_T,Total,_T,All ages,_T,National,_T,Total,_T,All education levels,_T,All occupations,_Z,Not applicable,_T,No breakdown by disability,2016,,68.95,,PERCENT,percent,G,Global,E,Estimated,"WHO/UNICEF Joint Monitoring Programme for Water Supply, Sanitation and Hygiene (2023)",,,,,
DATAFLOW,SPC:DF_SDG_06(3.0),Sustainable Development Goal 06 - Clean Water and Sanitation,I,A,Annual,SH_H2O_SAFE,6.1.1 Population using safely managed drinking water services,WF,Wallis and Futuna,_T,Total,_T,All ages,_T,National,_T,Total,_T,All education levels,_T,All occupations,_Z,Not applicable,_T,No breakdown by disability,2017,,68.93,,PERCENT,percent,G,Global,E,Estimated,"WHO/UNICEF Joint Monitoring Programme for Water Supply, Sanitation and Hygiene (2023)",,,,,
DATAFLOW,SPC:DF_SDG_06(3.0),Sustainable Development Goal 06 - Clean Water and Sanitation,I,A,Annual,SH_H2O_SAFE,6.1.1 Population using safely managed drinking water services,WF,Wallis and Futuna,_T,Total,_T,All ages,_T,National,_T,Total,_T,All education levels,_T,All occupations,_Z,Not applicable,_T,No breakdown by disability,2018,,68.92,,PERCENT,percent,G,Global,E,Estimated,"WHO/UNICEF Joint Monitoring Programme for Water Supply, Sanitation and Hygiene (2023)",,,,,
DATAFLOW,SPC:DF_SDG_06(3.0),Sustainable Development Goal 06 - Clean Water and Sanitation,I,A,Annual,SH_H2O_SAFE,6.1.1 Population using safely managed drinking water services,WF,Wallis and Futuna,_T,Total,_T,All ages,_T,National,_T,Total,_T,All education levels,_T,All occupations,_Z,Not applicable,_T,No breakdown by disability,2019,,68.91,,PERCENT,percent,G,Global,E,Estimated,"WHO/UNICEF Joint Monitoring Programme for Water Supply, Sanitation and Hygiene (2023)",,,,,
DATAFLOW,SPC:DF_SDG_06(3.0),Sustainable Development Goal 06 - Clean Water and Sanitation,I,A,Annual,SH_H2O_SAFE,6.1.1 Population using safely managed drinking water services,WF,Wallis and Futuna,_T,Total,_T,All ages,_T,National,_T,Total,_T,All education levels,_T,All occupations,_Z,Not applicable,_T,No breakdown by disability,2020,,68.89,,PERCENT,percent,G,Global,E,Estimated,"WHO/UNICEF Joint Monitoring Programme for Water Supply, Sanitation and Hygiene (2023)",,,,,
DATAFLOW,SPC:DF_SDG_06(3.0),Sustainable Development Goal 06 - Clean Water and Sanitation,I,A,Annual,SH_H2O_SAFE,6.1.1 Population using safely managed drinking water services,WF,Wallis and Futuna,_T,Total,_T,All ages,_T,National,_T,Total,_T,All education levels,_T,All occupations,_Z,Not applicable,_T,No breakdown by disability,2021,,68.88,,PERCENT,percent,G,Global,E,Estimated,"WHO/UNICEF Joint Monitoring Programme for Water Supply, Sanitation and Hygiene (2023)",,,,,
DATAFLOW,SPC:DF_SDG_06(3.0),Sustainable Development Goal 06 - Clean Water and Sanitation,I,A,Annual,SH_H2O_SAFE,6.1.1 Population using safely managed drinking water services,WF,Wallis and Futuna,_T,Total,_T,All ages,_T,National,_T,Total,_T,All education levels,_T,All occupations,_Z,Not applicable,_T,No breakdown by disability,2022,,68.88,,PERCENT,percent,G,Global,E,Estimated,"WHO/UNICEF Joint Monitoring Programme for Water Supply, Sanitation and Hygiene (2023)",,,,,
DATAFLOW,SPC:DF_SDG_06(3.0),Sustainable Development Goal 06 - Clean Water and Sanitation,I,A,Annual,SH_H2O_SAFE,6.1.1 Population using safely managed drinking water services,PF,French Polynesia,_T,Total,_T,All ages,_T,National,_T,Total,_T,All education levels,_T,All occupations,_Z,Not applicable,_T,No breakdown by disability,2016,,86.92,,PERCENT,percent,G,Global,E,Estimated,"WHO/UNICEF Joint Monitoring Programme for Water Supply, Sanitation and Hygiene (2023)",,,,,
DATAFLOW,SPC:DF_SDG_06(3.0),Sustainable Development Goal 06 - Clean Water and Sanitation,I,A,Annual,SH_H2O_SAFE,6.1.1 Population using safely managed drinking water services,PF,French Polynesia,_T,Total,_T,All ages,_T,National,_T,Total,_T,All education levels,_T,All occupations,_Z,Not applicable,_T,No breakdown by disability,2017,,86.07,,PERCENT,percent,G,Global,E,Estimated,"WHO/UNICEF Joint Monitoring Programme for Water Supply, Sanitation and Hygiene (2023)",,,,,
DATAFLOW,SPC:DF_SDG_06(3.0),Sustainable Development Goal 06 - Clean Water and Sanitation,I,A,Annual,SH_H2O_SAFE,6.1.1 Population using safely managed drinking water services,PF,French Polynesia,_T,Total,_T,All ages,_T,National,_T,Total,_T,All education levels,_T,All occupations,_Z,Not applicable,_T,No breakdown by disability,2018,,85.22,,PERCENT,percent,G,Global,E,Estimated,"WHO/UNICEF Joint Monitoring Programme for Water Supply, Sanitation and Hygiene (2023)",,,,,
DATAFLOW,SPC:DF_SDG_06(3.0),Sustainable Development Goal 06 - Clean Water and Sanitation,I,A,Annual,SH_H2O_SAFE,6.1.1 Population using safely managed drinking water services,PF,French Polynesia,_T,Total,_T,All ages,_T,National,_T,Total,_T,All education levels,_T,All occupations,_Z,Not applicable,_T,No breakdown by disability,2019,,84.37,,PERCENT,percent,G,Global,E,Estimated,"WHO/UNICEF Joint Monitoring Programme for Water Supply, Sanitation and Hygiene (2023)",,,,,
DATAFLOW,SPC:DF_SDG_06(3.0),Sustainable Development Goal 06 - Clean Water and Sanitation,I,A,Annual,SH_H2O_SAFE,6.1.1 Population using safely managed drinking water services,PF,French Polynesia,_T,Total,_T,All ages,_T,National,_T,Total,_T,All education levels,_T,All occupations,_Z,Not applicable,_T,No breakdown by disability,2020,,83.52,,PERCENT,percent,G,Global,E,Estimated,"WHO/UNICEF Joint Monitoring Programme for Water Supply, Sanitation and Hygiene (2023)",,,,,
DATAFLOW,SPC:DF_SDG_06(3.0),Sustainable Development Goal 06 - Clean Water and Sanitation,I,A,Annual,SH_H2O_SAFE,6.1.1 Population using safely managed drinking water services,PF,French Polynesia,_T,Total,_T,All ages,_T,National,_T,Total,_T,All education levels,_T,All occupations,_Z,Not applicable,_T,No breakdown by disability,2021,,82.66,,PERCENT,percent,G,Global,E,Estimated,"WHO/UNICEF Joint Monitoring Programme for Water Supply, Sanitation and Hygiene (2023)",,,,,
DATAFLOW,SPC:DF_SDG_06(3.0),Sustainable Development Goal 06 - Clean Water and Sanitation,I,A,Annual,SH_H2O_SAFE,6.1.1 Population using safely managed drinking water services,PF,French Polynesia,_T,Total,_T,All ages,_T,National,_T,Total,_T,All education levels,_T,All occupations,_Z,Not applicable,_T,No breakdown by disability,2022,,81.81,,PERCENT,percent,G,Global,E,Estimated,"WHO/UNICEF Joint Monitoring Programme for Water Supply, Sanitation and Hygiene (2023)",,,,,
DATAFLOW,SPC:DF_SDG_06(3.0),Sustainable Development Goal 06 - Clean Water and Sanitation,I,A,Annual,SH_H2O_SAFE,6.1.1 Population using safely managed drinking water services,NC,New Caledonia,_T,Total,_T,All ages,_T,National,_T,Total,_T,All education levels,_T,All occupations,_Z,Not applicable,_T,No breakdown by disability,2016,,95.73,,PERCENT,percent,G,Global,E,Estimated,"WHO/UNICEF Joint Monitoring Programme for Water Supply, Sanitation and Hygiene (2023)",,,,,
DATAFLOW,SPC:DF_SDG_06(3.0),Sustainable Development Goal 06 - Clean Water and Sanitation,I,A,Annual,SH_H2O_SAFE,6.1.1 Population using safely managed drinking water services,NC,New Caledonia,_T,Total,_T,All ages,_T,National,_T,Total,_T,All education levels,_T,All occupations,_Z,Not applicable,_T,No breakdown by disability,2017,,95.96,,PERCENT,percent,G,Global,E,Estimated,"WHO/UNICEF Joint Monitoring Programme for Water Supply, Sanitation and Hygiene (2023)",,,,,
DATAFLOW,SPC:DF_SDG_06(3.0),Sustainable Development Goal 06 - Clean Water and Sanitation,I,A,Annual,SH_H2O_SAFE,6.1.1 Population using safely managed drinking water services,NC,New Caledonia,_T,Total,_T,All ages,_T,National,_T,Total,_T,All education levels,_T,All occupations,_Z,Not applicable,_T,No breakdown by disability,2018,,96.18,,PERCENT,percent,G,Global,E,Estimated,"WHO/UNICEF Joint Monitoring Programme for Water Supply, Sanitation and Hygiene (2023)",,,,,
DATAFLOW,SPC:DF_SDG_06(3.0),Sustainable Development Goal 06 - Clean Water and Sanitation,I,A,Annual,SH_H2O_SAFE,6.1.1 Population using safely managed drinking water services,NC,New Caledonia,_T,Total,_T,All ages,_T,National,_T,Total,_T,All education levels,_T,All occupations,_Z,Not applicable,_T,No breakdown by disability,2019,,96.41,,PERCENT,percent,G,Global,E,Estimated,"WHO/UNICEF Joint Monitoring Programme for Water Supply, Sanitation and Hygiene (2023)",,,,,
DATAFLOW,SPC:DF_SDG_06(3.0),Sustainable Development Goal 06 - Clean Water and Sanitation,I,A,Annual,SH_H2O_SAFE,6.1.1 Population using safely managed drinking water services,NC,New Caledonia,_T,Total,_T,All ages,_T,National,_T,Total,_T,All education levels,_T,All occupations,_Z,Not applicable,_T,No breakdown by disability,2020,,96.64,,PERCENT,percent,G,Global,E,Estimated,"WHO/UNICEF Joint Monitoring Programme for Water Supply, Sanitation and Hygiene (2023)",,,,,
DATAFLOW,SPC:DF_SDG_06(3.0),Sustainable Development Goal 06 - Clean Water and Sanitation,I,A,Annual,SH_H2O_SAFE,6.1.1 Population using safely managed drinking water services,NC,New Caledonia,_T,Total,_T,All ages,_T,National,_T,Total,_T,All education levels,_T,All occupations,_Z,Not applicable,_T,No breakdown by disability,2021,,96.87,,PERCENT,percent,G,Global,E,Estimated,"WHO/UNICEF Joint Monitoring Programme for Water Supply, Sanitation and Hygiene (2023)",,,,,
DATAFLOW,SPC:DF_SDG_06(3.0),Sustainable Development Goal 06 - Clean Water and Sanitation,I,A,Annual,SH_H2O_SAFE,6.1.1 Population using safely managed drinking water services,NC,New Caledonia,_T,Total,_T,All ages,_T,National,_T,Total,_T,All education levels,_T,All occupations,_Z,Not applicable,_T,No breakdown by disability,2022,,96.87,,PERCENT,percent,G,Global,E,Estimated,"WHO/UNICEF Joint Monitoring Programme for Water Supply, Sanitation and Hygiene (2023)",,,,,
DATAFLOW,SPC:DF_SDG_06(3.0),Sustainable Development Goal 06 - Clean Water and Sanitation,I,A,Annual,SH_H2O_SAFE,6.1.1 Population using safely managed drinking water services,WF,Wallis and Futuna,_T,Total,_T,All ages,R,Rural,_T,Total,_T,All education levels,_T,All occupations,_Z,Not applicable,_T,No breakdown by disability,2016,,68.95,,PERCENT,percent,G,Global,E,Estimated,"WHO/UNICEF Joint Monitoring Programme for Water Supply, Sanitation and Hygiene (2023)",,,,,
DATAFLOW,SPC:DF_SDG_06(3.0),Sustainable Development Goal 06 - Clean Water and Sanitation,I,A,Annual,SH_H2O_SAFE,6.1.1 Population using safely managed drinking water services,WF,Wallis and Futuna,_T,Total,_T,All ages,R,Rural,_T,Total,_T,All education levels,_T,All occupations,_Z,Not applicable,_T,No breakdown by disability,2017,,68.93,,PERCENT,percent,G,Global,E,Estimated,"WHO/UNICEF Joint Monitoring Programme for Water Supply, Sanitation and Hygiene (2023)",,,,,
DATAFLOW,SPC:DF_SDG_06(3.0),Sustainable Development Goal 06 - Clean Water and Sanitation,I,A,Annual,SH_H2O_SAFE,6.1.1 Population using safely managed drinking water services,WF,Wallis and Futuna,_T,Total,_T,All ages,R,Rural,_T,Total,_T,All education levels,_T,All occupations,_Z,Not applicable,_T,No breakdown by disability,2018,,68.92,,PERCENT,percent,G,Global,E,Estimated,"WHO/UNICEF Joint Monitoring Programme for Water Supply, Sanitation and Hygiene (2023)",,,,,
DATAFLOW,SPC:DF_SDG_06(3.0),Sustainable Development Goal 06 - Clean Water and Sanitation,I,A,Annual,SH_H2O_SAFE,6.1.1 Population using safely managed drinking water services,WF,Wallis and Futuna,_T,Total,_T,All ages,R,Rural,_T,Total,_T,All education levels,_T,All occupations,_Z,Not applicable,_T,No breakdown by disability,2019,,68.91,,PERCENT,percent,G,Global,E,Estimated,"WHO/UNICEF Joint Monitoring Programme for Water Supply, Sanitation and Hygiene (2023)",,,,,
DATAFLOW,SPC:DF_SDG_06(3.0),Sustainable Development Goal 06 - Clean Water and Sanitation,I,A,Annual,SH_H2O_SAFE,6.1.1 Population using safely managed drinking water services,WF,Wallis and Futuna,_T,Total,_T,All ages,R,Rural,_T,Total,_T,All education levels,_T,All occupations,_Z,Not applicable,_T,No breakdown by disability,2020,,68.89,,PERCENT,percent,G,Global,E,Estimated,"WHO/UNICEF Joint Monitoring Programme for Water Supply, Sanitation and Hygiene (2023)",,,,,
DATAFLOW,SPC:DF_SDG_06(3.0),Sustainable Development Goal 06 - Clean Water and Sanitation,I,A,Annual,SH_H2O_SAFE,6.1.1 Population using safely managed drinking water services,WF,Wallis and Futuna,_T,Total,_T,All ages,R,Rural,_T,Total,_T,All education levels,_T,All occupations,_Z,Not applicable,_T,No breakdown by disability,2021,,68.88,,PERCENT,percent,G,Global,E,Estimated,"WHO/UNICEF Joint Monitoring Programme for Water Supply, Sanitation and Hygiene (2023)",,,,,
DATAFLOW,SPC:DF_SDG_06(3.0),Sustainable Development Goal 06 - Clean Water and Sanitation,I,A,Annual,SH_H2O_SAFE,6.1.1 Population using safely managed drinking water services,WF,Wallis and Futuna,_T,Total,_T,All ages,R,Rural,_T,Total,_T,All education levels,_T,All occupations,_Z,Not applicable,_T,No breakdown by disability,2022,,68.88,,PERCENT,percent,G,Global,E,Estimated,"WHO/UNICEF Joint Monitoring Programme for Water Supply, Sanitation and Hygiene (2023)",,,,,
