STRUCTURE,STRUCTURE_ID,STRUCTURE_NAME,ACTION,FREQ,Frequency,INDICATOR,Indicator,GEO_PICT,Pacific Island Countries and territories,SEX,Sex,AGE,Age,URBANIZATION,Urbanization,INCOME,Income,EDUCATION,Education level,OCCUPATION,Occupation,COMPOSITE_BREAKDOWN,Composite breakdown,DISABILITY,Disability,TIME_PERIOD,Time,OBS_VALUE,Observation value,UNIT_MEASURE,Unit of measure,REPORTING_TYPE,Reporting type,NATURE,Nature,DATA_SOURCE,Data source,OBS_STATUS,Observation Status,OBS_COMMENT,Comment
DATAFLOW,SPC:DF_BP50_2(1.0),Blue Pacific 2050: People-Centered Development (Thematic Area 2),I,A,Annual,SH_MED_DEN,Health worker density,CK,Cook Islands,_T,Total,_T,All ages,_T,National,_T,Total,_T,All education levels,221,Medical Doctors,_Z,Not applicable,_T,No breakdown by disability,2001,,9.21,,PER_10000_POP,"per 10,000 population",G,Global,_X,Not Available,,,,,"NHWA data portal, December 2024 update https://apps.who.int/nhwaportal/",
DATAFLOW,SPC:DF_BP50_2(1.0),Blue Pacific 2050: People-Centered Development (Thematic Area 2),I,A,Annual,SH_MED_DEN,Health worker density,CK,Cook Islands,_T,Total,_T,All ages,_T,National,_T,Total,_T,All education levels,221,Medical Doctors,_Z,Not applicable,_T,No breakdown by disability,2004,,13.25,,PER_10000_POP,"per 10,000 population",G,Global,_X,Not Available,,,,,"NHWA data portal, December 2024 update https://apps.who.int/nhwaportal/",
DATAFLOW,SPC:DF_BP50_2(1.0),Blue Pacific 2050: People-Centered Development (Thematic Area 2),I,A,Annual,SH_MED_DEN,Health worker density,CK,Cook Islands,_T,Total,_T,All ages,_T,National,_T,Total,_T,All education levels,221,Medical Doctors,_Z,Not applicable,_T,No breakdown by disability,2009,,14.55,,PER_10000_POP,"per 10,000 population",G,Global,_X,Not Available,,,,,"NHWA data portal, December 2024 update https://apps.who.int/nhwaportal/",
DATAFLOW,SPC:DF_BP50_2(1.0),Blue Pacific 2050: People-Centered Development (Thematic Area 2),I,A,Annual,SH_MED_DEN,Health worker density,CK,Cook Islands,_T,Total,_T,All ages,_T,National,_T,Total,_T,All education levels,221,Medical Doctors,_Z,Not applicable,_T,No breakdown by disability,2014,,14.29,,PER_10000_POP,"per 10,000 population",G,Global,_X,Not Available,,,,,"NHWA data portal, December 2024 update https://apps.who.int/nhwaportal/",
DATAFLOW,SPC:DF_BP50_2(1.0),Blue Pacific 2050: People-Centered Development (Thematic Area 2),I,A,Annual,SH_MED_DEN,Health worker density,CK,Cook Islands,_T,Total,_T,All ages,_T,National,_T,Total,_T,All education levels,221,Medical Doctors,_Z,Not applicable,_T,No breakdown by disability,2019,,14.29,,PER_10000_POP,"per 10,000 population",G,Global,_X,Not Available,,,,,"NHWA data portal, December 2024 update https://apps.who.int/nhwaportal/",
DATAFLOW,SPC:DF_BP50_2(1.0),Blue Pacific 2050: People-Centered Development (Thematic Area 2),I,A,Annual,SH_MED_DEN,Health worker density,CK,Cook Islands,_T,Total,_T,All ages,_T,National,_T,Total,_T,All education levels,221,Medical Doctors,_Z,Not applicable,_T,No breakdown by disability,2020,,16.67,,PER_10000_POP,"per 10,000 population",G,Global,_X,Not Available,,,,,"NHWA data portal, December 2024 update https://apps.who.int/nhwaportal/",
DATAFLOW,SPC:DF_BP50_2(1.0),Blue Pacific 2050: People-Centered Development (Thematic Area 2),I,A,Annual,SH_STA_BRTC,Proportion of births attended by skilled health personnel,WS,Samoa,F,Female,Y15T49,15-49,_T,National,_T,Total,_T,All education levels,_T,All occupations,_Z,Not applicable,_T,No breakdown by disability,2019,,89,,PERCENT,percent,N,National,C,Country Data,"Samoa Bureau of Statistics. 2021 Samoa Demographic and Health - Multiple Indicator Cluster Survey 2019-20, Survey Findings Report. Apia, Samoa: Samoa Bureau of Statistics.",,,,,
DATAFLOW,SPC:DF_BP50_2(1.0),Blue Pacific 2050: People-Centered Development (Thematic Area 2),I,A,Annual,SH_MED_DEN,Health worker density,TV,Tuvalu,_T,Total,_T,All ages,_T,National,_T,Total,_T,All education levels,2261,Dentists,_Z,Not applicable,_T,No breakdown by disability,2002,,2.08,,PER_10000_POP,"per 10,000 population",G,Global,_X,Not Available,,,,,"NHWA data portal, December 2024 update https://apps.who.int/nhwaportal/",
DATAFLOW,SPC:DF_BP50_2(1.0),Blue Pacific 2050: People-Centered Development (Thematic Area 2),I,A,Annual,SH_MED_DEN,Health worker density,TV,Tuvalu,_T,Total,_T,All ages,_T,National,_T,Total,_T,All education levels,2261,Dentists,_Z,Not applicable,_T,No breakdown by disability,2003,,2.06,,PER_10000_POP,"per 10,000 population",G,Global,_X,Not Available,,,,,"NHWA data portal, December 2024 update https://apps.who.int/nhwaportal/",
DATAFLOW,SPC:DF_BP50_2(1.0),Blue Pacific 2050: People-Centered Development (Thematic Area 2),I,A,Annual,SH_MED_DEN,Health worker density,TV,Tuvalu,_T,Total,_T,All ages,_T,National,_T,Total,_T,All education levels,2261,Dentists,_Z,Not applicable,_T,No breakdown by disability,2008,,1.94,,PER_10000_POP,"per 10,000 population",G,Global,_X,Not Available,,,,,"NHWA data portal, December 2024 update https://apps.who.int/nhwaportal/",
DATAFLOW,SPC:DF_BP50_2(1.0),Blue Pacific 2050: People-Centered Development (Thematic Area 2),I,A,Annual,SH_MED_DEN,Health worker density,TV,Tuvalu,_T,Total,_T,All ages,_T,National,_T,Total,_T,All education levels,2261,Dentists,_Z,Not applicable,_T,No breakdown by disability,2014,,4.55,,PER_10000_POP,"per 10,000 population",G,Global,_X,Not Available,,,,,"NHWA data portal, December 2024 update https://apps.who.int/nhwaportal/",
DATAFLOW,SPC:DF_BP50_2(1.0),Blue Pacific 2050: People-Centered Development (Thematic Area 2),I,A,Annual,SH_MED_DEN,Health worker density,TV,Tuvalu,_T,Total,_T,All ages,_T,National,_T,Total,_T,All education levels,2261,Dentists,_Z,Not applicable,_T,No breakdown by disability,2020,,0.96,,PER_10000_POP,"per 10,000 population",G,Global,_X,Not Available,,,,,"NHWA data portal, December 2024 update https://apps.who.int/nhwaportal/",
DATAFLOW,SPC:DF_BP50_2(1.0),Blue Pacific 2050: People-Centered Development (Thematic Area 2),I,A,Annual,SH_STA_BRTC,Proportion of births attended by skilled health personnel,KI,Kiribati,_T,Total,_T,All ages,_T,National,_T,Total,_T,All education levels,_T,All occupations,_Z,Not applicable,_T,No breakdown by disability,2000,,85,,PERCENT,percent,G,Global,C,Country Data,"Secretariat of the Pacific Community (SPC), United Nations Development Programme (UNDP), the UN/CROP MDG Working Group. Pacific Islands Regional Millennium Development Goals Report 2004. Noumea: Secretariat of the Pacific Community (SPC); 2004.",,,,,
DATAFLOW,SPC:DF_BP50_2(1.0),Blue Pacific 2050: People-Centered Development (Thematic Area 2),I,A,Annual,SH_STA_BRTC,Proportion of births attended by skilled health personnel,KI,Kiribati,_T,Total,_T,All ages,_T,National,_T,Total,_T,All education levels,_T,All occupations,_Z,Not applicable,_T,No breakdown by disability,2002,,76,,PERCENT,percent,G,Global,C,Country Data,Western Pacific Country Health Information Profiles: 2006 Revision. Manila: World Health Organization Regional Office for the Western Pacific (WPRO); 2006.,,,,,
DATAFLOW,SPC:DF_BP50_2(1.0),Blue Pacific 2050: People-Centered Development (Thematic Area 2),I,A,Annual,SH_STA_BRTC,Proportion of births attended by skilled health personnel,KI,Kiribati,_T,Total,_T,All ages,_T,National,_T,Total,_T,All education levels,_T,All occupations,_Z,Not applicable,_T,No breakdown by disability,2005,,63,,PERCENT,percent,G,Global,C,Country Data,"UNFPA, Achieving the Millennium Development Goals in the Pacific Islands, 2004-2005. UNICEF CRING: Kiribati; 2005.",,,,,
DATAFLOW,SPC:DF_BP50_2(1.0),Blue Pacific 2050: People-Centered Development (Thematic Area 2),I,A,Annual,SH_STA_BRTC,Proportion of births attended by skilled health personnel,KI,Kiribati,_T,Total,_T,All ages,_T,National,_T,Total,_T,All education levels,_T,All occupations,_Z,Not applicable,_T,No breakdown by disability,2008,,65,,PERCENT,percent,G,Global,C,Country Data,"Family Planning International, Secretariat of the Pacific Community (SPC), Population Action International (PAI). A Measure of the Future: Women's Sexual and Reproductive Risk Index for the Pacific 2009. Wellington: Family Planning International; 2009.",,,,,
DATAFLOW,SPC:DF_BP50_2(1.0),Blue Pacific 2050: People-Centered Development (Thematic Area 2),I,A,Annual,SH_STA_BRTC,Proportion of births attended by skilled health personnel,KI,Kiribati,_T,Total,_T,All ages,_T,National,_T,Total,_T,All education levels,_T,All occupations,_Z,Not applicable,_T,No breakdown by disability,2009,,79.8,,PERCENT,percent,N,National,C,Country Data,"Kiribati National Statistics Office, Secretariat of the Pacific Community (SPC) . Kiribati Demographic and Health Survey 2009. Noumea: SPC; 2010.",,,,,
DATAFLOW,SPC:DF_BP50_2(1.0),Blue Pacific 2050: People-Centered Development (Thematic Area 2),I,A,Annual,SH_STA_BRTC,Proportion of births attended by skilled health personnel,KI,Kiribati,_T,Total,_T,All ages,_T,National,_T,Total,_T,All education levels,_T,All occupations,_Z,Not applicable,_T,No breakdown by disability,2010,,98.3,,PERCENT,percent,G,Global,C,Country Data,Western Pacific Country Health Information Profiles: 2011 Revision. Manila: World Health Organization Regional Office for the Western Pacific (WPRO); 2011.,,,,,
DATAFLOW,SPC:DF_BP50_2(1.0),Blue Pacific 2050: People-Centered Development (Thematic Area 2),I,A,Annual,SH_STA_BRTC,Proportion of births attended by skilled health personnel,KI,Kiribati,_T,Total,_T,All ages,_T,National,_T,Total,_T,All education levels,_T,All occupations,_Z,Not applicable,_T,No breakdown by disability,2012,,86.8,,PERCENT,percent,N,National,C,Country Data,Kiribati National Progress Report,,,,,
DATAFLOW,SPC:DF_BP50_2(1.0),Blue Pacific 2050: People-Centered Development (Thematic Area 2),I,A,Annual,SH_STA_BRTC,Proportion of births attended by skilled health personnel,KI,Kiribati,_T,Total,_T,All ages,_T,National,_T,Total,_T,All education levels,_T,All occupations,_Z,Not applicable,_T,No breakdown by disability,2018,,92,,PERCENT,percent,N,National,C,Country Data,"Kiribati National Statistics Office, Kiribati Social Development Indicator Survey 2018-19",,,,,
DATAFLOW,SPC:DF_BP50_2(1.0),Blue Pacific 2050: People-Centered Development (Thematic Area 2),I,A,Annual,SH_MED_DEN,Health worker density,NU,Niue,_T,Total,_T,All ages,_T,National,_T,Total,_T,All education levels,2262,Pharmacists,_Z,Not applicable,_T,No breakdown by disability,1996,,4.35,,PER_10000_POP,"per 10,000 population",G,Global,_X,Not Available,,,,,"NHWA data portal, December 2024 update https://apps.who.int/nhwaportal/",
DATAFLOW,SPC:DF_BP50_2(1.0),Blue Pacific 2050: People-Centered Development (Thematic Area 2),I,A,Annual,SH_MED_DEN,Health worker density,NU,Niue,_T,Total,_T,All ages,_T,National,_T,Total,_T,All education levels,2262,Pharmacists,_Z,Not applicable,_T,No breakdown by disability,2003,,5.26,,PER_10000_POP,"per 10,000 population",G,Global,_X,Not Available,,,,,"NHWA data portal, December 2024 update https://apps.who.int/nhwaportal/",
DATAFLOW,SPC:DF_BP50_2(1.0),Blue Pacific 2050: People-Centered Development (Thematic Area 2),I,A,Annual,SH_MED_DEN,Health worker density,NU,Niue,_T,Total,_T,All ages,_T,National,_T,Total,_T,All education levels,2262,Pharmacists,_Z,Not applicable,_T,No breakdown by disability,2004,,5.26,,PER_10000_POP,"per 10,000 population",G,Global,_X,Not Available,,,,,"NHWA data portal, December 2024 update https://apps.who.int/nhwaportal/",
DATAFLOW,SPC:DF_BP50_2(1.0),Blue Pacific 2050: People-Centered Development (Thematic Area 2),I,A,Annual,SH_MED_DEN,Health worker density,NU,Niue,_T,Total,_T,All ages,_T,National,_T,Total,_T,All education levels,2262,Pharmacists,_Z,Not applicable,_T,No breakdown by disability,2006,,5.56,,PER_10000_POP,"per 10,000 population",G,Global,_X,Not Available,,,,,"NHWA data portal, December 2024 update https://apps.who.int/nhwaportal/",
DATAFLOW,SPC:DF_BP50_2(1.0),Blue Pacific 2050: People-Centered Development (Thematic Area 2),I,A,Annual,SH_MED_DEN,Health worker density,NU,Niue,_T,Total,_T,All ages,_T,National,_T,Total,_T,All education levels,2262,Pharmacists,_Z,Not applicable,_T,No breakdown by disability,2008,,5.56,,PER_10000_POP,"per 10,000 population",G,Global,_X,Not Available,,,,,"NHWA data portal, December 2024 update https://apps.who.int/nhwaportal/",
DATAFLOW,SPC:DF_BP50_2(1.0),Blue Pacific 2050: People-Centered Development (Thematic Area 2),I,A,Annual,SH_MED_DEN,Health worker density,NC,New Caledonia,_T,Total,_T,All ages,_T,National,_T,Total,_T,All education levels,2261,Dentists,_Z,Not applicable,_T,No breakdown by disability,1990,,4.56,,PER_10000_POP,"per 10,000 population",N,National,C,Country Data,"Nouvelle-Caledonie, DASS-NC, INSEE, Eurostat ",,A,Normal value,,
DATAFLOW,SPC:DF_BP50_2(1.0),Blue Pacific 2050: People-Centered Development (Thematic Area 2),I,A,Annual,SH_MED_DEN,Health worker density,NC,New Caledonia,_T,Total,_T,All ages,_T,National,_T,Total,_T,All education levels,2261,Dentists,_Z,Not applicable,_T,No breakdown by disability,1992,,5.01,,PER_10000_POP,"per 10,000 population",N,National,C,Country Data,"Nouvelle-Caledonie, DASS-NC, INSEE, Eurostat ",,A,Normal value,,
DATAFLOW,SPC:DF_BP50_2(1.0),Blue Pacific 2050: People-Centered Development (Thematic Area 2),I,A,Annual,SH_MED_DEN,Health worker density,NC,New Caledonia,_T,Total,_T,All ages,_T,National,_T,Total,_T,All education levels,2261,Dentists,_Z,Not applicable,_T,No breakdown by disability,1993,,5.47,,PER_10000_POP,"per 10,000 population",N,National,C,Country Data,"Nouvelle-Caledonie, DASS-NC, INSEE, Eurostat ",,A,Normal value,,
DATAFLOW,SPC:DF_BP50_2(1.0),Blue Pacific 2050: People-Centered Development (Thematic Area 2),I,A,Annual,SH_MED_DEN,Health worker density,NC,New Caledonia,_T,Total,_T,All ages,_T,National,_T,Total,_T,All education levels,2261,Dentists,_Z,Not applicable,_T,No breakdown by disability,1994,,5.12,,PER_10000_POP,"per 10,000 population",N,National,C,Country Data,"Nouvelle-Caledonie, DASS-NC, INSEE, Eurostat ",,A,Normal value,,
DATAFLOW,SPC:DF_BP50_2(1.0),Blue Pacific 2050: People-Centered Development (Thematic Area 2),I,A,Annual,SH_MED_DEN,Health worker density,NC,New Caledonia,_T,Total,_T,All ages,_T,National,_T,Total,_T,All education levels,2261,Dentists,_Z,Not applicable,_T,No breakdown by disability,1995,,5.06,,PER_10000_POP,"per 10,000 population",N,National,C,Country Data,"Nouvelle-Caledonie, DASS-NC, INSEE, Eurostat ",,A,Normal value,,
DATAFLOW,SPC:DF_BP50_2(1.0),Blue Pacific 2050: People-Centered Development (Thematic Area 2),I,A,Annual,SH_MED_DEN,Health worker density,NC,New Caledonia,_T,Total,_T,All ages,_T,National,_T,Total,_T,All education levels,2261,Dentists,_Z,Not applicable,_T,No breakdown by disability,1996,,5.42,,PER_10000_POP,"per 10,000 population",N,National,C,Country Data,"Nouvelle-Caledonie, DASS-NC, INSEE, Eurostat ",,A,Normal value,,
DATAFLOW,SPC:DF_BP50_2(1.0),Blue Pacific 2050: People-Centered Development (Thematic Area 2),I,A,Annual,SH_MED_DEN,Health worker density,NC,New Caledonia,_T,Total,_T,All ages,_T,National,_T,Total,_T,All education levels,2261,Dentists,_Z,Not applicable,_T,No breakdown by disability,1997,,5.16,,PER_10000_POP,"per 10,000 population",N,National,C,Country Data,"Nouvelle-Caledonie, DASS-NC, INSEE, Eurostat ",,A,Normal value,,
DATAFLOW,SPC:DF_BP50_2(1.0),Blue Pacific 2050: People-Centered Development (Thematic Area 2),I,A,Annual,SH_MED_DEN,Health worker density,NC,New Caledonia,_T,Total,_T,All ages,_T,National,_T,Total,_T,All education levels,2261,Dentists,_Z,Not applicable,_T,No breakdown by disability,1998,,4.92,,PER_10000_POP,"per 10,000 population",N,National,C,Country Data,"Nouvelle-Caledonie, DASS-NC, INSEE, Eurostat ",,A,Normal value,,
DATAFLOW,SPC:DF_BP50_2(1.0),Blue Pacific 2050: People-Centered Development (Thematic Area 2),I,A,Annual,SH_MED_DEN,Health worker density,NC,New Caledonia,_T,Total,_T,All ages,_T,National,_T,Total,_T,All education levels,2261,Dentists,_Z,Not applicable,_T,No breakdown by disability,1999,,5.07,,PER_10000_POP,"per 10,000 population",N,National,C,Country Data,"Nouvelle-Caledonie, DASS-NC, INSEE, Eurostat ",,A,Normal value,,
DATAFLOW,SPC:DF_BP50_2(1.0),Blue Pacific 2050: People-Centered Development (Thematic Area 2),I,A,Annual,SH_MED_DEN,Health worker density,NC,New Caledonia,_T,Total,_T,All ages,_T,National,_T,Total,_T,All education levels,2261,Dentists,_Z,Not applicable,_T,No breakdown by disability,2000,,5.06,,PER_10000_POP,"per 10,000 population",N,National,C,Country Data,"Nouvelle-Caledonie, DASS-NC, INSEE, Eurostat ",,A,Normal value,,
DATAFLOW,SPC:DF_BP50_2(1.0),Blue Pacific 2050: People-Centered Development (Thematic Area 2),I,A,Annual,SH_MED_DEN,Health worker density,NC,New Caledonia,_T,Total,_T,All ages,_T,National,_T,Total,_T,All education levels,2261,Dentists,_Z,Not applicable,_T,No breakdown by disability,2001,,5.61,,PER_10000_POP,"per 10,000 population",N,National,C,Country Data,"Nouvelle-Caledonie, DASS-NC, INSEE, Eurostat ",,A,Normal value,,
DATAFLOW,SPC:DF_BP50_2(1.0),Blue Pacific 2050: People-Centered Development (Thematic Area 2),I,A,Annual,SH_MED_DEN,Health worker density,NC,New Caledonia,_T,Total,_T,All ages,_T,National,_T,Total,_T,All education levels,2261,Dentists,_Z,Not applicable,_T,No breakdown by disability,2002,,5.69,,PER_10000_POP,"per 10,000 population",N,National,C,Country Data,"Nouvelle-Caledonie, DASS-NC, INSEE, Eurostat ",,A,Normal value,,
DATAFLOW,SPC:DF_BP50_2(1.0),Blue Pacific 2050: People-Centered Development (Thematic Area 2),I,A,Annual,SH_MED_DEN,Health worker density,NC,New Caledonia,_T,Total,_T,All ages,_T,National,_T,Total,_T,All education levels,2261,Dentists,_Z,Not applicable,_T,No breakdown by disability,2003,,5.85,,PER_10000_POP,"per 10,000 population",N,National,C,Country Data,"Nouvelle-Caledonie, DASS-NC, INSEE, Eurostat ",,A,Normal value,,
DATAFLOW,SPC:DF_BP50_2(1.0),Blue Pacific 2050: People-Centered Development (Thematic Area 2),I,A,Annual,SH_MED_DEN,Health worker density,NC,New Caledonia,_T,Total,_T,All ages,_T,National,_T,Total,_T,All education levels,2261,Dentists,_Z,Not applicable,_T,No breakdown by disability,2004,,5.35,,PER_10000_POP,"per 10,000 population",N,National,C,Country Data,"Nouvelle-Caledonie, DASS-NC, INSEE, Eurostat ",,A,Normal value,,
DATAFLOW,SPC:DF_BP50_2(1.0),Blue Pacific 2050: People-Centered Development (Thematic Area 2),I,A,Annual,SH_MED_DEN,Health worker density,NC,New Caledonia,_T,Total,_T,All ages,_T,National,_T,Total,_T,All education levels,2261,Dentists,_Z,Not applicable,_T,No breakdown by disability,2005,,5.08,,PER_10000_POP,"per 10,000 population",N,National,C,Country Data,"Nouvelle-Caledonie. DASS-NC, INSEE, Eurostat ",,,,,
DATAFLOW,SPC:DF_BP50_2(1.0),Blue Pacific 2050: People-Centered Development (Thematic Area 2),I,A,Annual,SH_MED_DEN,Health worker density,NC,New Caledonia,_T,Total,_T,All ages,_T,National,_T,Total,_T,All education levels,2261,Dentists,_Z,Not applicable,_T,No breakdown by disability,2006,,5.03,,PER_10000_POP,"per 10,000 population",N,National,C,Country Data,"Nouvelle-Caledonie. DASS-NC, INSEE, Eurostat ",,,,,
DATAFLOW,SPC:DF_BP50_2(1.0),Blue Pacific 2050: People-Centered Development (Thematic Area 2),I,A,Annual,SH_MED_DEN,Health worker density,NC,New Caledonia,_T,Total,_T,All ages,_T,National,_T,Total,_T,All education levels,2261,Dentists,_Z,Not applicable,_T,No breakdown by disability,2007,,4.79,,PER_10000_POP,"per 10,000 population",N,National,C,Country Data,"Nouvelle-Caledonie. DASS-NC, INSEE, Eurostat ",,,,,
DATAFLOW,SPC:DF_BP50_2(1.0),Blue Pacific 2050: People-Centered Development (Thematic Area 2),I,A,Annual,SH_MED_DEN,Health worker density,NC,New Caledonia,_T,Total,_T,All ages,_T,National,_T,Total,_T,All education levels,2261,Dentists,_Z,Not applicable,_T,No breakdown by disability,2008,,5.07,,PER_10000_POP,"per 10,000 population",N,National,C,Country Data,"Nouvelle-Caledonie. DASS-NC, INSEE, Eurostat ",,,,,
DATAFLOW,SPC:DF_BP50_2(1.0),Blue Pacific 2050: People-Centered Development (Thematic Area 2),I,A,Annual,SH_MED_DEN,Health worker density,NC,New Caledonia,_T,Total,_T,All ages,_T,National,_T,Total,_T,All education levels,2261,Dentists,_Z,Not applicable,_T,No breakdown by disability,2009,,4.89,,PER_10000_POP,"per 10,000 population",N,National,C,Country Data,"Nouvelle-Caledonie. DASS-NC, INSEE, Eurostat ",,,,,
DATAFLOW,SPC:DF_BP50_2(1.0),Blue Pacific 2050: People-Centered Development (Thematic Area 2),I,A,Annual,SH_MED_DEN,Health worker density,NC,New Caledonia,_T,Total,_T,All ages,_T,National,_T,Total,_T,All education levels,2261,Dentists,_Z,Not applicable,_T,No breakdown by disability,2010,,4.71,,PER_10000_POP,"per 10,000 population",N,National,C,Country Data,"Nouvelle-Caledonie. DASS-NC, INSEE, Eurostat ",,,,,
DATAFLOW,SPC:DF_BP50_2(1.0),Blue Pacific 2050: People-Centered Development (Thematic Area 2),I,A,Annual,SH_MED_DEN,Health worker density,NC,New Caledonia,_T,Total,_T,All ages,_T,National,_T,Total,_T,All education levels,2261,Dentists,_Z,Not applicable,_T,No breakdown by disability,2011,,4.52,,PER_10000_POP,"per 10,000 population",N,National,C,Country Data,"Nouvelle-Caledonie. DASS-NC, INSEE, Eurostat ",,,,,
DATAFLOW,SPC:DF_BP50_2(1.0),Blue Pacific 2050: People-Centered Development (Thematic Area 2),I,A,Annual,SH_MED_DEN,Health worker density,NC,New Caledonia,_T,Total,_T,All ages,_T,National,_T,Total,_T,All education levels,2261,Dentists,_Z,Not applicable,_T,No breakdown by disability,2012,,4.73,,PER_10000_POP,"per 10,000 population",N,National,C,Country Data,"Nouvelle-Caledonie. DASS-NC, INSEE, Eurostat ",,,,,
DATAFLOW,SPC:DF_BP50_2(1.0),Blue Pacific 2050: People-Centered Development (Thematic Area 2),I,A,Annual,SH_MED_DEN,Health worker density,NC,New Caledonia,_T,Total,_T,All ages,_T,National,_T,Total,_T,All education levels,2261,Dentists,_Z,Not applicable,_T,No breakdown by disability,2013,,4.77,,PER_10000_POP,"per 10,000 population",N,National,C,Country Data,"Nouvelle-Caledonie. DASS-NC, INSEE, Eurostat ",,,,,
DATAFLOW,SPC:DF_BP50_2(1.0),Blue Pacific 2050: People-Centered Development (Thematic Area 2),I,A,Annual,SH_MED_DEN,Health worker density,NC,New Caledonia,_T,Total,_T,All ages,_T,National,_T,Total,_T,All education levels,2261,Dentists,_Z,Not applicable,_T,No breakdown by disability,2014,,4.7,,PER_10000_POP,"per 10,000 population",N,National,C,Country Data,"Nouvelle-Caledonie. DASS-NC, INSEE, Eurostat ",,,,,
DATAFLOW,SPC:DF_BP50_2(1.0),Blue Pacific 2050: People-Centered Development (Thematic Area 2),I,A,Annual,SH_MED_DEN,Health worker density,NC,New Caledonia,_T,Total,_T,All ages,_T,National,_T,Total,_T,All education levels,2261,Dentists,_Z,Not applicable,_T,No breakdown by disability,2015,,4.64,,PER_10000_POP,"per 10,000 population",N,National,C,Country Data,"Nouvelle-Caledonie. DASS-NC, INSEE, Eurostat ",,,,,
DATAFLOW,SPC:DF_BP50_2(1.0),Blue Pacific 2050: People-Centered Development (Thematic Area 2),I,A,Annual,SH_MED_DEN,Health worker density,NC,New Caledonia,_T,Total,_T,All ages,_T,National,_T,Total,_T,All education levels,2261,Dentists,_Z,Not applicable,_T,No breakdown by disability,2016,,4.56,,PER_10000_POP,"per 10,000 population",N,National,C,Country Data,"Nouvelle-Caledonie. DASS-NC, INSEE, Eurostat ",,,,,
DATAFLOW,SPC:DF_BP50_2(1.0),Blue Pacific 2050: People-Centered Development (Thematic Area 2),I,A,Annual,SH_MED_DEN,Health worker density,NC,New Caledonia,_T,Total,_T,All ages,_T,National,_T,Total,_T,All education levels,2261,Dentists,_Z,Not applicable,_T,No breakdown by disability,2017,,4.46,,PER_10000_POP,"per 10,000 population",N,National,C,Country Data,"Nouvelle-Caledonie. DASS-NC, INSEE, Eurostat ",,,,,
DATAFLOW,SPC:DF_BP50_2(1.0),Blue Pacific 2050: People-Centered Development (Thematic Area 2),I,A,Annual,SH_MED_DEN,Health worker density,NC,New Caledonia,_T,Total,_T,All ages,_T,National,_T,Total,_T,All education levels,2261,Dentists,_Z,Not applicable,_T,No breakdown by disability,2018,,4.46,,PER_10000_POP,"per 10,000 population",N,National,C,Country Data,"Nouvelle-Caledonie, DASS-NC, INSEE, Eurostat ",,A,Normal value,,
DATAFLOW,SPC:DF_BP50_2(1.0),Blue Pacific 2050: People-Centered Development (Thematic Area 2),I,A,Annual,SH_MED_DEN,Health worker density,PF,French Polynesia,_T,Total,_T,All ages,_T,National,_T,Total,_T,All education levels,221,Medical Doctors,_Z,Not applicable,_T,No breakdown by disability,2001,,17.7,,PER_10000_POP,"per 10,000 population",N,National,C,Country Data,"Polynesie Francaise, ISPF, PolyBref 2004, Ordre national des Medecins, des Chirurgiens-Dentistes, Direction de la Sante",,A,Normal value,,
DATAFLOW,SPC:DF_BP50_2(1.0),Blue Pacific 2050: People-Centered Development (Thematic Area 2),I,A,Annual,SH_MED_DEN,Health worker density,PF,French Polynesia,_T,Total,_T,All ages,_T,National,_T,Total,_T,All education levels,221,Medical Doctors,_Z,Not applicable,_T,No breakdown by disability,2002,,17.6,,PER_10000_POP,"per 10,000 population",N,National,C,Country Data,"Polynesie Francaise, ISPF, PolyBref 2005, Ordre national des Medecins, des Chirurgiens-Dentistes, Direction de la Sante",,A,Normal value,,
DATAFLOW,SPC:DF_BP50_2(1.0),Blue Pacific 2050: People-Centered Development (Thematic Area 2),I,A,Annual,SH_MED_DEN,Health worker density,PF,French Polynesia,_T,Total,_T,All ages,_T,National,_T,Total,_T,All education levels,221,Medical Doctors,_Z,Not applicable,_T,No breakdown by disability,2003,,17.8,,PER_10000_POP,"per 10,000 population",N,National,C,Country Data,"Polynesie Francaise, ISPF, PolyBref 2006, Ordre national des Medecins, des Chirurgiens-Dentistes, Direction de la Sante",,A,Normal value,,
DATAFLOW,SPC:DF_BP50_2(1.0),Blue Pacific 2050: People-Centered Development (Thematic Area 2),I,A,Annual,SH_MED_DEN,Health worker density,PF,French Polynesia,_T,Total,_T,All ages,_T,National,_T,Total,_T,All education levels,221,Medical Doctors,_Z,Not applicable,_T,No breakdown by disability,2004,,17.7,,PER_10000_POP,"per 10,000 population",N,National,C,Country Data,"Polynesie Francaise, ISPF, PolyBref 2007, Ordre national des Medecins, des Chirurgiens-Dentistes, Direction de la Sante",,A,Normal value,,
DATAFLOW,SPC:DF_BP50_2(1.0),Blue Pacific 2050: People-Centered Development (Thematic Area 2),I,A,Annual,SH_MED_DEN,Health worker density,PF,French Polynesia,_T,Total,_T,All ages,_T,National,_T,Total,_T,All education levels,221,Medical Doctors,_Z,Not applicable,_T,No breakdown by disability,2005,,17.7,,PER_10000_POP,"per 10,000 population",N,National,C,Country Data,"Polynesie Francaise, ISPF, PolyBref 2008, Ordre national des Medecins, des Chirurgiens-Dentistes, Direction de la Sante",,A,Normal value,,
DATAFLOW,SPC:DF_BP50_2(1.0),Blue Pacific 2050: People-Centered Development (Thematic Area 2),I,A,Annual,SH_MED_DEN,Health worker density,PF,French Polynesia,_T,Total,_T,All ages,_T,National,_T,Total,_T,All education levels,221,Medical Doctors,_Z,Not applicable,_T,No breakdown by disability,2006,,17.8,,PER_10000_POP,"per 10,000 population",N,National,C,Country Data,"Polynesie Francaise, ISPF, PolyBref 2009, Ordre national des Medecins, des Chirurgiens-Dentistes, Direction de la Sante",,A,Normal value,,
DATAFLOW,SPC:DF_BP50_2(1.0),Blue Pacific 2050: People-Centered Development (Thematic Area 2),I,A,Annual,SH_MED_DEN,Health worker density,PF,French Polynesia,_T,Total,_T,All ages,_T,National,_T,Total,_T,All education levels,221,Medical Doctors,_Z,Not applicable,_T,No breakdown by disability,2007,,17.8,,PER_10000_POP,"per 10,000 population",N,National,C,Country Data,"Polynesie Francaise, ISPF, PolyBref 2010, Ordre national des Medecins, des Chirurgiens-Dentistes, Direction de la Sante",,A,Normal value,,
DATAFLOW,SPC:DF_BP50_2(1.0),Blue Pacific 2050: People-Centered Development (Thematic Area 2),I,A,Annual,SH_MED_DEN,Health worker density,PF,French Polynesia,_T,Total,_T,All ages,_T,National,_T,Total,_T,All education levels,221,Medical Doctors,_Z,Not applicable,_T,No breakdown by disability,2008,,17.6,,PER_10000_POP,"per 10,000 population",N,National,C,Country Data,"Polynesie Francaise, ISPF, PolyBref 2011, Ordre national des Medecins, des Chirurgiens-Dentistes, Direction de la Sante",,A,Normal value,,
DATAFLOW,SPC:DF_BP50_2(1.0),Blue Pacific 2050: People-Centered Development (Thematic Area 2),I,A,Annual,SH_MED_DEN,Health worker density,PF,French Polynesia,_T,Total,_T,All ages,_T,National,_T,Total,_T,All education levels,221,Medical Doctors,_Z,Not applicable,_T,No breakdown by disability,2009,,17.9,,PER_10000_POP,"per 10,000 population",N,National,C,Country Data,"Polynesie Francaise, ISPF, PolyBref 2012, Ordre national des Medecins, des Chirurgiens-Dentistes, Direction de la Sante",,A,Normal value,,
DATAFLOW,SPC:DF_BP50_2(1.0),Blue Pacific 2050: People-Centered Development (Thematic Area 2),I,A,Annual,SH_MED_DEN,Health worker density,PF,French Polynesia,_T,Total,_T,All ages,_T,National,_T,Total,_T,All education levels,221,Medical Doctors,_Z,Not applicable,_T,No breakdown by disability,2010,,17.8,,PER_10000_POP,"per 10,000 population",N,National,C,Country Data,"Polynesie Francaise, ISPF, PolyBref 2013, Ordre national des Medecins, des Chirurgiens-Dentistes, Direction de la Sante",,A,Normal value,,
DATAFLOW,SPC:DF_BP50_2(1.0),Blue Pacific 2050: People-Centered Development (Thematic Area 2),I,A,Annual,SH_MED_DEN,Health worker density,PF,French Polynesia,_T,Total,_T,All ages,_T,National,_T,Total,_T,All education levels,221,Medical Doctors,_Z,Not applicable,_T,No breakdown by disability,2011,,19.3,,PER_10000_POP,"per 10,000 population",N,National,C,Country Data,"Polynesie Francaise, ISPF, PolyBref 2014, Ordre national des Medecins, des Chirurgiens-Dentistes, Direction de la Sante",,A,Normal value,,
DATAFLOW,SPC:DF_BP50_2(1.0),Blue Pacific 2050: People-Centered Development (Thematic Area 2),I,A,Annual,SH_MED_DEN,Health worker density,PF,French Polynesia,_T,Total,_T,All ages,_T,National,_T,Total,_T,All education levels,221,Medical Doctors,_Z,Not applicable,_T,No breakdown by disability,2012,,19.4,,PER_10000_POP,"per 10,000 population",N,National,C,Country Data,"Polynesie Francaise, ISPF, PolyBref 2015, Conseil de l'ordre des medecins, pharmaciens et chirurgiens dentistes - Direction de la Sante",,A,Normal value,,
DATAFLOW,SPC:DF_BP50_2(1.0),Blue Pacific 2050: People-Centered Development (Thematic Area 2),I,A,Annual,SH_MED_DEN,Health worker density,PF,French Polynesia,_T,Total,_T,All ages,_T,National,_T,Total,_T,All education levels,221,Medical Doctors,_Z,Not applicable,_T,No breakdown by disability,2013,,18.7,,PER_10000_POP,"per 10,000 population",N,National,C,Country Data,"Polynesie Francaise, ISPF, PolyBref 2016, Conseil de l'ordre des medecins, pharmaciens et chirurgiens dentistes - Direction de la Sante",,A,Normal value,,
DATAFLOW,SPC:DF_BP50_2(1.0),Blue Pacific 2050: People-Centered Development (Thematic Area 2),I,A,Annual,SH_MED_DEN,Health worker density,PF,French Polynesia,_T,Total,_T,All ages,_T,National,_T,Total,_T,All education levels,221,Medical Doctors,_Z,Not applicable,_T,No breakdown by disability,2014,,19.2,,PER_10000_POP,"per 10,000 population",N,National,C,Country Data,"Polynesie Francaise, ISPF, PolyBref 2017, Conseil de l'ordre des medecins, pharmaciens et chirurgiens dentistes - Direction de la Sante",,A,Normal value,,
DATAFLOW,SPC:DF_BP50_2(1.0),Blue Pacific 2050: People-Centered Development (Thematic Area 2),I,A,Annual,SH_MED_DEN,Health worker density,PF,French Polynesia,_T,Total,_T,All ages,_T,National,_T,Total,_T,All education levels,221,Medical Doctors,_Z,Not applicable,_T,No breakdown by disability,2022,,24.04,,PER_10000_POP,"per 10,000 population",N,National,C,Country Data,"Polynesie Francaise, ISPF, PolyBref 2022, Agence de regulation de l'action sanitaire et sociale",,A,Normal value,,
DATAFLOW,SPC:DF_BP50_2(1.0),Blue Pacific 2050: People-Centered Development (Thematic Area 2),I,A,Annual,SH_MED_DEN,Health worker density,PF,French Polynesia,_T,Total,_T,All ages,_T,National,_T,Total,_T,All education levels,221,Medical Doctors,_Z,Not applicable,_T,No breakdown by disability,2023,,22,,PER_10000_POP,"per 10,000 population",N,National,C,Country Data,"French Polynesia Government, preliminary 2023 Sustainable Development Goals in French Polynesia, 2024.",,,,,
DATAFLOW,SPC:DF_BP50_2(1.0),Blue Pacific 2050: People-Centered Development (Thematic Area 2),I,A,Annual,SH_MED_DEN,Health worker density,TV,Tuvalu,_T,Total,_T,All ages,_T,National,_T,Total,_T,All education levels,221,Medical Doctors,_Z,Not applicable,_T,No breakdown by disability,2002,,6.25,,PER_10000_POP,"per 10,000 population",G,Global,_X,Not Available,,,,,"NHWA data portal, December 2024 update https://apps.who.int/nhwaportal/",
DATAFLOW,SPC:DF_BP50_2(1.0),Blue Pacific 2050: People-Centered Development (Thematic Area 2),I,A,Annual,SH_MED_DEN,Health worker density,TV,Tuvalu,_T,Total,_T,All ages,_T,National,_T,Total,_T,All education levels,221,Medical Doctors,_Z,Not applicable,_T,No breakdown by disability,2003,,10.31,,PER_10000_POP,"per 10,000 population",G,Global,_X,Not Available,,,,,"NHWA data portal, December 2024 update https://apps.who.int/nhwaportal/",
DATAFLOW,SPC:DF_BP50_2(1.0),Blue Pacific 2050: People-Centered Development (Thematic Area 2),I,A,Annual,SH_MED_DEN,Health worker density,TV,Tuvalu,_T,Total,_T,All ages,_T,National,_T,Total,_T,All education levels,221,Medical Doctors,_Z,Not applicable,_T,No breakdown by disability,2008,,9.71,,PER_10000_POP,"per 10,000 population",G,Global,_X,Not Available,,,,,"NHWA data portal, December 2024 update https://apps.who.int/nhwaportal/",
DATAFLOW,SPC:DF_BP50_2(1.0),Blue Pacific 2050: People-Centered Development (Thematic Area 2),I,A,Annual,SH_MED_DEN,Health worker density,TV,Tuvalu,_T,Total,_T,All ages,_T,National,_T,Total,_T,All education levels,221,Medical Doctors,_Z,Not applicable,_T,No breakdown by disability,2009,,11.43,,PER_10000_POP,"per 10,000 population",G,Global,_X,Not Available,,,,,"NHWA data portal, December 2024 update https://apps.who.int/nhwaportal/",
DATAFLOW,SPC:DF_BP50_2(1.0),Blue Pacific 2050: People-Centered Development (Thematic Area 2),I,A,Annual,SH_MED_DEN,Health worker density,TV,Tuvalu,_T,Total,_T,All ages,_T,National,_T,Total,_T,All education levels,221,Medical Doctors,_Z,Not applicable,_T,No breakdown by disability,2014,,9.09,,PER_10000_POP,"per 10,000 population",G,Global,_X,Not Available,,,,,"NHWA data portal, December 2024 update https://apps.who.int/nhwaportal/",
DATAFLOW,SPC:DF_BP50_2(1.0),Blue Pacific 2050: People-Centered Development (Thematic Area 2),I,A,Annual,SH_MED_DEN,Health worker density,TV,Tuvalu,_T,Total,_T,All ages,_T,National,_T,Total,_T,All education levels,221,Medical Doctors,_Z,Not applicable,_T,No breakdown by disability,2020,,13.46,,PER_10000_POP,"per 10,000 population",G,Global,_X,Not Available,,,,,"NHWA data portal, December 2024 update https://apps.who.int/nhwaportal/",
DATAFLOW,SPC:DF_BP50_2(1.0),Blue Pacific 2050: People-Centered Development (Thematic Area 2),I,A,Annual,SH_MED_DEN,Health worker density,MH,Marshall Islands,_T,Total,_T,All ages,_T,National,_T,Total,_T,All education levels,222,Nursing and Midwifery Professionals,_Z,Not applicable,_T,No breakdown by disability,2007,,36.15,,PER_10000_POP,"per 10,000 population",G,Global,_X,Not Available,,,,,"NHWA data portal, December 2024 update https://apps.who.int/nhwaportal/",
DATAFLOW,SPC:DF_BP50_2(1.0),Blue Pacific 2050: People-Centered Development (Thematic Area 2),I,A,Annual,SH_MED_DEN,Health worker density,MH,Marshall Islands,_T,Total,_T,All ages,_T,National,_T,Total,_T,All education levels,222,Nursing and Midwifery Professionals,_Z,Not applicable,_T,No breakdown by disability,2010,,24.42,,PER_10000_POP,"per 10,000 population",G,Global,_X,Not Available,,,,,"NHWA data portal, December 2024 update https://apps.who.int/nhwaportal/",
DATAFLOW,SPC:DF_BP50_2(1.0),Blue Pacific 2050: People-Centered Development (Thematic Area 2),I,A,Annual,SH_MED_DEN,Health worker density,MH,Marshall Islands,_T,Total,_T,All ages,_T,National,_T,Total,_T,All education levels,222,Nursing and Midwifery Professionals,_Z,Not applicable,_T,No breakdown by disability,2011,,37.57,,PER_10000_POP,"per 10,000 population",G,Global,_X,Not Available,,,,,"NHWA data portal, December 2024 update https://apps.who.int/nhwaportal/",
DATAFLOW,SPC:DF_BP50_2(1.0),Blue Pacific 2050: People-Centered Development (Thematic Area 2),I,A,Annual,SH_MED_DEN,Health worker density,MH,Marshall Islands,_T,Total,_T,All ages,_T,National,_T,Total,_T,All education levels,222,Nursing and Midwifery Professionals,_Z,Not applicable,_T,No breakdown by disability,2012,,36.38,,PER_10000_POP,"per 10,000 population",G,Global,_X,Not Available,,,,,"NHWA data portal, December 2024 update https://apps.who.int/nhwaportal/",
DATAFLOW,SPC:DF_BP50_2(1.0),Blue Pacific 2050: People-Centered Development (Thematic Area 2),I,A,Annual,SH_MED_DEN,Health worker density,MH,Marshall Islands,_T,Total,_T,All ages,_T,National,_T,Total,_T,All education levels,222,Nursing and Midwifery Professionals,_Z,Not applicable,_T,No breakdown by disability,2017,,3.9,,PER_1000_POP,"per 1,000 population",N,National,C,Country Data,"Global Health Workforce Statistics database, Global Health Observatory, WHO",,,,,
DATAFLOW,SPC:DF_BP50_2(1.0),Blue Pacific 2050: People-Centered Development (Thematic Area 2),I,A,Annual,SH_MED_DEN,Health worker density,MH,Marshall Islands,_T,Total,_T,All ages,_T,National,_T,Total,_T,All education levels,222,Nursing and Midwifery Professionals,_Z,Not applicable,_T,No breakdown by disability,2018,,43.05,,PER_10000_POP,"per 10,000 population",G,Global,_X,Not Available,,,,,"NHWA data portal, December 2024 update https://apps.who.int/nhwaportal/",
DATAFLOW,SPC:DF_BP50_2(1.0),Blue Pacific 2050: People-Centered Development (Thematic Area 2),I,A,Annual,SH_STA_MORT,Maternal mortality ratio,FM,Micronesia (Federated States of),F,Female,_T,All ages,_T,National,_T,Total,_T,All education levels,_T,All occupations,_Z,Not applicable,_T,No breakdown by disability,2000,,60,,PER_100000_LIVE_BIRTHS,"per 100,000 live births",G,Global,E,Estimated,"Estimates by WHO, UNICEF, UNFPA, World Bank Group and UNDESA/Population Division. Geneva: World Health Organization; 2023.",,,,,
DATAFLOW,SPC:DF_BP50_2(1.0),Blue Pacific 2050: People-Centered Development (Thematic Area 2),I,A,Annual,SH_STA_MORT,Maternal mortality ratio,FM,Micronesia (Federated States of),F,Female,_T,All ages,_T,National,_T,Total,_T,All education levels,_T,All occupations,_Z,Not applicable,_T,No breakdown by disability,2001,,70,,PER_100000_LIVE_BIRTHS,"per 100,000 live births",G,Global,E,Estimated,"Estimates by WHO, UNICEF, UNFPA, World Bank Group and UNDESA/Population Division. Geneva: World Health Organization; 2023.",,,,,
DATAFLOW,SPC:DF_BP50_2(1.0),Blue Pacific 2050: People-Centered Development (Thematic Area 2),I,A,Annual,SH_STA_MORT,Maternal mortality ratio,FM,Micronesia (Federated States of),F,Female,_T,All ages,_T,National,_T,Total,_T,All education levels,_T,All occupations,_Z,Not applicable,_T,No breakdown by disability,2002,,89,,PER_100000_LIVE_BIRTHS,"per 100,000 live births",G,Global,E,Estimated,"Estimates by WHO, UNICEF, UNFPA, World Bank Group and UNDESA/Population Division. Geneva: World Health Organization; 2023.",,,,,
DATAFLOW,SPC:DF_BP50_2(1.0),Blue Pacific 2050: People-Centered Development (Thematic Area 2),I,A,Annual,SH_STA_MORT,Maternal mortality ratio,FM,Micronesia (Federated States of),F,Female,_T,All ages,_T,National,_T,Total,_T,All education levels,_T,All occupations,_Z,Not applicable,_T,No breakdown by disability,2003,,63,,PER_100000_LIVE_BIRTHS,"per 100,000 live births",G,Global,E,Estimated,"Estimates by WHO, UNICEF, UNFPA, World Bank Group and UNDESA/Population Division. Geneva: World Health Organization; 2023.",,,,,
DATAFLOW,SPC:DF_BP50_2(1.0),Blue Pacific 2050: People-Centered Development (Thematic Area 2),I,A,Annual,SH_STA_MORT,Maternal mortality ratio,FM,Micronesia (Federated States of),F,Female,_T,All ages,_T,National,_T,Total,_T,All education levels,_T,All occupations,_Z,Not applicable,_T,No breakdown by disability,2004,,62,,PER_100000_LIVE_BIRTHS,"per 100,000 live births",G,Global,E,Estimated,"Estimates by WHO, UNICEF, UNFPA, World Bank Group and UNDESA/Population Division. Geneva: World Health Organization; 2023.",,,,,
DATAFLOW,SPC:DF_BP50_2(1.0),Blue Pacific 2050: People-Centered Development (Thematic Area 2),I,A,Annual,SH_STA_MORT,Maternal mortality ratio,FM,Micronesia (Federated States of),F,Female,_T,All ages,_T,National,_T,Total,_T,All education levels,_T,All occupations,_Z,Not applicable,_T,No breakdown by disability,2005,,57,,PER_100000_LIVE_BIRTHS,"per 100,000 live births",G,Global,E,Estimated,"Estimates by WHO, UNICEF, UNFPA, World Bank Group and UNDESA/Population Division. Geneva: World Health Organization; 2023.",,,,,
DATAFLOW,SPC:DF_BP50_2(1.0),Blue Pacific 2050: People-Centered Development (Thematic Area 2),I,A,Annual,SH_STA_MORT,Maternal mortality ratio,FM,Micronesia (Federated States of),F,Female,_T,All ages,_T,National,_T,Total,_T,All education levels,_T,All occupations,_Z,Not applicable,_T,No breakdown by disability,2006,,58,,PER_100000_LIVE_BIRTHS,"per 100,000 live births",G,Global,E,Estimated,"Estimates by WHO, UNICEF, UNFPA, World Bank Group and UNDESA/Population Division. Geneva: World Health Organization; 2023.",,,,,
DATAFLOW,SPC:DF_BP50_2(1.0),Blue Pacific 2050: People-Centered Development (Thematic Area 2),I,A,Annual,SH_STA_MORT,Maternal mortality ratio,FM,Micronesia (Federated States of),F,Female,_T,All ages,_T,National,_T,Total,_T,All education levels,_T,All occupations,_Z,Not applicable,_T,No breakdown by disability,2007,,53,,PER_100000_LIVE_BIRTHS,"per 100,000 live births",G,Global,E,Estimated,"Estimates by WHO, UNICEF, UNFPA, World Bank Group and UNDESA/Population Division. Geneva: World Health Organization; 2023.",,,,,
DATAFLOW,SPC:DF_BP50_2(1.0),Blue Pacific 2050: People-Centered Development (Thematic Area 2),I,A,Annual,SH_STA_MORT,Maternal mortality ratio,FM,Micronesia (Federated States of),F,Female,_T,All ages,_T,National,_T,Total,_T,All education levels,_T,All occupations,_Z,Not applicable,_T,No breakdown by disability,2008,,50,,PER_100000_LIVE_BIRTHS,"per 100,000 live births",G,Global,E,Estimated,"Estimates by WHO, UNICEF, UNFPA, World Bank Group and UNDESA/Population Division. Geneva: World Health Organization; 2023.",,,,,
DATAFLOW,SPC:DF_BP50_2(1.0),Blue Pacific 2050: People-Centered Development (Thematic Area 2),I,A,Annual,SH_STA_MORT,Maternal mortality ratio,FM,Micronesia (Federated States of),F,Female,_T,All ages,_T,National,_T,Total,_T,All education levels,_T,All occupations,_Z,Not applicable,_T,No breakdown by disability,2009,,46,,PER_100000_LIVE_BIRTHS,"per 100,000 live births",G,Global,E,Estimated,"Estimates by WHO, UNICEF, UNFPA, World Bank Group and UNDESA/Population Division. Geneva: World Health Organization; 2023.",,,,,
DATAFLOW,SPC:DF_BP50_2(1.0),Blue Pacific 2050: People-Centered Development (Thematic Area 2),I,A,Annual,SH_STA_MORT,Maternal mortality ratio,FM,Micronesia (Federated States of),F,Female,_T,All ages,_T,National,_T,Total,_T,All education levels,_T,All occupations,_Z,Not applicable,_T,No breakdown by disability,2010,,46,,PER_100000_LIVE_BIRTHS,"per 100,000 live births",G,Global,E,Estimated,"Estimates by WHO, UNICEF, UNFPA, World Bank Group and UNDESA/Population Division. Geneva: World Health Organization; 2023.",,,,,
DATAFLOW,SPC:DF_BP50_2(1.0),Blue Pacific 2050: People-Centered Development (Thematic Area 2),I,A,Annual,SH_STA_MORT,Maternal mortality ratio,FM,Micronesia (Federated States of),F,Female,_T,All ages,_T,National,_T,Total,_T,All education levels,_T,All occupations,_Z,Not applicable,_T,No breakdown by disability,2011,,46,,PER_100000_LIVE_BIRTHS,"per 100,000 live births",G,Global,E,Estimated,"Estimates by WHO, UNICEF, UNFPA, World Bank Group and UNDESA/Population Division. Geneva: World Health Organization; 2023.",,,,,
DATAFLOW,SPC:DF_BP50_2(1.0),Blue Pacific 2050: People-Centered Development (Thematic Area 2),I,A,Annual,SH_STA_MORT,Maternal mortality ratio,FM,Micronesia (Federated States of),F,Female,_T,All ages,_T,National,_T,Total,_T,All education levels,_T,All occupations,_Z,Not applicable,_T,No breakdown by disability,2012,,42,,PER_100000_LIVE_BIRTHS,"per 100,000 live births",G,Global,E,Estimated,"Estimates by WHO, UNICEF, UNFPA, World Bank Group and UNDESA/Population Division. Geneva: World Health Organization; 2023.",,,,,
DATAFLOW,SPC:DF_BP50_2(1.0),Blue Pacific 2050: People-Centered Development (Thematic Area 2),I,A,Annual,SH_STA_MORT,Maternal mortality ratio,FM,Micronesia (Federated States of),F,Female,_T,All ages,_T,National,_T,Total,_T,All education levels,_T,All occupations,_Z,Not applicable,_T,No breakdown by disability,2013,,66,,PER_100000_LIVE_BIRTHS,"per 100,000 live births",G,Global,E,Estimated,"Estimates by WHO, UNICEF, UNFPA, World Bank Group and UNDESA/Population Division. Geneva: World Health Organization; 2023.",,,,,
DATAFLOW,SPC:DF_BP50_2(1.0),Blue Pacific 2050: People-Centered Development (Thematic Area 2),I,A,Annual,SH_STA_MORT,Maternal mortality ratio,FM,Micronesia (Federated States of),F,Female,_T,All ages,_T,National,_T,Total,_T,All education levels,_T,All occupations,_Z,Not applicable,_T,No breakdown by disability,2014,,61,,PER_100000_LIVE_BIRTHS,"per 100,000 live births",G,Global,E,Estimated,"Estimates by WHO, UNICEF, UNFPA, World Bank Group and UNDESA/Population Division. Geneva: World Health Organization; 2023.",,,,,
DATAFLOW,SPC:DF_BP50_2(1.0),Blue Pacific 2050: People-Centered Development (Thematic Area 2),I,A,Annual,SH_STA_MORT,Maternal mortality ratio,FM,Micronesia (Federated States of),F,Female,_T,All ages,_T,National,_T,Total,_T,All education levels,_T,All occupations,_Z,Not applicable,_T,No breakdown by disability,2015,,64,,PER_100000_LIVE_BIRTHS,"per 100,000 live births",G,Global,E,Estimated,"Estimates by WHO, UNICEF, UNFPA, World Bank Group and UNDESA/Population Division. Geneva: World Health Organization; 2023.",,,,,
DATAFLOW,SPC:DF_BP50_2(1.0),Blue Pacific 2050: People-Centered Development (Thematic Area 2),I,A,Annual,SH_STA_MORT,Maternal mortality ratio,FM,Micronesia (Federated States of),F,Female,_T,All ages,_T,National,_T,Total,_T,All education levels,_T,All occupations,_Z,Not applicable,_T,No breakdown by disability,2016,,64,,PER_100000_LIVE_BIRTHS,"per 100,000 live births",G,Global,E,Estimated,"Estimates by WHO, UNICEF, UNFPA, World Bank Group and UNDESA/Population Division. Geneva: World Health Organization; 2023.",,,,,
DATAFLOW,SPC:DF_BP50_2(1.0),Blue Pacific 2050: People-Centered Development (Thematic Area 2),I,A,Annual,SH_STA_MORT,Maternal mortality ratio,FM,Micronesia (Federated States of),F,Female,_T,All ages,_T,National,_T,Total,_T,All education levels,_T,All occupations,_Z,Not applicable,_T,No breakdown by disability,2017,,63,,PER_100000_LIVE_BIRTHS,"per 100,000 live births",G,Global,E,Estimated,"Estimates by WHO, UNICEF, UNFPA, World Bank Group and UNDESA/Population Division. Geneva: World Health Organization; 2023.",,,,,
DATAFLOW,SPC:DF_BP50_2(1.0),Blue Pacific 2050: People-Centered Development (Thematic Area 2),I,A,Annual,SH_STA_MORT,Maternal mortality ratio,FM,Micronesia (Federated States of),F,Female,_T,All ages,_T,National,_T,Total,_T,All education levels,_T,All occupations,_Z,Not applicable,_T,No breakdown by disability,2018,,69,,PER_100000_LIVE_BIRTHS,"per 100,000 live births",G,Global,E,Estimated,"Estimates by WHO, UNICEF, UNFPA, World Bank Group and UNDESA/Population Division. Geneva: World Health Organization; 2023.",,,,,
DATAFLOW,SPC:DF_BP50_2(1.0),Blue Pacific 2050: People-Centered Development (Thematic Area 2),I,A,Annual,SH_STA_MORT,Maternal mortality ratio,FM,Micronesia (Federated States of),F,Female,_T,All ages,_T,National,_T,Total,_T,All education levels,_T,All occupations,_Z,Not applicable,_T,No breakdown by disability,2019,,65,,PER_100000_LIVE_BIRTHS,"per 100,000 live births",G,Global,E,Estimated,"Estimates by WHO, UNICEF, UNFPA, World Bank Group and UNDESA/Population Division. Geneva: World Health Organization; 2023.",,,,,
DATAFLOW,SPC:DF_BP50_2(1.0),Blue Pacific 2050: People-Centered Development (Thematic Area 2),I,A,Annual,SH_STA_MORT,Maternal mortality ratio,FM,Micronesia (Federated States of),F,Female,_T,All ages,_T,National,_T,Total,_T,All education levels,_T,All occupations,_Z,Not applicable,_T,No breakdown by disability,2020,,74,,PER_100000_LIVE_BIRTHS,"per 100,000 live births",G,Global,E,Estimated,"Estimates by WHO, UNICEF, UNFPA, World Bank Group and UNDESA/Population Division. Geneva: World Health Organization; 2023.",,,,,
DATAFLOW,SPC:DF_BP50_2(1.0),Blue Pacific 2050: People-Centered Development (Thematic Area 2),I,A,Annual,SH_STA_BRTC,Proportion of births attended by skilled health personnel,PG,Papua New Guinea,_T,Total,_T,All ages,_T,National,_T,Total,_T,All education levels,_T,All occupations,_Z,Not applicable,_T,No breakdown by disability,2004,,39,,PERCENT,percent,G,Global,C,Country Data,Western Pacific Country Health Information Profiles: 2006 Revision. Manila: World Health Organization Regional Office for the Western Pacific (WPRO); 2006.,,,,,
DATAFLOW,SPC:DF_BP50_2(1.0),Blue Pacific 2050: People-Centered Development (Thematic Area 2),I,A,Annual,SH_STA_BRTC,Proportion of births attended by skilled health personnel,PG,Papua New Guinea,_T,Total,_T,All ages,_T,National,_T,Total,_T,All education levels,_T,All occupations,_Z,Not applicable,_T,No breakdown by disability,2006,,53,,PERCENT,percent,N,National,C,Country Data,Papua New Guinea Demographic and Health Survey 2006. National Statistical Office [Papua New Guinea]; 2009.,,,,,
DATAFLOW,SPC:DF_BP50_2(1.0),Blue Pacific 2050: People-Centered Development (Thematic Area 2),I,A,Annual,SH_STA_BRTC,Proportion of births attended by skilled health personnel,PG,Papua New Guinea,_T,Total,_T,All ages,_T,National,_T,Total,_T,All education levels,_T,All occupations,_Z,Not applicable,_T,No breakdown by disability,2016,,40,,PERCENT,percent,N,National,C,Country Data,"2016 Sector Performance Annual Review. Assessment of Sector Performance 2012-16. Ministry of Health Papua New Guinea, 2017.",,,,,
DATAFLOW,SPC:DF_BP50_2(1.0),Blue Pacific 2050: People-Centered Development (Thematic Area 2),I,A,Annual,SH_STA_BRTC,Proportion of births attended by skilled health personnel,PG,Papua New Guinea,_T,Total,_T,All ages,_T,National,_T,Total,_T,All education levels,_T,All occupations,_Z,Not applicable,_T,No breakdown by disability,2018,,56.4,,PERCENT,percent,N,National,C,Country Data,"Papua New Guinea Demographic and Health Survey 2016-18. National Statistical Office (NSO) [Papua New Guinea]; 2019. ",,,,,
DATAFLOW,SPC:DF_BP50_2(1.0),Blue Pacific 2050: People-Centered Development (Thematic Area 2),I,A,Annual,SH_MED_DEN,Health worker density,WS,Samoa,_T,Total,_T,All ages,_T,National,_T,Total,_T,All education levels,221,Medical Doctors,_Z,Not applicable,_T,No breakdown by disability,1999,,6.66,,PER_10000_POP,"per 10,000 population",G,Global,_X,Not Available,,,,,"NHWA data portal, December 2024 update https://apps.who.int/nhwaportal/",
DATAFLOW,SPC:DF_BP50_2(1.0),Blue Pacific 2050: People-Centered Development (Thematic Area 2),I,A,Annual,SH_MED_DEN,Health worker density,WS,Samoa,_T,Total,_T,All ages,_T,National,_T,Total,_T,All education levels,221,Medical Doctors,_Z,Not applicable,_T,No breakdown by disability,2003,,2.7,,PER_10000_POP,"per 10,000 population",G,Global,_X,Not Available,,,,,"NHWA data portal, December 2024 update https://apps.who.int/nhwaportal/",
DATAFLOW,SPC:DF_BP50_2(1.0),Blue Pacific 2050: People-Centered Development (Thematic Area 2),I,A,Annual,SH_MED_DEN,Health worker density,WS,Samoa,_T,Total,_T,All ages,_T,National,_T,Total,_T,All education levels,221,Medical Doctors,_Z,Not applicable,_T,No breakdown by disability,2005,,2.67,,PER_10000_POP,"per 10,000 population",G,Global,_X,Not Available,,,,,"NHWA data portal, December 2024 update https://apps.who.int/nhwaportal/",
DATAFLOW,SPC:DF_BP50_2(1.0),Blue Pacific 2050: People-Centered Development (Thematic Area 2),I,A,Annual,SH_MED_DEN,Health worker density,WS,Samoa,_T,Total,_T,All ages,_T,National,_T,Total,_T,All education levels,221,Medical Doctors,_Z,Not applicable,_T,No breakdown by disability,2008,,4.47,,PER_10000_POP,"per 10,000 population",G,Global,_X,Not Available,,,,,"NHWA data portal, December 2024 update https://apps.who.int/nhwaportal/",
DATAFLOW,SPC:DF_BP50_2(1.0),Blue Pacific 2050: People-Centered Development (Thematic Area 2),I,A,Annual,SH_MED_DEN,Health worker density,WS,Samoa,_T,Total,_T,All ages,_T,National,_T,Total,_T,All education levels,221,Medical Doctors,_Z,Not applicable,_T,No breakdown by disability,2010,,3.32,,PER_10000_POP,"per 10,000 population",G,Global,_X,Not Available,,,,,"NHWA data portal, December 2024 update https://apps.who.int/nhwaportal/",
DATAFLOW,SPC:DF_BP50_2(1.0),Blue Pacific 2050: People-Centered Development (Thematic Area 2),I,A,Annual,SH_MED_DEN,Health worker density,WS,Samoa,_T,Total,_T,All ages,_T,National,_T,Total,_T,All education levels,221,Medical Doctors,_Z,Not applicable,_T,No breakdown by disability,2012,,3.81,,PER_10000_POP,"per 10,000 population",G,Global,C,Country Data,"Global Health Workforce Statistics database, Global Health Observatory, WHO",,,,,
DATAFLOW,SPC:DF_BP50_2(1.0),Blue Pacific 2050: People-Centered Development (Thematic Area 2),I,A,Annual,SH_MED_DEN,Health worker density,WS,Samoa,_T,Total,_T,All ages,_T,National,_T,Total,_T,All education levels,221,Medical Doctors,_Z,Not applicable,_T,No breakdown by disability,2013,,4.64,,PER_10000_POP,"per 10,000 population",G,Global,_X,Not Available,,,,,"NHWA data portal, December 2024 update https://apps.who.int/nhwaportal/",
DATAFLOW,SPC:DF_BP50_2(1.0),Blue Pacific 2050: People-Centered Development (Thematic Area 2),I,A,Annual,SH_MED_DEN,Health worker density,WS,Samoa,_T,Total,_T,All ages,_T,National,_T,Total,_T,All education levels,221,Medical Doctors,_Z,Not applicable,_T,No breakdown by disability,2015,,0.46,,PER_1000_POP,"per 1,000 population",N,National,C,Country Data,Samoa Ministry of Health - Health Sector Plan Report,,,,,
DATAFLOW,SPC:DF_BP50_2(1.0),Blue Pacific 2050: People-Centered Development (Thematic Area 2),I,A,Annual,SH_MED_DEN,Health worker density,WS,Samoa,_T,Total,_T,All ages,_T,National,_T,Total,_T,All education levels,221,Medical Doctors,_Z,Not applicable,_T,No breakdown by disability,2016,,3.29,,PER_10000_POP,"per 10,000 population",G,Global,_X,Not Available,,,,,"NHWA data portal, December 2024 update https://apps.who.int/nhwaportal/",
DATAFLOW,SPC:DF_BP50_2(1.0),Blue Pacific 2050: People-Centered Development (Thematic Area 2),I,A,Annual,SH_MED_DEN,Health worker density,WS,Samoa,_T,Total,_T,All ages,_T,National,_T,Total,_T,All education levels,221,Medical Doctors,_Z,Not applicable,_T,No breakdown by disability,2019,,5.58,,PER_10000_POP,"per 10,000 population",G,Global,_X,Not Available,,,,,"NHWA data portal, December 2024 update https://apps.who.int/nhwaportal/",
DATAFLOW,SPC:DF_BP50_2(1.0),Blue Pacific 2050: People-Centered Development (Thematic Area 2),I,A,Annual,SH_MED_DEN,Health worker density,WS,Samoa,_T,Total,_T,All ages,_T,National,_T,Total,_T,All education levels,221,Medical Doctors,_Z,Not applicable,_T,No breakdown by disability,2020,,5.62,,PER_10000_POP,"per 10,000 population",G,Global,_X,Not Available,,,,,"NHWA data portal, December 2024 update https://apps.who.int/nhwaportal/",
DATAFLOW,SPC:DF_BP50_2(1.0),Blue Pacific 2050: People-Centered Development (Thematic Area 2),I,A,Annual,SH_MED_DEN,Health worker density,WS,Samoa,_T,Total,_T,All ages,_T,National,_T,Total,_T,All education levels,221,Medical Doctors,_Z,Not applicable,_T,No breakdown by disability,2021,,5.61,,PER_10000_POP,"per 10,000 population",G,Global,_X,Not Available,,,,,"NHWA data portal, December 2024 update https://apps.who.int/nhwaportal/",
DATAFLOW,SPC:DF_BP50_2(1.0),Blue Pacific 2050: People-Centered Development (Thematic Area 2),I,A,Annual,SH_MED_DEN,Health worker density,NC,New Caledonia,_T,Total,_T,All ages,_T,National,_T,Total,_T,All education levels,221,Medical Doctors,_Z,Not applicable,_T,No breakdown by disability,1990,,16.79,,PER_10000_POP,"per 10,000 population",N,National,C,Country Data,"Nouvelle-Caledonie, DASS-NC, INSEE, Eurostat ",,A,Normal value,,
DATAFLOW,SPC:DF_BP50_2(1.0),Blue Pacific 2050: People-Centered Development (Thematic Area 2),I,A,Annual,SH_MED_DEN,Health worker density,NC,New Caledonia,_T,Total,_T,All ages,_T,National,_T,Total,_T,All education levels,221,Medical Doctors,_Z,Not applicable,_T,No breakdown by disability,1992,,18.58,,PER_10000_POP,"per 10,000 population",N,National,C,Country Data,"Nouvelle-Caledonie, DASS-NC, INSEE, Eurostat ",,A,Normal value,,
DATAFLOW,SPC:DF_BP50_2(1.0),Blue Pacific 2050: People-Centered Development (Thematic Area 2),I,A,Annual,SH_MED_DEN,Health worker density,NC,New Caledonia,_T,Total,_T,All ages,_T,National,_T,Total,_T,All education levels,221,Medical Doctors,_Z,Not applicable,_T,No breakdown by disability,1993,,18.16,,PER_10000_POP,"per 10,000 population",N,National,C,Country Data,"Nouvelle-Caledonie, DASS-NC, INSEE, Eurostat ",,A,Normal value,,
DATAFLOW,SPC:DF_BP50_2(1.0),Blue Pacific 2050: People-Centered Development (Thematic Area 2),I,A,Annual,SH_MED_DEN,Health worker density,NC,New Caledonia,_T,Total,_T,All ages,_T,National,_T,Total,_T,All education levels,221,Medical Doctors,_Z,Not applicable,_T,No breakdown by disability,1994,,17.94,,PER_10000_POP,"per 10,000 population",N,National,C,Country Data,"Nouvelle-Caledonie, DASS-NC, INSEE, Eurostat ",,A,Normal value,,
DATAFLOW,SPC:DF_BP50_2(1.0),Blue Pacific 2050: People-Centered Development (Thematic Area 2),I,A,Annual,SH_MED_DEN,Health worker density,NC,New Caledonia,_T,Total,_T,All ages,_T,National,_T,Total,_T,All education levels,221,Medical Doctors,_Z,Not applicable,_T,No breakdown by disability,1995,,18.47,,PER_10000_POP,"per 10,000 population",N,National,C,Country Data,"Nouvelle-Caledonie, DASS-NC, INSEE, Eurostat ",,A,Normal value,,
DATAFLOW,SPC:DF_BP50_2(1.0),Blue Pacific 2050: People-Centered Development (Thematic Area 2),I,A,Annual,SH_MED_DEN,Health worker density,NC,New Caledonia,_T,Total,_T,All ages,_T,National,_T,Total,_T,All education levels,221,Medical Doctors,_Z,Not applicable,_T,No breakdown by disability,1996,,18.32,,PER_10000_POP,"per 10,000 population",N,National,C,Country Data,"Nouvelle-Caledonie, DASS-NC, INSEE, Eurostat ",,A,Normal value,,
DATAFLOW,SPC:DF_BP50_2(1.0),Blue Pacific 2050: People-Centered Development (Thematic Area 2),I,A,Annual,SH_MED_DEN,Health worker density,NC,New Caledonia,_T,Total,_T,All ages,_T,National,_T,Total,_T,All education levels,221,Medical Doctors,_Z,Not applicable,_T,No breakdown by disability,1997,,18.47,,PER_10000_POP,"per 10,000 population",N,National,C,Country Data,"Nouvelle-Caledonie, DASS-NC, INSEE, Eurostat ",,A,Normal value,,
DATAFLOW,SPC:DF_BP50_2(1.0),Blue Pacific 2050: People-Centered Development (Thematic Area 2),I,A,Annual,SH_MED_DEN,Health worker density,NC,New Caledonia,_T,Total,_T,All ages,_T,National,_T,Total,_T,All education levels,221,Medical Doctors,_Z,Not applicable,_T,No breakdown by disability,1998,,19,,PER_10000_POP,"per 10,000 population",N,National,C,Country Data,"Nouvelle-Caledonie, DASS-NC, INSEE, Eurostat ",,A,Normal value,,
DATAFLOW,SPC:DF_BP50_2(1.0),Blue Pacific 2050: People-Centered Development (Thematic Area 2),I,A,Annual,SH_MED_DEN,Health worker density,NC,New Caledonia,_T,Total,_T,All ages,_T,National,_T,Total,_T,All education levels,221,Medical Doctors,_Z,Not applicable,_T,No breakdown by disability,1999,,19.98,,PER_10000_POP,"per 10,000 population",N,National,C,Country Data,"Nouvelle-Caledonie, DASS-NC, INSEE, Eurostat ",,A,Normal value,,
DATAFLOW,SPC:DF_BP50_2(1.0),Blue Pacific 2050: People-Centered Development (Thematic Area 2),I,A,Annual,SH_MED_DEN,Health worker density,NC,New Caledonia,_T,Total,_T,All ages,_T,National,_T,Total,_T,All education levels,221,Medical Doctors,_Z,Not applicable,_T,No breakdown by disability,2000,,20.45,,PER_10000_POP,"per 10,000 population",N,National,C,Country Data,"Nouvelle-Caledonie, DASS-NC, INSEE, Eurostat ",,A,Normal value,,
DATAFLOW,SPC:DF_BP50_2(1.0),Blue Pacific 2050: People-Centered Development (Thematic Area 2),I,A,Annual,SH_MED_DEN,Health worker density,NC,New Caledonia,_T,Total,_T,All ages,_T,National,_T,Total,_T,All education levels,221,Medical Doctors,_Z,Not applicable,_T,No breakdown by disability,2001,,20.94,,PER_10000_POP,"per 10,000 population",N,National,C,Country Data,"Nouvelle-Caledonie, DASS-NC, INSEE, Eurostat ",,A,Normal value,,
DATAFLOW,SPC:DF_BP50_2(1.0),Blue Pacific 2050: People-Centered Development (Thematic Area 2),I,A,Annual,SH_MED_DEN,Health worker density,NC,New Caledonia,_T,Total,_T,All ages,_T,National,_T,Total,_T,All education levels,221,Medical Doctors,_Z,Not applicable,_T,No breakdown by disability,2002,,21.49,,PER_10000_POP,"per 10,000 population",N,National,C,Country Data,"Nouvelle-Caledonie, DASS-NC, INSEE, Eurostat ",,A,Normal value,,
DATAFLOW,SPC:DF_BP50_2(1.0),Blue Pacific 2050: People-Centered Development (Thematic Area 2),I,A,Annual,SH_MED_DEN,Health worker density,NC,New Caledonia,_T,Total,_T,All ages,_T,National,_T,Total,_T,All education levels,221,Medical Doctors,_Z,Not applicable,_T,No breakdown by disability,2003,,21.31,,PER_10000_POP,"per 10,000 population",N,National,C,Country Data,"Nouvelle-Caledonie, DASS-NC, INSEE, Eurostat ",,A,Normal value,,
DATAFLOW,SPC:DF_BP50_2(1.0),Blue Pacific 2050: People-Centered Development (Thematic Area 2),I,A,Annual,SH_MED_DEN,Health worker density,NC,New Caledonia,_T,Total,_T,All ages,_T,National,_T,Total,_T,All education levels,221,Medical Doctors,_Z,Not applicable,_T,No breakdown by disability,2004,,21.08,,PER_10000_POP,"per 10,000 population",N,National,C,Country Data,"Nouvelle-Caledonie, DASS-NC, INSEE, Eurostat ",,A,Normal value,,
DATAFLOW,SPC:DF_BP50_2(1.0),Blue Pacific 2050: People-Centered Development (Thematic Area 2),I,A,Annual,SH_MED_DEN,Health worker density,NC,New Caledonia,_T,Total,_T,All ages,_T,National,_T,Total,_T,All education levels,221,Medical Doctors,_Z,Not applicable,_T,No breakdown by disability,2005,,21.29,,PER_10000_POP,"per 10,000 population",N,National,C,Country Data,"Nouvelle-Caledonie. DASS-NC, INSEE, Eurostat ",,,,,
DATAFLOW,SPC:DF_BP50_2(1.0),Blue Pacific 2050: People-Centered Development (Thematic Area 2),I,A,Annual,SH_MED_DEN,Health worker density,NC,New Caledonia,_T,Total,_T,All ages,_T,National,_T,Total,_T,All education levels,221,Medical Doctors,_Z,Not applicable,_T,No breakdown by disability,2006,,21.76,,PER_10000_POP,"per 10,000 population",N,National,C,Country Data,"Nouvelle-Caledonie. DASS-NC, INSEE, Eurostat ",,,,,
DATAFLOW,SPC:DF_BP50_2(1.0),Blue Pacific 2050: People-Centered Development (Thematic Area 2),I,A,Annual,SH_MED_DEN,Health worker density,NC,New Caledonia,_T,Total,_T,All ages,_T,National,_T,Total,_T,All education levels,221,Medical Doctors,_Z,Not applicable,_T,No breakdown by disability,2007,,22.3,,PER_10000_POP,"per 10,000 population",N,National,C,Country Data,"Nouvelle-Caledonie. DASS-NC, INSEE, Eurostat ",,,,,
DATAFLOW,SPC:DF_BP50_2(1.0),Blue Pacific 2050: People-Centered Development (Thematic Area 2),I,A,Annual,SH_MED_DEN,Health worker density,NC,New Caledonia,_T,Total,_T,All ages,_T,National,_T,Total,_T,All education levels,221,Medical Doctors,_Z,Not applicable,_T,No breakdown by disability,2008,,22.3,,PER_10000_POP,"per 10,000 population",N,National,C,Country Data,"Nouvelle-Caledonie. DASS-NC, INSEE, Eurostat ",,,,,
DATAFLOW,SPC:DF_BP50_2(1.0),Blue Pacific 2050: People-Centered Development (Thematic Area 2),I,A,Annual,SH_MED_DEN,Health worker density,NC,New Caledonia,_T,Total,_T,All ages,_T,National,_T,Total,_T,All education levels,221,Medical Doctors,_Z,Not applicable,_T,No breakdown by disability,2009,,22.07,,PER_10000_POP,"per 10,000 population",N,National,C,Country Data,"Nouvelle-Caledonie. DASS-NC, INSEE, Eurostat ",,,,,
DATAFLOW,SPC:DF_BP50_2(1.0),Blue Pacific 2050: People-Centered Development (Thematic Area 2),I,A,Annual,SH_MED_DEN,Health worker density,NC,New Caledonia,_T,Total,_T,All ages,_T,National,_T,Total,_T,All education levels,221,Medical Doctors,_Z,Not applicable,_T,No breakdown by disability,2010,,22.29,,PER_10000_POP,"per 10,000 population",N,National,C,Country Data,"Nouvelle-Caledonie. DASS-NC, INSEE, Eurostat ",,,,,
DATAFLOW,SPC:DF_BP50_2(1.0),Blue Pacific 2050: People-Centered Development (Thematic Area 2),I,A,Annual,SH_MED_DEN,Health worker density,NC,New Caledonia,_T,Total,_T,All ages,_T,National,_T,Total,_T,All education levels,221,Medical Doctors,_Z,Not applicable,_T,No breakdown by disability,2011,,24.39,,PER_10000_POP,"per 10,000 population",N,National,C,Country Data,"Nouvelle-Caledonie. DASS-NC, INSEE, Eurostat ",,,,,
DATAFLOW,SPC:DF_BP50_2(1.0),Blue Pacific 2050: People-Centered Development (Thematic Area 2),I,A,Annual,SH_MED_DEN,Health worker density,NC,New Caledonia,_T,Total,_T,All ages,_T,National,_T,Total,_T,All education levels,221,Medical Doctors,_Z,Not applicable,_T,No breakdown by disability,2012,,24.45,,PER_10000_POP,"per 10,000 population",N,National,C,Country Data,"Nouvelle-Caledonie. DASS-NC, INSEE, Eurostat ",,,,,
DATAFLOW,SPC:DF_BP50_2(1.0),Blue Pacific 2050: People-Centered Development (Thematic Area 2),I,A,Annual,SH_MED_DEN,Health worker density,NC,New Caledonia,_T,Total,_T,All ages,_T,National,_T,Total,_T,All education levels,221,Medical Doctors,_Z,Not applicable,_T,No breakdown by disability,2013,,25,,PER_10000_POP,"per 10,000 population",N,National,C,Country Data,"Nouvelle-Caledonie. DASS-NC, INSEE, Eurostat ",,,,,
DATAFLOW,SPC:DF_BP50_2(1.0),Blue Pacific 2050: People-Centered Development (Thematic Area 2),I,A,Annual,SH_MED_DEN,Health worker density,NC,New Caledonia,_T,Total,_T,All ages,_T,National,_T,Total,_T,All education levels,221,Medical Doctors,_Z,Not applicable,_T,No breakdown by disability,2014,,23.78,,PER_10000_POP,"per 10,000 population",N,National,C,Country Data,"Nouvelle-Caledonie. DASS-NC, INSEE, Eurostat ",,,,,
DATAFLOW,SPC:DF_BP50_2(1.0),Blue Pacific 2050: People-Centered Development (Thematic Area 2),I,A,Annual,SH_MED_DEN,Health worker density,NC,New Caledonia,_T,Total,_T,All ages,_T,National,_T,Total,_T,All education levels,221,Medical Doctors,_Z,Not applicable,_T,No breakdown by disability,2015,,23.57,,PER_10000_POP,"per 10,000 population",N,National,C,Country Data,"Nouvelle-Caledonie. DASS-NC, INSEE, Eurostat ",,,,,
DATAFLOW,SPC:DF_BP50_2(1.0),Blue Pacific 2050: People-Centered Development (Thematic Area 2),I,A,Annual,SH_MED_DEN,Health worker density,NC,New Caledonia,_T,Total,_T,All ages,_T,National,_T,Total,_T,All education levels,221,Medical Doctors,_Z,Not applicable,_T,No breakdown by disability,2016,,23.4,,PER_10000_POP,"per 10,000 population",N,National,C,Country Data,"Nouvelle-Caledonie. DASS-NC, INSEE, Eurostat ",,,,,
DATAFLOW,SPC:DF_BP50_2(1.0),Blue Pacific 2050: People-Centered Development (Thematic Area 2),I,A,Annual,SH_MED_DEN,Health worker density,NC,New Caledonia,_T,Total,_T,All ages,_T,National,_T,Total,_T,All education levels,221,Medical Doctors,_Z,Not applicable,_T,No breakdown by disability,2017,,23.1,,PER_10000_POP,"per 10,000 population",N,National,C,Country Data,"Nouvelle-Caledonie. DASS-NC, INSEE, Eurostat ",,,,,
DATAFLOW,SPC:DF_BP50_2(1.0),Blue Pacific 2050: People-Centered Development (Thematic Area 2),I,A,Annual,SH_MED_DEN,Health worker density,NC,New Caledonia,_T,Total,_T,All ages,_T,National,_T,Total,_T,All education levels,221,Medical Doctors,_Z,Not applicable,_T,No breakdown by disability,2018,,23.67,,PER_10000_POP,"per 10,000 population",N,National,C,Country Data,"Nouvelle-Caledonie, DASS-NC, INSEE, Eurostat ",,A,Normal value,,
DATAFLOW,SPC:DF_BP50_2(1.0),Blue Pacific 2050: People-Centered Development (Thematic Area 2),I,A,Annual,SH_MED_DEN,Health worker density,FM,Micronesia (Federated States of),_T,Total,_T,All ages,_T,National,_T,Total,_T,All education levels,222,Nursing and Midwifery Professionals,_Z,Not applicable,_T,No breakdown by disability,2000,,0.65,,PER_10000_POP,"per 10,000 population",G,Global,C,Country Data,"Global Health Workforce Statistics database, Global Health Observatory, WHO",,,,,
DATAFLOW,SPC:DF_BP50_2(1.0),Blue Pacific 2050: People-Centered Development (Thematic Area 2),I,A,Annual,SH_MED_DEN,Health worker density,FM,Micronesia (Federated States of),_T,Total,_T,All ages,_T,National,_T,Total,_T,All education levels,222,Nursing and Midwifery Professionals,_Z,Not applicable,_T,No breakdown by disability,2003,,1.87,,PER_10000_POP,"per 10,000 population",G,Global,C,Country Data,"Global Health Workforce Statistics database, Global Health Observatory, WHO",,,,,
DATAFLOW,SPC:DF_BP50_2(1.0),Blue Pacific 2050: People-Centered Development (Thematic Area 2),I,A,Annual,SH_MED_DEN,Health worker density,FM,Micronesia (Federated States of),_T,Total,_T,All ages,_T,National,_T,Total,_T,All education levels,222,Nursing and Midwifery Professionals,_Z,Not applicable,_T,No breakdown by disability,2005,,1.89,,PER_10000_POP,"per 10,000 population",G,Global,C,Country Data,"Global Health Workforce Statistics database, Global Health Observatory, WHO",,,,,
DATAFLOW,SPC:DF_BP50_2(1.0),Blue Pacific 2050: People-Centered Development (Thematic Area 2),I,A,Annual,SH_MED_DEN,Health worker density,FM,Micronesia (Federated States of),_T,Total,_T,All ages,_T,National,_T,Total,_T,All education levels,222,Nursing and Midwifery Professionals,_Z,Not applicable,_T,No breakdown by disability,2008,,1.55,,PER_10000_POP,"per 10,000 population",G,Global,C,Country Data,"Global Health Workforce Statistics database, Global Health Observatory, WHO",,,,,
DATAFLOW,SPC:DF_BP50_2(1.0),Blue Pacific 2050: People-Centered Development (Thematic Area 2),I,A,Annual,SH_MED_DEN,Health worker density,FM,Micronesia (Federated States of),_T,Total,_T,All ages,_T,National,_T,Total,_T,All education levels,222,Nursing and Midwifery Professionals,_Z,Not applicable,_T,No breakdown by disability,2009,,6.12,,PER_10000_POP,"per 10,000 population",G,Global,C,Country Data,"Global Health Workforce Statistics database, Global Health Observatory, WHO",,,,,
DATAFLOW,SPC:DF_BP50_2(1.0),Blue Pacific 2050: People-Centered Development (Thematic Area 2),I,A,Annual,SH_MED_DEN,Health worker density,FM,Micronesia (Federated States of),_T,Total,_T,All ages,_T,National,_T,Total,_T,All education levels,222,Nursing and Midwifery Professionals,_Z,Not applicable,_T,No breakdown by disability,2018,,20.93,,PER_10000_POP,"per 10,000 population",G,Global,_X,Not Available,,,,,"NHWA data portal, December 2024 update https://apps.who.int/nhwaportal/",
DATAFLOW,SPC:DF_BP50_2(1.0),Blue Pacific 2050: People-Centered Development (Thematic Area 2),I,A,Annual,SH_MED_DEN,Health worker density,FM,Micronesia (Federated States of),_T,Total,_T,All ages,_T,National,_T,Total,_T,All education levels,222,Nursing and Midwifery Professionals,_Z,Not applicable,_T,No breakdown by disability,2019,,22.21,,PER_10000_POP,"per 10,000 population",G,Global,_X,Not Available,,,,,"NHWA data portal, December 2024 update https://apps.who.int/nhwaportal/",
DATAFLOW,SPC:DF_BP50_2(1.0),Blue Pacific 2050: People-Centered Development (Thematic Area 2),I,A,Annual,SH_STA_BRTC,Proportion of births attended by skilled health personnel,SB,Solomon Islands,_T,Total,_T,All ages,_T,National,_T,Total,_T,All education levels,_T,All occupations,_Z,Not applicable,_T,No breakdown by disability,2007,,85.5,,PERCENT,percent,N,National,C,Country Data,"Solomon Islands National Statsistics Office, Solomon Islands Demographic and Health Survey 2006-2007. Noumea: SPC; 2009.",,,,,
DATAFLOW,SPC:DF_BP50_2(1.0),Blue Pacific 2050: People-Centered Development (Thematic Area 2),I,A,Annual,SH_STA_BRTC,Proportion of births attended by skilled health personnel,SB,Solomon Islands,_T,Total,_T,All ages,_T,National,_T,Total,_T,All education levels,_T,All occupations,_Z,Not applicable,_T,No breakdown by disability,2015,,86.5,,PERCENT,percent,G,Global,C,Country Data,"Solomon Islands National Statistics Office, Solomon Islands Ministry of Health and Medical Services (SIMoHMS), Pacific Community (SPC), Australian Aid, United Nations Children’s Fund (UNICEF) . Solomon Islands Demographic and Health Survey 2015. Noumea: SPC; 2017. ",,,,,
DATAFLOW,SPC:DF_BP50_2(1.0),Blue Pacific 2050: People-Centered Development (Thematic Area 2),I,A,Annual,SH_MED_DEN,Health worker density,PW,Palau,_T,Total,_T,All ages,_T,National,_T,Total,_T,All education levels,221,Medical Doctors,_Z,Not applicable,_T,No breakdown by disability,1998,,14.05,,PER_10000_POP,"per 10,000 population",G,Global,_X,Not Available,,,,,"NHWA data portal, December 2024 update https://apps.who.int/nhwaportal/",
DATAFLOW,SPC:DF_BP50_2(1.0),Blue Pacific 2050: People-Centered Development (Thematic Area 2),I,A,Annual,SH_MED_DEN,Health worker density,PW,Palau,_T,Total,_T,All ages,_T,National,_T,Total,_T,All education levels,221,Medical Doctors,_Z,Not applicable,_T,No breakdown by disability,2006,,13.27,,PER_10000_POP,"per 10,000 population",G,Global,_X,Not Available,,,,,"NHWA data portal, December 2024 update https://apps.who.int/nhwaportal/",
DATAFLOW,SPC:DF_BP50_2(1.0),Blue Pacific 2050: People-Centered Development (Thematic Area 2),I,A,Annual,SH_MED_DEN,Health worker density,PW,Palau,_T,Total,_T,All ages,_T,National,_T,Total,_T,All education levels,221,Medical Doctors,_Z,Not applicable,_T,No breakdown by disability,2007,,1.2,,PER_1000_POP,"per 1,000 population",N,National,C,Country Data,"Global Health Workforce Statistics database, Global Health Observatory, WHO",,,,,
DATAFLOW,SPC:DF_BP50_2(1.0),Blue Pacific 2050: People-Centered Development (Thematic Area 2),I,A,Annual,SH_MED_DEN,Health worker density,PW,Palau,_T,Total,_T,All ages,_T,National,_T,Total,_T,All education levels,221,Medical Doctors,_Z,Not applicable,_T,No breakdown by disability,2009,,15.51,,PER_10000_POP,"per 10,000 population",G,Global,_X,Not Available,,,,,"NHWA data portal, December 2024 update https://apps.who.int/nhwaportal/",
DATAFLOW,SPC:DF_BP50_2(1.0),Blue Pacific 2050: People-Centered Development (Thematic Area 2),I,A,Annual,SH_MED_DEN,Health worker density,PW,Palau,_T,Total,_T,All ages,_T,National,_T,Total,_T,All education levels,221,Medical Doctors,_Z,Not applicable,_T,No breakdown by disability,2010,,15.76,,PER_10000_POP,"per 10,000 population",G,Global,_X,Not Available,,,,,"NHWA data portal, December 2024 update https://apps.who.int/nhwaportal/",
DATAFLOW,SPC:DF_BP50_2(1.0),Blue Pacific 2050: People-Centered Development (Thematic Area 2),I,A,Annual,SH_MED_DEN,Health worker density,PW,Palau,_T,Total,_T,All ages,_T,National,_T,Total,_T,All education levels,221,Medical Doctors,_Z,Not applicable,_T,No breakdown by disability,2014,,14.12,,PER_10000_POP,"per 10,000 population",G,Global,_X,Not Available,,,,,"NHWA data portal, December 2024 update https://apps.who.int/nhwaportal/",
DATAFLOW,SPC:DF_BP50_2(1.0),Blue Pacific 2050: People-Centered Development (Thematic Area 2),I,A,Annual,SH_MED_DEN,Health worker density,PW,Palau,_T,Total,_T,All ages,_T,National,_T,Total,_T,All education levels,221,Medical Doctors,_Z,Not applicable,_T,No breakdown by disability,2017,,19.1,,PER_10000_POP,"per 10,000 population",G,Global,_X,Not Available,,,,,"NHWA data portal, December 2024 update https://apps.who.int/nhwaportal/",
DATAFLOW,SPC:DF_BP50_2(1.0),Blue Pacific 2050: People-Centered Development (Thematic Area 2),I,A,Annual,SH_MED_DEN,Health worker density,PW,Palau,_T,Total,_T,All ages,_T,National,_T,Total,_T,All education levels,221,Medical Doctors,_Z,Not applicable,_T,No breakdown by disability,2018,,15.73,,PER_10000_POP,"per 10,000 population",G,Global,_X,Not Available,,,,,"NHWA data portal, December 2024 update https://apps.who.int/nhwaportal/",
DATAFLOW,SPC:DF_BP50_2(1.0),Blue Pacific 2050: People-Centered Development (Thematic Area 2),I,A,Annual,SH_MED_DEN,Health worker density,PW,Palau,_T,Total,_T,All ages,_T,National,_T,Total,_T,All education levels,221,Medical Doctors,_Z,Not applicable,_T,No breakdown by disability,2019,,21.91,,PER_10000_POP,"per 10,000 population",G,Global,_X,Not Available,,,,,"NHWA data portal, December 2024 update https://apps.who.int/nhwaportal/",
DATAFLOW,SPC:DF_BP50_2(1.0),Blue Pacific 2050: People-Centered Development (Thematic Area 2),I,A,Annual,SH_MED_DEN,Health worker density,PW,Palau,_T,Total,_T,All ages,_T,National,_T,Total,_T,All education levels,221,Medical Doctors,_Z,Not applicable,_T,No breakdown by disability,2020,,17.98,,PER_10000_POP,"per 10,000 population",G,Global,_X,Not Available,,,,,"NHWA data portal, December 2024 update https://apps.who.int/nhwaportal/",
DATAFLOW,SPC:DF_BP50_2(1.0),Blue Pacific 2050: People-Centered Development (Thematic Area 2),I,A,Annual,SH_MED_DEN,Health worker density,PW,Palau,_T,Total,_T,All ages,_T,National,_T,Total,_T,All education levels,221,Medical Doctors,_Z,Not applicable,_T,No breakdown by disability,2021,,28.09,,PER_10000_POP,"per 10,000 population",G,Global,_X,Not Available,,,,,"NHWA data portal, December 2024 update https://apps.who.int/nhwaportal/",
DATAFLOW,SPC:DF_BP50_2(1.0),Blue Pacific 2050: People-Centered Development (Thematic Area 2),I,A,Annual,SH_MED_DEN,Health worker density,PW,Palau,_T,Total,_T,All ages,_T,National,_T,Total,_T,All education levels,221,Medical Doctors,_Z,Not applicable,_T,No breakdown by disability,2022,,24.72,,PER_10000_POP,"per 10,000 population",G,Global,_X,Not Available,,,,,"NHWA data portal, December 2024 update https://apps.who.int/nhwaportal/",
DATAFLOW,SPC:DF_BP50_2(1.0),Blue Pacific 2050: People-Centered Development (Thematic Area 2),I,A,Annual,SH_MED_DEN,Health worker density,PW,Palau,_T,Total,_T,All ages,_T,National,_T,Total,_T,All education levels,221,Medical Doctors,_Z,Not applicable,_T,No breakdown by disability,2023,,18.08,,PER_10000_POP,"per 10,000 population",G,Global,_X,Not Available,,,,,"NHWA data portal, December 2024 update https://apps.who.int/nhwaportal/",
DATAFLOW,SPC:DF_BP50_2(1.0),Blue Pacific 2050: People-Centered Development (Thematic Area 2),I,A,Annual,SH_MED_DEN,Health worker density,WS,Samoa,_T,Total,_T,All ages,_T,National,_T,Total,_T,All education levels,2261,Dentists,_Z,Not applicable,_T,No breakdown by disability,2003,,0.54,,PER_10000_POP,"per 10,000 population",G,Global,_X,Not Available,,,,,"NHWA data portal, December 2024 update https://apps.who.int/nhwaportal/",
DATAFLOW,SPC:DF_BP50_2(1.0),Blue Pacific 2050: People-Centered Development (Thematic Area 2),I,A,Annual,SH_MED_DEN,Health worker density,WS,Samoa,_T,Total,_T,All ages,_T,National,_T,Total,_T,All education levels,2261,Dentists,_Z,Not applicable,_T,No breakdown by disability,2008,,0.89,,PER_10000_POP,"per 10,000 population",G,Global,_X,Not Available,,,,,"NHWA data portal, December 2024 update https://apps.who.int/nhwaportal/",
DATAFLOW,SPC:DF_BP50_2(1.0),Blue Pacific 2050: People-Centered Development (Thematic Area 2),I,A,Annual,SH_MED_DEN,Health worker density,WS,Samoa,_T,Total,_T,All ages,_T,National,_T,Total,_T,All education levels,2261,Dentists,_Z,Not applicable,_T,No breakdown by disability,2010,,2.33,,PER_10000_POP,"per 10,000 population",G,Global,_X,Not Available,,,,,"NHWA data portal, December 2024 update https://apps.who.int/nhwaportal/",
DATAFLOW,SPC:DF_BP50_2(1.0),Blue Pacific 2050: People-Centered Development (Thematic Area 2),I,A,Annual,SH_MED_DEN,Health worker density,WS,Samoa,_T,Total,_T,All ages,_T,National,_T,Total,_T,All education levels,2261,Dentists,_Z,Not applicable,_T,No breakdown by disability,2013,,0.61,,PER_10000_POP,"per 10,000 population",G,Global,_X,Not Available,,,,,"NHWA data portal, December 2024 update https://apps.who.int/nhwaportal/",
DATAFLOW,SPC:DF_BP50_2(1.0),Blue Pacific 2050: People-Centered Development (Thematic Area 2),I,A,Annual,SH_MED_DEN,Health worker density,WS,Samoa,_T,Total,_T,All ages,_T,National,_T,Total,_T,All education levels,2261,Dentists,_Z,Not applicable,_T,No breakdown by disability,2015,,0.34,,PER_1000_POP,"per 1,000 population",N,National,C,Country Data,Samoa Ministry of Health - Health Sector Plan Report,,,,,
DATAFLOW,SPC:DF_BP50_2(1.0),Blue Pacific 2050: People-Centered Development (Thematic Area 2),I,A,Annual,SH_MED_DEN,Health worker density,WS,Samoa,_T,Total,_T,All ages,_T,National,_T,Total,_T,All education levels,2261,Dentists,_Z,Not applicable,_T,No breakdown by disability,2016,,1.43,,PER_10000_POP,"per 10,000 population",G,Global,_X,Not Available,,,,,"NHWA data portal, December 2024 update https://apps.who.int/nhwaportal/",
DATAFLOW,SPC:DF_BP50_2(1.0),Blue Pacific 2050: People-Centered Development (Thematic Area 2),I,A,Annual,SH_MED_DEN,Health worker density,WS,Samoa,_T,Total,_T,All ages,_T,National,_T,Total,_T,All education levels,2261,Dentists,_Z,Not applicable,_T,No breakdown by disability,2019,,1,,PER_10000_POP,"per 10,000 population",G,Global,_X,Not Available,,,,,"NHWA data portal, December 2024 update https://apps.who.int/nhwaportal/",
DATAFLOW,SPC:DF_BP50_2(1.0),Blue Pacific 2050: People-Centered Development (Thematic Area 2),I,A,Annual,SH_MED_DEN,Health worker density,WS,Samoa,_T,Total,_T,All ages,_T,National,_T,Total,_T,All education levels,2261,Dentists,_Z,Not applicable,_T,No breakdown by disability,2020,,0.9,,PER_10000_POP,"per 10,000 population",G,Global,_X,Not Available,,,,,"NHWA data portal, December 2024 update https://apps.who.int/nhwaportal/",
DATAFLOW,SPC:DF_BP50_2(1.0),Blue Pacific 2050: People-Centered Development (Thematic Area 2),I,A,Annual,SH_MED_DEN,Health worker density,PF,French Polynesia,_T,Total,_T,All ages,_T,National,_T,Total,_T,All education levels,2261,Dentists,_Z,Not applicable,_T,No breakdown by disability,2001,,4,,PER_10000_POP,"per 10,000 population",N,National,C,Country Data,"Polynesie Francaise, ISPF, PolyBref 2004, Ordre national des Medecins, des Chirurgiens-Dentistes, Direction de la Sante",,A,Normal value,,
DATAFLOW,SPC:DF_BP50_2(1.0),Blue Pacific 2050: People-Centered Development (Thematic Area 2),I,A,Annual,SH_MED_DEN,Health worker density,PF,French Polynesia,_T,Total,_T,All ages,_T,National,_T,Total,_T,All education levels,2261,Dentists,_Z,Not applicable,_T,No breakdown by disability,2002,,4.2,,PER_10000_POP,"per 10,000 population",N,National,C,Country Data,"Polynesie Francaise, ISPF, PolyBref 2005, Ordre national des Medecins, des Chirurgiens-Dentistes, Direction de la Sante",,A,Normal value,,
DATAFLOW,SPC:DF_BP50_2(1.0),Blue Pacific 2050: People-Centered Development (Thematic Area 2),I,A,Annual,SH_MED_DEN,Health worker density,PF,French Polynesia,_T,Total,_T,All ages,_T,National,_T,Total,_T,All education levels,2261,Dentists,_Z,Not applicable,_T,No breakdown by disability,2003,,4.1,,PER_10000_POP,"per 10,000 population",N,National,C,Country Data,"Polynesie Francaise, ISPF, PolyBref 2006, Ordre national des Medecins, des Chirurgiens-Dentistes, Direction de la Sante",,A,Normal value,,
DATAFLOW,SPC:DF_BP50_2(1.0),Blue Pacific 2050: People-Centered Development (Thematic Area 2),I,A,Annual,SH_MED_DEN,Health worker density,PF,French Polynesia,_T,Total,_T,All ages,_T,National,_T,Total,_T,All education levels,2261,Dentists,_Z,Not applicable,_T,No breakdown by disability,2004,,4.1,,PER_10000_POP,"per 10,000 population",N,National,C,Country Data,"Polynesie Francaise, ISPF, PolyBref 2007, Ordre national des Medecins, des Chirurgiens-Dentistes, Direction de la Sante",,A,Normal value,,
DATAFLOW,SPC:DF_BP50_2(1.0),Blue Pacific 2050: People-Centered Development (Thematic Area 2),I,A,Annual,SH_MED_DEN,Health worker density,PF,French Polynesia,_T,Total,_T,All ages,_T,National,_T,Total,_T,All education levels,2261,Dentists,_Z,Not applicable,_T,No breakdown by disability,2005,,4.2,,PER_10000_POP,"per 10,000 population",N,National,C,Country Data,"Polynesie Francaise, ISPF, PolyBref 2008, Ordre national des Medecins, des Chirurgiens-Dentistes, Direction de la Sante",,A,Normal value,,
DATAFLOW,SPC:DF_BP50_2(1.0),Blue Pacific 2050: People-Centered Development (Thematic Area 2),I,A,Annual,SH_MED_DEN,Health worker density,PF,French Polynesia,_T,Total,_T,All ages,_T,National,_T,Total,_T,All education levels,2261,Dentists,_Z,Not applicable,_T,No breakdown by disability,2006,,4.1,,PER_10000_POP,"per 10,000 population",N,National,C,Country Data,"Polynesie Francaise, ISPF, PolyBref 2009, Ordre national des Medecins, des Chirurgiens-Dentistes, Direction de la Sante",,A,Normal value,,
DATAFLOW,SPC:DF_BP50_2(1.0),Blue Pacific 2050: People-Centered Development (Thematic Area 2),I,A,Annual,SH_MED_DEN,Health worker density,PF,French Polynesia,_T,Total,_T,All ages,_T,National,_T,Total,_T,All education levels,2261,Dentists,_Z,Not applicable,_T,No breakdown by disability,2007,,4.1,,PER_10000_POP,"per 10,000 population",N,National,C,Country Data,"Polynesie Francaise, ISPF, PolyBref 2010, Ordre national des Medecins, des Chirurgiens-Dentistes, Direction de la Sante",,A,Normal value,,
DATAFLOW,SPC:DF_BP50_2(1.0),Blue Pacific 2050: People-Centered Development (Thematic Area 2),I,A,Annual,SH_MED_DEN,Health worker density,PF,French Polynesia,_T,Total,_T,All ages,_T,National,_T,Total,_T,All education levels,2261,Dentists,_Z,Not applicable,_T,No breakdown by disability,2008,,4.1,,PER_10000_POP,"per 10,000 population",N,National,C,Country Data,"Polynesie Francaise, ISPF, PolyBref 2011, Ordre national des Medecins, des Chirurgiens-Dentistes, Direction de la Sante",,A,Normal value,,
DATAFLOW,SPC:DF_BP50_2(1.0),Blue Pacific 2050: People-Centered Development (Thematic Area 2),I,A,Annual,SH_MED_DEN,Health worker density,PF,French Polynesia,_T,Total,_T,All ages,_T,National,_T,Total,_T,All education levels,2261,Dentists,_Z,Not applicable,_T,No breakdown by disability,2009,,4.2,,PER_10000_POP,"per 10,000 population",N,National,C,Country Data,"Polynesie Francaise, ISPF, PolyBref 2012, Ordre national des Medecins, des Chirurgiens-Dentistes, Direction de la Sante",,A,Normal value,,
DATAFLOW,SPC:DF_BP50_2(1.0),Blue Pacific 2050: People-Centered Development (Thematic Area 2),I,A,Annual,SH_MED_DEN,Health worker density,PF,French Polynesia,_T,Total,_T,All ages,_T,National,_T,Total,_T,All education levels,2261,Dentists,_Z,Not applicable,_T,No breakdown by disability,2010,,4.2,,PER_10000_POP,"per 10,000 population",N,National,C,Country Data,"Polynesie Francaise, ISPF, PolyBref 2013, Ordre national des Medecins, des Chirurgiens-Dentistes, Direction de la Sante",,A,Normal value,,
DATAFLOW,SPC:DF_BP50_2(1.0),Blue Pacific 2050: People-Centered Development (Thematic Area 2),I,A,Annual,SH_MED_DEN,Health worker density,PF,French Polynesia,_T,Total,_T,All ages,_T,National,_T,Total,_T,All education levels,2261,Dentists,_Z,Not applicable,_T,No breakdown by disability,2011,,4.2,,PER_10000_POP,"per 10,000 population",N,National,C,Country Data,"Polynesie Francaise, ISPF, PolyBref 2014, Ordre national des Medecins, des Chirurgiens-Dentistes, Direction de la Sante",,A,Normal value,,
DATAFLOW,SPC:DF_BP50_2(1.0),Blue Pacific 2050: People-Centered Development (Thematic Area 2),I,A,Annual,SH_MED_DEN,Health worker density,PF,French Polynesia,_T,Total,_T,All ages,_T,National,_T,Total,_T,All education levels,2261,Dentists,_Z,Not applicable,_T,No breakdown by disability,2012,,4.2,,PER_10000_POP,"per 10,000 population",N,National,C,Country Data,"Polynesie Francaise, ISPF, PolyBref 2015, Conseil de l'ordre des medecins, pharmaciens et chirurgiens dentistes - Direction de la Sante",,A,Normal value,,
DATAFLOW,SPC:DF_BP50_2(1.0),Blue Pacific 2050: People-Centered Development (Thematic Area 2),I,A,Annual,SH_MED_DEN,Health worker density,PF,French Polynesia,_T,Total,_T,All ages,_T,National,_T,Total,_T,All education levels,2261,Dentists,_Z,Not applicable,_T,No breakdown by disability,2013,,4.2,,PER_10000_POP,"per 10,000 population",N,National,C,Country Data,"Polynesie Francaise, ISPF, PolyBref 2016, Conseil de l'ordre des medecins, pharmaciens et chirurgiens dentistes - Direction de la Sante",,A,Normal value,,
DATAFLOW,SPC:DF_BP50_2(1.0),Blue Pacific 2050: People-Centered Development (Thematic Area 2),I,A,Annual,SH_MED_DEN,Health worker density,PF,French Polynesia,_T,Total,_T,All ages,_T,National,_T,Total,_T,All education levels,2261,Dentists,_Z,Not applicable,_T,No breakdown by disability,2014,,3.9,,PER_10000_POP,"per 10,000 population",N,National,C,Country Data,"Polynesie Francaise, ISPF, PolyBref 2017, Conseil de l'ordre des medecins, pharmaciens et chirurgiens dentistes - Direction de la Sante",,A,Normal value,,
DATAFLOW,SPC:DF_BP50_2(1.0),Blue Pacific 2050: People-Centered Development (Thematic Area 2),I,A,Annual,SH_MED_DEN,Health worker density,PF,French Polynesia,_T,Total,_T,All ages,_T,National,_T,Total,_T,All education levels,2261,Dentists,_Z,Not applicable,_T,No breakdown by disability,2022,,3.79,,PER_10000_POP,"per 10,000 population",N,National,C,Country Data,"Polynesie Francaise, ISPF, PolyBref 2022, Agence de regulation de l'action sanitaire et sociale",,A,Normal value,,
DATAFLOW,SPC:DF_BP50_2(1.0),Blue Pacific 2050: People-Centered Development (Thematic Area 2),I,A,Annual,SH_STA_BRTC,Proportion of births attended by skilled health personnel,VU,Vanuatu,F,Female,Y15T49,15-49,_T,National,_T,Total,_T,All education levels,_T,All occupations,_Z,Not applicable,_T,No breakdown by disability,2023,,90.9,,PERCENT,percent,N,National,C,Country Data,"Vanuatu Bureau of Statistics, Multiple Indicator Cluster Survey 2023, Survey Findings Report July 2024",,A,Normal value,,
DATAFLOW,SPC:DF_BP50_2(1.0),Blue Pacific 2050: People-Centered Development (Thematic Area 2),I,A,Annual,SH_MED_DEN,Health worker density,VU,Vanuatu,_T,Total,_T,All ages,_T,National,_T,Total,_T,All education levels,221,Medical Doctors,_Z,Not applicable,_T,No breakdown by disability,1997,,1.15,,PER_10000_POP,"per 10,000 population",G,Global,_X,Not Available,,,,,"NHWA data portal, December 2024 update https://apps.who.int/nhwaportal/",
DATAFLOW,SPC:DF_BP50_2(1.0),Blue Pacific 2050: People-Centered Development (Thematic Area 2),I,A,Annual,SH_MED_DEN,Health worker density,VU,Vanuatu,_T,Total,_T,All ages,_T,National,_T,Total,_T,All education levels,221,Medical Doctors,_Z,Not applicable,_T,No breakdown by disability,2004,,1.46,,PER_10000_POP,"per 10,000 population",G,Global,_X,Not Available,,,,,"NHWA data portal, December 2024 update https://apps.who.int/nhwaportal/",
DATAFLOW,SPC:DF_BP50_2(1.0),Blue Pacific 2050: People-Centered Development (Thematic Area 2),I,A,Annual,SH_MED_DEN,Health worker density,VU,Vanuatu,_T,Total,_T,All ages,_T,National,_T,Total,_T,All education levels,221,Medical Doctors,_Z,Not applicable,_T,No breakdown by disability,2007,,1.18,,PER_10000_POP,"per 10,000 population",G,Global,_X,Not Available,,,,,"NHWA data portal, December 2024 update https://apps.who.int/nhwaportal/",
DATAFLOW,SPC:DF_BP50_2(1.0),Blue Pacific 2050: People-Centered Development (Thematic Area 2),I,A,Annual,SH_MED_DEN,Health worker density,VU,Vanuatu,_T,Total,_T,All ages,_T,National,_T,Total,_T,All education levels,221,Medical Doctors,_Z,Not applicable,_T,No breakdown by disability,2008,,1.15,,PER_10000_POP,"per 10,000 population",G,Global,_X,Not Available,,,,,"NHWA data portal, December 2024 update https://apps.who.int/nhwaportal/",
DATAFLOW,SPC:DF_BP50_2(1.0),Blue Pacific 2050: People-Centered Development (Thematic Area 2),I,A,Annual,SH_MED_DEN,Health worker density,VU,Vanuatu,_T,Total,_T,All ages,_T,National,_T,Total,_T,All education levels,221,Medical Doctors,_Z,Not applicable,_T,No breakdown by disability,2012,,1.85,,PER_10000_POP,"per 10,000 population",G,Global,_X,Not Available,,,,,"NHWA data portal, December 2024 update https://apps.who.int/nhwaportal/",
DATAFLOW,SPC:DF_BP50_2(1.0),Blue Pacific 2050: People-Centered Development (Thematic Area 2),I,A,Annual,SH_MED_DEN,Health worker density,VU,Vanuatu,_T,Total,_T,All ages,_T,National,_T,Total,_T,All education levels,221,Medical Doctors,_Z,Not applicable,_T,No breakdown by disability,2016,,1.69,,PER_10000_POP,"per 10,000 population",G,Global,_X,Not Available,,,,,"NHWA data portal, December 2024 update https://apps.who.int/nhwaportal/",
DATAFLOW,SPC:DF_BP50_2(1.0),Blue Pacific 2050: People-Centered Development (Thematic Area 2),I,A,Annual,SH_MED_DEN,Health worker density,VU,Vanuatu,_T,Total,_T,All ages,_T,National,_T,Total,_T,All education levels,221,Medical Doctors,_Z,Not applicable,_T,No breakdown by disability,2018,,1.37,,PER_10000_POP,"per 10,000 population",G,Global,_X,Not Available,,,,,"NHWA data portal, December 2024 update https://apps.who.int/nhwaportal/",
DATAFLOW,SPC:DF_BP50_2(1.0),Blue Pacific 2050: People-Centered Development (Thematic Area 2),I,A,Annual,SH_MED_DEN,Health worker density,VU,Vanuatu,_T,Total,_T,All ages,_T,National,_T,Total,_T,All education levels,221,Medical Doctors,_Z,Not applicable,_T,No breakdown by disability,2019,,1.64,,PER_10000_POP,"per 10,000 population",G,Global,_X,Not Available,,,,,"NHWA data portal, December 2024 update https://apps.who.int/nhwaportal/",
DATAFLOW,SPC:DF_BP50_2(1.0),Blue Pacific 2050: People-Centered Development (Thematic Area 2),I,A,Annual,SH_STA_BRTC,Proportion of births attended by skilled health personnel,VU,Vanuatu,_T,Total,_T,All ages,_T,National,_T,Total,_T,All education levels,_T,All occupations,_Z,Not applicable,_T,No breakdown by disability,2000,,88,,PERCENT,percent,G,Global,C,Country Data,"Secretariat of the Pacific Community (SPC), United Nations Development Programme (UNDP), the UN/CROP MDG Working Group. Pacific Islands Regional Millennium Development Goals Report 2004. Noumea: Secretariat of the Pacific Community (SPC); 2004.",,,,,
DATAFLOW,SPC:DF_BP50_2(1.0),Blue Pacific 2050: People-Centered Development (Thematic Area 2),I,A,Annual,SH_STA_BRTC,Proportion of births attended by skilled health personnel,VU,Vanuatu,_T,Total,_T,All ages,_T,National,_T,Total,_T,All education levels,_T,All occupations,_Z,Not applicable,_T,No breakdown by disability,2003,,84,,PERCENT,percent,G,Global,C,Country Data,Western Pacific Country Health Information Profiles: 2006 Revision. Manila: World Health Organization Regional Office for the Western Pacific (WPRO); 2006.,,,,,
DATAFLOW,SPC:DF_BP50_2(1.0),Blue Pacific 2050: People-Centered Development (Thematic Area 2),I,A,Annual,SH_STA_BRTC,Proportion of births attended by skilled health personnel,VU,Vanuatu,_T,Total,_T,All ages,_T,National,_T,Total,_T,All education levels,_T,All occupations,_Z,Not applicable,_T,No breakdown by disability,2005,,92,,PERCENT,percent,G,Global,C,Country Data,Western Pacific Country Health Information Profiles: 2007 Revision. Manila: World Health Organization Regional Office for the Western Pacific (WPRO); 2007.,,,,,
DATAFLOW,SPC:DF_BP50_2(1.0),Blue Pacific 2050: People-Centered Development (Thematic Area 2),I,A,Annual,SH_STA_BRTC,Proportion of births attended by skilled health personnel,VU,Vanuatu,_T,Total,_T,All ages,_T,National,_T,Total,_T,All education levels,_T,All occupations,_Z,Not applicable,_T,No breakdown by disability,2006,,92.9,,PERCENT,percent,G,Global,C,Country Data,Western Pacific Country Health Information Profiles: 2010 Revision. Manila: World Health Organization Regional Office for the Western Pacific (WPRO); 2010.,,,,,
DATAFLOW,SPC:DF_BP50_2(1.0),Blue Pacific 2050: People-Centered Development (Thematic Area 2),I,A,Annual,SH_STA_BRTC,Proportion of births attended by skilled health personnel,VU,Vanuatu,_T,Total,_T,All ages,_T,National,_T,Total,_T,All education levels,_T,All occupations,_Z,Not applicable,_T,No breakdown by disability,2007,,74,,PERCENT,percent,N,National,C,Country Data,"Ministry of Health, Government of Vanuatu, United Nations Children's Fund (UNICEF). Vanuatu Multiple Indicator Cluster Survey 2007, Final Report. Port Vila, Vanuatu: Ministry of Health, Government of Vanuatu; 2008.  ",,,,,
DATAFLOW,SPC:DF_BP50_2(1.0),Blue Pacific 2050: People-Centered Development (Thematic Area 2),I,A,Annual,SH_STA_BRTC,Proportion of births attended by skilled health personnel,VU,Vanuatu,_T,Total,_T,All ages,_T,National,_T,Total,_T,All education levels,_T,All occupations,_Z,Not applicable,_T,No breakdown by disability,2013,,89.4,,PERCENT,percent,G,Global,C,Country Data,"Vanuatu Ministry of Health, Vanuatu National Statistics Office, Secretariat of the Pacific Community (SPC). Vanuatu Demographic and Health Survey 2013. Final Report. Noumea: SPC; 2014.
",,,,,
DATAFLOW,SPC:DF_BP50_2(1.0),Blue Pacific 2050: People-Centered Development (Thematic Area 2),I,A,Annual,SH_STA_BRTC,Proportion of births attended by skilled health personnel,VU,Vanuatu,_T,Total,_T,All ages,_T,National,_T,Total,_T,All education levels,_T,All occupations,_Z,Not applicable,_T,No breakdown by disability,2023,,90.9,,PERCENT,percent,N,National,C,Country Data,Vanuatu Bureau of Statistics. Vanuatu Multiple Indicator Cluster Survey 2023: Survey Findings Report. Port Vila (Vanuatu): Vanuatu Bureau of Statistics; 2024. Available from: https://mics.unicef.org/sites/mics/files/2024-08/Vanuatu%202023%20MICS_English.pdf,,,,,
DATAFLOW,SPC:DF_BP50_2(1.0),Blue Pacific 2050: People-Centered Development (Thematic Area 2),I,A,Annual,SH_STA_BRTC,Proportion of births attended by skilled health personnel,NC,New Caledonia,_T,Total,_T,All ages,_T,National,_T,Total,_T,All education levels,_T,All occupations,_Z,Not applicable,_T,No breakdown by disability,2014,,98.2,,PERCENT,percent,N,National,C,Country Data,Nouvelle-Calédonie. R?seau Perinatalite,,,,,
DATAFLOW,SPC:DF_BP50_2(1.0),Blue Pacific 2050: People-Centered Development (Thematic Area 2),I,A,Annual,SH_MED_DEN,Health worker density,SB,Solomon Islands,_T,Total,_T,All ages,_T,National,_T,Total,_T,All education levels,221,Medical Doctors,_Z,Not applicable,_T,No breakdown by disability,1999,,1.25,,PER_10000_POP,"per 10,000 population",G,Global,_X,Not Available,,,,,"NHWA data portal, December 2024 update https://apps.who.int/nhwaportal/",
DATAFLOW,SPC:DF_BP50_2(1.0),Blue Pacific 2050: People-Centered Development (Thematic Area 2),I,A,Annual,SH_MED_DEN,Health worker density,SB,Solomon Islands,_T,Total,_T,All ages,_T,National,_T,Total,_T,All education levels,221,Medical Doctors,_Z,Not applicable,_T,No breakdown by disability,2003,,1.29,,PER_10000_POP,"per 10,000 population",G,Global,_X,Not Available,,,,,"NHWA data portal, December 2024 update https://apps.who.int/nhwaportal/",
DATAFLOW,SPC:DF_BP50_2(1.0),Blue Pacific 2050: People-Centered Development (Thematic Area 2),I,A,Annual,SH_MED_DEN,Health worker density,SB,Solomon Islands,_T,Total,_T,All ages,_T,National,_T,Total,_T,All education levels,221,Medical Doctors,_Z,Not applicable,_T,No breakdown by disability,2005,,1.84,,PER_10000_POP,"per 10,000 population",G,Global,_X,Not Available,,,,,"NHWA data portal, December 2024 update https://apps.who.int/nhwaportal/",
DATAFLOW,SPC:DF_BP50_2(1.0),Blue Pacific 2050: People-Centered Development (Thematic Area 2),I,A,Annual,SH_MED_DEN,Health worker density,SB,Solomon Islands,_T,Total,_T,All ages,_T,National,_T,Total,_T,All education levels,221,Medical Doctors,_Z,Not applicable,_T,No breakdown by disability,2008,,1.75,,PER_10000_POP,"per 10,000 population",G,Global,_X,Not Available,,,,,"NHWA data portal, December 2024 update https://apps.who.int/nhwaportal/",
DATAFLOW,SPC:DF_BP50_2(1.0),Blue Pacific 2050: People-Centered Development (Thematic Area 2),I,A,Annual,SH_MED_DEN,Health worker density,SB,Solomon Islands,_T,Total,_T,All ages,_T,National,_T,Total,_T,All education levels,221,Medical Doctors,_Z,Not applicable,_T,No breakdown by disability,2011,,1.97,,PER_10000_POP,"per 10,000 population",G,Global,_X,Not Available,,,,,"NHWA data portal, December 2024 update https://apps.who.int/nhwaportal/",
DATAFLOW,SPC:DF_BP50_2(1.0),Blue Pacific 2050: People-Centered Development (Thematic Area 2),I,A,Annual,SH_MED_DEN,Health worker density,SB,Solomon Islands,_T,Total,_T,All ages,_T,National,_T,Total,_T,All education levels,221,Medical Doctors,_Z,Not applicable,_T,No breakdown by disability,2012,,1.5,,PER_10000_POP,"per 10,000 population",G,Global,_X,Not Available,,,,,"NHWA data portal, December 2024 update https://apps.who.int/nhwaportal/",
DATAFLOW,SPC:DF_BP50_2(1.0),Blue Pacific 2050: People-Centered Development (Thematic Area 2),I,A,Annual,SH_MED_DEN,Health worker density,SB,Solomon Islands,_T,Total,_T,All ages,_T,National,_T,Total,_T,All education levels,221,Medical Doctors,_Z,Not applicable,_T,No breakdown by disability,2013,,1.8,,PER_10000_POP,"per 10,000 population",G,Global,_X,Not Available,,,,,"NHWA data portal, December 2024 update https://apps.who.int/nhwaportal/",
DATAFLOW,SPC:DF_BP50_2(1.0),Blue Pacific 2050: People-Centered Development (Thematic Area 2),I,A,Annual,SH_MED_DEN,Health worker density,SB,Solomon Islands,_T,Total,_T,All ages,_T,National,_T,Total,_T,All education levels,221,Medical Doctors,_Z,Not applicable,_T,No breakdown by disability,2015,,0.19,,PER_1000_POP,"per 1,000 population",N,National,C,Country Data,"Solomon Islands Education Report 2015-16, Ministry of Education",,,,,
DATAFLOW,SPC:DF_BP50_2(1.0),Blue Pacific 2050: People-Centered Development (Thematic Area 2),I,A,Annual,SH_MED_DEN,Health worker density,SB,Solomon Islands,_T,Total,_T,All ages,_T,National,_T,Total,_T,All education levels,221,Medical Doctors,_Z,Not applicable,_T,No breakdown by disability,2016,,1.81,,PER_10000_POP,"per 10,000 population",G,Global,_X,Not Available,,,,,"NHWA data portal, December 2024 update https://apps.who.int/nhwaportal/",
DATAFLOW,SPC:DF_BP50_2(1.0),Blue Pacific 2050: People-Centered Development (Thematic Area 2),I,A,Annual,SH_MED_DEN,Health worker density,SB,Solomon Islands,_T,Total,_T,All ages,_T,National,_T,Total,_T,All education levels,221,Medical Doctors,_Z,Not applicable,_T,No breakdown by disability,2023,,2.38,,PER_10000_POP,"per 10,000 population",G,Global,_X,Not Available,,,,,"NHWA data portal, December 2024 update https://apps.who.int/nhwaportal/",
DATAFLOW,SPC:DF_BP50_2(1.0),Blue Pacific 2050: People-Centered Development (Thematic Area 2),I,A,Annual,SH_MED_DEN,Health worker density,SB,Solomon Islands,_T,Total,_T,All ages,_T,National,_T,Total,_T,All education levels,2261,Dentists,_Z,Not applicable,_T,No breakdown by disability,1999,,0.6,,PER_10000_POP,"per 10,000 population",G,Global,_X,Not Available,,,,,"NHWA data portal, December 2024 update https://apps.who.int/nhwaportal/",
DATAFLOW,SPC:DF_BP50_2(1.0),Blue Pacific 2050: People-Centered Development (Thematic Area 2),I,A,Annual,SH_MED_DEN,Health worker density,SB,Solomon Islands,_T,Total,_T,All ages,_T,National,_T,Total,_T,All education levels,2261,Dentists,_Z,Not applicable,_T,No breakdown by disability,2005,,1.08,,PER_10000_POP,"per 10,000 population",G,Global,_X,Not Available,,,,,"NHWA data portal, December 2024 update https://apps.who.int/nhwaportal/",
DATAFLOW,SPC:DF_BP50_2(1.0),Blue Pacific 2050: People-Centered Development (Thematic Area 2),I,A,Annual,SH_MED_DEN,Health worker density,SB,Solomon Islands,_T,Total,_T,All ages,_T,National,_T,Total,_T,All education levels,2261,Dentists,_Z,Not applicable,_T,No breakdown by disability,2011,,0.65,,PER_10000_POP,"per 10,000 population",G,Global,_X,Not Available,,,,,"NHWA data portal, December 2024 update https://apps.who.int/nhwaportal/",
DATAFLOW,SPC:DF_BP50_2(1.0),Blue Pacific 2050: People-Centered Development (Thematic Area 2),I,A,Annual,SH_MED_DEN,Health worker density,SB,Solomon Islands,_T,Total,_T,All ages,_T,National,_T,Total,_T,All education levels,2261,Dentists,_Z,Not applicable,_T,No breakdown by disability,2012,,0.38,,PER_10000_POP,"per 10,000 population",G,Global,_X,Not Available,,,,,"NHWA data portal, December 2024 update https://apps.who.int/nhwaportal/",
DATAFLOW,SPC:DF_BP50_2(1.0),Blue Pacific 2050: People-Centered Development (Thematic Area 2),I,A,Annual,SH_MED_DEN,Health worker density,SB,Solomon Islands,_T,Total,_T,All ages,_T,National,_T,Total,_T,All education levels,2261,Dentists,_Z,Not applicable,_T,No breakdown by disability,2013,,0.45,,PER_10000_POP,"per 10,000 population",G,Global,_X,Not Available,,,,,"NHWA data portal, December 2024 update https://apps.who.int/nhwaportal/",
DATAFLOW,SPC:DF_BP50_2(1.0),Blue Pacific 2050: People-Centered Development (Thematic Area 2),I,A,Annual,SH_MED_DEN,Health worker density,SB,Solomon Islands,_T,Total,_T,All ages,_T,National,_T,Total,_T,All education levels,2261,Dentists,_Z,Not applicable,_T,No breakdown by disability,2015,,0.1,,PER_1000_POP,"per 1,000 population",N,National,C,Country Data,"Solomon Islands Education Report 2015-16, Ministry of Education",,,,,
DATAFLOW,SPC:DF_BP50_2(1.0),Blue Pacific 2050: People-Centered Development (Thematic Area 2),I,A,Annual,SH_MED_DEN,Health worker density,SB,Solomon Islands,_T,Total,_T,All ages,_T,National,_T,Total,_T,All education levels,2261,Dentists,_Z,Not applicable,_T,No breakdown by disability,2016,,0.44,,PER_10000_POP,"per 10,000 population",G,Global,_X,Not Available,,,,,"NHWA data portal, December 2024 update https://apps.who.int/nhwaportal/",
DATAFLOW,SPC:DF_BP50_2(1.0),Blue Pacific 2050: People-Centered Development (Thematic Area 2),I,A,Annual,SH_MED_DEN,Health worker density,SB,Solomon Islands,_T,Total,_T,All ages,_T,National,_T,Total,_T,All education levels,2261,Dentists,_Z,Not applicable,_T,No breakdown by disability,2019,,0.69,,PER_10000_POP,"per 10,000 population",G,Global,_X,Not Available,,,,,"NHWA data portal, December 2024 update https://apps.who.int/nhwaportal/",
DATAFLOW,SPC:DF_BP50_2(1.0),Blue Pacific 2050: People-Centered Development (Thematic Area 2),I,A,Annual,SH_MED_DEN,Health worker density,SB,Solomon Islands,_T,Total,_T,All ages,_T,National,_T,Total,_T,All education levels,2261,Dentists,_Z,Not applicable,_T,No breakdown by disability,2023,,0.51,,PER_10000_POP,"per 10,000 population",G,Global,_X,Not Available,,,,,"NHWA data portal, December 2024 update https://apps.who.int/nhwaportal/",
DATAFLOW,SPC:DF_BP50_2(1.0),Blue Pacific 2050: People-Centered Development (Thematic Area 2),I,A,Annual,SH_STA_BRTC,Proportion of births attended by skilled health personnel,FJ,Fiji,_T,Total,_T,All ages,_T,National,_T,Total,_T,All education levels,_T,All occupations,_Z,Not applicable,_T,No breakdown by disability,2000,,96.9,,PERCENT,percent,N,National,C,Country Data,"Annual Report 2006. Fiji Ministry of Health, 2007. ",,,,,
DATAFLOW,SPC:DF_BP50_2(1.0),Blue Pacific 2050: People-Centered Development (Thematic Area 2),I,A,Annual,SH_STA_BRTC,Proportion of births attended by skilled health personnel,FJ,Fiji,_T,Total,_T,All ages,_T,National,_T,Total,_T,All education levels,_T,All occupations,_Z,Not applicable,_T,No breakdown by disability,2001,,98.4,,PERCENT,percent,N,National,C,Country Data,"Annual Report 2006. Fiji Ministry of Health, 2007. ",,,,,
DATAFLOW,SPC:DF_BP50_2(1.0),Blue Pacific 2050: People-Centered Development (Thematic Area 2),I,A,Annual,SH_STA_BRTC,Proportion of births attended by skilled health personnel,FJ,Fiji,_T,Total,_T,All ages,_T,National,_T,Total,_T,All education levels,_T,All occupations,_Z,Not applicable,_T,No breakdown by disability,2002,,96.9,,PERCENT,percent,N,National,C,Country Data,"Annual Report 2006. Fiji Ministry of Health, 2007. ",,,,,
DATAFLOW,SPC:DF_BP50_2(1.0),Blue Pacific 2050: People-Centered Development (Thematic Area 2),I,A,Annual,SH_STA_BRTC,Proportion of births attended by skilled health personnel,FJ,Fiji,_T,Total,_T,All ages,_T,National,_T,Total,_T,All education levels,_T,All occupations,_Z,Not applicable,_T,No breakdown by disability,2003,,96.7,,PERCENT,percent,N,National,C,Country Data,"Annual Report 2006. Fiji Ministry of Health, 2007. ",,,,,
DATAFLOW,SPC:DF_BP50_2(1.0),Blue Pacific 2050: People-Centered Development (Thematic Area 2),I,A,Annual,SH_STA_BRTC,Proportion of births attended by skilled health personnel,FJ,Fiji,_T,Total,_T,All ages,_T,National,_T,Total,_T,All education levels,_T,All occupations,_Z,Not applicable,_T,No breakdown by disability,2004,,97,,PERCENT,percent,N,National,C,Country Data,"Annual Report 2006. Fiji Ministry of Health, 2007. ",,,,,
DATAFLOW,SPC:DF_BP50_2(1.0),Blue Pacific 2050: People-Centered Development (Thematic Area 2),I,A,Annual,SH_STA_BRTC,Proportion of births attended by skilled health personnel,FJ,Fiji,_T,Total,_T,All ages,_T,National,_T,Total,_T,All education levels,_T,All occupations,_Z,Not applicable,_T,No breakdown by disability,2005,,97.2,,PERCENT,percent,N,National,C,Country Data,"Annual Report 2006. Fiji Ministry of Health, 2007. ",,,,,
DATAFLOW,SPC:DF_BP50_2(1.0),Blue Pacific 2050: People-Centered Development (Thematic Area 2),I,A,Annual,SH_STA_BRTC,Proportion of births attended by skilled health personnel,FJ,Fiji,_T,Total,_T,All ages,_T,National,_T,Total,_T,All education levels,_T,All occupations,_Z,Not applicable,_T,No breakdown by disability,2006,,99.3,,PERCENT,percent,N,National,C,Country Data,"Annual Report 2008.Fiji Ministry of Health, Women, Social Welfare & Poverty Alleviation; 2009. ",,,,,
DATAFLOW,SPC:DF_BP50_2(1.0),Blue Pacific 2050: People-Centered Development (Thematic Area 2),I,A,Annual,SH_STA_BRTC,Proportion of births attended by skilled health personnel,FJ,Fiji,_T,Total,_T,All ages,_T,National,_T,Total,_T,All education levels,_T,All occupations,_Z,Not applicable,_T,No breakdown by disability,2007,,99,,PERCENT,percent,N,National,C,Country Data,"Annual Report 2008.Fiji Ministry of Health, Women, Social Welfare & Poverty Alleviation; 2009. ",,,,,
DATAFLOW,SPC:DF_BP50_2(1.0),Blue Pacific 2050: People-Centered Development (Thematic Area 2),I,A,Annual,SH_STA_BRTC,Proportion of births attended by skilled health personnel,FJ,Fiji,_T,Total,_T,All ages,_T,National,_T,Total,_T,All education levels,_T,All occupations,_Z,Not applicable,_T,No breakdown by disability,2008,,98.8,,PERCENT,percent,N,National,C,Country Data,"Annual Report 2008.Fiji Ministry of Health, Women, Social Welfare & Poverty Alleviation; 2009. ",,,,,
DATAFLOW,SPC:DF_BP50_2(1.0),Blue Pacific 2050: People-Centered Development (Thematic Area 2),I,A,Annual,SH_STA_BRTC,Proportion of births attended by skilled health personnel,FJ,Fiji,_T,Total,_T,All ages,_T,National,_T,Total,_T,All education levels,_T,All occupations,_Z,Not applicable,_T,No breakdown by disability,2009,,99.8,,PERCENT,percent,N,National,C,Country Data,"Annual Report 2010. Fiji Ministry of Health; 2011. ",,,,,
DATAFLOW,SPC:DF_BP50_2(1.0),Blue Pacific 2050: People-Centered Development (Thematic Area 2),I,A,Annual,SH_STA_BRTC,Proportion of births attended by skilled health personnel,FJ,Fiji,_T,Total,_T,All ages,_T,National,_T,Total,_T,All education levels,_T,All occupations,_Z,Not applicable,_T,No breakdown by disability,2010,,99.7,,PERCENT,percent,N,National,C,Country Data,"Annual Report 2010. Fiji Ministry of Health; 2011. ",,,,,
DATAFLOW,SPC:DF_BP50_2(1.0),Blue Pacific 2050: People-Centered Development (Thematic Area 2),I,A,Annual,SH_STA_BRTC,Proportion of births attended by skilled health personnel,FJ,Fiji,_T,Total,_T,All ages,_T,National,_T,Total,_T,All education levels,_T,All occupations,_Z,Not applicable,_T,No breakdown by disability,2011,,99.6,,PERCENT,percent,N,National,C,Country Data,"Annual Report 2012. Fiji Ministry of Health; 2013. ",,,,,
DATAFLOW,SPC:DF_BP50_2(1.0),Blue Pacific 2050: People-Centered Development (Thematic Area 2),I,A,Annual,SH_STA_BRTC,Proportion of births attended by skilled health personnel,FJ,Fiji,_T,Total,_T,All ages,_T,National,_T,Total,_T,All education levels,_T,All occupations,_Z,Not applicable,_T,No breakdown by disability,2012,,99.3,,PERCENT,percent,N,National,C,Country Data,"Annual Report 2012. Fiji Ministry of Health; 2013. ",,,,,
DATAFLOW,SPC:DF_BP50_2(1.0),Blue Pacific 2050: People-Centered Development (Thematic Area 2),I,A,Annual,SH_STA_BRTC,Proportion of births attended by skilled health personnel,FJ,Fiji,_T,Total,_T,All ages,_T,National,_T,Total,_T,All education levels,_T,All occupations,_Z,Not applicable,_T,No breakdown by disability,2013,,99.7,,PERCENT,percent,N,National,C,Country Data,Annual Report 2014. Fiji Ministry of Health; 2014.,,,,,
DATAFLOW,SPC:DF_BP50_2(1.0),Blue Pacific 2050: People-Centered Development (Thematic Area 2),I,A,Annual,SH_STA_BRTC,Proportion of births attended by skilled health personnel,FJ,Fiji,_T,Total,_T,All ages,_T,National,_T,Total,_T,All education levels,_T,All occupations,_Z,Not applicable,_T,No breakdown by disability,2014,,99.7,,PERCENT,percent,N,National,C,Country Data,Annual Report 2015. Fiji Ministry of Health; 2016.,,,,,
DATAFLOW,SPC:DF_BP50_2(1.0),Blue Pacific 2050: People-Centered Development (Thematic Area 2),I,A,Annual,SH_STA_BRTC,Proportion of births attended by skilled health personnel,FJ,Fiji,_T,Total,_T,All ages,_T,National,_T,Total,_T,All education levels,_T,All occupations,_Z,Not applicable,_T,No breakdown by disability,2015,,99.9,,PERCENT,percent,N,National,C,Country Data,Annual Report 2015. Fiji Ministry of Health; 2016.,,,,,
DATAFLOW,SPC:DF_BP50_2(1.0),Blue Pacific 2050: People-Centered Development (Thematic Area 2),I,A,Annual,SH_STA_BRTC,Proportion of births attended by skilled health personnel,FJ,Fiji,_T,Total,_T,All ages,_T,National,_T,Total,_T,All education levels,_T,All occupations,_Z,Not applicable,_T,No breakdown by disability,2016,,99.8,,PERCENT,percent,N,National,C,Country Data,Health Status Report 2016. Fiji Ministry of Health & Medical Services; 2017.,,,,,
DATAFLOW,SPC:DF_BP50_2(1.0),Blue Pacific 2050: People-Centered Development (Thematic Area 2),I,A,Annual,SH_STA_BRTC,Proportion of births attended by skilled health personnel,FJ,Fiji,_T,Total,_T,All ages,_T,National,_T,Total,_T,All education levels,_T,All occupations,_Z,Not applicable,_T,No breakdown by disability,2021,,99.8,,PERCENT,percent,N,National,C,Country Data,"Ministry of Finance, Strategic Planning, National Development and Statistics, Fiji Government. Voluntary National Review, Strengthening Resilience to Meet the Challenges of Climate Change and Other Global Issues, July 2023.",,,,,
DATAFLOW,SPC:DF_BP50_2(1.0),Blue Pacific 2050: People-Centered Development (Thematic Area 2),I,A,Annual,SH_STA_BRTC,Proportion of births attended by skilled health personnel,NR,Nauru,_T,Total,_T,All ages,_T,National,_T,Total,_T,All education levels,_T,All occupations,_Z,Not applicable,_T,No breakdown by disability,2007,,97.4,,PERCENT,percent,R,Regional,C,Country Data,"Nauru Bureau of Statistics, Secretariat of the Pacific Community (SPC), Macro International Inc. Nauru 2007 Demographic and Health Survey. Noumea: SPC; 2009.",,,,,
DATAFLOW,SPC:DF_BP50_2(1.0),Blue Pacific 2050: People-Centered Development (Thematic Area 2),I,A,Annual,SH_STA_BRTC,Proportion of births attended by skilled health personnel,NR,Nauru,_T,Total,_T,All ages,_T,National,_T,Total,_T,All education levels,_T,All occupations,_Z,Not applicable,_T,No breakdown by disability,2023,,98,,PERCENT,percent,N,National,C,Country Data,"Nauru Bureau of Statistics. 2024. Nauru Multiple Indicator Cluster Survey 2023, Survey Findings Report. Nauru: Nauru Bureau of Statistics.",,,,,
DATAFLOW,SPC:DF_BP50_2(1.0),Blue Pacific 2050: People-Centered Development (Thematic Area 2),I,A,Annual,SH_MED_DEN,Health worker density,KI,Kiribati,_T,Total,_T,All ages,_T,National,_T,Total,_T,All education levels,2261,Dentists,_Z,Not applicable,_T,No breakdown by disability,1998,,0.47,,PER_10000_POP,"per 10,000 population",G,Global,_X,Not Available,,,,,"NHWA data portal, December 2024 update https://apps.who.int/nhwaportal/",
DATAFLOW,SPC:DF_BP50_2(1.0),Blue Pacific 2050: People-Centered Development (Thematic Area 2),I,A,Annual,SH_MED_DEN,Health worker density,KI,Kiribati,_T,Total,_T,All ages,_T,National,_T,Total,_T,All education levels,2261,Dentists,_Z,Not applicable,_T,No breakdown by disability,2004,,0.31,,PER_10000_POP,"per 10,000 population",G,Global,_X,Not Available,,,,,"NHWA data portal, December 2024 update https://apps.who.int/nhwaportal/",
DATAFLOW,SPC:DF_BP50_2(1.0),Blue Pacific 2050: People-Centered Development (Thematic Area 2),I,A,Annual,SH_MED_DEN,Health worker density,KI,Kiribati,_T,Total,_T,All ages,_T,National,_T,Total,_T,All education levels,2261,Dentists,_Z,Not applicable,_T,No breakdown by disability,2008,,1.82,,PER_10000_POP,"per 10,000 population",G,Global,_X,Not Available,,,,,Includes Dentists .,
DATAFLOW,SPC:DF_BP50_2(1.0),Blue Pacific 2050: People-Centered Development (Thematic Area 2),I,A,Annual,SH_MED_DEN,Health worker density,KI,Kiribati,_T,Total,_T,All ages,_T,National,_T,Total,_T,All education levels,2261,Dentists,_Z,Not applicable,_T,No breakdown by disability,2010,,0.37,,PER_10000_POP,"per 10,000 population",G,Global,_X,Not Available,,,,,"NHWA data portal, December 2024 update https://apps.who.int/nhwaportal/",
DATAFLOW,SPC:DF_BP50_2(1.0),Blue Pacific 2050: People-Centered Development (Thematic Area 2),I,A,Annual,SH_MED_DEN,Health worker density,KI,Kiribati,_T,Total,_T,All ages,_T,National,_T,Total,_T,All education levels,2261,Dentists,_Z,Not applicable,_T,No breakdown by disability,2011,,0.27,,PER_10000_POP,"per 10,000 population",G,Global,_X,Not Available,,,,,"NHWA data portal, December 2024 update https://apps.who.int/nhwaportal/",
DATAFLOW,SPC:DF_BP50_2(1.0),Blue Pacific 2050: People-Centered Development (Thematic Area 2),I,A,Annual,SH_MED_DEN,Health worker density,KI,Kiribati,_T,Total,_T,All ages,_T,National,_T,Total,_T,All education levels,2261,Dentists,_Z,Not applicable,_T,No breakdown by disability,2013,,0.62,,PER_10000_POP,"per 10,000 population",G,Global,_X,Not Available,,,,,"NHWA data portal, December 2024 update https://apps.who.int/nhwaportal/",
DATAFLOW,SPC:DF_BP50_2(1.0),Blue Pacific 2050: People-Centered Development (Thematic Area 2),I,A,Annual,SH_MED_DEN,Health worker density,KI,Kiribati,_T,Total,_T,All ages,_T,National,_T,Total,_T,All education levels,2261,Dentists,_Z,Not applicable,_T,No breakdown by disability,2016,,0.68,,PER_10000_POP,"per 10,000 population",G,Global,_X,Not Available,,,,,"NHWA data portal, December 2024 update https://apps.who.int/nhwaportal/",
DATAFLOW,SPC:DF_BP50_2(1.0),Blue Pacific 2050: People-Centered Development (Thematic Area 2),I,A,Annual,SH_MED_DEN,Health worker density,FM,Micronesia (Federated States of),_T,Total,_T,All ages,_T,National,_T,Total,_T,All education levels,2262,Pharmacists,_Z,Not applicable,_T,No breakdown by disability,2009,,0.15,,PER_1000_POP,"per 1,000 population",N,National,C,Country Data,FSM Ministry of Health,,,,,
DATAFLOW,SPC:DF_BP50_2(1.0),Blue Pacific 2050: People-Centered Development (Thematic Area 2),I,A,Annual,SH_MED_DEN,Health worker density,PF,French Polynesia,_T,Total,_T,All ages,_T,National,_T,Total,_T,All education levels,2221,Nursing Professionals,_Z,Not applicable,_T,No breakdown by disability,2009,,43,,PER_10000_POP,"per 10,000 population",N,National,C,Country Data,Polynesie francaise. Direction de la Sante,,,,,
DATAFLOW,SPC:DF_BP50_2(1.0),Blue Pacific 2050: People-Centered Development (Thematic Area 2),I,A,Annual,SH_MED_DEN,Health worker density,PF,French Polynesia,_T,Total,_T,All ages,_T,National,_T,Total,_T,All education levels,2221,Nursing Professionals,_Z,Not applicable,_T,No breakdown by disability,2023,,30,,PER_10000_POP,"per 10,000 population",N,National,C,Country Data,"French Polynesia Government, preliminary 2023 Sustainable Development Goals in French Polynesia, 2024.",,,,,
DATAFLOW,SPC:DF_BP50_2(1.0),Blue Pacific 2050: People-Centered Development (Thematic Area 2),I,A,Annual,SH_STA_MORT,Maternal mortality ratio,NU,Niue,F,Female,_T,All ages,_T,National,_T,Total,_T,All education levels,_T,All occupations,_Z,Not applicable,_T,No breakdown by disability,2016,,0,,PER_100000_LIVE_BIRTHS,"per 100,000 live births",N,National,C,Country Data,Niue Vital Statistics Report 2012-2016,,,,,
DATAFLOW,SPC:DF_BP50_2(1.0),Blue Pacific 2050: People-Centered Development (Thematic Area 2),I,A,Annual,SH_MED_DEN,Health worker density,VU,Vanuatu,_T,Total,_T,All ages,_T,National,_T,Total,_T,All education levels,2262,Pharmacists,_Z,Not applicable,_T,No breakdown by disability,2008,,0.09,,PER_10000_POP,"per 10,000 population",G,Global,_X,Not Available,,,,,"NHWA data portal, December 2024 update https://apps.who.int/nhwaportal/",
DATAFLOW,SPC:DF_BP50_2(1.0),Blue Pacific 2050: People-Centered Development (Thematic Area 2),I,A,Annual,SH_MED_DEN,Health worker density,VU,Vanuatu,_T,Total,_T,All ages,_T,National,_T,Total,_T,All education levels,2262,Pharmacists,_Z,Not applicable,_T,No breakdown by disability,2012,,1.17,,PER_10000_POP,"per 10,000 population",G,Global,_X,Not Available,,,,,"NHWA data portal, December 2024 update https://apps.who.int/nhwaportal/",
DATAFLOW,SPC:DF_BP50_2(1.0),Blue Pacific 2050: People-Centered Development (Thematic Area 2),I,A,Annual,SH_MED_DEN,Health worker density,PW,Palau,_T,Total,_T,All ages,_T,National,_T,Total,_T,All education levels,2262,Pharmacists,_Z,Not applicable,_T,No breakdown by disability,2007,,0.52,,PER_10000_POP,"per 10,000 population",G,Global,_X,Not Available,,,,,"NHWA data portal, December 2024 update https://apps.who.int/nhwaportal/",
DATAFLOW,SPC:DF_BP50_2(1.0),Blue Pacific 2050: People-Centered Development (Thematic Area 2),I,A,Annual,SH_MED_DEN,Health worker density,PW,Palau,_T,Total,_T,All ages,_T,National,_T,Total,_T,All education levels,2262,Pharmacists,_Z,Not applicable,_T,No breakdown by disability,2010,,1.09,,PER_10000_POP,"per 10,000 population",G,Global,_X,Not Available,,,,,"NHWA data portal, December 2024 update https://apps.who.int/nhwaportal/",
DATAFLOW,SPC:DF_BP50_2(1.0),Blue Pacific 2050: People-Centered Development (Thematic Area 2),I,A,Annual,SH_MED_DEN,Health worker density,PW,Palau,_T,Total,_T,All ages,_T,National,_T,Total,_T,All education levels,2262,Pharmacists,_Z,Not applicable,_T,No breakdown by disability,2013,,0.05,,PER_1000_POP,"per 1,000 population",N,National,C,Country Data,"Global Health Workforce Statistics database, Global Health Observatory, WHO",,,,,
DATAFLOW,SPC:DF_BP50_2(1.0),Blue Pacific 2050: People-Centered Development (Thematic Area 2),I,A,Annual,SH_MED_DEN,Health worker density,PW,Palau,_T,Total,_T,All ages,_T,National,_T,Total,_T,All education levels,2262,Pharmacists,_Z,Not applicable,_T,No breakdown by disability,2020,,2.81,,PER_10000_POP,"per 10,000 population",G,Global,_X,Not Available,,,,,"NHWA data portal, December 2024 update https://apps.who.int/nhwaportal/",
DATAFLOW,SPC:DF_BP50_2(1.0),Blue Pacific 2050: People-Centered Development (Thematic Area 2),I,A,Annual,SH_MED_DEN,Health worker density,PF,French Polynesia,_T,Total,_T,All ages,_T,National,_T,Total,_T,All education levels,2222,Midwifery Professionals,_Z,Not applicable,_T,No breakdown by disability,2009,,6,,PER_10000_POP,"per 10,000 population",N,National,C,Country Data,Polynesie francaise. Direction de la Sante,,,,,
DATAFLOW,SPC:DF_BP50_2(1.0),Blue Pacific 2050: People-Centered Development (Thematic Area 2),I,A,Annual,SH_MED_DEN,Health worker density,PF,French Polynesia,_T,Total,_T,All ages,_T,National,_T,Total,_T,All education levels,2222,Midwifery Professionals,_Z,Not applicable,_T,No breakdown by disability,2023,,5,,PER_10000_POP,"per 10,000 population",N,National,C,Country Data,"French Polynesia Government, preliminary 2023 Sustainable Development Goals in French Polynesia, 2024.",,,,,
DATAFLOW,SPC:DF_BP50_2(1.0),Blue Pacific 2050: People-Centered Development (Thematic Area 2),I,A,Annual,SH_MED_DEN,Health worker density,PG,Papua New Guinea,_T,Total,_T,All ages,_T,National,_T,Total,_T,All education levels,222,Nursing and Midwifery Professionals,_Z,Not applicable,_T,No breakdown by disability,2000,,5.13,,PER_10000_POP,"per 10,000 population",G,Global,_X,Not Available,,,,,"NHWA data portal, December 2024 update https://apps.who.int/nhwaportal/",
DATAFLOW,SPC:DF_BP50_2(1.0),Blue Pacific 2050: People-Centered Development (Thematic Area 2),I,A,Annual,SH_MED_DEN,Health worker density,PG,Papua New Guinea,_T,Total,_T,All ages,_T,National,_T,Total,_T,All education levels,222,Nursing and Midwifery Professionals,_Z,Not applicable,_T,No breakdown by disability,2008,,3.96,,PER_10000_POP,"per 10,000 population",G,Global,_X,Not Available,,,,,"NHWA data portal, December 2024 update https://apps.who.int/nhwaportal/",
DATAFLOW,SPC:DF_BP50_2(1.0),Blue Pacific 2050: People-Centered Development (Thematic Area 2),I,A,Annual,SH_MED_DEN,Health worker density,PG,Papua New Guinea,_T,Total,_T,All ages,_T,National,_T,Total,_T,All education levels,222,Nursing and Midwifery Professionals,_Z,Not applicable,_T,No breakdown by disability,2010,,4.77,,PER_10000_POP,"per 10,000 population",G,Global,_X,Not Available,,,,,"NHWA data portal, December 2024 update https://apps.who.int/nhwaportal/",
DATAFLOW,SPC:DF_BP50_2(1.0),Blue Pacific 2050: People-Centered Development (Thematic Area 2),I,A,Annual,SH_MED_DEN,Health worker density,PG,Papua New Guinea,_T,Total,_T,All ages,_T,National,_T,Total,_T,All education levels,222,Nursing and Midwifery Professionals,_Z,Not applicable,_T,No breakdown by disability,2013,,0.38,,PER_10000_POP,"per 10,000 population",G,Global,C,Country Data,"Global Health Workforce Statistics database, Global Health Observatory, WHO",,,,,
DATAFLOW,SPC:DF_BP50_2(1.0),Blue Pacific 2050: People-Centered Development (Thematic Area 2),I,A,Annual,SH_MED_DEN,Health worker density,PG,Papua New Guinea,_T,Total,_T,All ages,_T,National,_T,Total,_T,All education levels,222,Nursing and Midwifery Professionals,_Z,Not applicable,_T,No breakdown by disability,2017,,2.25,,PER_10000_POP,"per 10,000 population",G,Global,C,Country Data,"Global Health Workforce Statistics database, Global Health Observatory, WHO",,,,,
DATAFLOW,SPC:DF_BP50_2(1.0),Blue Pacific 2050: People-Centered Development (Thematic Area 2),I,A,Annual,SH_MED_DEN,Health worker density,PG,Papua New Guinea,_T,Total,_T,All ages,_T,National,_T,Total,_T,All education levels,222,Nursing and Midwifery Professionals,_Z,Not applicable,_T,No breakdown by disability,2018,,4.97,,PER_10000_POP,"per 10,000 population",G,Global,_X,Not Available,,,,,"NHWA data portal, December 2024 update https://apps.who.int/nhwaportal/",
DATAFLOW,SPC:DF_BP50_2(1.0),Blue Pacific 2050: People-Centered Development (Thematic Area 2),I,A,Annual,SH_MED_DEN,Health worker density,PG,Papua New Guinea,_T,Total,_T,All ages,_T,National,_T,Total,_T,All education levels,222,Nursing and Midwifery Professionals,_Z,Not applicable,_T,No breakdown by disability,2019,,4.14,,PER_10000_POP,"per 10,000 population",G,Global,_X,Not Available,,,,,"NHWA data portal, December 2024 update https://apps.who.int/nhwaportal/",
DATAFLOW,SPC:DF_BP50_2(1.0),Blue Pacific 2050: People-Centered Development (Thematic Area 2),I,A,Annual,SH_MED_DEN,Health worker density,PG,Papua New Guinea,_T,Total,_T,All ages,_T,National,_T,Total,_T,All education levels,222,Nursing and Midwifery Professionals,_Z,Not applicable,_T,No breakdown by disability,2021,,5.08,,PER_10000_POP,"per 10,000 population",G,Global,_X,Not Available,,,,,"NHWA data portal, December 2024 update https://apps.who.int/nhwaportal/",
DATAFLOW,SPC:DF_BP50_2(1.0),Blue Pacific 2050: People-Centered Development (Thematic Area 2),I,A,Annual,SH_STA_MORT,Maternal mortality ratio,VU,Vanuatu,F,Female,_T,All ages,_T,National,_T,Total,_T,All education levels,_T,All occupations,_Z,Not applicable,_T,No breakdown by disability,2000,,109,,PER_100000_LIVE_BIRTHS,"per 100,000 live births",G,Global,E,Estimated,"Estimates by WHO, UNICEF, UNFPA, World Bank Group and UNDESA/Population Division. Geneva: World Health Organization; 2023.",,,,,
DATAFLOW,SPC:DF_BP50_2(1.0),Blue Pacific 2050: People-Centered Development (Thematic Area 2),I,A,Annual,SH_STA_MORT,Maternal mortality ratio,VU,Vanuatu,F,Female,_T,All ages,_T,National,_T,Total,_T,All education levels,_T,All occupations,_Z,Not applicable,_T,No breakdown by disability,2001,,98,,PER_100000_LIVE_BIRTHS,"per 100,000 live births",G,Global,E,Estimated,"Estimates by WHO, UNICEF, UNFPA, World Bank Group and UNDESA/Population Division. Geneva: World Health Organization; 2023.",,,,,
DATAFLOW,SPC:DF_BP50_2(1.0),Blue Pacific 2050: People-Centered Development (Thematic Area 2),I,A,Annual,SH_STA_MORT,Maternal mortality ratio,VU,Vanuatu,F,Female,_T,All ages,_T,National,_T,Total,_T,All education levels,_T,All occupations,_Z,Not applicable,_T,No breakdown by disability,2002,,96,,PER_100000_LIVE_BIRTHS,"per 100,000 live births",G,Global,E,Estimated,"Estimates by WHO, UNICEF, UNFPA, World Bank Group and UNDESA/Population Division. Geneva: World Health Organization; 2023.",,,,,
DATAFLOW,SPC:DF_BP50_2(1.0),Blue Pacific 2050: People-Centered Development (Thematic Area 2),I,A,Annual,SH_STA_MORT,Maternal mortality ratio,VU,Vanuatu,F,Female,_T,All ages,_T,National,_T,Total,_T,All education levels,_T,All occupations,_Z,Not applicable,_T,No breakdown by disability,2003,,97,,PER_100000_LIVE_BIRTHS,"per 100,000 live births",G,Global,E,Estimated,"Estimates by WHO, UNICEF, UNFPA, World Bank Group and UNDESA/Population Division. Geneva: World Health Organization; 2023.",,,,,
DATAFLOW,SPC:DF_BP50_2(1.0),Blue Pacific 2050: People-Centered Development (Thematic Area 2),I,A,Annual,SH_STA_MORT,Maternal mortality ratio,VU,Vanuatu,F,Female,_T,All ages,_T,National,_T,Total,_T,All education levels,_T,All occupations,_Z,Not applicable,_T,No breakdown by disability,2004,,97,,PER_100000_LIVE_BIRTHS,"per 100,000 live births",G,Global,E,Estimated,"Estimates by WHO, UNICEF, UNFPA, World Bank Group and UNDESA/Population Division. Geneva: World Health Organization; 2023.",,,,,
DATAFLOW,SPC:DF_BP50_2(1.0),Blue Pacific 2050: People-Centered Development (Thematic Area 2),I,A,Annual,SH_STA_MORT,Maternal mortality ratio,VU,Vanuatu,F,Female,_T,All ages,_T,National,_T,Total,_T,All education levels,_T,All occupations,_Z,Not applicable,_T,No breakdown by disability,2005,,98,,PER_100000_LIVE_BIRTHS,"per 100,000 live births",G,Global,E,Estimated,"Estimates by WHO, UNICEF, UNFPA, World Bank Group and UNDESA/Population Division. Geneva: World Health Organization; 2023.",,,,,
DATAFLOW,SPC:DF_BP50_2(1.0),Blue Pacific 2050: People-Centered Development (Thematic Area 2),I,A,Annual,SH_STA_MORT,Maternal mortality ratio,VU,Vanuatu,F,Female,_T,All ages,_T,National,_T,Total,_T,All education levels,_T,All occupations,_Z,Not applicable,_T,No breakdown by disability,2006,,97,,PER_100000_LIVE_BIRTHS,"per 100,000 live births",G,Global,E,Estimated,"Estimates by WHO, UNICEF, UNFPA, World Bank Group and UNDESA/Population Division. Geneva: World Health Organization; 2023.",,,,,
DATAFLOW,SPC:DF_BP50_2(1.0),Blue Pacific 2050: People-Centered Development (Thematic Area 2),I,A,Annual,SH_STA_MORT,Maternal mortality ratio,VU,Vanuatu,F,Female,_T,All ages,_T,National,_T,Total,_T,All education levels,_T,All occupations,_Z,Not applicable,_T,No breakdown by disability,2007,,98,,PER_100000_LIVE_BIRTHS,"per 100,000 live births",G,Global,E,Estimated,"Estimates by WHO, UNICEF, UNFPA, World Bank Group and UNDESA/Population Division. Geneva: World Health Organization; 2023.",,,,,
DATAFLOW,SPC:DF_BP50_2(1.0),Blue Pacific 2050: People-Centered Development (Thematic Area 2),I,A,Annual,SH_STA_MORT,Maternal mortality ratio,VU,Vanuatu,F,Female,_T,All ages,_T,National,_T,Total,_T,All education levels,_T,All occupations,_Z,Not applicable,_T,No breakdown by disability,2008,,86,,PER_100000_LIVE_BIRTHS,"per 100,000 live births",G,Global,E,Estimated,"Estimates by WHO, UNICEF, UNFPA, World Bank Group and UNDESA/Population Division. Geneva: World Health Organization; 2023.",,,,,
DATAFLOW,SPC:DF_BP50_2(1.0),Blue Pacific 2050: People-Centered Development (Thematic Area 2),I,A,Annual,SH_STA_MORT,Maternal mortality ratio,VU,Vanuatu,F,Female,_T,All ages,_T,National,_T,Total,_T,All education levels,_T,All occupations,_Z,Not applicable,_T,No breakdown by disability,2009,,88,,PER_100000_LIVE_BIRTHS,"per 100,000 live births",G,Global,E,Estimated,"Estimates by WHO, UNICEF, UNFPA, World Bank Group and UNDESA/Population Division. Geneva: World Health Organization; 2023.",,,,,
DATAFLOW,SPC:DF_BP50_2(1.0),Blue Pacific 2050: People-Centered Development (Thematic Area 2),I,A,Annual,SH_STA_MORT,Maternal mortality ratio,VU,Vanuatu,F,Female,_T,All ages,_T,National,_T,Total,_T,All education levels,_T,All occupations,_Z,Not applicable,_T,No breakdown by disability,2010,,93,,PER_100000_LIVE_BIRTHS,"per 100,000 live births",G,Global,E,Estimated,"Estimates by WHO, UNICEF, UNFPA, World Bank Group and UNDESA/Population Division. Geneva: World Health Organization; 2023.",,,,,
DATAFLOW,SPC:DF_BP50_2(1.0),Blue Pacific 2050: People-Centered Development (Thematic Area 2),I,A,Annual,SH_STA_MORT,Maternal mortality ratio,VU,Vanuatu,F,Female,_T,All ages,_T,National,_T,Total,_T,All education levels,_T,All occupations,_Z,Not applicable,_T,No breakdown by disability,2011,,95,,PER_100000_LIVE_BIRTHS,"per 100,000 live births",G,Global,E,Estimated,"Estimates by WHO, UNICEF, UNFPA, World Bank Group and UNDESA/Population Division. Geneva: World Health Organization; 2023.",,,,,
DATAFLOW,SPC:DF_BP50_2(1.0),Blue Pacific 2050: People-Centered Development (Thematic Area 2),I,A,Annual,SH_STA_MORT,Maternal mortality ratio,VU,Vanuatu,F,Female,_T,All ages,_T,National,_T,Total,_T,All education levels,_T,All occupations,_Z,Not applicable,_T,No breakdown by disability,2012,,87,,PER_100000_LIVE_BIRTHS,"per 100,000 live births",G,Global,E,Estimated,"Estimates by WHO, UNICEF, UNFPA, World Bank Group and UNDESA/Population Division. Geneva: World Health Organization; 2023.",,,,,
DATAFLOW,SPC:DF_BP50_2(1.0),Blue Pacific 2050: People-Centered Development (Thematic Area 2),I,A,Annual,SH_STA_MORT,Maternal mortality ratio,VU,Vanuatu,F,Female,_T,All ages,_T,National,_T,Total,_T,All education levels,_T,All occupations,_Z,Not applicable,_T,No breakdown by disability,2013,,87,,PER_100000_LIVE_BIRTHS,"per 100,000 live births",G,Global,E,Estimated,"Estimates by WHO, UNICEF, UNFPA, World Bank Group and UNDESA/Population Division. Geneva: World Health Organization; 2023.",,,,,
DATAFLOW,SPC:DF_BP50_2(1.0),Blue Pacific 2050: People-Centered Development (Thematic Area 2),I,A,Annual,SH_STA_MORT,Maternal mortality ratio,VU,Vanuatu,F,Female,_T,All ages,_T,National,_T,Total,_T,All education levels,_T,All occupations,_Z,Not applicable,_T,No breakdown by disability,2014,,92,,PER_100000_LIVE_BIRTHS,"per 100,000 live births",G,Global,E,Estimated,"Estimates by WHO, UNICEF, UNFPA, World Bank Group and UNDESA/Population Division. Geneva: World Health Organization; 2023.",,,,,
DATAFLOW,SPC:DF_BP50_2(1.0),Blue Pacific 2050: People-Centered Development (Thematic Area 2),I,A,Annual,SH_STA_MORT,Maternal mortality ratio,VU,Vanuatu,F,Female,_T,All ages,_T,National,_T,Total,_T,All education levels,_T,All occupations,_Z,Not applicable,_T,No breakdown by disability,2015,,92,,PER_100000_LIVE_BIRTHS,"per 100,000 live births",G,Global,E,Estimated,"Estimates by WHO, UNICEF, UNFPA, World Bank Group and UNDESA/Population Division. Geneva: World Health Organization; 2023.",,,,,
DATAFLOW,SPC:DF_BP50_2(1.0),Blue Pacific 2050: People-Centered Development (Thematic Area 2),I,A,Annual,SH_STA_MORT,Maternal mortality ratio,VU,Vanuatu,F,Female,_T,All ages,_T,National,_T,Total,_T,All education levels,_T,All occupations,_Z,Not applicable,_T,No breakdown by disability,2016,,94,,PER_100000_LIVE_BIRTHS,"per 100,000 live births",G,Global,E,Estimated,"Estimates by WHO, UNICEF, UNFPA, World Bank Group and UNDESA/Population Division. Geneva: World Health Organization; 2023.",,,,,
DATAFLOW,SPC:DF_BP50_2(1.0),Blue Pacific 2050: People-Centered Development (Thematic Area 2),I,A,Annual,SH_STA_MORT,Maternal mortality ratio,VU,Vanuatu,F,Female,_T,All ages,_T,National,_T,Total,_T,All education levels,_T,All occupations,_Z,Not applicable,_T,No breakdown by disability,2017,,94,,PER_100000_LIVE_BIRTHS,"per 100,000 live births",G,Global,E,Estimated,"Estimates by WHO, UNICEF, UNFPA, World Bank Group and UNDESA/Population Division. Geneva: World Health Organization; 2023.",,,,,
DATAFLOW,SPC:DF_BP50_2(1.0),Blue Pacific 2050: People-Centered Development (Thematic Area 2),I,A,Annual,SH_STA_MORT,Maternal mortality ratio,VU,Vanuatu,F,Female,_T,All ages,_T,National,_T,Total,_T,All education levels,_T,All occupations,_Z,Not applicable,_T,No breakdown by disability,2018,,97,,PER_100000_LIVE_BIRTHS,"per 100,000 live births",G,Global,E,Estimated,"Estimates by WHO, UNICEF, UNFPA, World Bank Group and UNDESA/Population Division. Geneva: World Health Organization; 2023.",,,,,
DATAFLOW,SPC:DF_BP50_2(1.0),Blue Pacific 2050: People-Centered Development (Thematic Area 2),I,A,Annual,SH_STA_MORT,Maternal mortality ratio,VU,Vanuatu,F,Female,_T,All ages,_T,National,_T,Total,_T,All education levels,_T,All occupations,_Z,Not applicable,_T,No breakdown by disability,2019,,93,,PER_100000_LIVE_BIRTHS,"per 100,000 live births",G,Global,E,Estimated,"Estimates by WHO, UNICEF, UNFPA, World Bank Group and UNDESA/Population Division. Geneva: World Health Organization; 2023.",,,,,
DATAFLOW,SPC:DF_BP50_2(1.0),Blue Pacific 2050: People-Centered Development (Thematic Area 2),I,A,Annual,SH_STA_MORT,Maternal mortality ratio,VU,Vanuatu,F,Female,_T,All ages,_T,National,_T,Total,_T,All education levels,_T,All occupations,_Z,Not applicable,_T,No breakdown by disability,2020,,94,,PER_100000_LIVE_BIRTHS,"per 100,000 live births",G,Global,E,Estimated,"Estimates by WHO, UNICEF, UNFPA, World Bank Group and UNDESA/Population Division. Geneva: World Health Organization; 2023.",,,,,
DATAFLOW,SPC:DF_BP50_2(1.0),Blue Pacific 2050: People-Centered Development (Thematic Area 2),I,A,Annual,SH_STA_BRTC,Proportion of births attended by skilled health personnel,MH,Marshall Islands,_T,Total,_T,All ages,_T,National,_T,Total,_T,All education levels,_T,All occupations,_Z,Not applicable,_T,No breakdown by disability,2007,,86.2,,PERCENT,percent,N,National,C,Country Data,"Economic Policy, Planning and Statistics Office [Marshall Islands], Secretariat of the Pacific Community (SPC), Macro International Inc. Republic of the Marshall Islands Demographic and Health Survey 2007. Noumea: SPC; 2008.",,,,,
DATAFLOW,SPC:DF_BP50_2(1.0),Blue Pacific 2050: People-Centered Development (Thematic Area 2),I,A,Annual,SH_STA_BRTC,Proportion of births attended by skilled health personnel,MH,Marshall Islands,_T,Total,_T,All ages,_T,National,_T,Total,_T,All education levels,_T,All occupations,_Z,Not applicable,_T,No breakdown by disability,2009,,86.5,,PERCENT,percent,N,National,C,Country Data,Annual Report FY 2011. Ministry of Health [Republic of the Marshall Islands]; 2012.,,,,,
DATAFLOW,SPC:DF_BP50_2(1.0),Blue Pacific 2050: People-Centered Development (Thematic Area 2),I,A,Annual,SH_STA_BRTC,Proportion of births attended by skilled health personnel,MH,Marshall Islands,_T,Total,_T,All ages,_T,National,_T,Total,_T,All education levels,_T,All occupations,_Z,Not applicable,_T,No breakdown by disability,2010,,90,,PERCENT,percent,N,National,C,Country Data,Annual Report FY 2011. Ministry of Health [Republic of the Marshall Islands]; 2012.,,,,,
DATAFLOW,SPC:DF_BP50_2(1.0),Blue Pacific 2050: People-Centered Development (Thematic Area 2),I,A,Annual,SH_STA_BRTC,Proportion of births attended by skilled health personnel,MH,Marshall Islands,_T,Total,_T,All ages,_T,National,_T,Total,_T,All education levels,_T,All occupations,_Z,Not applicable,_T,No breakdown by disability,2011,,90.1,,PERCENT,percent,N,National,C,Country Data,Annual Report FY 2011. Ministry of Health [Republic of the Marshall Islands]; 2012.,,,,,
DATAFLOW,SPC:DF_BP50_2(1.0),Blue Pacific 2050: People-Centered Development (Thematic Area 2),I,A,Annual,SH_STA_BRTC,Proportion of births attended by skilled health personnel,MH,Marshall Islands,_T,Total,_T,All ages,_T,National,_T,Total,_T,All education levels,_T,All occupations,_Z,Not applicable,_T,No breakdown by disability,2017,,92.4,,PERCENT,percent,N,National,C,Country Data,"Republic of the Marshall Islands Ministry of Health and Human Services, RMI. Republic of the Marshall Islands Integrated Child Health and Nutrition Survey 2017, Final Report.  Economic, Policy Planning and Statistics Office; 2017. ",,,,,
DATAFLOW,SPC:DF_BP50_2(1.0),Blue Pacific 2050: People-Centered Development (Thematic Area 2),I,A,Annual,SH_MED_DEN,Health worker density,VU,Vanuatu,_T,Total,_T,All ages,_T,National,_T,Total,_T,All education levels,2261,Dentists,_Z,Not applicable,_T,No breakdown by disability,2008,,0.13,,PER_10000_POP,"per 10,000 population",G,Global,_X,Not Available,,,,,"NHWA data portal, December 2024 update https://apps.who.int/nhwaportal/",
DATAFLOW,SPC:DF_BP50_2(1.0),Blue Pacific 2050: People-Centered Development (Thematic Area 2),I,A,Annual,SH_MED_DEN,Health worker density,VU,Vanuatu,_T,Total,_T,All ages,_T,National,_T,Total,_T,All education levels,2261,Dentists,_Z,Not applicable,_T,No breakdown by disability,2012,,0.68,,PER_10000_POP,"per 10,000 population",G,Global,_X,Not Available,,,,,"NHWA data portal, December 2024 update https://apps.who.int/nhwaportal/",
DATAFLOW,SPC:DF_BP50_2(1.0),Blue Pacific 2050: People-Centered Development (Thematic Area 2),I,A,Annual,SH_MED_DEN,Health worker density,VU,Vanuatu,_T,Total,_T,All ages,_T,National,_T,Total,_T,All education levels,2261,Dentists,_Z,Not applicable,_T,No breakdown by disability,2018,,0.28,,PER_10000_POP,"per 10,000 population",G,Global,_X,Not Available,,,,,"NHWA data portal, December 2024 update https://apps.who.int/nhwaportal/",
DATAFLOW,SPC:DF_BP50_2(1.0),Blue Pacific 2050: People-Centered Development (Thematic Area 2),I,A,Annual,SH_MED_DEN,Health worker density,VU,Vanuatu,_T,Total,_T,All ages,_T,National,_T,Total,_T,All education levels,2261,Dentists,_Z,Not applicable,_T,No breakdown by disability,2019,,0.31,,PER_10000_POP,"per 10,000 population",G,Global,_X,Not Available,,,,,"NHWA data portal, December 2024 update https://apps.who.int/nhwaportal/",
DATAFLOW,SPC:DF_BP50_2(1.0),Blue Pacific 2050: People-Centered Development (Thematic Area 2),I,A,Annual,SH_MED_DEN,Health worker density,KI,Kiribati,_T,Total,_T,All ages,_T,National,_T,Total,_T,All education levels,221,Medical Doctors,_Z,Not applicable,_T,No breakdown by disability,2008,,2.4,,PER_10000_POP,"per 10,000 population",G,Global,_X,Not Available,,,,,"NHWA data portal, December 2024 update https://apps.who.int/nhwaportal/",
DATAFLOW,SPC:DF_BP50_2(1.0),Blue Pacific 2050: People-Centered Development (Thematic Area 2),I,A,Annual,SH_MED_DEN,Health worker density,KI,Kiribati,_T,Total,_T,All ages,_T,National,_T,Total,_T,All education levels,221,Medical Doctors,_Z,Not applicable,_T,No breakdown by disability,2010,,3.77,,PER_10000_POP,"per 10,000 population",G,Global,_X,Not Available,,,,,"NHWA data portal, December 2024 update https://apps.who.int/nhwaportal/",
DATAFLOW,SPC:DF_BP50_2(1.0),Blue Pacific 2050: People-Centered Development (Thematic Area 2),I,A,Annual,SH_MED_DEN,Health worker density,KI,Kiribati,_T,Total,_T,All ages,_T,National,_T,Total,_T,All education levels,221,Medical Doctors,_Z,Not applicable,_T,No breakdown by disability,2011,,1.36,,PER_10000_POP,"per 10,000 population",G,Global,_X,Not Available,,,,,"NHWA data portal, December 2024 update https://apps.who.int/nhwaportal/",
DATAFLOW,SPC:DF_BP50_2(1.0),Blue Pacific 2050: People-Centered Development (Thematic Area 2),I,A,Annual,SH_MED_DEN,Health worker density,KI,Kiribati,_T,Total,_T,All ages,_T,National,_T,Total,_T,All education levels,221,Medical Doctors,_Z,Not applicable,_T,No breakdown by disability,2013,,1.93,,PER_10000_POP,"per 10,000 population",G,Global,_X,Not Available,,,,,"NHWA data portal, December 2024 update https://apps.who.int/nhwaportal/",
DATAFLOW,SPC:DF_BP50_2(1.0),Blue Pacific 2050: People-Centered Development (Thematic Area 2),I,A,Annual,SH_MED_DEN,Health worker density,PG,Papua New Guinea,_T,Total,_T,All ages,_T,National,_T,Total,_T,All education levels,2261,Dentists,_Z,Not applicable,_T,No breakdown by disability,2000,,0.16,,PER_10000_POP,"per 10,000 population",G,Global,_X,Not Available,,,,,"NHWA data portal, December 2024 update https://apps.who.int/nhwaportal/",
DATAFLOW,SPC:DF_BP50_2(1.0),Blue Pacific 2050: People-Centered Development (Thematic Area 2),I,A,Annual,SH_MED_DEN,Health worker density,PG,Papua New Guinea,_T,Total,_T,All ages,_T,National,_T,Total,_T,All education levels,2261,Dentists,_Z,Not applicable,_T,No breakdown by disability,2009,,0.16,,PER_10000_POP,"per 10,000 population",G,Global,_X,Not Available,,,,,"NHWA data portal, December 2024 update https://apps.who.int/nhwaportal/",
DATAFLOW,SPC:DF_BP50_2(1.0),Blue Pacific 2050: People-Centered Development (Thematic Area 2),I,A,Annual,SH_MED_DEN,Health worker density,PG,Papua New Guinea,_T,Total,_T,All ages,_T,National,_T,Total,_T,All education levels,2261,Dentists,_Z,Not applicable,_T,No breakdown by disability,2018,,0.15,,PER_10000_POP,"per 10,000 population",G,Global,_X,Not Available,,,,,"NHWA data portal, December 2024 update https://apps.who.int/nhwaportal/",
DATAFLOW,SPC:DF_BP50_2(1.0),Blue Pacific 2050: People-Centered Development (Thematic Area 2),I,A,Annual,SH_MED_DEN,Health worker density,PG,Papua New Guinea,_T,Total,_T,All ages,_T,National,_T,Total,_T,All education levels,2261,Dentists,_Z,Not applicable,_T,No breakdown by disability,2019,,0.07,,PER_10000_POP,"per 10,000 population",G,Global,_X,Not Available,,,,,"NHWA data portal, December 2024 update https://apps.who.int/nhwaportal/",
DATAFLOW,SPC:DF_BP50_2(1.0),Blue Pacific 2050: People-Centered Development (Thematic Area 2),I,A,Annual,SH_MED_DEN,Health worker density,PG,Papua New Guinea,_T,Total,_T,All ages,_T,National,_T,Total,_T,All education levels,2261,Dentists,_Z,Not applicable,_T,No breakdown by disability,2021,,0.05,,PER_10000_POP,"per 10,000 population",G,Global,_X,Not Available,,,,,"NHWA data portal, December 2024 update https://apps.who.int/nhwaportal/",
DATAFLOW,SPC:DF_BP50_2(1.0),Blue Pacific 2050: People-Centered Development (Thematic Area 2),I,A,Annual,SH_MED_DEN,Health worker density,PG,Papua New Guinea,_T,Total,_T,All ages,_T,National,_T,Total,_T,All education levels,2261,Dentists,_Z,Not applicable,_T,No breakdown by disability,2023,,0.05,,PER_10000_POP,"per 10,000 population",G,Global,_X,Not Available,,,,,"NHWA data portal, December 2024 update https://apps.who.int/nhwaportal/",
DATAFLOW,SPC:DF_BP50_2(1.0),Blue Pacific 2050: People-Centered Development (Thematic Area 2),I,A,Annual,SH_MED_DEN,Health worker density,PW,Palau,_T,Total,_T,All ages,_T,National,_T,Total,_T,All education levels,2261,Dentists,_Z,Not applicable,_T,No breakdown by disability,1998,,12.97,,PER_10000_POP,"per 10,000 population",G,Global,_X,Not Available,,,,,"NHWA data portal, December 2024 update https://apps.who.int/nhwaportal/",
DATAFLOW,SPC:DF_BP50_2(1.0),Blue Pacific 2050: People-Centered Development (Thematic Area 2),I,A,Annual,SH_MED_DEN,Health worker density,PW,Palau,_T,Total,_T,All ages,_T,National,_T,Total,_T,All education levels,2261,Dentists,_Z,Not applicable,_T,No breakdown by disability,2007,,2.59,,PER_10000_POP,"per 10,000 population",G,Global,_X,Not Available,,,,,"NHWA data portal, December 2024 update https://apps.who.int/nhwaportal/",
DATAFLOW,SPC:DF_BP50_2(1.0),Blue Pacific 2050: People-Centered Development (Thematic Area 2),I,A,Annual,SH_MED_DEN,Health worker density,PW,Palau,_T,Total,_T,All ages,_T,National,_T,Total,_T,All education levels,2261,Dentists,_Z,Not applicable,_T,No breakdown by disability,2018,,2.25,,PER_10000_POP,"per 10,000 population",G,Global,_X,Not Available,,,,,"NHWA data portal, December 2024 update https://apps.who.int/nhwaportal/",
DATAFLOW,SPC:DF_BP50_2(1.0),Blue Pacific 2050: People-Centered Development (Thematic Area 2),I,A,Annual,SH_MED_DEN,Health worker density,PW,Palau,_T,Total,_T,All ages,_T,National,_T,Total,_T,All education levels,2261,Dentists,_Z,Not applicable,_T,No breakdown by disability,2019,,2.25,,PER_10000_POP,"per 10,000 population",G,Global,_X,Not Available,,,,,"NHWA data portal, December 2024 update https://apps.who.int/nhwaportal/",
DATAFLOW,SPC:DF_BP50_2(1.0),Blue Pacific 2050: People-Centered Development (Thematic Area 2),I,A,Annual,SH_MED_DEN,Health worker density,PW,Palau,_T,Total,_T,All ages,_T,National,_T,Total,_T,All education levels,2261,Dentists,_Z,Not applicable,_T,No breakdown by disability,2020,,3.37,,PER_10000_POP,"per 10,000 population",G,Global,_X,Not Available,,,,,"NHWA data portal, December 2024 update https://apps.who.int/nhwaportal/",
DATAFLOW,SPC:DF_BP50_2(1.0),Blue Pacific 2050: People-Centered Development (Thematic Area 2),I,A,Annual,SH_MED_DEN,Health worker density,PW,Palau,_T,Total,_T,All ages,_T,National,_T,Total,_T,All education levels,2261,Dentists,_Z,Not applicable,_T,No breakdown by disability,2021,,3.93,,PER_10000_POP,"per 10,000 population",G,Global,_X,Not Available,,,,,"NHWA data portal, December 2024 update https://apps.who.int/nhwaportal/",
DATAFLOW,SPC:DF_BP50_2(1.0),Blue Pacific 2050: People-Centered Development (Thematic Area 2),I,A,Annual,SH_MED_DEN,Health worker density,PW,Palau,_T,Total,_T,All ages,_T,National,_T,Total,_T,All education levels,2261,Dentists,_Z,Not applicable,_T,No breakdown by disability,2022,,5.62,,PER_10000_POP,"per 10,000 population",G,Global,_X,Not Available,,,,,"NHWA data portal, December 2024 update https://apps.who.int/nhwaportal/",
DATAFLOW,SPC:DF_BP50_2(1.0),Blue Pacific 2050: People-Centered Development (Thematic Area 2),I,A,Annual,SH_MED_DEN,Health worker density,PW,Palau,_T,Total,_T,All ages,_T,National,_T,Total,_T,All education levels,2261,Dentists,_Z,Not applicable,_T,No breakdown by disability,2023,,3.96,,PER_10000_POP,"per 10,000 population",G,Global,_X,Not Available,,,,,"NHWA data portal, December 2024 update https://apps.who.int/nhwaportal/",
DATAFLOW,SPC:DF_BP50_2(1.0),Blue Pacific 2050: People-Centered Development (Thematic Area 2),I,A,Annual,SH_STA_MORT,Maternal mortality ratio,PF,French Polynesia,F,Female,_T,All ages,_T,National,_T,Total,_T,All education levels,_T,All occupations,_Z,Not applicable,_T,No breakdown by disability,2011,,0,,PER_100000_LIVE_BIRTHS,"per 100,000 live births",N,National,C,Country Data,"Polynesie francaise. Direction de la Sante, enquete mortalite",,,,,
DATAFLOW,SPC:DF_BP50_2(1.0),Blue Pacific 2050: People-Centered Development (Thematic Area 2),I,A,Annual,SH_STA_MORT,Maternal mortality ratio,PW,Palau,F,Female,_T,All ages,_T,National,_T,Total,_T,All education levels,_T,All occupations,_Z,Not applicable,_T,No breakdown by disability,2010,,0,,PER_100000_LIVE_BIRTHS,"per 100,000 live births",G,Global,C,Country Data,WHO Western Pacific Country Health Information Profiles (CHIPS) 2011,,,,,
DATAFLOW,SPC:DF_BP50_2(1.0),Blue Pacific 2050: People-Centered Development (Thematic Area 2),I,A,Annual,SH_STA_BRTC,Proportion of births attended by skilled health personnel,TV,Tuvalu,_T,Total,_T,All ages,_T,National,_T,Total,_T,All education levels,_T,All occupations,_Z,Not applicable,_T,No breakdown by disability,2000,,100,,PERCENT,percent,G,Global,C,Country Data,"Secretariat of the Pacific Community (SPC), United Nations Development Programme (UNDP), the UN/CROP MDG Working Group. Pacific Islands Regional Millennium Development Goals Report 2004. Noumea: Secretariat of the Pacific Community (SPC); 2004.",,,,,
DATAFLOW,SPC:DF_BP50_2(1.0),Blue Pacific 2050: People-Centered Development (Thematic Area 2),I,A,Annual,SH_STA_BRTC,Proportion of births attended by skilled health personnel,TV,Tuvalu,_T,Total,_T,All ages,_T,National,_T,Total,_T,All education levels,_T,All occupations,_Z,Not applicable,_T,No breakdown by disability,2002,,100,,PERCENT,percent,R,Regional,C,Country Data,Western Pacific Country Health Information Profiles: 2009 Revision. World Health Organization Regional Office for the Western Pacific (WPRO); 2009.,,,,,
DATAFLOW,SPC:DF_BP50_2(1.0),Blue Pacific 2050: People-Centered Development (Thematic Area 2),I,A,Annual,SH_STA_BRTC,Proportion of births attended by skilled health personnel,TV,Tuvalu,_T,Total,_T,All ages,_T,National,_T,Total,_T,All education levels,_T,All occupations,_Z,Not applicable,_T,No breakdown by disability,2007,,100,,PERCENT,percent,N,National,C,Country Data,"Central Statistics Division [Tuvalu], Secretariat of the Pacific Community (SPC), Macro International Inc., . Tuvalu Demographic and Health Survey 2007. Noumea: SPC; 2009.",,,,,
DATAFLOW,SPC:DF_BP50_2(1.0),Blue Pacific 2050: People-Centered Development (Thematic Area 2),I,A,Annual,SH_STA_BRTC,Proportion of births attended by skilled health personnel,TV,Tuvalu,_T,Total,_T,All ages,_T,National,_T,Total,_T,All education levels,_T,All occupations,_Z,Not applicable,_T,No breakdown by disability,2020,,100,,PERCENT,percent,N,National,C,Country Data," Tuvalu Central Statistics Department. 2021. Tuvalu Multiple Indicator Cluster Survey 2019–2020, Snapshot 
of Key Findings. Funafuti, Tuvalu: Tuvalu Central Statistics Department.",,,,,
DATAFLOW,SPC:DF_BP50_2(1.0),Blue Pacific 2050: People-Centered Development (Thematic Area 2),I,A,Annual,SH_MED_DEN,Health worker density,NU,Niue,_T,Total,_T,All ages,_T,National,_T,Total,_T,All education levels,222,Nursing and Midwifery Professionals,_Z,Not applicable,_T,No breakdown by disability,1996,,56.52,,PER_10000_POP,"per 10,000 population",G,Global,_X,Not Available,,,,,"NHWA data portal, December 2024 update https://apps.who.int/nhwaportal/",
DATAFLOW,SPC:DF_BP50_2(1.0),Blue Pacific 2050: People-Centered Development (Thematic Area 2),I,A,Annual,SH_MED_DEN,Health worker density,NU,Niue,_T,Total,_T,All ages,_T,National,_T,Total,_T,All education levels,222,Nursing and Midwifery Professionals,_Z,Not applicable,_T,No breakdown by disability,2003,,89.47,,PER_10000_POP,"per 10,000 population",G,Global,_X,Not Available,,,,,"NHWA data portal, December 2024 update https://apps.who.int/nhwaportal/",
DATAFLOW,SPC:DF_BP50_2(1.0),Blue Pacific 2050: People-Centered Development (Thematic Area 2),I,A,Annual,SH_MED_DEN,Health worker density,NU,Niue,_T,Total,_T,All ages,_T,National,_T,Total,_T,All education levels,222,Nursing and Midwifery Professionals,_Z,Not applicable,_T,No breakdown by disability,2004,,115.79,,PER_10000_POP,"per 10,000 population",G,Global,_X,Not Available,,,,,"NHWA data portal, December 2024 update https://apps.who.int/nhwaportal/",
DATAFLOW,SPC:DF_BP50_2(1.0),Blue Pacific 2050: People-Centered Development (Thematic Area 2),I,A,Annual,SH_MED_DEN,Health worker density,NU,Niue,_T,Total,_T,All ages,_T,National,_T,Total,_T,All education levels,222,Nursing and Midwifery Professionals,_Z,Not applicable,_T,No breakdown by disability,2006,,83.33,,PER_10000_POP,"per 10,000 population",G,Global,_X,Not Available,,,,,"NHWA data portal, December 2024 update https://apps.who.int/nhwaportal/",
DATAFLOW,SPC:DF_BP50_2(1.0),Blue Pacific 2050: People-Centered Development (Thematic Area 2),I,A,Annual,SH_MED_DEN,Health worker density,NU,Niue,_T,Total,_T,All ages,_T,National,_T,Total,_T,All education levels,222,Nursing and Midwifery Professionals,_Z,Not applicable,_T,No breakdown by disability,2008,,88.89,,PER_10000_POP,"per 10,000 population",G,Global,_X,Not Available,,,,,"NHWA data portal, December 2024 update https://apps.who.int/nhwaportal/",
DATAFLOW,SPC:DF_BP50_2(1.0),Blue Pacific 2050: People-Centered Development (Thematic Area 2),I,A,Annual,SH_MED_DEN,Health worker density,NU,Niue,_T,Total,_T,All ages,_T,National,_T,Total,_T,All education levels,222,Nursing and Midwifery Professionals,_Z,Not applicable,_T,No breakdown by disability,2018,,111.11,,PER_10000_POP,"per 10,000 population",G,Global,_X,Not Available,,,,,"NHWA data portal, December 2024 update https://apps.who.int/nhwaportal/",
DATAFLOW,SPC:DF_BP50_2(1.0),Blue Pacific 2050: People-Centered Development (Thematic Area 2),I,A,Annual,SH_MED_DEN,Health worker density,MH,Marshall Islands,_T,Total,_T,All ages,_T,National,_T,Total,_T,All education levels,2262,Pharmacists,_Z,Not applicable,_T,No breakdown by disability,2007,,1.15,,PER_10000_POP,"per 10,000 population",G,Global,_X,Not Available,,,,,"NHWA data portal, December 2024 update https://apps.who.int/nhwaportal/",
DATAFLOW,SPC:DF_BP50_2(1.0),Blue Pacific 2050: People-Centered Development (Thematic Area 2),I,A,Annual,SH_MED_DEN,Health worker density,MH,Marshall Islands,_T,Total,_T,All ages,_T,National,_T,Total,_T,All education levels,2262,Pharmacists,_Z,Not applicable,_T,No breakdown by disability,2010,,0.39,,PER_10000_POP,"per 10,000 population",G,Global,_X,Not Available,,,,,"NHWA data portal, December 2024 update https://apps.who.int/nhwaportal/",
DATAFLOW,SPC:DF_BP50_2(1.0),Blue Pacific 2050: People-Centered Development (Thematic Area 2),I,A,Annual,SH_MED_DEN,Health worker density,MH,Marshall Islands,_T,Total,_T,All ages,_T,National,_T,Total,_T,All education levels,2262,Pharmacists,_Z,Not applicable,_T,No breakdown by disability,2012,,0.78,,PER_10000_POP,"per 10,000 population",G,Global,_X,Not Available,,,,,"NHWA data portal, December 2024 update https://apps.who.int/nhwaportal/",
DATAFLOW,SPC:DF_BP50_2(1.0),Blue Pacific 2050: People-Centered Development (Thematic Area 2),I,A,Annual,SH_MED_DEN,Health worker density,CK,Cook Islands,_T,Total,_T,All ages,_T,National,_T,Total,_T,All education levels,2261,Dentists,_Z,Not applicable,_T,No breakdown by disability,2001,,6.58,,PER_10000_POP,"per 10,000 population",G,Global,_X,Not Available,,,,,"NHWA data portal, December 2024 update https://apps.who.int/nhwaportal/",
DATAFLOW,SPC:DF_BP50_2(1.0),Blue Pacific 2050: People-Centered Development (Thematic Area 2),I,A,Annual,SH_MED_DEN,Health worker density,CK,Cook Islands,_T,Total,_T,All ages,_T,National,_T,Total,_T,All education levels,2261,Dentists,_Z,Not applicable,_T,No breakdown by disability,2004,,6.62,,PER_10000_POP,"per 10,000 population",G,Global,_X,Not Available,,,,,"NHWA data portal, December 2024 update https://apps.who.int/nhwaportal/",
DATAFLOW,SPC:DF_BP50_2(1.0),Blue Pacific 2050: People-Centered Development (Thematic Area 2),I,A,Annual,SH_MED_DEN,Health worker density,CK,Cook Islands,_T,Total,_T,All ages,_T,National,_T,Total,_T,All education levels,2261,Dentists,_Z,Not applicable,_T,No breakdown by disability,2009,,2.42,,PER_10000_POP,"per 10,000 population",G,Global,_X,Not Available,,,,,"NHWA data portal, December 2024 update https://apps.who.int/nhwaportal/",
DATAFLOW,SPC:DF_BP50_2(1.0),Blue Pacific 2050: People-Centered Development (Thematic Area 2),I,A,Annual,SH_MED_DEN,Health worker density,CK,Cook Islands,_T,Total,_T,All ages,_T,National,_T,Total,_T,All education levels,2261,Dentists,_Z,Not applicable,_T,No breakdown by disability,2014,,12.57,,PER_10000_POP,"per 10,000 population",G,Global,_X,Not Available,,,,,"NHWA data portal, December 2024 update https://apps.who.int/nhwaportal/",
DATAFLOW,SPC:DF_BP50_2(1.0),Blue Pacific 2050: People-Centered Development (Thematic Area 2),I,A,Annual,SH_MED_DEN,Health worker density,CK,Cook Islands,_T,Total,_T,All ages,_T,National,_T,Total,_T,All education levels,2261,Dentists,_Z,Not applicable,_T,No breakdown by disability,2019,,3.73,,PER_10000_POP,"per 10,000 population",G,Global,_X,Not Available,,,,,"NHWA data portal, December 2024 update https://apps.who.int/nhwaportal/",
DATAFLOW,SPC:DF_BP50_2(1.0),Blue Pacific 2050: People-Centered Development (Thematic Area 2),I,A,Annual,SH_MED_DEN,Health worker density,NR,Nauru,_T,Total,_T,All ages,_T,National,_T,Total,_T,All education levels,222,Nursing and Midwifery Professionals,_Z,Not applicable,_T,No breakdown by disability,1995,,58.82,,PER_10000_POP,"per 10,000 population",G,Global,_X,Not Available,,,,,"NHWA data portal, December 2024 update https://apps.who.int/nhwaportal/",
DATAFLOW,SPC:DF_BP50_2(1.0),Blue Pacific 2050: People-Centered Development (Thematic Area 2),I,A,Annual,SH_MED_DEN,Health worker density,NR,Nauru,_T,Total,_T,All ages,_T,National,_T,Total,_T,All education levels,222,Nursing and Midwifery Professionals,_Z,Not applicable,_T,No breakdown by disability,2004,,62.38,,PER_10000_POP,"per 10,000 population",G,Global,_X,Not Available,,,,,"NHWA data portal, December 2024 update https://apps.who.int/nhwaportal/",
DATAFLOW,SPC:DF_BP50_2(1.0),Blue Pacific 2050: People-Centered Development (Thematic Area 2),I,A,Annual,SH_MED_DEN,Health worker density,NR,Nauru,_T,Total,_T,All ages,_T,National,_T,Total,_T,All education levels,222,Nursing and Midwifery Professionals,_Z,Not applicable,_T,No breakdown by disability,2008,,69,,PER_10000_POP,"per 10,000 population",G,Global,_X,Not Available,,,,,"NHWA data portal, December 2024 update https://apps.who.int/nhwaportal/",
DATAFLOW,SPC:DF_BP50_2(1.0),Blue Pacific 2050: People-Centered Development (Thematic Area 2),I,A,Annual,SH_MED_DEN,Health worker density,NR,Nauru,_T,Total,_T,All ages,_T,National,_T,Total,_T,All education levels,222,Nursing and Midwifery Professionals,_Z,Not applicable,_T,No breakdown by disability,2011,,69.31,,PER_10000_POP,"per 10,000 population",G,Global,_X,Not Available,,,,,"NHWA data portal, December 2024 update https://apps.who.int/nhwaportal/",
DATAFLOW,SPC:DF_BP50_2(1.0),Blue Pacific 2050: People-Centered Development (Thematic Area 2),I,A,Annual,SH_MED_DEN,Health worker density,NR,Nauru,_T,Total,_T,All ages,_T,National,_T,Total,_T,All education levels,222,Nursing and Midwifery Professionals,_Z,Not applicable,_T,No breakdown by disability,2015,,63.64,,PER_10000_POP,"per 10,000 population",G,Global,_X,Not Available,,,,,"NHWA data portal, December 2024 update https://apps.who.int/nhwaportal/",
DATAFLOW,SPC:DF_BP50_2(1.0),Blue Pacific 2050: People-Centered Development (Thematic Area 2),I,A,Annual,SH_MED_DEN,Health worker density,NR,Nauru,_T,Total,_T,All ages,_T,National,_T,Total,_T,All education levels,222,Nursing and Midwifery Professionals,_Z,Not applicable,_T,No breakdown by disability,2018,,73.04,,PER_10000_POP,"per 10,000 population",G,Global,_X,Not Available,,,,,"NHWA data portal, December 2024 update https://apps.who.int/nhwaportal/",
DATAFLOW,SPC:DF_BP50_2(1.0),Blue Pacific 2050: People-Centered Development (Thematic Area 2),I,A,Annual,SH_STA_MORT,Maternal mortality ratio,FJ,Fiji,F,Female,_T,All ages,_T,National,_T,Total,_T,All education levels,_T,All occupations,_Z,Not applicable,_T,No breakdown by disability,2000,,49,,PER_100000_LIVE_BIRTHS,"per 100,000 live births",G,Global,E,Estimated,"Estimates by WHO, UNICEF, UNFPA, World Bank Group and UNDESA/Population Division. Geneva: World Health Organization; 2023.",,,,,
DATAFLOW,SPC:DF_BP50_2(1.0),Blue Pacific 2050: People-Centered Development (Thematic Area 2),I,A,Annual,SH_STA_MORT,Maternal mortality ratio,FJ,Fiji,F,Female,_T,All ages,_T,National,_T,Total,_T,All education levels,_T,All occupations,_Z,Not applicable,_T,No breakdown by disability,2001,,47,,PER_100000_LIVE_BIRTHS,"per 100,000 live births",G,Global,E,Estimated,"Estimates by WHO, UNICEF, UNFPA, World Bank Group and UNDESA/Population Division. Geneva: World Health Organization; 2023.",,,,,
DATAFLOW,SPC:DF_BP50_2(1.0),Blue Pacific 2050: People-Centered Development (Thematic Area 2),I,A,Annual,SH_STA_MORT,Maternal mortality ratio,FJ,Fiji,F,Female,_T,All ages,_T,National,_T,Total,_T,All education levels,_T,All occupations,_Z,Not applicable,_T,No breakdown by disability,2002,,49,,PER_100000_LIVE_BIRTHS,"per 100,000 live births",G,Global,E,Estimated,"Estimates by WHO, UNICEF, UNFPA, World Bank Group and UNDESA/Population Division. Geneva: World Health Organization; 2023.",,,,,
DATAFLOW,SPC:DF_BP50_2(1.0),Blue Pacific 2050: People-Centered Development (Thematic Area 2),I,A,Annual,SH_STA_MORT,Maternal mortality ratio,FJ,Fiji,F,Female,_T,All ages,_T,National,_T,Total,_T,All education levels,_T,All occupations,_Z,Not applicable,_T,No breakdown by disability,2003,,48,,PER_100000_LIVE_BIRTHS,"per 100,000 live births",G,Global,E,Estimated,"Estimates by WHO, UNICEF, UNFPA, World Bank Group and UNDESA/Population Division. Geneva: World Health Organization; 2023.",,,,,
DATAFLOW,SPC:DF_BP50_2(1.0),Blue Pacific 2050: People-Centered Development (Thematic Area 2),I,A,Annual,SH_STA_MORT,Maternal mortality ratio,FJ,Fiji,F,Female,_T,All ages,_T,National,_T,Total,_T,All education levels,_T,All occupations,_Z,Not applicable,_T,No breakdown by disability,2004,,46,,PER_100000_LIVE_BIRTHS,"per 100,000 live births",G,Global,E,Estimated,"Estimates by WHO, UNICEF, UNFPA, World Bank Group and UNDESA/Population Division. Geneva: World Health Organization; 2023.",,,,,
DATAFLOW,SPC:DF_BP50_2(1.0),Blue Pacific 2050: People-Centered Development (Thematic Area 2),I,A,Annual,SH_STA_MORT,Maternal mortality ratio,FJ,Fiji,F,Female,_T,All ages,_T,National,_T,Total,_T,All education levels,_T,All occupations,_Z,Not applicable,_T,No breakdown by disability,2005,,45,,PER_100000_LIVE_BIRTHS,"per 100,000 live births",G,Global,E,Estimated,"Estimates by WHO, UNICEF, UNFPA, World Bank Group and UNDESA/Population Division. Geneva: World Health Organization; 2023.",,,,,
DATAFLOW,SPC:DF_BP50_2(1.0),Blue Pacific 2050: People-Centered Development (Thematic Area 2),I,A,Annual,SH_STA_MORT,Maternal mortality ratio,FJ,Fiji,F,Female,_T,All ages,_T,National,_T,Total,_T,All education levels,_T,All occupations,_Z,Not applicable,_T,No breakdown by disability,2006,,44,,PER_100000_LIVE_BIRTHS,"per 100,000 live births",G,Global,E,Estimated,"Estimates by WHO, UNICEF, UNFPA, World Bank Group and UNDESA/Population Division. Geneva: World Health Organization; 2023.",,,,,
DATAFLOW,SPC:DF_BP50_2(1.0),Blue Pacific 2050: People-Centered Development (Thematic Area 2),I,A,Annual,SH_STA_MORT,Maternal mortality ratio,FJ,Fiji,F,Female,_T,All ages,_T,National,_T,Total,_T,All education levels,_T,All occupations,_Z,Not applicable,_T,No breakdown by disability,2007,,44,,PER_100000_LIVE_BIRTHS,"per 100,000 live births",G,Global,E,Estimated,"Estimates by WHO, UNICEF, UNFPA, World Bank Group and UNDESA/Population Division. Geneva: World Health Organization; 2023.",,,,,
DATAFLOW,SPC:DF_BP50_2(1.0),Blue Pacific 2050: People-Centered Development (Thematic Area 2),I,A,Annual,SH_STA_MORT,Maternal mortality ratio,FJ,Fiji,F,Female,_T,All ages,_T,National,_T,Total,_T,All education levels,_T,All occupations,_Z,Not applicable,_T,No breakdown by disability,2008,,43,,PER_100000_LIVE_BIRTHS,"per 100,000 live births",G,Global,E,Estimated,"Estimates by WHO, UNICEF, UNFPA, World Bank Group and UNDESA/Population Division. Geneva: World Health Organization; 2023.",,,,,
DATAFLOW,SPC:DF_BP50_2(1.0),Blue Pacific 2050: People-Centered Development (Thematic Area 2),I,A,Annual,SH_STA_MORT,Maternal mortality ratio,FJ,Fiji,F,Female,_T,All ages,_T,National,_T,Total,_T,All education levels,_T,All occupations,_Z,Not applicable,_T,No breakdown by disability,2009,,42,,PER_100000_LIVE_BIRTHS,"per 100,000 live births",G,Global,E,Estimated,"Estimates by WHO, UNICEF, UNFPA, World Bank Group and UNDESA/Population Division. Geneva: World Health Organization; 2023.",,,,,
DATAFLOW,SPC:DF_BP50_2(1.0),Blue Pacific 2050: People-Centered Development (Thematic Area 2),I,A,Annual,SH_STA_MORT,Maternal mortality ratio,FJ,Fiji,F,Female,_T,All ages,_T,National,_T,Total,_T,All education levels,_T,All occupations,_Z,Not applicable,_T,No breakdown by disability,2010,,42,,PER_100000_LIVE_BIRTHS,"per 100,000 live births",G,Global,E,Estimated,"Estimates by WHO, UNICEF, UNFPA, World Bank Group and UNDESA/Population Division. Geneva: World Health Organization; 2023.",,,,,
DATAFLOW,SPC:DF_BP50_2(1.0),Blue Pacific 2050: People-Centered Development (Thematic Area 2),I,A,Annual,SH_STA_MORT,Maternal mortality ratio,FJ,Fiji,F,Female,_T,All ages,_T,National,_T,Total,_T,All education levels,_T,All occupations,_Z,Not applicable,_T,No breakdown by disability,2011,,39,,PER_100000_LIVE_BIRTHS,"per 100,000 live births",G,Global,E,Estimated,"Estimates by WHO, UNICEF, UNFPA, World Bank Group and UNDESA/Population Division. Geneva: World Health Organization; 2023.",,,,,
DATAFLOW,SPC:DF_BP50_2(1.0),Blue Pacific 2050: People-Centered Development (Thematic Area 2),I,A,Annual,SH_STA_MORT,Maternal mortality ratio,FJ,Fiji,F,Female,_T,All ages,_T,National,_T,Total,_T,All education levels,_T,All occupations,_Z,Not applicable,_T,No breakdown by disability,2012,,39,,PER_100000_LIVE_BIRTHS,"per 100,000 live births",G,Global,E,Estimated,"Estimates by WHO, UNICEF, UNFPA, World Bank Group and UNDESA/Population Division. Geneva: World Health Organization; 2023.",,,,,
DATAFLOW,SPC:DF_BP50_2(1.0),Blue Pacific 2050: People-Centered Development (Thematic Area 2),I,A,Annual,SH_STA_MORT,Maternal mortality ratio,FJ,Fiji,F,Female,_T,All ages,_T,National,_T,Total,_T,All education levels,_T,All occupations,_Z,Not applicable,_T,No breakdown by disability,2013,,39,,PER_100000_LIVE_BIRTHS,"per 100,000 live births",G,Global,E,Estimated,"Estimates by WHO, UNICEF, UNFPA, World Bank Group and UNDESA/Population Division. Geneva: World Health Organization; 2023.",,,,,
DATAFLOW,SPC:DF_BP50_2(1.0),Blue Pacific 2050: People-Centered Development (Thematic Area 2),I,A,Annual,SH_STA_MORT,Maternal mortality ratio,FJ,Fiji,F,Female,_T,All ages,_T,National,_T,Total,_T,All education levels,_T,All occupations,_Z,Not applicable,_T,No breakdown by disability,2014,,38,,PER_100000_LIVE_BIRTHS,"per 100,000 live births",G,Global,E,Estimated,"Estimates by WHO, UNICEF, UNFPA, World Bank Group and UNDESA/Population Division. Geneva: World Health Organization; 2023.",,,,,
DATAFLOW,SPC:DF_BP50_2(1.0),Blue Pacific 2050: People-Centered Development (Thematic Area 2),I,A,Annual,SH_STA_MORT,Maternal mortality ratio,FJ,Fiji,F,Female,_T,All ages,_T,National,_T,Total,_T,All education levels,_T,All occupations,_Z,Not applicable,_T,No breakdown by disability,2015,,39,,PER_100000_LIVE_BIRTHS,"per 100,000 live births",G,Global,E,Estimated,"Estimates by WHO, UNICEF, UNFPA, World Bank Group and UNDESA/Population Division. Geneva: World Health Organization; 2023.",,,,,
DATAFLOW,SPC:DF_BP50_2(1.0),Blue Pacific 2050: People-Centered Development (Thematic Area 2),I,A,Annual,SH_STA_MORT,Maternal mortality ratio,FJ,Fiji,F,Female,_T,All ages,_T,National,_T,Total,_T,All education levels,_T,All occupations,_Z,Not applicable,_T,No breakdown by disability,2016,,20.9,,PER_100000_LIVE_BIRTHS,"per 100,000 live births",N,National,C,Country Data,"Fiji Ministry of Health and Medical Services, Health Status Report 2017.",,,,,
DATAFLOW,SPC:DF_BP50_2(1.0),Blue Pacific 2050: People-Centered Development (Thematic Area 2),I,A,Annual,SH_STA_MORT,Maternal mortality ratio,FJ,Fiji,F,Female,_T,All ages,_T,National,_T,Total,_T,All education levels,_T,All occupations,_Z,Not applicable,_T,No breakdown by disability,2017,,35.6,,PER_100000_LIVE_BIRTHS,"per 100,000 live births",N,National,C,Country Data,"Fiji Ministry of Health and Medical Services, Health Status Report 2017.",,,,,
DATAFLOW,SPC:DF_BP50_2(1.0),Blue Pacific 2050: People-Centered Development (Thematic Area 2),I,A,Annual,SH_STA_MORT,Maternal mortality ratio,FJ,Fiji,F,Female,_T,All ages,_T,National,_T,Total,_T,All education levels,_T,All occupations,_Z,Not applicable,_T,No breakdown by disability,2018,,37,,PER_100000_LIVE_BIRTHS,"per 100,000 live births",G,Global,E,Estimated,"Estimates by WHO, UNICEF, UNFPA, World Bank Group and UNDESA/Population Division. Geneva: World Health Organization; 2023.",,,,,
DATAFLOW,SPC:DF_BP50_2(1.0),Blue Pacific 2050: People-Centered Development (Thematic Area 2),I,A,Annual,SH_STA_MORT,Maternal mortality ratio,FJ,Fiji,F,Female,_T,All ages,_T,National,_T,Total,_T,All education levels,_T,All occupations,_Z,Not applicable,_T,No breakdown by disability,2019,,38,,PER_100000_LIVE_BIRTHS,"per 100,000 live births",G,Global,E,Estimated,"Estimates by WHO, UNICEF, UNFPA, World Bank Group and UNDESA/Population Division. Geneva: World Health Organization; 2023.",,,,,
DATAFLOW,SPC:DF_BP50_2(1.0),Blue Pacific 2050: People-Centered Development (Thematic Area 2),I,A,Annual,SH_STA_MORT,Maternal mortality ratio,FJ,Fiji,F,Female,_T,All ages,_T,National,_T,Total,_T,All education levels,_T,All occupations,_Z,Not applicable,_T,No breakdown by disability,2020,,38,,PER_100000_LIVE_BIRTHS,"per 100,000 live births",N,National,C,Country Data,"Ministry of Finance, Strategic Planning, National Development and Statistics, Fiji Government. Voluntary National Review, Strengthening Resilience to Meet the Challenges of Climate Change and Other Global Issues, July 2023.",,,,,
DATAFLOW,SPC:DF_BP50_2(1.0),Blue Pacific 2050: People-Centered Development (Thematic Area 2),I,A,Annual,SH_STA_MORT,Maternal mortality ratio,CK,Cook Islands,F,Female,_T,All ages,_T,National,_T,Total,_T,All education levels,_T,All occupations,_Z,Not applicable,_T,No breakdown by disability,2017,,0,,PER_100000_LIVE_BIRTHS,"per 100,000 live births",N,National,C,Country Data,"Cook Islands Ministry of Health, Cook Islands Vital Statistics Report 2013-17 (2019)",,,,,
DATAFLOW,SPC:DF_BP50_2(1.0),Blue Pacific 2050: People-Centered Development (Thematic Area 2),I,A,Annual,SH_MED_DEN,Health worker density,TO,Tonga,_T,Total,_T,All ages,_T,National,_T,Total,_T,All education levels,2262,Pharmacists,_Z,Not applicable,_T,No breakdown by disability,2001,,1.65,,PER_10000_POP,"per 10,000 population",G,Global,_X,Not Available,,,,,"NHWA data portal, December 2024 update https://apps.who.int/nhwaportal/",
DATAFLOW,SPC:DF_BP50_2(1.0),Blue Pacific 2050: People-Centered Development (Thematic Area 2),I,A,Annual,SH_MED_DEN,Health worker density,TO,Tonga,_T,Total,_T,All ages,_T,National,_T,Total,_T,All education levels,2262,Pharmacists,_Z,Not applicable,_T,No breakdown by disability,2009,,0.37,,PER_10000_POP,"per 10,000 population",G,Global,_X,Not Available,,,,,"NHWA data portal, December 2024 update https://apps.who.int/nhwaportal/",
DATAFLOW,SPC:DF_BP50_2(1.0),Blue Pacific 2050: People-Centered Development (Thematic Area 2),I,A,Annual,SH_MED_DEN,Health worker density,TO,Tonga,_T,Total,_T,All ages,_T,National,_T,Total,_T,All education levels,2262,Pharmacists,_Z,Not applicable,_T,No breakdown by disability,2010,,0.37,,PER_10000_POP,"per 10,000 population",G,Global,_X,Not Available,,,,,"NHWA data portal, December 2024 update https://apps.who.int/nhwaportal/",
DATAFLOW,SPC:DF_BP50_2(1.0),Blue Pacific 2050: People-Centered Development (Thematic Area 2),I,A,Annual,SH_MED_DEN,Health worker density,TO,Tonga,_T,Total,_T,All ages,_T,National,_T,Total,_T,All education levels,2262,Pharmacists,_Z,Not applicable,_T,No breakdown by disability,2012,,0.84,,PER_10000_POP,"per 10,000 population",G,Global,_X,Not Available,,,,,"NHWA data portal, December 2024 update https://apps.who.int/nhwaportal/",
DATAFLOW,SPC:DF_BP50_2(1.0),Blue Pacific 2050: People-Centered Development (Thematic Area 2),I,A,Annual,SH_MED_DEN,Health worker density,TO,Tonga,_T,Total,_T,All ages,_T,National,_T,Total,_T,All education levels,2262,Pharmacists,_Z,Not applicable,_T,No breakdown by disability,2013,,0.37,,PER_10000_POP,"per 10,000 population",G,Global,_X,Not Available,,,,,"NHWA data portal, December 2024 update https://apps.who.int/nhwaportal/",
DATAFLOW,SPC:DF_BP50_2(1.0),Blue Pacific 2050: People-Centered Development (Thematic Area 2),I,A,Annual,SH_MED_DEN,Health worker density,TO,Tonga,_T,Total,_T,All ages,_T,National,_T,Total,_T,All education levels,2262,Pharmacists,_Z,Not applicable,_T,No breakdown by disability,2020,,0.76,,PER_10000_POP,"per 10,000 population",G,Global,_X,Not Available,,,,,"NHWA data portal, December 2024 update https://apps.who.int/nhwaportal/",
DATAFLOW,SPC:DF_BP50_2(1.0),Blue Pacific 2050: People-Centered Development (Thematic Area 2),I,A,Annual,SH_MED_DEN,Health worker density,TO,Tonga,_T,Total,_T,All ages,_T,National,_T,Total,_T,All education levels,2262,Pharmacists,_Z,Not applicable,_T,No breakdown by disability,2021,,0.76,,PER_10000_POP,"per 10,000 population",G,Global,_X,Not Available,,,,,"NHWA data portal, December 2024 update https://apps.who.int/nhwaportal/",
DATAFLOW,SPC:DF_BP50_2(1.0),Blue Pacific 2050: People-Centered Development (Thematic Area 2),I,A,Annual,SH_MED_DEN,Health worker density,NC,New Caledonia,_T,Total,_T,All ages,_T,National,_T,Total,_T,All education levels,2221,Nursing Professionals,_Z,Not applicable,_T,No breakdown by disability,1992,,38.15,,PER_10000_POP,"per 10,000 population",N,National,C,Country Data,"Nouvelle-Caledonie, DASS-NC, INSEE, Eurostat ",,A,Normal value,,
DATAFLOW,SPC:DF_BP50_2(1.0),Blue Pacific 2050: People-Centered Development (Thematic Area 2),I,A,Annual,SH_MED_DEN,Health worker density,NC,New Caledonia,_T,Total,_T,All ages,_T,National,_T,Total,_T,All education levels,2221,Nursing Professionals,_Z,Not applicable,_T,No breakdown by disability,1993,,37.89,,PER_10000_POP,"per 10,000 population",N,National,C,Country Data,"Nouvelle-Caledonie, DASS-NC, INSEE, Eurostat ",,A,Normal value,,
DATAFLOW,SPC:DF_BP50_2(1.0),Blue Pacific 2050: People-Centered Development (Thematic Area 2),I,A,Annual,SH_MED_DEN,Health worker density,NC,New Caledonia,_T,Total,_T,All ages,_T,National,_T,Total,_T,All education levels,2221,Nursing Professionals,_Z,Not applicable,_T,No breakdown by disability,1994,,35.31,,PER_10000_POP,"per 10,000 population",N,National,C,Country Data,"Nouvelle-Caledonie, DASS-NC, INSEE, Eurostat ",,A,Normal value,,
DATAFLOW,SPC:DF_BP50_2(1.0),Blue Pacific 2050: People-Centered Development (Thematic Area 2),I,A,Annual,SH_MED_DEN,Health worker density,NC,New Caledonia,_T,Total,_T,All ages,_T,National,_T,Total,_T,All education levels,2221,Nursing Professionals,_Z,Not applicable,_T,No breakdown by disability,1995,,41.48,,PER_10000_POP,"per 10,000 population",N,National,C,Country Data,"Nouvelle-Caledonie, DASS-NC, INSEE, Eurostat ",,A,Normal value,,
DATAFLOW,SPC:DF_BP50_2(1.0),Blue Pacific 2050: People-Centered Development (Thematic Area 2),I,A,Annual,SH_MED_DEN,Health worker density,NC,New Caledonia,_T,Total,_T,All ages,_T,National,_T,Total,_T,All education levels,2221,Nursing Professionals,_Z,Not applicable,_T,No breakdown by disability,1996,,43.13,,PER_10000_POP,"per 10,000 population",N,National,C,Country Data,"Nouvelle-Caledonie, DASS-NC, INSEE, Eurostat ",,A,Normal value,,
DATAFLOW,SPC:DF_BP50_2(1.0),Blue Pacific 2050: People-Centered Development (Thematic Area 2),I,A,Annual,SH_MED_DEN,Health worker density,NC,New Caledonia,_T,Total,_T,All ages,_T,National,_T,Total,_T,All education levels,2221,Nursing Professionals,_Z,Not applicable,_T,No breakdown by disability,1997,,35.05,,PER_10000_POP,"per 10,000 population",N,National,C,Country Data,"Nouvelle-Caledonie, DASS-NC, INSEE, Eurostat ",,A,Normal value,,
DATAFLOW,SPC:DF_BP50_2(1.0),Blue Pacific 2050: People-Centered Development (Thematic Area 2),I,A,Annual,SH_MED_DEN,Health worker density,NC,New Caledonia,_T,Total,_T,All ages,_T,National,_T,Total,_T,All education levels,2221,Nursing Professionals,_Z,Not applicable,_T,No breakdown by disability,1998,,37.78,,PER_10000_POP,"per 10,000 population",N,National,C,Country Data,"Nouvelle-Caledonie, DASS-NC, INSEE, Eurostat ",,A,Normal value,,
DATAFLOW,SPC:DF_BP50_2(1.0),Blue Pacific 2050: People-Centered Development (Thematic Area 2),I,A,Annual,SH_MED_DEN,Health worker density,NC,New Caledonia,_T,Total,_T,All ages,_T,National,_T,Total,_T,All education levels,2221,Nursing Professionals,_Z,Not applicable,_T,No breakdown by disability,1999,,37.52,,PER_10000_POP,"per 10,000 population",N,National,C,Country Data,"Nouvelle-Caledonie, DASS-NC, INSEE, Eurostat ",,A,Normal value,,
DATAFLOW,SPC:DF_BP50_2(1.0),Blue Pacific 2050: People-Centered Development (Thematic Area 2),I,A,Annual,SH_MED_DEN,Health worker density,NC,New Caledonia,_T,Total,_T,All ages,_T,National,_T,Total,_T,All education levels,2221,Nursing Professionals,_Z,Not applicable,_T,No breakdown by disability,2000,,46.24,,PER_10000_POP,"per 10,000 population",N,National,C,Country Data,"Nouvelle-Caledonie, DASS-NC, INSEE, Eurostat ",,A,Normal value,,
DATAFLOW,SPC:DF_BP50_2(1.0),Blue Pacific 2050: People-Centered Development (Thematic Area 2),I,A,Annual,SH_MED_DEN,Health worker density,NC,New Caledonia,_T,Total,_T,All ages,_T,National,_T,Total,_T,All education levels,2221,Nursing Professionals,_Z,Not applicable,_T,No breakdown by disability,2001,,47.12,,PER_10000_POP,"per 10,000 population",N,National,C,Country Data,"Nouvelle-Caledonie, DASS-NC, INSEE, Eurostat ",,A,Normal value,,
DATAFLOW,SPC:DF_BP50_2(1.0),Blue Pacific 2050: People-Centered Development (Thematic Area 2),I,A,Annual,SH_MED_DEN,Health worker density,NC,New Caledonia,_T,Total,_T,All ages,_T,National,_T,Total,_T,All education levels,2221,Nursing Professionals,_Z,Not applicable,_T,No breakdown by disability,2002,,50.93,,PER_10000_POP,"per 10,000 population",N,National,C,Country Data,"Nouvelle-Caledonie, DASS-NC, INSEE, Eurostat ",,A,Normal value,,
DATAFLOW,SPC:DF_BP50_2(1.0),Blue Pacific 2050: People-Centered Development (Thematic Area 2),I,A,Annual,SH_MED_DEN,Health worker density,NC,New Caledonia,_T,Total,_T,All ages,_T,National,_T,Total,_T,All education levels,2221,Nursing Professionals,_Z,Not applicable,_T,No breakdown by disability,2003,,54.4,,PER_10000_POP,"per 10,000 population",N,National,C,Country Data,"Nouvelle-Caledonie, DASS-NC, INSEE, Eurostat ",,A,Normal value,,
DATAFLOW,SPC:DF_BP50_2(1.0),Blue Pacific 2050: People-Centered Development (Thematic Area 2),I,A,Annual,SH_MED_DEN,Health worker density,NC,New Caledonia,_T,Total,_T,All ages,_T,National,_T,Total,_T,All education levels,2221,Nursing Professionals,_Z,Not applicable,_T,No breakdown by disability,2004,,57.29,,PER_10000_POP,"per 10,000 population",N,National,C,Country Data,"Nouvelle-Caledonie, DASS-NC, INSEE, Eurostat ",,A,Normal value,,
DATAFLOW,SPC:DF_BP50_2(1.0),Blue Pacific 2050: People-Centered Development (Thematic Area 2),I,A,Annual,SH_MED_DEN,Health worker density,NC,New Caledonia,_T,Total,_T,All ages,_T,National,_T,Total,_T,All education levels,2221,Nursing Professionals,_Z,Not applicable,_T,No breakdown by disability,2005,,42.36,,PER_10000_POP,"per 10,000 population",N,National,C,Country Data,"Nouvelle-Caledonie, DASS-NC, INSEE, Eurostat ",,A,Normal value,,
DATAFLOW,SPC:DF_BP50_2(1.0),Blue Pacific 2050: People-Centered Development (Thematic Area 2),I,A,Annual,SH_MED_DEN,Health worker density,NC,New Caledonia,_T,Total,_T,All ages,_T,National,_T,Total,_T,All education levels,2221,Nursing Professionals,_Z,Not applicable,_T,No breakdown by disability,2006,,43.15,,PER_10000_POP,"per 10,000 population",N,National,C,Country Data,"Nouvelle-Caledonie. DASS-NC, INSEE, Eurostat ",,,,,
DATAFLOW,SPC:DF_BP50_2(1.0),Blue Pacific 2050: People-Centered Development (Thematic Area 2),I,A,Annual,SH_MED_DEN,Health worker density,NC,New Caledonia,_T,Total,_T,All ages,_T,National,_T,Total,_T,All education levels,2221,Nursing Professionals,_Z,Not applicable,_T,No breakdown by disability,2007,,44.64,,PER_10000_POP,"per 10,000 population",N,National,C,Country Data,"Nouvelle-Caledonie. DASS-NC, INSEE, Eurostat ",,,,,
DATAFLOW,SPC:DF_BP50_2(1.0),Blue Pacific 2050: People-Centered Development (Thematic Area 2),I,A,Annual,SH_MED_DEN,Health worker density,NC,New Caledonia,_T,Total,_T,All ages,_T,National,_T,Total,_T,All education levels,2221,Nursing Professionals,_Z,Not applicable,_T,No breakdown by disability,2008,,44.22,,PER_10000_POP,"per 10,000 population",N,National,C,Country Data,"Nouvelle-Caledonie. DASS-NC, INSEE, Eurostat ",,,,,
DATAFLOW,SPC:DF_BP50_2(1.0),Blue Pacific 2050: People-Centered Development (Thematic Area 2),I,A,Annual,SH_MED_DEN,Health worker density,NC,New Caledonia,_T,Total,_T,All ages,_T,National,_T,Total,_T,All education levels,2221,Nursing Professionals,_Z,Not applicable,_T,No breakdown by disability,2010,,50.98,,PER_10000_POP,"per 10,000 population",N,National,C,Country Data,"Nouvelle-Caledonie. DASS-NC, INSEE, Eurostat ",,,,,
DATAFLOW,SPC:DF_BP50_2(1.0),Blue Pacific 2050: People-Centered Development (Thematic Area 2),I,A,Annual,SH_MED_DEN,Health worker density,NC,New Caledonia,_T,Total,_T,All ages,_T,National,_T,Total,_T,All education levels,2221,Nursing Professionals,_Z,Not applicable,_T,No breakdown by disability,2011,,52.86,,PER_10000_POP,"per 10,000 population",N,National,C,Country Data,"Nouvelle-Caledonie. DASS-NC, INSEE, Eurostat ",,,,,
DATAFLOW,SPC:DF_BP50_2(1.0),Blue Pacific 2050: People-Centered Development (Thematic Area 2),I,A,Annual,SH_MED_DEN,Health worker density,NC,New Caledonia,_T,Total,_T,All ages,_T,National,_T,Total,_T,All education levels,2221,Nursing Professionals,_Z,Not applicable,_T,No breakdown by disability,2012,,52.03,,PER_10000_POP,"per 10,000 population",N,National,C,Country Data,"Nouvelle-Caledonie. DASS-NC, INSEE, Eurostat ",,,,,
DATAFLOW,SPC:DF_BP50_2(1.0),Blue Pacific 2050: People-Centered Development (Thematic Area 2),I,A,Annual,SH_MED_DEN,Health worker density,NC,New Caledonia,_T,Total,_T,All ages,_T,National,_T,Total,_T,All education levels,2221,Nursing Professionals,_Z,Not applicable,_T,No breakdown by disability,2013,,52.65,,PER_10000_POP,"per 10,000 population",N,National,C,Country Data,"Nouvelle-Caledonie. DASS-NC, INSEE, Eurostat ",,,,,
DATAFLOW,SPC:DF_BP50_2(1.0),Blue Pacific 2050: People-Centered Development (Thematic Area 2),I,A,Annual,SH_MED_DEN,Health worker density,NC,New Caledonia,_T,Total,_T,All ages,_T,National,_T,Total,_T,All education levels,2221,Nursing Professionals,_Z,Not applicable,_T,No breakdown by disability,2014,,55.85,,PER_10000_POP,"per 10,000 population",N,National,C,Country Data,"Nouvelle-Caledonie. DASS-NC, INSEE, Eurostat ",,,,,
DATAFLOW,SPC:DF_BP50_2(1.0),Blue Pacific 2050: People-Centered Development (Thematic Area 2),I,A,Annual,SH_MED_DEN,Health worker density,NC,New Caledonia,_T,Total,_T,All ages,_T,National,_T,Total,_T,All education levels,2221,Nursing Professionals,_Z,Not applicable,_T,No breakdown by disability,2015,,55.9,,PER_10000_POP,"per 10,000 population",N,National,C,Country Data,"Nouvelle-Caledonie. DASS-NC, INSEE, Eurostat ",,,,,
DATAFLOW,SPC:DF_BP50_2(1.0),Blue Pacific 2050: People-Centered Development (Thematic Area 2),I,A,Annual,SH_MED_DEN,Health worker density,NC,New Caledonia,_T,Total,_T,All ages,_T,National,_T,Total,_T,All education levels,2221,Nursing Professionals,_Z,Not applicable,_T,No breakdown by disability,2016,,56.9,,PER_10000_POP,"per 10,000 population",N,National,C,Country Data,"Nouvelle-Caledonie. DASS-NC, INSEE, Eurostat ",,,,,
DATAFLOW,SPC:DF_BP50_2(1.0),Blue Pacific 2050: People-Centered Development (Thematic Area 2),I,A,Annual,SH_MED_DEN,Health worker density,NC,New Caledonia,_T,Total,_T,All ages,_T,National,_T,Total,_T,All education levels,2221,Nursing Professionals,_Z,Not applicable,_T,No breakdown by disability,2017,,58.29,,PER_10000_POP,"per 10,000 population",N,National,C,Country Data,"Nouvelle-Caledonie. DASS-NC, INSEE, Eurostat ",,,,,
DATAFLOW,SPC:DF_BP50_2(1.0),Blue Pacific 2050: People-Centered Development (Thematic Area 2),I,A,Annual,SH_MED_DEN,Health worker density,NC,New Caledonia,_T,Total,_T,All ages,_T,National,_T,Total,_T,All education levels,2221,Nursing Professionals,_Z,Not applicable,_T,No breakdown by disability,2018,,62.47,,PER_10000_POP,"per 10,000 population",N,National,C,Country Data,"Nouvelle-Caledonie, DASS-NC, INSEE, Eurostat ",,A,Normal value,,
DATAFLOW,SPC:DF_BP50_2(1.0),Blue Pacific 2050: People-Centered Development (Thematic Area 2),I,A,Annual,SH_STA_MORT,Maternal mortality ratio,PG,Papua New Guinea,F,Female,_T,All ages,_T,National,_T,Total,_T,All education levels,_T,All occupations,_Z,Not applicable,_T,No breakdown by disability,2000,,312,,PER_100000_LIVE_BIRTHS,"per 100,000 live births",G,Global,E,Estimated,"Estimates by WHO, UNICEF, UNFPA, World Bank Group and UNDESA/Population Division. Geneva: World Health Organization; 2023.",,,,,
DATAFLOW,SPC:DF_BP50_2(1.0),Blue Pacific 2050: People-Centered Development (Thematic Area 2),I,A,Annual,SH_STA_MORT,Maternal mortality ratio,PG,Papua New Guinea,F,Female,_T,All ages,_T,National,_T,Total,_T,All education levels,_T,All occupations,_Z,Not applicable,_T,No breakdown by disability,2001,,316,,PER_100000_LIVE_BIRTHS,"per 100,000 live births",G,Global,E,Estimated,"Estimates by WHO, UNICEF, UNFPA, World Bank Group and UNDESA/Population Division. Geneva: World Health Organization; 2023.",,,,,
DATAFLOW,SPC:DF_BP50_2(1.0),Blue Pacific 2050: People-Centered Development (Thematic Area 2),I,A,Annual,SH_STA_MORT,Maternal mortality ratio,PG,Papua New Guinea,F,Female,_T,All ages,_T,National,_T,Total,_T,All education levels,_T,All occupations,_Z,Not applicable,_T,No breakdown by disability,2002,,325,,PER_100000_LIVE_BIRTHS,"per 100,000 live births",G,Global,E,Estimated,"Estimates by WHO, UNICEF, UNFPA, World Bank Group and UNDESA/Population Division. Geneva: World Health Organization; 2023.",,,,,
DATAFLOW,SPC:DF_BP50_2(1.0),Blue Pacific 2050: People-Centered Development (Thematic Area 2),I,A,Annual,SH_STA_MORT,Maternal mortality ratio,PG,Papua New Guinea,F,Female,_T,All ages,_T,National,_T,Total,_T,All education levels,_T,All occupations,_Z,Not applicable,_T,No breakdown by disability,2003,,329,,PER_100000_LIVE_BIRTHS,"per 100,000 live births",G,Global,E,Estimated,"Estimates by WHO, UNICEF, UNFPA, World Bank Group and UNDESA/Population Division. Geneva: World Health Organization; 2023.",,,,,
DATAFLOW,SPC:DF_BP50_2(1.0),Blue Pacific 2050: People-Centered Development (Thematic Area 2),I,A,Annual,SH_STA_MORT,Maternal mortality ratio,PG,Papua New Guinea,F,Female,_T,All ages,_T,National,_T,Total,_T,All education levels,_T,All occupations,_Z,Not applicable,_T,No breakdown by disability,2004,,310,,PER_100000_LIVE_BIRTHS,"per 100,000 live births",G,Global,E,Estimated,"Estimates by WHO, UNICEF, UNFPA, World Bank Group and UNDESA/Population Division. Geneva: World Health Organization; 2023.",,,,,
DATAFLOW,SPC:DF_BP50_2(1.0),Blue Pacific 2050: People-Centered Development (Thematic Area 2),I,A,Annual,SH_STA_MORT,Maternal mortality ratio,PG,Papua New Guinea,F,Female,_T,All ages,_T,National,_T,Total,_T,All education levels,_T,All occupations,_Z,Not applicable,_T,No breakdown by disability,2005,,314,,PER_100000_LIVE_BIRTHS,"per 100,000 live births",G,Global,E,Estimated,"Estimates by WHO, UNICEF, UNFPA, World Bank Group and UNDESA/Population Division. Geneva: World Health Organization; 2023.",,,,,
DATAFLOW,SPC:DF_BP50_2(1.0),Blue Pacific 2050: People-Centered Development (Thematic Area 2),I,A,Annual,SH_STA_MORT,Maternal mortality ratio,PG,Papua New Guinea,F,Female,_T,All ages,_T,National,_T,Total,_T,All education levels,_T,All occupations,_Z,Not applicable,_T,No breakdown by disability,2006,,323,,PER_100000_LIVE_BIRTHS,"per 100,000 live births",G,Global,E,Estimated,"Estimates by WHO, UNICEF, UNFPA, World Bank Group and UNDESA/Population Division. Geneva: World Health Organization; 2023.",,,,,
DATAFLOW,SPC:DF_BP50_2(1.0),Blue Pacific 2050: People-Centered Development (Thematic Area 2),I,A,Annual,SH_STA_MORT,Maternal mortality ratio,PG,Papua New Guinea,F,Female,_T,All ages,_T,National,_T,Total,_T,All education levels,_T,All occupations,_Z,Not applicable,_T,No breakdown by disability,2007,,336,,PER_100000_LIVE_BIRTHS,"per 100,000 live births",G,Global,E,Estimated,"Estimates by WHO, UNICEF, UNFPA, World Bank Group and UNDESA/Population Division. Geneva: World Health Organization; 2023.",,,,,
DATAFLOW,SPC:DF_BP50_2(1.0),Blue Pacific 2050: People-Centered Development (Thematic Area 2),I,A,Annual,SH_STA_MORT,Maternal mortality ratio,PG,Papua New Guinea,F,Female,_T,All ages,_T,National,_T,Total,_T,All education levels,_T,All occupations,_Z,Not applicable,_T,No breakdown by disability,2008,,292,,PER_100000_LIVE_BIRTHS,"per 100,000 live births",G,Global,E,Estimated,"Estimates by WHO, UNICEF, UNFPA, World Bank Group and UNDESA/Population Division. Geneva: World Health Organization; 2023.",,,,,
DATAFLOW,SPC:DF_BP50_2(1.0),Blue Pacific 2050: People-Centered Development (Thematic Area 2),I,A,Annual,SH_STA_MORT,Maternal mortality ratio,PG,Papua New Guinea,F,Female,_T,All ages,_T,National,_T,Total,_T,All education levels,_T,All occupations,_Z,Not applicable,_T,No breakdown by disability,2009,,289,,PER_100000_LIVE_BIRTHS,"per 100,000 live births",G,Global,E,Estimated,"Estimates by WHO, UNICEF, UNFPA, World Bank Group and UNDESA/Population Division. Geneva: World Health Organization; 2023.",,,,,
DATAFLOW,SPC:DF_BP50_2(1.0),Blue Pacific 2050: People-Centered Development (Thematic Area 2),I,A,Annual,SH_STA_MORT,Maternal mortality ratio,PG,Papua New Guinea,F,Female,_T,All ages,_T,National,_T,Total,_T,All education levels,_T,All occupations,_Z,Not applicable,_T,No breakdown by disability,2010,,289,,PER_100000_LIVE_BIRTHS,"per 100,000 live births",G,Global,E,Estimated,"Estimates by WHO, UNICEF, UNFPA, World Bank Group and UNDESA/Population Division. Geneva: World Health Organization; 2023.",,,,,
DATAFLOW,SPC:DF_BP50_2(1.0),Blue Pacific 2050: People-Centered Development (Thematic Area 2),I,A,Annual,SH_STA_MORT,Maternal mortality ratio,PG,Papua New Guinea,F,Female,_T,All ages,_T,National,_T,Total,_T,All education levels,_T,All occupations,_Z,Not applicable,_T,No breakdown by disability,2011,,262,,PER_100000_LIVE_BIRTHS,"per 100,000 live births",G,Global,E,Estimated,"Estimates by WHO, UNICEF, UNFPA, World Bank Group and UNDESA/Population Division. Geneva: World Health Organization; 2023.",,,,,
DATAFLOW,SPC:DF_BP50_2(1.0),Blue Pacific 2050: People-Centered Development (Thematic Area 2),I,A,Annual,SH_STA_MORT,Maternal mortality ratio,PG,Papua New Guinea,F,Female,_T,All ages,_T,National,_T,Total,_T,All education levels,_T,All occupations,_Z,Not applicable,_T,No breakdown by disability,2012,,255,,PER_100000_LIVE_BIRTHS,"per 100,000 live births",G,Global,E,Estimated,"Estimates by WHO, UNICEF, UNFPA, World Bank Group and UNDESA/Population Division. Geneva: World Health Organization; 2023.",,,,,
DATAFLOW,SPC:DF_BP50_2(1.0),Blue Pacific 2050: People-Centered Development (Thematic Area 2),I,A,Annual,SH_STA_MORT,Maternal mortality ratio,PG,Papua New Guinea,F,Female,_T,All ages,_T,National,_T,Total,_T,All education levels,_T,All occupations,_Z,Not applicable,_T,No breakdown by disability,2013,,233,,PER_100000_LIVE_BIRTHS,"per 100,000 live births",G,Global,E,Estimated,"Estimates by WHO, UNICEF, UNFPA, World Bank Group and UNDESA/Population Division. Geneva: World Health Organization; 2023.",,,,,
DATAFLOW,SPC:DF_BP50_2(1.0),Blue Pacific 2050: People-Centered Development (Thematic Area 2),I,A,Annual,SH_STA_MORT,Maternal mortality ratio,PG,Papua New Guinea,F,Female,_T,All ages,_T,National,_T,Total,_T,All education levels,_T,All occupations,_Z,Not applicable,_T,No breakdown by disability,2014,,229,,PER_100000_LIVE_BIRTHS,"per 100,000 live births",G,Global,E,Estimated,"Estimates by WHO, UNICEF, UNFPA, World Bank Group and UNDESA/Population Division. Geneva: World Health Organization; 2023.",,,,,
DATAFLOW,SPC:DF_BP50_2(1.0),Blue Pacific 2050: People-Centered Development (Thematic Area 2),I,A,Annual,SH_STA_MORT,Maternal mortality ratio,PG,Papua New Guinea,F,Female,_T,All ages,_T,National,_T,Total,_T,All education levels,_T,All occupations,_Z,Not applicable,_T,No breakdown by disability,2015,,208,,PER_100000_LIVE_BIRTHS,"per 100,000 live births",G,Global,E,Estimated,"Estimates by WHO, UNICEF, UNFPA, World Bank Group and UNDESA/Population Division. Geneva: World Health Organization; 2023.",,,,,
DATAFLOW,SPC:DF_BP50_2(1.0),Blue Pacific 2050: People-Centered Development (Thematic Area 2),I,A,Annual,SH_STA_MORT,Maternal mortality ratio,PG,Papua New Guinea,F,Female,_T,All ages,_T,National,_T,Total,_T,All education levels,_T,All occupations,_Z,Not applicable,_T,No breakdown by disability,2016,,209,,PER_100000_LIVE_BIRTHS,"per 100,000 live births",G,Global,E,Estimated,"Estimates by WHO, UNICEF, UNFPA, World Bank Group and UNDESA/Population Division. Geneva: World Health Organization; 2023.",,,,,
DATAFLOW,SPC:DF_BP50_2(1.0),Blue Pacific 2050: People-Centered Development (Thematic Area 2),I,A,Annual,SH_STA_MORT,Maternal mortality ratio,PG,Papua New Guinea,F,Female,_T,All ages,_T,National,_T,Total,_T,All education levels,_T,All occupations,_Z,Not applicable,_T,No breakdown by disability,2017,,210,,PER_100000_LIVE_BIRTHS,"per 100,000 live births",G,Global,E,Estimated,"Estimates by WHO, UNICEF, UNFPA, World Bank Group and UNDESA/Population Division. Geneva: World Health Organization; 2023.",,,,,
DATAFLOW,SPC:DF_BP50_2(1.0),Blue Pacific 2050: People-Centered Development (Thematic Area 2),I,A,Annual,SH_STA_MORT,Maternal mortality ratio,PG,Papua New Guinea,F,Female,_T,All ages,_T,National,_T,Total,_T,All education levels,_T,All occupations,_Z,Not applicable,_T,No breakdown by disability,2018,,199,,PER_100000_LIVE_BIRTHS,"per 100,000 live births",G,Global,E,Estimated,"Estimates by WHO, UNICEF, UNFPA, World Bank Group and UNDESA/Population Division. Geneva: World Health Organization; 2023.",,,,,
DATAFLOW,SPC:DF_BP50_2(1.0),Blue Pacific 2050: People-Centered Development (Thematic Area 2),I,A,Annual,SH_STA_MORT,Maternal mortality ratio,PG,Papua New Guinea,F,Female,_T,All ages,_T,National,_T,Total,_T,All education levels,_T,All occupations,_Z,Not applicable,_T,No breakdown by disability,2019,,190,,PER_100000_LIVE_BIRTHS,"per 100,000 live births",G,Global,E,Estimated,"Estimates by WHO, UNICEF, UNFPA, World Bank Group and UNDESA/Population Division. Geneva: World Health Organization; 2023.",,,,,
DATAFLOW,SPC:DF_BP50_2(1.0),Blue Pacific 2050: People-Centered Development (Thematic Area 2),I,A,Annual,SH_STA_MORT,Maternal mortality ratio,PG,Papua New Guinea,F,Female,_T,All ages,_T,National,_T,Total,_T,All education levels,_T,All occupations,_Z,Not applicable,_T,No breakdown by disability,2020,,192,,PER_100000_LIVE_BIRTHS,"per 100,000 live births",G,Global,E,Estimated,"Estimates by WHO, UNICEF, UNFPA, World Bank Group and UNDESA/Population Division. Geneva: World Health Organization; 2023.",,,,,
DATAFLOW,SPC:DF_BP50_2(1.0),Blue Pacific 2050: People-Centered Development (Thematic Area 2),I,A,Annual,SH_MED_DEN,Health worker density,FJ,Fiji,_T,Total,_T,All ages,_T,National,_T,Total,_T,All education levels,2261,Dentists,_Z,Not applicable,_T,No breakdown by disability,1999,,0.39,,PER_10000_POP,"per 10,000 population",G,Global,_X,Not Available,,,,,"NHWA data portal, December 2024 update https://apps.who.int/nhwaportal/",
DATAFLOW,SPC:DF_BP50_2(1.0),Blue Pacific 2050: People-Centered Development (Thematic Area 2),I,A,Annual,SH_MED_DEN,Health worker density,FJ,Fiji,_T,Total,_T,All ages,_T,National,_T,Total,_T,All education levels,2261,Dentists,_Z,Not applicable,_T,No breakdown by disability,2003,,0.69,,PER_10000_POP,"per 10,000 population",G,Global,_X,Not Available,,,,,"NHWA data portal, December 2024 update https://apps.who.int/nhwaportal/",
DATAFLOW,SPC:DF_BP50_2(1.0),Blue Pacific 2050: People-Centered Development (Thematic Area 2),I,A,Annual,SH_MED_DEN,Health worker density,FJ,Fiji,_T,Total,_T,All ages,_T,National,_T,Total,_T,All education levels,2261,Dentists,_Z,Not applicable,_T,No breakdown by disability,2009,,1.89,,PER_10000_POP,"per 10,000 population",G,Global,_X,Not Available,,,,,"NHWA data portal, December 2024 update https://apps.who.int/nhwaportal/",
DATAFLOW,SPC:DF_BP50_2(1.0),Blue Pacific 2050: People-Centered Development (Thematic Area 2),I,A,Annual,SH_MED_DEN,Health worker density,FJ,Fiji,_T,Total,_T,All ages,_T,National,_T,Total,_T,All education levels,2261,Dentists,_Z,Not applicable,_T,No breakdown by disability,2015,,0.7,,PER_10000_POP,"per 10,000 population",G,Global,_X,Not Available,,,,,"NHWA data portal, December 2024 update https://apps.who.int/nhwaportal/",
DATAFLOW,SPC:DF_BP50_2(1.0),Blue Pacific 2050: People-Centered Development (Thematic Area 2),I,A,Annual,SH_MED_DEN,Health worker density,FJ,Fiji,_T,Total,_T,All ages,_T,National,_T,Total,_T,All education levels,2261,Dentists,_Z,Not applicable,_T,No breakdown by disability,2019,,1.17,,PER_10000_POP,"per 10,000 population",G,Global,_X,Not Available,,,,,"NHWA data portal, December 2024 update https://apps.who.int/nhwaportal/",
DATAFLOW,SPC:DF_BP50_2(1.0),Blue Pacific 2050: People-Centered Development (Thematic Area 2),I,A,Annual,SH_STA_BRTC,Proportion of births attended by skilled health personnel,TO,Tonga,_T,Total,_T,All ages,_T,National,_T,Total,_T,All education levels,_T,All occupations,_Z,Not applicable,_T,No breakdown by disability,2000,,95,,PERCENT,percent,G,Global,C,Country Data,"Secretariat of the Pacific Community (SPC), United Nations Development Programme (UNDP), the UN/CROP MDG Working Group. Pacific Islands Regional Millennium Development Goals Report 2004. Noumea: Secretariat of the Pacific Community (SPC); 2004.",,,,,
DATAFLOW,SPC:DF_BP50_2(1.0),Blue Pacific 2050: People-Centered Development (Thematic Area 2),I,A,Annual,SH_STA_BRTC,Proportion of births attended by skilled health personnel,TO,Tonga,_T,Total,_T,All ages,_T,National,_T,Total,_T,All education levels,_T,All occupations,_Z,Not applicable,_T,No breakdown by disability,2001,,95.3,,PERCENT,percent,G,Global,C,Country Data,Report of the Minister of Health for the Year 2005. Tonga: Ministry of Health [Tonga]; 2006.,,,,,
DATAFLOW,SPC:DF_BP50_2(1.0),Blue Pacific 2050: People-Centered Development (Thematic Area 2),I,A,Annual,SH_STA_BRTC,Proportion of births attended by skilled health personnel,TO,Tonga,_T,Total,_T,All ages,_T,National,_T,Total,_T,All education levels,_T,All occupations,_Z,Not applicable,_T,No breakdown by disability,2002,,95.1,,PERCENT,percent,G,Global,C,Country Data,Report of the Minister of Health for the Year 2005. Tonga: Ministry of Health [Tonga]; 2006.,,,,,
DATAFLOW,SPC:DF_BP50_2(1.0),Blue Pacific 2050: People-Centered Development (Thematic Area 2),I,A,Annual,SH_STA_BRTC,Proportion of births attended by skilled health personnel,TO,Tonga,_T,Total,_T,All ages,_T,National,_T,Total,_T,All education levels,_T,All occupations,_Z,Not applicable,_T,No breakdown by disability,2003,,97,,PERCENT,percent,G,Global,C,Country Data,Report of the Minister of Health for the Year 2005. Tonga: Ministry of Health [Tonga]; 2006.,,,,,
DATAFLOW,SPC:DF_BP50_2(1.0),Blue Pacific 2050: People-Centered Development (Thematic Area 2),I,A,Annual,SH_STA_BRTC,Proportion of births attended by skilled health personnel,TO,Tonga,_T,Total,_T,All ages,_T,National,_T,Total,_T,All education levels,_T,All occupations,_Z,Not applicable,_T,No breakdown by disability,2004,,98,,PERCENT,percent,G,Global,C,Country Data,Report of the Minister of Health for the Year 2005. Tonga: Ministry of Health [Tonga]; 2006.,,,,,
DATAFLOW,SPC:DF_BP50_2(1.0),Blue Pacific 2050: People-Centered Development (Thematic Area 2),I,A,Annual,SH_STA_BRTC,Proportion of births attended by skilled health personnel,TO,Tonga,_T,Total,_T,All ages,_T,National,_T,Total,_T,All education levels,_T,All occupations,_Z,Not applicable,_T,No breakdown by disability,2005,,96.1,,PERCENT,percent,N,National,C,Country Data,Report of the Minister of Health for the Year 2005. Tonga: Ministry of Health; 2006.,,,,,
DATAFLOW,SPC:DF_BP50_2(1.0),Blue Pacific 2050: People-Centered Development (Thematic Area 2),I,A,Annual,SH_STA_BRTC,Proportion of births attended by skilled health personnel,TO,Tonga,_T,Total,_T,All ages,_T,National,_T,Total,_T,All education levels,_T,All occupations,_Z,Not applicable,_T,No breakdown by disability,2006,,98,,PERCENT,percent,N,National,C,Country Data,Report of the Minister for Health for the Year 2010. Tonga: Ministry of Health; 2011.,,,,,
DATAFLOW,SPC:DF_BP50_2(1.0),Blue Pacific 2050: People-Centered Development (Thematic Area 2),I,A,Annual,SH_STA_BRTC,Proportion of births attended by skilled health personnel,TO,Tonga,_T,Total,_T,All ages,_T,National,_T,Total,_T,All education levels,_T,All occupations,_Z,Not applicable,_T,No breakdown by disability,2007,,98,,PERCENT,percent,N,National,C,Country Data,Report of the Minister for Health for the Year 2010. Tonga: Ministry of Health; 2011.,,,,,
DATAFLOW,SPC:DF_BP50_2(1.0),Blue Pacific 2050: People-Centered Development (Thematic Area 2),I,A,Annual,SH_STA_BRTC,Proportion of births attended by skilled health personnel,TO,Tonga,_T,Total,_T,All ages,_T,National,_T,Total,_T,All education levels,_T,All occupations,_Z,Not applicable,_T,No breakdown by disability,2008,,97,,PERCENT,percent,N,National,C,Country Data,Report of the Minister for Health for the Year 2010. Tonga: Ministry of Health; 2011.,,,,,
DATAFLOW,SPC:DF_BP50_2(1.0),Blue Pacific 2050: People-Centered Development (Thematic Area 2),I,A,Annual,SH_STA_BRTC,Proportion of births attended by skilled health personnel,TO,Tonga,_T,Total,_T,All ages,_T,National,_T,Total,_T,All education levels,_T,All occupations,_Z,Not applicable,_T,No breakdown by disability,2009,,98.1,,PERCENT,percent,N,National,C,Country Data,Report of the Minister for Health for the Year 2010. Tonga: Ministry of Health; 2011.,,,,,
DATAFLOW,SPC:DF_BP50_2(1.0),Blue Pacific 2050: People-Centered Development (Thematic Area 2),I,A,Annual,SH_STA_BRTC,Proportion of births attended by skilled health personnel,TO,Tonga,_T,Total,_T,All ages,_T,National,_T,Total,_T,All education levels,_T,All occupations,_Z,Not applicable,_T,No breakdown by disability,2010,,99,,PERCENT,percent,N,National,C,Country Data,Report of the Minister for Health for the Year 2010. Tonga: Ministry of Health; 2011.,,,,,
DATAFLOW,SPC:DF_BP50_2(1.0),Blue Pacific 2050: People-Centered Development (Thematic Area 2),I,A,Annual,SH_STA_BRTC,Proportion of births attended by skilled health personnel,TO,Tonga,_T,Total,_T,All ages,_T,National,_T,Total,_T,All education levels,_T,All occupations,_Z,Not applicable,_T,No breakdown by disability,2012,,95.5,,PERCENT,percent,G,Global,C,Country Data,"Tonga Department of Statistics and Tonga Ministry of Health, Secretariat of the Pacific Community (SPC), United Nations Population Fund (UNFPA). Tonga Demographic and Health Survey 2012. Final Report. Noumea: SPC; 2013.",,,,,
DATAFLOW,SPC:DF_BP50_2(1.0),Blue Pacific 2050: People-Centered Development (Thematic Area 2),I,A,Annual,SH_STA_BRTC,Proportion of births attended by skilled health personnel,TO,Tonga,_T,Total,_T,All ages,_T,National,_T,Total,_T,All education levels,_T,All occupations,_Z,Not applicable,_T,No breakdown by disability,2016,,98.2,,PERCENT,percent,N,National,C,Country Data,"Tonga Ministry of Health, Annual Report January-December 2016.",,,,,
DATAFLOW,SPC:DF_BP50_2(1.0),Blue Pacific 2050: People-Centered Development (Thematic Area 2),I,A,Annual,SH_STA_BRTC,Proportion of births attended by skilled health personnel,TO,Tonga,_T,Total,_T,All ages,_T,National,_T,Total,_T,All education levels,_T,All occupations,_Z,Not applicable,_T,No breakdown by disability,2019,,98.3,,PERCENT,percent,N,National,C,Country Data,"Tonga Statistics Department. 2020. Tonga Multiple Indicator Cluster Survey 2019, Survey Findings Report. Nuku’alofa, Tonga: Tonga Statistics Department.",,,,,
DATAFLOW,SPC:DF_BP50_2(1.0),Blue Pacific 2050: People-Centered Development (Thematic Area 2),I,A,Annual,SH_MED_DEN,Health worker density,WS,Samoa,_T,Total,_T,All ages,_T,National,_T,Total,_T,All education levels,222,Nursing and Midwifery Professionals,_Z,Not applicable,_T,No breakdown by disability,1999,,19.36,,PER_10000_POP,"per 10,000 population",G,Global,_X,Not Available,,,,,"NHWA data portal, December 2024 update https://apps.who.int/nhwaportal/",
DATAFLOW,SPC:DF_BP50_2(1.0),Blue Pacific 2050: People-Centered Development (Thematic Area 2),I,A,Annual,SH_MED_DEN,Health worker density,WS,Samoa,_T,Total,_T,All ages,_T,National,_T,Total,_T,All education levels,222,Nursing and Midwifery Professionals,_Z,Not applicable,_T,No breakdown by disability,2003,,16.72,,PER_10000_POP,"per 10,000 population",G,Global,_X,Not Available,,,,,"NHWA data portal, December 2024 update https://apps.who.int/nhwaportal/",
DATAFLOW,SPC:DF_BP50_2(1.0),Blue Pacific 2050: People-Centered Development (Thematic Area 2),I,A,Annual,SH_MED_DEN,Health worker density,WS,Samoa,_T,Total,_T,All ages,_T,National,_T,Total,_T,All education levels,222,Nursing and Midwifery Professionals,_Z,Not applicable,_T,No breakdown by disability,2008,,18.31,,PER_10000_POP,"per 10,000 population",G,Global,_X,Not Available,,,,,"NHWA data portal, December 2024 update https://apps.who.int/nhwaportal/",
DATAFLOW,SPC:DF_BP50_2(1.0),Blue Pacific 2050: People-Centered Development (Thematic Area 2),I,A,Annual,SH_MED_DEN,Health worker density,WS,Samoa,_T,Total,_T,All ages,_T,National,_T,Total,_T,All education levels,222,Nursing and Midwifery Professionals,_Z,Not applicable,_T,No breakdown by disability,2010,,14.82,,PER_10000_POP,"per 10,000 population",G,Global,_X,Not Available,,,,,"NHWA data portal, December 2024 update https://apps.who.int/nhwaportal/",
DATAFLOW,SPC:DF_BP50_2(1.0),Blue Pacific 2050: People-Centered Development (Thematic Area 2),I,A,Annual,SH_MED_DEN,Health worker density,WS,Samoa,_T,Total,_T,All ages,_T,National,_T,Total,_T,All education levels,222,Nursing and Midwifery Professionals,_Z,Not applicable,_T,No breakdown by disability,2012,,17.2,,PER_10000_POP,"per 10,000 population",G,Global,_X,Not Available,,,,,"NHWA data portal, December 2024 update https://apps.who.int/nhwaportal/",
DATAFLOW,SPC:DF_BP50_2(1.0),Blue Pacific 2050: People-Centered Development (Thematic Area 2),I,A,Annual,SH_MED_DEN,Health worker density,WS,Samoa,_T,Total,_T,All ages,_T,National,_T,Total,_T,All education levels,222,Nursing and Midwifery Professionals,_Z,Not applicable,_T,No breakdown by disability,2014,,17.85,,PER_10000_POP,"per 10,000 population",G,Global,_X,Not Available,,,,,"NHWA data portal, December 2024 update https://apps.who.int/nhwaportal/",
DATAFLOW,SPC:DF_BP50_2(1.0),Blue Pacific 2050: People-Centered Development (Thematic Area 2),I,A,Annual,SH_MED_DEN,Health worker density,WS,Samoa,_T,Total,_T,All ages,_T,National,_T,Total,_T,All education levels,222,Nursing and Midwifery Professionals,_Z,Not applicable,_T,No breakdown by disability,2015,,1.9,,PER_1000_POP,"per 1,000 population",N,National,C,Country Data,Samoa Ministry of Health - Health Sector Plan Report,,,,,
DATAFLOW,SPC:DF_BP50_2(1.0),Blue Pacific 2050: People-Centered Development (Thematic Area 2),I,A,Annual,SH_MED_DEN,Health worker density,WS,Samoa,_T,Total,_T,All ages,_T,National,_T,Total,_T,All education levels,222,Nursing and Midwifery Professionals,_Z,Not applicable,_T,No breakdown by disability,2018,,23.51,,PER_10000_POP,"per 10,000 population",G,Global,_X,Not Available,,,,,"NHWA data portal, December 2024 update https://apps.who.int/nhwaportal/",
DATAFLOW,SPC:DF_BP50_2(1.0),Blue Pacific 2050: People-Centered Development (Thematic Area 2),I,A,Annual,SH_MED_DEN,Health worker density,WS,Samoa,_T,Total,_T,All ages,_T,National,_T,Total,_T,All education levels,222,Nursing and Midwifery Professionals,_Z,Not applicable,_T,No breakdown by disability,2019,,32.32,,PER_10000_POP,"per 10,000 population",G,Global,_X,Not Available,,,,,"NHWA data portal, December 2024 update https://apps.who.int/nhwaportal/",
DATAFLOW,SPC:DF_BP50_2(1.0),Blue Pacific 2050: People-Centered Development (Thematic Area 2),I,A,Annual,SH_MED_DEN,Health worker density,WS,Samoa,_T,Total,_T,All ages,_T,National,_T,Total,_T,All education levels,222,Nursing and Midwifery Professionals,_Z,Not applicable,_T,No breakdown by disability,2020,,30.58,,PER_10000_POP,"per 10,000 population",G,Global,_X,Not Available,,,,,"NHWA data portal, December 2024 update https://apps.who.int/nhwaportal/",
DATAFLOW,SPC:DF_BP50_2(1.0),Blue Pacific 2050: People-Centered Development (Thematic Area 2),I,A,Annual,SH_MED_DEN,Health worker density,KI,Kiribati,_T,Total,_T,All ages,_T,National,_T,Total,_T,All education levels,2262,Pharmacists,_Z,Not applicable,_T,No breakdown by disability,1998,,0.47,,PER_10000_POP,"per 10,000 population",G,Global,_X,Not Available,,,,,"NHWA data portal, December 2024 update https://apps.who.int/nhwaportal/",
DATAFLOW,SPC:DF_BP50_2(1.0),Blue Pacific 2050: People-Centered Development (Thematic Area 2),I,A,Annual,SH_MED_DEN,Health worker density,KI,Kiribati,_T,Total,_T,All ages,_T,National,_T,Total,_T,All education levels,2262,Pharmacists,_Z,Not applicable,_T,No breakdown by disability,2004,,0.21,,PER_10000_POP,"per 10,000 population",G,Global,_X,Not Available,,,,,"NHWA data portal, December 2024 update https://apps.who.int/nhwaportal/",
DATAFLOW,SPC:DF_BP50_2(1.0),Blue Pacific 2050: People-Centered Development (Thematic Area 2),I,A,Annual,SH_MED_DEN,Health worker density,KI,Kiribati,_T,Total,_T,All ages,_T,National,_T,Total,_T,All education levels,2262,Pharmacists,_Z,Not applicable,_T,No breakdown by disability,2006,,0.1,,PER_10000_POP,"per 10,000 population",G,Global,_X,Not Available,,,,,"NHWA data portal, December 2024 update https://apps.who.int/nhwaportal/",
DATAFLOW,SPC:DF_BP50_2(1.0),Blue Pacific 2050: People-Centered Development (Thematic Area 2),I,A,Annual,SH_MED_DEN,Health worker density,KI,Kiribati,_T,Total,_T,All ages,_T,National,_T,Total,_T,All education levels,2262,Pharmacists,_Z,Not applicable,_T,No breakdown by disability,2010,,0.37,,PER_10000_POP,"per 10,000 population",G,Global,_X,Not Available,,,,,"NHWA data portal, December 2024 update https://apps.who.int/nhwaportal/",
DATAFLOW,SPC:DF_BP50_2(1.0),Blue Pacific 2050: People-Centered Development (Thematic Area 2),I,A,Annual,SH_MED_DEN,Health worker density,KI,Kiribati,_T,Total,_T,All ages,_T,National,_T,Total,_T,All education levels,2262,Pharmacists,_Z,Not applicable,_T,No breakdown by disability,2011,,0.36,,PER_10000_POP,"per 10,000 population",G,Global,_X,Not Available,,,,,"NHWA data portal, December 2024 update https://apps.who.int/nhwaportal/",
DATAFLOW,SPC:DF_BP50_2(1.0),Blue Pacific 2050: People-Centered Development (Thematic Area 2),I,A,Annual,SH_MED_DEN,Health worker density,KI,Kiribati,_T,Total,_T,All ages,_T,National,_T,Total,_T,All education levels,2262,Pharmacists,_Z,Not applicable,_T,No breakdown by disability,2013,,0.26,,PER_10000_POP,"per 10,000 population",G,Global,_X,Not Available,,,,,"NHWA data portal, December 2024 update https://apps.who.int/nhwaportal/",
DATAFLOW,SPC:DF_BP50_2(1.0),Blue Pacific 2050: People-Centered Development (Thematic Area 2),I,A,Annual,SH_MED_DEN,Health worker density,KI,Kiribati,_T,Total,_T,All ages,_T,National,_T,Total,_T,All education levels,2262,Pharmacists,_Z,Not applicable,_T,No breakdown by disability,2016,,0.25,,PER_10000_POP,"per 10,000 population",G,Global,_X,Not Available,,,,,"NHWA data portal, December 2024 update https://apps.who.int/nhwaportal/",
DATAFLOW,SPC:DF_BP50_2(1.0),Blue Pacific 2050: People-Centered Development (Thematic Area 2),I,A,Annual,SH_MED_DEN,Health worker density,TO,Tonga,_T,Total,_T,All ages,_T,National,_T,Total,_T,All education levels,221,Medical Doctors,_Z,Not applicable,_T,No breakdown by disability,2001,,3.39,,PER_10000_POP,"per 10,000 population",G,Global,_X,Not Available,,,,,"NHWA data portal, December 2024 update https://apps.who.int/nhwaportal/",
DATAFLOW,SPC:DF_BP50_2(1.0),Blue Pacific 2050: People-Centered Development (Thematic Area 2),I,A,Annual,SH_MED_DEN,Health worker density,TO,Tonga,_T,Total,_T,All ages,_T,National,_T,Total,_T,All education levels,221,Medical Doctors,_Z,Not applicable,_T,No breakdown by disability,2002,,2.89,,PER_10000_POP,"per 10,000 population",G,Global,_X,Not Available,,,,,"NHWA data portal, December 2024 update https://apps.who.int/nhwaportal/",
DATAFLOW,SPC:DF_BP50_2(1.0),Blue Pacific 2050: People-Centered Development (Thematic Area 2),I,A,Annual,SH_MED_DEN,Health worker density,TO,Tonga,_T,Total,_T,All ages,_T,National,_T,Total,_T,All education levels,221,Medical Doctors,_Z,Not applicable,_T,No breakdown by disability,2008,,5.33,,PER_10000_POP,"per 10,000 population",G,Global,_X,Not Available,,,,,"NHWA data portal, December 2024 update https://apps.who.int/nhwaportal/",
DATAFLOW,SPC:DF_BP50_2(1.0),Blue Pacific 2050: People-Centered Development (Thematic Area 2),I,A,Annual,SH_MED_DEN,Health worker density,TO,Tonga,_T,Total,_T,All ages,_T,National,_T,Total,_T,All education levels,221,Medical Doctors,_Z,Not applicable,_T,No breakdown by disability,2009,,5.78,,PER_10000_POP,"per 10,000 population",G,Global,_X,Not Available,,,,,"NHWA data portal, December 2024 update https://apps.who.int/nhwaportal/",
DATAFLOW,SPC:DF_BP50_2(1.0),Blue Pacific 2050: People-Centered Development (Thematic Area 2),I,A,Annual,SH_MED_DEN,Health worker density,TO,Tonga,_T,Total,_T,All ages,_T,National,_T,Total,_T,All education levels,221,Medical Doctors,_Z,Not applicable,_T,No breakdown by disability,2010,,5.4,,PER_10000_POP,"per 10,000 population",G,Global,_X,Not Available,,,,,"NHWA data portal, December 2024 update https://apps.who.int/nhwaportal/",
DATAFLOW,SPC:DF_BP50_2(1.0),Blue Pacific 2050: People-Centered Development (Thematic Area 2),I,A,Annual,SH_MED_DEN,Health worker density,TO,Tonga,_T,Total,_T,All ages,_T,National,_T,Total,_T,All education levels,221,Medical Doctors,_Z,Not applicable,_T,No breakdown by disability,2013,,5.14,,PER_10000_POP,"per 10,000 population",G,Global,_X,Not Available,,,,,"NHWA data portal, December 2024 update https://apps.who.int/nhwaportal/",
DATAFLOW,SPC:DF_BP50_2(1.0),Blue Pacific 2050: People-Centered Development (Thematic Area 2),I,A,Annual,SH_MED_DEN,Health worker density,TO,Tonga,_T,Total,_T,All ages,_T,National,_T,Total,_T,All education levels,221,Medical Doctors,_Z,Not applicable,_T,No breakdown by disability,2019,,10.12,,PER_10000_POP,"per 10,000 population",G,Global,_X,Not Available,,,,,"NHWA data portal, December 2024 update https://apps.who.int/nhwaportal/",
DATAFLOW,SPC:DF_BP50_2(1.0),Blue Pacific 2050: People-Centered Development (Thematic Area 2),I,A,Annual,SH_MED_DEN,Health worker density,TO,Tonga,_T,Total,_T,All ages,_T,National,_T,Total,_T,All education levels,221,Medical Doctors,_Z,Not applicable,_T,No breakdown by disability,2020,,9.46,,PER_10000_POP,"per 10,000 population",G,Global,_X,Not Available,,,,,"NHWA data portal, December 2024 update https://apps.who.int/nhwaportal/",
DATAFLOW,SPC:DF_BP50_2(1.0),Blue Pacific 2050: People-Centered Development (Thematic Area 2),I,A,Annual,SH_MED_DEN,Health worker density,TO,Tonga,_T,Total,_T,All ages,_T,National,_T,Total,_T,All education levels,221,Medical Doctors,_Z,Not applicable,_T,No breakdown by disability,2021,,10.14,,PER_10000_POP,"per 10,000 population",G,Global,_X,Not Available,,,,,"NHWA data portal, December 2024 update https://apps.who.int/nhwaportal/",
DATAFLOW,SPC:DF_BP50_2(1.0),Blue Pacific 2050: People-Centered Development (Thematic Area 2),I,A,Annual,SH_MED_DEN,Health worker density,MH,Marshall Islands,_T,Total,_T,All ages,_T,National,_T,Total,_T,All education levels,221,Medical Doctors,_Z,Not applicable,_T,No breakdown by disability,2007,,5.96,,PER_10000_POP,"per 10,000 population",G,Global,_X,Not Available,,,,,"NHWA data portal, December 2024 update https://apps.who.int/nhwaportal/",
DATAFLOW,SPC:DF_BP50_2(1.0),Blue Pacific 2050: People-Centered Development (Thematic Area 2),I,A,Annual,SH_MED_DEN,Health worker density,MH,Marshall Islands,_T,Total,_T,All ages,_T,National,_T,Total,_T,All education levels,221,Medical Doctors,_Z,Not applicable,_T,No breakdown by disability,2010,,6.15,,PER_10000_POP,"per 10,000 population",G,Global,_X,Not Available,,,,,"NHWA data portal, December 2024 update https://apps.who.int/nhwaportal/",
DATAFLOW,SPC:DF_BP50_2(1.0),Blue Pacific 2050: People-Centered Development (Thematic Area 2),I,A,Annual,SH_MED_DEN,Health worker density,MH,Marshall Islands,_T,Total,_T,All ages,_T,National,_T,Total,_T,All education levels,221,Medical Doctors,_Z,Not applicable,_T,No breakdown by disability,2011,,6.36,,PER_10000_POP,"per 10,000 population",G,Global,_X,Not Available,,,,,"NHWA data portal, December 2024 update https://apps.who.int/nhwaportal/",
DATAFLOW,SPC:DF_BP50_2(1.0),Blue Pacific 2050: People-Centered Development (Thematic Area 2),I,A,Annual,SH_MED_DEN,Health worker density,MH,Marshall Islands,_T,Total,_T,All ages,_T,National,_T,Total,_T,All education levels,221,Medical Doctors,_Z,Not applicable,_T,No breakdown by disability,2012,,4.67,,PER_10000_POP,"per 10,000 population",G,Global,_X,Not Available,,,,,"NHWA data portal, December 2024 update https://apps.who.int/nhwaportal/",
DATAFLOW,SPC:DF_BP50_2(1.0),Blue Pacific 2050: People-Centered Development (Thematic Area 2),I,A,Annual,SH_MED_DEN,Health worker density,MH,Marshall Islands,_T,Total,_T,All ages,_T,National,_T,Total,_T,All education levels,221,Medical Doctors,_Z,Not applicable,_T,No breakdown by disability,2017,,0.78,,PER_1000_POP,"per 1,000 population",N,National,C,Country Data,"Global Health Workforce Statistics database, Global Health Observatory, WHO",,,,,
DATAFLOW,SPC:DF_BP50_2(1.0),Blue Pacific 2050: People-Centered Development (Thematic Area 2),I,A,Annual,SH_MED_DEN,Health worker density,FM,Micronesia (Federated States of),_T,Total,_T,All ages,_T,National,_T,Total,_T,All education levels,2261,Dentists,_Z,Not applicable,_T,No breakdown by disability,2000,,1.25,,PER_10000_POP,"per 10,000 population",G,Global,_X,Not Available,,,,,"NHWA data portal, December 2024 update https://apps.who.int/nhwaportal/",
DATAFLOW,SPC:DF_BP50_2(1.0),Blue Pacific 2050: People-Centered Development (Thematic Area 2),I,A,Annual,SH_MED_DEN,Health worker density,FM,Micronesia (Federated States of),_T,Total,_T,All ages,_T,National,_T,Total,_T,All education levels,2261,Dentists,_Z,Not applicable,_T,No breakdown by disability,2003,,0.89,,PER_10000_POP,"per 10,000 population",G,Global,_X,Not Available,,,,,"NHWA data portal, December 2024 update https://apps.who.int/nhwaportal/",
DATAFLOW,SPC:DF_BP50_2(1.0),Blue Pacific 2050: People-Centered Development (Thematic Area 2),I,A,Annual,SH_MED_DEN,Health worker density,FM,Micronesia (Federated States of),_T,Total,_T,All ages,_T,National,_T,Total,_T,All education levels,2261,Dentists,_Z,Not applicable,_T,No breakdown by disability,2005,,1.17,,PER_10000_POP,"per 10,000 population",G,Global,_X,Not Available,,,,,"NHWA data portal, December 2024 update https://apps.who.int/nhwaportal/",
DATAFLOW,SPC:DF_BP50_2(1.0),Blue Pacific 2050: People-Centered Development (Thematic Area 2),I,A,Annual,SH_MED_DEN,Health worker density,FM,Micronesia (Federated States of),_T,Total,_T,All ages,_T,National,_T,Total,_T,All education levels,2261,Dentists,_Z,Not applicable,_T,No breakdown by disability,2008,,1.29,,PER_10000_POP,"per 10,000 population",G,Global,_X,Not Available,,,,,"NHWA data portal, December 2024 update https://apps.who.int/nhwaportal/",
DATAFLOW,SPC:DF_BP50_2(1.0),Blue Pacific 2050: People-Centered Development (Thematic Area 2),I,A,Annual,SH_MED_DEN,Health worker density,FM,Micronesia (Federated States of),_T,Total,_T,All ages,_T,National,_T,Total,_T,All education levels,2261,Dentists,_Z,Not applicable,_T,No breakdown by disability,2009,,0.38,,PER_1000_POP,"per 1,000 population",N,National,C,Country Data,FSM Ministry of Health,,,,,
DATAFLOW,SPC:DF_BP50_2(1.0),Blue Pacific 2050: People-Centered Development (Thematic Area 2),I,A,Annual,SH_STA_MORT,Maternal mortality ratio,KI,Kiribati,F,Female,_T,All ages,_T,National,_T,Total,_T,All education levels,_T,All occupations,_Z,Not applicable,_T,No breakdown by disability,2000,,116,,PER_100000_LIVE_BIRTHS,"per 100,000 live births",G,Global,E,Estimated,"Estimates by WHO, UNICEF, UNFPA, World Bank Group and UNDESA/Population Division. Geneva: World Health Organization; 2023.",,,,,
DATAFLOW,SPC:DF_BP50_2(1.0),Blue Pacific 2050: People-Centered Development (Thematic Area 2),I,A,Annual,SH_STA_MORT,Maternal mortality ratio,KI,Kiribati,F,Female,_T,All ages,_T,National,_T,Total,_T,All education levels,_T,All occupations,_Z,Not applicable,_T,No breakdown by disability,2001,,118,,PER_100000_LIVE_BIRTHS,"per 100,000 live births",G,Global,E,Estimated,"Estimates by WHO, UNICEF, UNFPA, World Bank Group and UNDESA/Population Division. Geneva: World Health Organization; 2023.",,,,,
DATAFLOW,SPC:DF_BP50_2(1.0),Blue Pacific 2050: People-Centered Development (Thematic Area 2),I,A,Annual,SH_STA_MORT,Maternal mortality ratio,KI,Kiribati,F,Female,_T,All ages,_T,National,_T,Total,_T,All education levels,_T,All occupations,_Z,Not applicable,_T,No breakdown by disability,2002,,113,,PER_100000_LIVE_BIRTHS,"per 100,000 live births",G,Global,E,Estimated,"Estimates by WHO, UNICEF, UNFPA, World Bank Group and UNDESA/Population Division. Geneva: World Health Organization; 2023.",,,,,
DATAFLOW,SPC:DF_BP50_2(1.0),Blue Pacific 2050: People-Centered Development (Thematic Area 2),I,A,Annual,SH_STA_MORT,Maternal mortality ratio,KI,Kiribati,F,Female,_T,All ages,_T,National,_T,Total,_T,All education levels,_T,All occupations,_Z,Not applicable,_T,No breakdown by disability,2003,,114,,PER_100000_LIVE_BIRTHS,"per 100,000 live births",G,Global,E,Estimated,"Estimates by WHO, UNICEF, UNFPA, World Bank Group and UNDESA/Population Division. Geneva: World Health Organization; 2023.",,,,,
DATAFLOW,SPC:DF_BP50_2(1.0),Blue Pacific 2050: People-Centered Development (Thematic Area 2),I,A,Annual,SH_STA_MORT,Maternal mortality ratio,KI,Kiribati,F,Female,_T,All ages,_T,National,_T,Total,_T,All education levels,_T,All occupations,_Z,Not applicable,_T,No breakdown by disability,2004,,116,,PER_100000_LIVE_BIRTHS,"per 100,000 live births",G,Global,E,Estimated,"Estimates by WHO, UNICEF, UNFPA, World Bank Group and UNDESA/Population Division. Geneva: World Health Organization; 2023.",,,,,
DATAFLOW,SPC:DF_BP50_2(1.0),Blue Pacific 2050: People-Centered Development (Thematic Area 2),I,A,Annual,SH_STA_MORT,Maternal mortality ratio,KI,Kiribati,F,Female,_T,All ages,_T,National,_T,Total,_T,All education levels,_T,All occupations,_Z,Not applicable,_T,No breakdown by disability,2005,,118,,PER_100000_LIVE_BIRTHS,"per 100,000 live births",G,Global,E,Estimated,"Estimates by WHO, UNICEF, UNFPA, World Bank Group and UNDESA/Population Division. Geneva: World Health Organization; 2023.",,,,,
DATAFLOW,SPC:DF_BP50_2(1.0),Blue Pacific 2050: People-Centered Development (Thematic Area 2),I,A,Annual,SH_STA_MORT,Maternal mortality ratio,KI,Kiribati,F,Female,_T,All ages,_T,National,_T,Total,_T,All education levels,_T,All occupations,_Z,Not applicable,_T,No breakdown by disability,2006,,116,,PER_100000_LIVE_BIRTHS,"per 100,000 live births",G,Global,E,Estimated,"Estimates by WHO, UNICEF, UNFPA, World Bank Group and UNDESA/Population Division. Geneva: World Health Organization; 2023.",,,,,
DATAFLOW,SPC:DF_BP50_2(1.0),Blue Pacific 2050: People-Centered Development (Thematic Area 2),I,A,Annual,SH_STA_MORT,Maternal mortality ratio,KI,Kiribati,F,Female,_T,All ages,_T,National,_T,Total,_T,All education levels,_T,All occupations,_Z,Not applicable,_T,No breakdown by disability,2007,,118,,PER_100000_LIVE_BIRTHS,"per 100,000 live births",G,Global,E,Estimated,"Estimates by WHO, UNICEF, UNFPA, World Bank Group and UNDESA/Population Division. Geneva: World Health Organization; 2023.",,,,,
DATAFLOW,SPC:DF_BP50_2(1.0),Blue Pacific 2050: People-Centered Development (Thematic Area 2),I,A,Annual,SH_STA_MORT,Maternal mortality ratio,KI,Kiribati,F,Female,_T,All ages,_T,National,_T,Total,_T,All education levels,_T,All occupations,_Z,Not applicable,_T,No breakdown by disability,2008,,128,,PER_100000_LIVE_BIRTHS,"per 100,000 live births",G,Global,E,Estimated,"Estimates by WHO, UNICEF, UNFPA, World Bank Group and UNDESA/Population Division. Geneva: World Health Organization; 2023.",,,,,
DATAFLOW,SPC:DF_BP50_2(1.0),Blue Pacific 2050: People-Centered Development (Thematic Area 2),I,A,Annual,SH_STA_MORT,Maternal mortality ratio,KI,Kiribati,F,Female,_T,All ages,_T,National,_T,Total,_T,All education levels,_T,All occupations,_Z,Not applicable,_T,No breakdown by disability,2009,,127,,PER_100000_LIVE_BIRTHS,"per 100,000 live births",G,Global,E,Estimated,"Estimates by WHO, UNICEF, UNFPA, World Bank Group and UNDESA/Population Division. Geneva: World Health Organization; 2023.",,,,,
DATAFLOW,SPC:DF_BP50_2(1.0),Blue Pacific 2050: People-Centered Development (Thematic Area 2),I,A,Annual,SH_STA_MORT,Maternal mortality ratio,KI,Kiribati,F,Female,_T,All ages,_T,National,_T,Total,_T,All education levels,_T,All occupations,_Z,Not applicable,_T,No breakdown by disability,2010,,131,,PER_100000_LIVE_BIRTHS,"per 100,000 live births",G,Global,E,Estimated,"Estimates by WHO, UNICEF, UNFPA, World Bank Group and UNDESA/Population Division. Geneva: World Health Organization; 2023.",,,,,
DATAFLOW,SPC:DF_BP50_2(1.0),Blue Pacific 2050: People-Centered Development (Thematic Area 2),I,A,Annual,SH_STA_MORT,Maternal mortality ratio,KI,Kiribati,F,Female,_T,All ages,_T,National,_T,Total,_T,All education levels,_T,All occupations,_Z,Not applicable,_T,No breakdown by disability,2011,,129,,PER_100000_LIVE_BIRTHS,"per 100,000 live births",G,Global,E,Estimated,"Estimates by WHO, UNICEF, UNFPA, World Bank Group and UNDESA/Population Division. Geneva: World Health Organization; 2023.",,,,,
DATAFLOW,SPC:DF_BP50_2(1.0),Blue Pacific 2050: People-Centered Development (Thematic Area 2),I,A,Annual,SH_STA_MORT,Maternal mortality ratio,KI,Kiribati,F,Female,_T,All ages,_T,National,_T,Total,_T,All education levels,_T,All occupations,_Z,Not applicable,_T,No breakdown by disability,2012,,131,,PER_100000_LIVE_BIRTHS,"per 100,000 live births",G,Global,E,Estimated,"Estimates by WHO, UNICEF, UNFPA, World Bank Group and UNDESA/Population Division. Geneva: World Health Organization; 2023.",,,,,
DATAFLOW,SPC:DF_BP50_2(1.0),Blue Pacific 2050: People-Centered Development (Thematic Area 2),I,A,Annual,SH_STA_MORT,Maternal mortality ratio,KI,Kiribati,F,Female,_T,All ages,_T,National,_T,Total,_T,All education levels,_T,All occupations,_Z,Not applicable,_T,No breakdown by disability,2013,,119,,PER_100000_LIVE_BIRTHS,"per 100,000 live births",G,Global,E,Estimated,"Estimates by WHO, UNICEF, UNFPA, World Bank Group and UNDESA/Population Division. Geneva: World Health Organization; 2023.",,,,,
DATAFLOW,SPC:DF_BP50_2(1.0),Blue Pacific 2050: People-Centered Development (Thematic Area 2),I,A,Annual,SH_STA_MORT,Maternal mortality ratio,KI,Kiribati,F,Female,_T,All ages,_T,National,_T,Total,_T,All education levels,_T,All occupations,_Z,Not applicable,_T,No breakdown by disability,2014,,120,,PER_100000_LIVE_BIRTHS,"per 100,000 live births",G,Global,E,Estimated,"Estimates by WHO, UNICEF, UNFPA, World Bank Group and UNDESA/Population Division. Geneva: World Health Organization; 2023.",,,,,
DATAFLOW,SPC:DF_BP50_2(1.0),Blue Pacific 2050: People-Centered Development (Thematic Area 2),I,A,Annual,SH_STA_MORT,Maternal mortality ratio,KI,Kiribati,F,Female,_T,All ages,_T,National,_T,Total,_T,All education levels,_T,All occupations,_Z,Not applicable,_T,No breakdown by disability,2015,,121,,PER_100000_LIVE_BIRTHS,"per 100,000 live births",G,Global,E,Estimated,"Estimates by WHO, UNICEF, UNFPA, World Bank Group and UNDESA/Population Division. Geneva: World Health Organization; 2023.",,,,,
DATAFLOW,SPC:DF_BP50_2(1.0),Blue Pacific 2050: People-Centered Development (Thematic Area 2),I,A,Annual,SH_STA_MORT,Maternal mortality ratio,KI,Kiribati,F,Female,_T,All ages,_T,National,_T,Total,_T,All education levels,_T,All occupations,_Z,Not applicable,_T,No breakdown by disability,2016,,179,,PER_100000_LIVE_BIRTHS,"per 100,000 live births",N,National,C,Country Data,Kiribati Ministry of Health,,,,,
DATAFLOW,SPC:DF_BP50_2(1.0),Blue Pacific 2050: People-Centered Development (Thematic Area 2),I,A,Annual,SH_STA_MORT,Maternal mortality ratio,KI,Kiribati,F,Female,_T,All ages,_T,National,_T,Total,_T,All education levels,_T,All occupations,_Z,Not applicable,_T,No breakdown by disability,2017,,112,,PER_100000_LIVE_BIRTHS,"per 100,000 live births",G,Global,E,Estimated,"Estimates by WHO, UNICEF, UNFPA, World Bank Group and UNDESA/Population Division. Geneva: World Health Organization; 2023.",,,,,
DATAFLOW,SPC:DF_BP50_2(1.0),Blue Pacific 2050: People-Centered Development (Thematic Area 2),I,A,Annual,SH_STA_MORT,Maternal mortality ratio,KI,Kiribati,F,Female,_T,All ages,_T,National,_T,Total,_T,All education levels,_T,All occupations,_Z,Not applicable,_T,No breakdown by disability,2018,,110,,PER_100000_LIVE_BIRTHS,"per 100,000 live births",G,Global,E,Estimated,"Estimates by WHO, UNICEF, UNFPA, World Bank Group and UNDESA/Population Division. Geneva: World Health Organization; 2023.",,,,,
DATAFLOW,SPC:DF_BP50_2(1.0),Blue Pacific 2050: People-Centered Development (Thematic Area 2),I,A,Annual,SH_STA_MORT,Maternal mortality ratio,KI,Kiribati,F,Female,_T,All ages,_T,National,_T,Total,_T,All education levels,_T,All occupations,_Z,Not applicable,_T,No breakdown by disability,2019,,108,,PER_100000_LIVE_BIRTHS,"per 100,000 live births",G,Global,E,Estimated,"Estimates by WHO, UNICEF, UNFPA, World Bank Group and UNDESA/Population Division. Geneva: World Health Organization; 2023.",,,,,
DATAFLOW,SPC:DF_BP50_2(1.0),Blue Pacific 2050: People-Centered Development (Thematic Area 2),I,A,Annual,SH_STA_MORT,Maternal mortality ratio,KI,Kiribati,F,Female,_T,All ages,_T,National,_T,Total,_T,All education levels,_T,All occupations,_Z,Not applicable,_T,No breakdown by disability,2020,,76,,PER_100000_LIVE_BIRTHS,"per 100,000 live births",G,Global,E,Estimated,"Estimates by WHO, UNICEF, UNFPA, World Bank Group and UNDESA/Population Division. Geneva: World Health Organization; 2023.",,,,,
DATAFLOW,SPC:DF_BP50_2(1.0),Blue Pacific 2050: People-Centered Development (Thematic Area 2),I,A,Annual,SH_MED_DEN,Health worker density,TV,Tuvalu,_T,Total,_T,All ages,_T,National,_T,Total,_T,All education levels,2262,Pharmacists,_Z,Not applicable,_T,No breakdown by disability,2002,,1.04,,PER_10000_POP,"per 10,000 population",G,Global,_X,Not Available,,,,,"NHWA data portal, December 2024 update https://apps.who.int/nhwaportal/",
DATAFLOW,SPC:DF_BP50_2(1.0),Blue Pacific 2050: People-Centered Development (Thematic Area 2),I,A,Annual,SH_MED_DEN,Health worker density,TV,Tuvalu,_T,Total,_T,All ages,_T,National,_T,Total,_T,All education levels,2262,Pharmacists,_Z,Not applicable,_T,No breakdown by disability,2003,,2.06,,PER_10000_POP,"per 10,000 population",G,Global,_X,Not Available,,,,,"NHWA data portal, December 2024 update https://apps.who.int/nhwaportal/",
DATAFLOW,SPC:DF_BP50_2(1.0),Blue Pacific 2050: People-Centered Development (Thematic Area 2),I,A,Annual,SH_MED_DEN,Health worker density,TV,Tuvalu,_T,Total,_T,All ages,_T,National,_T,Total,_T,All education levels,2262,Pharmacists,_Z,Not applicable,_T,No breakdown by disability,2008,,0.97,,PER_10000_POP,"per 10,000 population",G,Global,_X,Not Available,,,,,"NHWA data portal, December 2024 update https://apps.who.int/nhwaportal/",
DATAFLOW,SPC:DF_BP50_2(1.0),Blue Pacific 2050: People-Centered Development (Thematic Area 2),I,A,Annual,SH_MED_DEN,Health worker density,TV,Tuvalu,_T,Total,_T,All ages,_T,National,_T,Total,_T,All education levels,2262,Pharmacists,_Z,Not applicable,_T,No breakdown by disability,2009,,0.2,,PER_1000_POP,"per 1,000 population",G,Global,C,Country Data,UN Global Database,,,,,
DATAFLOW,SPC:DF_BP50_2(1.0),Blue Pacific 2050: People-Centered Development (Thematic Area 2),I,A,Annual,SH_MED_DEN,Health worker density,TV,Tuvalu,_T,Total,_T,All ages,_T,National,_T,Total,_T,All education levels,2262,Pharmacists,_Z,Not applicable,_T,No breakdown by disability,2014,,2.73,,PER_10000_POP,"per 10,000 population",G,Global,_X,Not Available,,,,,"NHWA data portal, December 2024 update https://apps.who.int/nhwaportal/",
DATAFLOW,SPC:DF_BP50_2(1.0),Blue Pacific 2050: People-Centered Development (Thematic Area 2),I,A,Annual,SH_MED_DEN,Health worker density,TV,Tuvalu,_T,Total,_T,All ages,_T,National,_T,Total,_T,All education levels,2262,Pharmacists,_Z,Not applicable,_T,No breakdown by disability,2020,,1.92,,PER_10000_POP,"per 10,000 population",G,Global,_X,Not Available,,,,,"NHWA data portal, December 2024 update https://apps.who.int/nhwaportal/",
DATAFLOW,SPC:DF_BP50_2(1.0),Blue Pacific 2050: People-Centered Development (Thematic Area 2),I,A,Annual,SH_STA_BRTC,Proportion of births attended by skilled health personnel,NU,Niue,_T,Total,_T,All ages,_T,National,_T,Total,_T,All education levels,_T,All occupations,_Z,Not applicable,_T,No breakdown by disability,2000,,100,,PERCENT,percent,G,Global,C,Country Data,"Secretariat of the Pacific Community (SPC), United Nations Development Programme (UNDP), the UN/CROP MDG Working Group. Pacific Islands Regional Millennium Development Goals Report 2004. Noumea: Secretariat of the Pacific Community (SPC); 2004.",,,,,
DATAFLOW,SPC:DF_BP50_2(1.0),Blue Pacific 2050: People-Centered Development (Thematic Area 2),I,A,Annual,SH_STA_BRTC,Proportion of births attended by skilled health personnel,NU,Niue,_T,Total,_T,All ages,_T,National,_T,Total,_T,All education levels,_T,All occupations,_Z,Not applicable,_T,No breakdown by disability,2001,,100,,PERCENT,percent,G,Global,C,Country Data,"Economics, Planning Development and Statistices Unit [Niue]. Niue Millennium Development Goals, 2007 Report. Alofi: Statistics Niue; 2007.",,,,,
DATAFLOW,SPC:DF_BP50_2(1.0),Blue Pacific 2050: People-Centered Development (Thematic Area 2),I,A,Annual,SH_STA_BRTC,Proportion of births attended by skilled health personnel,NU,Niue,_T,Total,_T,All ages,_T,National,_T,Total,_T,All education levels,_T,All occupations,_Z,Not applicable,_T,No breakdown by disability,2002,,100,,PERCENT,percent,G,Global,C,Country Data,"Secretariat of the Pacific Community (SPC), United Nations Development Programme (UNDP), the UN/CROP MDG Working Group. Pacific Islands Regional Millennium Development Goals Report 2004. Noumea: Secretariat of the Pacific Community (SPC); 2004.",,,,,
DATAFLOW,SPC:DF_BP50_2(1.0),Blue Pacific 2050: People-Centered Development (Thematic Area 2),I,A,Annual,SH_STA_BRTC,Proportion of births attended by skilled health personnel,NU,Niue,_T,Total,_T,All ages,_T,National,_T,Total,_T,All education levels,_T,All occupations,_Z,Not applicable,_T,No breakdown by disability,2005,,100,,PERCENT,percent,G,Global,C,Country Data,Western Pacific Country Health Information Profiles: 2006 Revision. Manila: World Health Organization Regional Office for the Western Pacific (WPRO); 2006.,,,,,
DATAFLOW,SPC:DF_BP50_2(1.0),Blue Pacific 2050: People-Centered Development (Thematic Area 2),I,A,Annual,SH_STA_BRTC,Proportion of births attended by skilled health personnel,NU,Niue,_T,Total,_T,All ages,_T,National,_T,Total,_T,All education levels,_T,All occupations,_Z,Not applicable,_T,No breakdown by disability,2006,,100,,PERCENT,percent,G,Global,C,Country Data,"Economics, Planning Development and Statistices Unit [Niue]. Niue Millennium Development Goals, 2007 Report. Alofi: Statistics Niue; 2007.",,,,,
DATAFLOW,SPC:DF_BP50_2(1.0),Blue Pacific 2050: People-Centered Development (Thematic Area 2),I,A,Annual,SH_STA_BRTC,Proportion of births attended by skilled health personnel,NU,Niue,_T,Total,_T,All ages,_T,National,_T,Total,_T,All education levels,_T,All occupations,_Z,Not applicable,_T,No breakdown by disability,2007,,100,,PERCENT,percent,R,Regional,C,Country Data,2010 Pacific Regional MDGs Tracking Report. Suva: Pacific Islands Forum Secretariat (PIFS); 2010.,,,,,
DATAFLOW,SPC:DF_BP50_2(1.0),Blue Pacific 2050: People-Centered Development (Thematic Area 2),I,A,Annual,SH_STA_BRTC,Proportion of births attended by skilled health personnel,NU,Niue,_T,Total,_T,All ages,_T,National,_T,Total,_T,All education levels,_T,All occupations,_Z,Not applicable,_T,No breakdown by disability,2010,,100,,PERCENT,percent,R,Regional,C,Country Data,"2012 Pacific Regional MDGs Tracking Report. Suva: Pacific Islands Forum Secretariat (PIFS); 2012.
",,,,,
DATAFLOW,SPC:DF_BP50_2(1.0),Blue Pacific 2050: People-Centered Development (Thematic Area 2),I,A,Annual,SH_STA_BRTC,Proportion of births attended by skilled health personnel,NU,Niue,_T,Total,_T,All ages,_T,National,_T,Total,_T,All education levels,_T,All occupations,_Z,Not applicable,_T,No breakdown by disability,2011,,100,,PERCENT,percent,G,Global,C,Country Data,"Office for External Affairs [Niue], United Nations Development Programme (UNDP). Niue Millennium Development Goals 2012 Report. Alofi: Statistics Niue; 2013.",,,,,
DATAFLOW,SPC:DF_BP50_2(1.0),Blue Pacific 2050: People-Centered Development (Thematic Area 2),I,A,Annual,SH_STA_MORT,Maternal mortality ratio,NC,New Caledonia,F,Female,_T,All ages,_T,National,_T,Total,_T,All education levels,_T,All occupations,_Z,Not applicable,_T,No breakdown by disability,2012,,27,,PER_100000_LIVE_BIRTHS,"per 100,000 live births",G,Global,C,Country Data,"SPC-NMDI, 1991-2012",,,,,
DATAFLOW,SPC:DF_BP50_2(1.0),Blue Pacific 2050: People-Centered Development (Thematic Area 2),I,A,Annual,SH_STA_MORT,Maternal mortality ratio,NC,New Caledonia,F,Female,_T,All ages,_T,National,_T,Total,_T,All education levels,_T,All occupations,_Z,Not applicable,_T,No breakdown by disability,2015,,0,,PER_100000_LIVE_BIRTHS,"per 100,000 live births",N,National,C,Country Data,"Nouvelle-Calédonie. Agence Sanitaire et Sociale, 2013-15",,,,,
DATAFLOW,SPC:DF_BP50_2(1.0),Blue Pacific 2050: People-Centered Development (Thematic Area 2),I,A,Annual,SH_MED_DEN,Health worker density,SB,Solomon Islands,_T,Total,_T,All ages,_T,National,_T,Total,_T,All education levels,2262,Pharmacists,_Z,Not applicable,_T,No breakdown by disability,1999,,0.65,,PER_10000_POP,"per 10,000 population",G,Global,_X,Not Available,,,,,"NHWA data portal, December 2024 update https://apps.who.int/nhwaportal/",
DATAFLOW,SPC:DF_BP50_2(1.0),Blue Pacific 2050: People-Centered Development (Thematic Area 2),I,A,Annual,SH_MED_DEN,Health worker density,SB,Solomon Islands,_T,Total,_T,All ages,_T,National,_T,Total,_T,All education levels,2262,Pharmacists,_Z,Not applicable,_T,No breakdown by disability,2005,,1.1,,PER_10000_POP,"per 10,000 population",G,Global,_X,Not Available,,,,,"NHWA data portal, December 2024 update https://apps.who.int/nhwaportal/",
DATAFLOW,SPC:DF_BP50_2(1.0),Blue Pacific 2050: People-Centered Development (Thematic Area 2),I,A,Annual,SH_MED_DEN,Health worker density,SB,Solomon Islands,_T,Total,_T,All ages,_T,National,_T,Total,_T,All education levels,2262,Pharmacists,_Z,Not applicable,_T,No breakdown by disability,2011,,0.8,,PER_10000_POP,"per 10,000 population",G,Global,_X,Not Available,,,,,"NHWA data portal, December 2024 update https://apps.who.int/nhwaportal/",
DATAFLOW,SPC:DF_BP50_2(1.0),Blue Pacific 2050: People-Centered Development (Thematic Area 2),I,A,Annual,SH_MED_DEN,Health worker density,SB,Solomon Islands,_T,Total,_T,All ages,_T,National,_T,Total,_T,All education levels,2262,Pharmacists,_Z,Not applicable,_T,No breakdown by disability,2012,,1.06,,PER_10000_POP,"per 10,000 population",G,Global,_X,Not Available,,,,,"NHWA data portal, December 2024 update https://apps.who.int/nhwaportal/",
DATAFLOW,SPC:DF_BP50_2(1.0),Blue Pacific 2050: People-Centered Development (Thematic Area 2),I,A,Annual,SH_MED_DEN,Health worker density,SB,Solomon Islands,_T,Total,_T,All ages,_T,National,_T,Total,_T,All education levels,2262,Pharmacists,_Z,Not applicable,_T,No breakdown by disability,2013,,1.26,,PER_10000_POP,"per 10,000 population",G,Global,_X,Not Available,,,,,"NHWA data portal, December 2024 update https://apps.who.int/nhwaportal/",
DATAFLOW,SPC:DF_BP50_2(1.0),Blue Pacific 2050: People-Centered Development (Thematic Area 2),I,A,Annual,SH_MED_DEN,Health worker density,SB,Solomon Islands,_T,Total,_T,All ages,_T,National,_T,Total,_T,All education levels,2262,Pharmacists,_Z,Not applicable,_T,No breakdown by disability,2015,,0.13,,PER_1000_POP,"per 1,000 population",N,National,C,Country Data,"Solomon Islands Education Report 2015-16, Ministry of Education",,,,,
DATAFLOW,SPC:DF_BP50_2(1.0),Blue Pacific 2050: People-Centered Development (Thematic Area 2),I,A,Annual,SH_MED_DEN,Health worker density,SB,Solomon Islands,_T,Total,_T,All ages,_T,National,_T,Total,_T,All education levels,2262,Pharmacists,_Z,Not applicable,_T,No breakdown by disability,2016,,1.12,,PER_10000_POP,"per 10,000 population",G,Global,_X,Not Available,,,,,"NHWA data portal, December 2024 update https://apps.who.int/nhwaportal/",
DATAFLOW,SPC:DF_BP50_2(1.0),Blue Pacific 2050: People-Centered Development (Thematic Area 2),I,A,Annual,SH_MED_DEN,Health worker density,SB,Solomon Islands,_T,Total,_T,All ages,_T,National,_T,Total,_T,All education levels,2262,Pharmacists,_Z,Not applicable,_T,No breakdown by disability,2023,,0.78,,PER_10000_POP,"per 10,000 population",G,Global,_X,Not Available,,,,,"NHWA data portal, December 2024 update https://apps.who.int/nhwaportal/",
DATAFLOW,SPC:DF_BP50_2(1.0),Blue Pacific 2050: People-Centered Development (Thematic Area 2),I,A,Annual,SH_STA_BRTC,Proportion of births attended by skilled health personnel,TV,Tuvalu,F,Female,Y15T49,15-49,_T,National,_T,Total,_T,All education levels,_T,All occupations,_Z,Not applicable,_T,No breakdown by disability,2019,,100,,PERCENT,percent,N,National,C,Country Data,"Tuvalu Central Statistics Department. 2021. Tuvalu Multiple Indicator Cluster Survey 2019–2020, Snapshot of Key Findings. Funafuti, Tuvalu: Tuvalu Central Statistics Department.",,,,,
DATAFLOW,SPC:DF_BP50_2(1.0),Blue Pacific 2050: People-Centered Development (Thematic Area 2),I,A,Annual,SH_MED_DEN,Health worker density,MH,Marshall Islands,_T,Total,_T,All ages,_T,National,_T,Total,_T,All education levels,2261,Dentists,_Z,Not applicable,_T,No breakdown by disability,2007,,1.15,,PER_10000_POP,"per 10,000 population",G,Global,_X,Not Available,,,,,"NHWA data portal, December 2024 update https://apps.who.int/nhwaportal/",
DATAFLOW,SPC:DF_BP50_2(1.0),Blue Pacific 2050: People-Centered Development (Thematic Area 2),I,A,Annual,SH_MED_DEN,Health worker density,MH,Marshall Islands,_T,Total,_T,All ages,_T,National,_T,Total,_T,All education levels,2261,Dentists,_Z,Not applicable,_T,No breakdown by disability,2010,,0.77,,PER_10000_POP,"per 10,000 population",G,Global,_X,Not Available,,,,,"NHWA data portal, December 2024 update https://apps.who.int/nhwaportal/",
DATAFLOW,SPC:DF_BP50_2(1.0),Blue Pacific 2050: People-Centered Development (Thematic Area 2),I,A,Annual,SH_MED_DEN,Health worker density,MH,Marshall Islands,_T,Total,_T,All ages,_T,National,_T,Total,_T,All education levels,2261,Dentists,_Z,Not applicable,_T,No breakdown by disability,2012,,0.78,,PER_10000_POP,"per 10,000 population",G,Global,_X,Not Available,,,,,"NHWA data portal, December 2024 update https://apps.who.int/nhwaportal/",
DATAFLOW,SPC:DF_BP50_2(1.0),Blue Pacific 2050: People-Centered Development (Thematic Area 2),I,A,Annual,SH_MED_DEN,Health worker density,MH,Marshall Islands,_T,Total,_T,All ages,_T,National,_T,Total,_T,All education levels,2261,Dentists,_Z,Not applicable,_T,No breakdown by disability,2019,,1.59,,PER_10000_POP,"per 10,000 population",G,Global,_X,Not Available,,,,,"NHWA data portal, December 2024 update https://apps.who.int/nhwaportal/",
DATAFLOW,SPC:DF_BP50_2(1.0),Blue Pacific 2050: People-Centered Development (Thematic Area 2),I,A,Annual,SH_MED_DEN,Health worker density,NR,Nauru,_T,Total,_T,All ages,_T,National,_T,Total,_T,All education levels,221,Medical Doctors,_Z,Not applicable,_T,No breakdown by disability,1995,,15.69,,PER_10000_POP,"per 10,000 population",G,Global,_X,Not Available,,,,,"NHWA data portal, December 2024 update https://apps.who.int/nhwaportal/",
DATAFLOW,SPC:DF_BP50_2(1.0),Blue Pacific 2050: People-Centered Development (Thematic Area 2),I,A,Annual,SH_MED_DEN,Health worker density,NR,Nauru,_T,Total,_T,All ages,_T,National,_T,Total,_T,All education levels,221,Medical Doctors,_Z,Not applicable,_T,No breakdown by disability,2004,,9.9,,PER_10000_POP,"per 10,000 population",G,Global,_X,Not Available,,,,,"NHWA data portal, December 2024 update https://apps.who.int/nhwaportal/",
DATAFLOW,SPC:DF_BP50_2(1.0),Blue Pacific 2050: People-Centered Development (Thematic Area 2),I,A,Annual,SH_MED_DEN,Health worker density,NR,Nauru,_T,Total,_T,All ages,_T,National,_T,Total,_T,All education levels,221,Medical Doctors,_Z,Not applicable,_T,No breakdown by disability,2008,,10,,PER_10000_POP,"per 10,000 population",G,Global,_X,Not Available,,,,,"NHWA data portal, December 2024 update https://apps.who.int/nhwaportal/",
DATAFLOW,SPC:DF_BP50_2(1.0),Blue Pacific 2050: People-Centered Development (Thematic Area 2),I,A,Annual,SH_MED_DEN,Health worker density,NR,Nauru,_T,Total,_T,All ages,_T,National,_T,Total,_T,All education levels,221,Medical Doctors,_Z,Not applicable,_T,No breakdown by disability,2009,,10,,PER_10000_POP,"per 10,000 population",G,Global,_X,Not Available,,,,,"NHWA data portal, December 2024 update https://apps.who.int/nhwaportal/",
DATAFLOW,SPC:DF_BP50_2(1.0),Blue Pacific 2050: People-Centered Development (Thematic Area 2),I,A,Annual,SH_MED_DEN,Health worker density,NR,Nauru,_T,Total,_T,All ages,_T,National,_T,Total,_T,All education levels,221,Medical Doctors,_Z,Not applicable,_T,No breakdown by disability,2010,,11,,PER_10000_POP,"per 10,000 population",G,Global,_X,Not Available,,,,,"NHWA data portal, December 2024 update https://apps.who.int/nhwaportal/",
DATAFLOW,SPC:DF_BP50_2(1.0),Blue Pacific 2050: People-Centered Development (Thematic Area 2),I,A,Annual,SH_MED_DEN,Health worker density,NR,Nauru,_T,Total,_T,All ages,_T,National,_T,Total,_T,All education levels,221,Medical Doctors,_Z,Not applicable,_T,No breakdown by disability,2011,,13.86,,PER_10000_POP,"per 10,000 population",G,Global,_X,Not Available,,,,,"NHWA data portal, December 2024 update https://apps.who.int/nhwaportal/",
DATAFLOW,SPC:DF_BP50_2(1.0),Blue Pacific 2050: People-Centered Development (Thematic Area 2),I,A,Annual,SH_MED_DEN,Health worker density,NR,Nauru,_T,Total,_T,All ages,_T,National,_T,Total,_T,All education levels,221,Medical Doctors,_Z,Not applicable,_T,No breakdown by disability,2015,,12.73,,PER_10000_POP,"per 10,000 population",G,Global,_X,Not Available,,,,,"NHWA data portal, December 2024 update https://apps.who.int/nhwaportal/",
DATAFLOW,SPC:DF_BP50_2(1.0),Blue Pacific 2050: People-Centered Development (Thematic Area 2),I,A,Annual,SH_STA_BRTC,Proportion of births attended by skilled health personnel,FM,Micronesia (Federated States of),_T,Total,_T,All ages,_T,National,_T,Total,_T,All education levels,_T,All occupations,_Z,Not applicable,_T,No breakdown by disability,2000,,82.8,,PERCENT,percent,G,Global,C,Country Data,"Statistical Yearbook Federated States of Micronesia 2008. Palikir, Pohnpei: Division of Statistics, Office of Statistics, Budget and Economic Management, Overseas Development Assistance & Compact Management (SBOC). 2008.",,,,,
DATAFLOW,SPC:DF_BP50_2(1.0),Blue Pacific 2050: People-Centered Development (Thematic Area 2),I,A,Annual,SH_STA_BRTC,Proportion of births attended by skilled health personnel,FM,Micronesia (Federated States of),_T,Total,_T,All ages,_T,National,_T,Total,_T,All education levels,_T,All occupations,_Z,Not applicable,_T,No breakdown by disability,2001,,85.7,,PERCENT,percent,G,Global,C,Country Data,"Statistical Yearbook Federated States of Micronesia 2008. Palikir, Pohnpei: Division of Statistics, Office of Statistics, Budget and Economic Management, Overseas Development Assistance & Compact Management (SBOC). 2008.",,,,,
DATAFLOW,SPC:DF_BP50_2(1.0),Blue Pacific 2050: People-Centered Development (Thematic Area 2),I,A,Annual,SH_STA_BRTC,Proportion of births attended by skilled health personnel,FM,Micronesia (Federated States of),_T,Total,_T,All ages,_T,National,_T,Total,_T,All education levels,_T,All occupations,_Z,Not applicable,_T,No breakdown by disability,2002,,81.6,,PERCENT,percent,G,Global,C,Country Data,"Statistical Yearbook Federated States of Micronesia 2008. Palikir, Pohnpei: Division of Statistics, Office of Statistics, Budget and Economic Management, Overseas Development Assistance & Compact Management (SBOC). 2008.",,,,,
DATAFLOW,SPC:DF_BP50_2(1.0),Blue Pacific 2050: People-Centered Development (Thematic Area 2),I,A,Annual,SH_STA_BRTC,Proportion of births attended by skilled health personnel,FM,Micronesia (Federated States of),_T,Total,_T,All ages,_T,National,_T,Total,_T,All education levels,_T,All occupations,_Z,Not applicable,_T,No breakdown by disability,2003,,84.6,,PERCENT,percent,G,Global,C,Country Data,"Statistical Yearbook Federated States of Micronesia 2008. Palikir, Pohnpei: Division of Statistics, Office of Statistics, Budget and Economic Management, Overseas Development Assistance & Compact Management (SBOC). 2008.",,,,,
DATAFLOW,SPC:DF_BP50_2(1.0),Blue Pacific 2050: People-Centered Development (Thematic Area 2),I,A,Annual,SH_STA_BRTC,Proportion of births attended by skilled health personnel,FM,Micronesia (Federated States of),_T,Total,_T,All ages,_T,National,_T,Total,_T,All education levels,_T,All occupations,_Z,Not applicable,_T,No breakdown by disability,2005,,82.7,,PERCENT,percent,N,National,C,Country Data,"Statistical Yearbook Federated States of Micronesia 2008. Division of Statistics, Office of Statistics, Budget and Economic Management, Overseas Development Assistance & Compact Management (SBOC) [Federated States of Micronesia]; 2008.",,,,,
DATAFLOW,SPC:DF_BP50_2(1.0),Blue Pacific 2050: People-Centered Development (Thematic Area 2),I,A,Annual,SH_STA_BRTC,Proportion of births attended by skilled health personnel,FM,Micronesia (Federated States of),_T,Total,_T,All ages,_T,National,_T,Total,_T,All education levels,_T,All occupations,_Z,Not applicable,_T,No breakdown by disability,2006,,85.3,,PERCENT,percent,N,National,C,Country Data,"Statistical Yearbook Federated States of Micronesia 2008. Division of Statistics, Office of Statistics, Budget and Economic Management, Overseas Development Assistance & Compact Management (SBOC) [Federated States of Micronesia]; 2008.",,,,,
DATAFLOW,SPC:DF_BP50_2(1.0),Blue Pacific 2050: People-Centered Development (Thematic Area 2),I,A,Annual,SH_STA_BRTC,Proportion of births attended by skilled health personnel,FM,Micronesia (Federated States of),_T,Total,_T,All ages,_T,National,_T,Total,_T,All education levels,_T,All occupations,_Z,Not applicable,_T,No breakdown by disability,2008,,90,,PERCENT,percent,R,Regional,C,Country Data,"Millennium Development Goals & The Federated States of Micronesia: Status Report 2010.  Office of Statistics, Budget and Economic Management, Overseas Development Assistance, and Compact Management [Federated States of Micronesia], United Nations Development Programme (UNDP); 2010.",,,,,
DATAFLOW,SPC:DF_BP50_2(1.0),Blue Pacific 2050: People-Centered Development (Thematic Area 2),I,A,Annual,SH_STA_BRTC,Proportion of births attended by skilled health personnel,FM,Micronesia (Federated States of),_T,Total,_T,All ages,_T,National,_T,Total,_T,All education levels,_T,All occupations,_Z,Not applicable,_T,No breakdown by disability,2009,,100,,PERCENT,percent,G,Global,C,Country Data,Western Pacific Country Health Information Profiles: 2011 Revision. Manila: World Health Organization Regional Office for the Western Pacific (WPRO); 2011.,,,,,
DATAFLOW,SPC:DF_BP50_2(1.0),Blue Pacific 2050: People-Centered Development (Thematic Area 2),I,A,Annual,SH_STA_BRTC,Proportion of births attended by skilled health personnel,PW,Palau,F,Female,Y15T49,15-49,_T,National,_T,Total,_T,All education levels,_T,All occupations,_Z,Not applicable,_T,No breakdown by disability,2020,,97.2,,PERCENT,percent,N,National,C,Country Data,2020 Statistical Yearbook. Koror. Palau Ministry of Finance. 2021,,,,,
DATAFLOW,SPC:DF_BP50_2(1.0),Blue Pacific 2050: People-Centered Development (Thematic Area 2),I,A,Annual,SH_MED_DEN,Health worker density,FJ,Fiji,_T,Total,_T,All ages,_T,National,_T,Total,_T,All education levels,2262,Pharmacists,_Z,Not applicable,_T,No breakdown by disability,2003,,1.04,,PER_10000_POP,"per 10,000 population",G,Global,_X,Not Available,,,,,"NHWA data portal, December 2024 update https://apps.who.int/nhwaportal/",
DATAFLOW,SPC:DF_BP50_2(1.0),Blue Pacific 2050: People-Centered Development (Thematic Area 2),I,A,Annual,SH_MED_DEN,Health worker density,FJ,Fiji,_T,Total,_T,All ages,_T,National,_T,Total,_T,All education levels,2262,Pharmacists,_Z,Not applicable,_T,No breakdown by disability,2009,,0.84,,PER_10000_POP,"per 10,000 population",G,Global,_X,Not Available,,,,,"NHWA data portal, December 2024 update https://apps.who.int/nhwaportal/",
DATAFLOW,SPC:DF_BP50_2(1.0),Blue Pacific 2050: People-Centered Development (Thematic Area 2),I,A,Annual,SH_MED_DEN,Health worker density,FJ,Fiji,_T,Total,_T,All ages,_T,National,_T,Total,_T,All education levels,2262,Pharmacists,_Z,Not applicable,_T,No breakdown by disability,2015,,1.03,,PER_10000_POP,"per 10,000 population",G,Global,_X,Not Available,,,,,"NHWA data portal, December 2024 update https://apps.who.int/nhwaportal/",
DATAFLOW,SPC:DF_BP50_2(1.0),Blue Pacific 2050: People-Centered Development (Thematic Area 2),I,A,Annual,SH_MED_DEN,Health worker density,CK,Cook Islands,_T,Total,_T,All ages,_T,National,_T,Total,_T,All education levels,222,Nursing and Midwifery Professionals,_Z,Not applicable,_T,No breakdown by disability,2001,,34.21,,PER_10000_POP,"per 10,000 population",G,Global,_X,Not Available,,,,,"NHWA data portal, December 2024 update https://apps.who.int/nhwaportal/",
DATAFLOW,SPC:DF_BP50_2(1.0),Blue Pacific 2050: People-Centered Development (Thematic Area 2),I,A,Annual,SH_MED_DEN,Health worker density,CK,Cook Islands,_T,Total,_T,All ages,_T,National,_T,Total,_T,All education levels,222,Nursing and Midwifery Professionals,_Z,Not applicable,_T,No breakdown by disability,2004,,52.98,,PER_10000_POP,"per 10,000 population",G,Global,_X,Not Available,,,,,"NHWA data portal, December 2024 update https://apps.who.int/nhwaportal/",
DATAFLOW,SPC:DF_BP50_2(1.0),Blue Pacific 2050: People-Centered Development (Thematic Area 2),I,A,Annual,SH_MED_DEN,Health worker density,CK,Cook Islands,_T,Total,_T,All ages,_T,National,_T,Total,_T,All education levels,222,Nursing and Midwifery Professionals,_Z,Not applicable,_T,No breakdown by disability,2009,,70.3,,PER_10000_POP,"per 10,000 population",G,Global,_X,Not Available,,,,,"NHWA data portal, December 2024 update https://apps.who.int/nhwaportal/",
DATAFLOW,SPC:DF_BP50_2(1.0),Blue Pacific 2050: People-Centered Development (Thematic Area 2),I,A,Annual,SH_MED_DEN,Health worker density,CK,Cook Islands,_T,Total,_T,All ages,_T,National,_T,Total,_T,All education levels,222,Nursing and Midwifery Professionals,_Z,Not applicable,_T,No breakdown by disability,2013,,61.36,,PER_10000_POP,"per 10,000 population",G,Global,_X,Not Available,,,,,"NHWA data portal, December 2024 update https://apps.who.int/nhwaportal/",
DATAFLOW,SPC:DF_BP50_2(1.0),Blue Pacific 2050: People-Centered Development (Thematic Area 2),I,A,Annual,SH_MED_DEN,Health worker density,CK,Cook Islands,_T,Total,_T,All ages,_T,National,_T,Total,_T,All education levels,222,Nursing and Midwifery Professionals,_Z,Not applicable,_T,No breakdown by disability,2014,,66.29,,PER_10000_POP,"per 10,000 population",G,Global,_X,Not Available,,,,,"NHWA data portal, December 2024 update https://apps.who.int/nhwaportal/",
DATAFLOW,SPC:DF_BP50_2(1.0),Blue Pacific 2050: People-Centered Development (Thematic Area 2),I,A,Annual,SH_MED_DEN,Health worker density,CK,Cook Islands,_T,Total,_T,All ages,_T,National,_T,Total,_T,All education levels,222,Nursing and Midwifery Professionals,_Z,Not applicable,_T,No breakdown by disability,2015,,68.97,,PER_10000_POP,"per 10,000 population",G,Global,_X,Not Available,,,,,"NHWA data portal, December 2024 update https://apps.who.int/nhwaportal/",
DATAFLOW,SPC:DF_BP50_2(1.0),Blue Pacific 2050: People-Centered Development (Thematic Area 2),I,A,Annual,SH_MED_DEN,Health worker density,CK,Cook Islands,_T,Total,_T,All ages,_T,National,_T,Total,_T,All education levels,222,Nursing and Midwifery Professionals,_Z,Not applicable,_T,No breakdown by disability,2016,,71.1,,PER_10000_POP,"per 10,000 population",G,Global,_X,Not Available,,,,,"NHWA data portal, December 2024 update https://apps.who.int/nhwaportal/",
DATAFLOW,SPC:DF_BP50_2(1.0),Blue Pacific 2050: People-Centered Development (Thematic Area 2),I,A,Annual,SH_MED_DEN,Health worker density,CK,Cook Islands,_T,Total,_T,All ages,_T,National,_T,Total,_T,All education levels,222,Nursing and Midwifery Professionals,_Z,Not applicable,_T,No breakdown by disability,2017,,62.94,,PER_10000_POP,"per 10,000 population",G,Global,_X,Not Available,,,,,"NHWA data portal, December 2024 update https://apps.who.int/nhwaportal/",
DATAFLOW,SPC:DF_BP50_2(1.0),Blue Pacific 2050: People-Centered Development (Thematic Area 2),I,A,Annual,SH_MED_DEN,Health worker density,CK,Cook Islands,_T,Total,_T,All ages,_T,National,_T,Total,_T,All education levels,222,Nursing and Midwifery Professionals,_Z,Not applicable,_T,No breakdown by disability,2018,,71.08,,PER_10000_POP,"per 10,000 population",G,Global,_X,Not Available,,,,,"NHWA data portal, December 2024 update https://apps.who.int/nhwaportal/",
DATAFLOW,SPC:DF_BP50_2(1.0),Blue Pacific 2050: People-Centered Development (Thematic Area 2),I,A,Annual,SH_MED_DEN,Health worker density,CK,Cook Islands,_T,Total,_T,All ages,_T,National,_T,Total,_T,All education levels,222,Nursing and Midwifery Professionals,_Z,Not applicable,_T,No breakdown by disability,2019,,86.96,,PER_10000_POP,"per 10,000 population",G,Global,_X,Not Available,,,,,"NHWA data portal, December 2024 update https://apps.who.int/nhwaportal/",
DATAFLOW,SPC:DF_BP50_2(1.0),Blue Pacific 2050: People-Centered Development (Thematic Area 2),I,A,Annual,SH_MED_DEN,Health worker density,CK,Cook Islands,_T,Total,_T,All ages,_T,National,_T,Total,_T,All education levels,222,Nursing and Midwifery Professionals,_Z,Not applicable,_T,No breakdown by disability,2020,,76.92,,PER_10000_POP,"per 10,000 population",G,Global,_X,Not Available,,,,,"NHWA data portal, December 2024 update https://apps.who.int/nhwaportal/",
DATAFLOW,SPC:DF_BP50_2(1.0),Blue Pacific 2050: People-Centered Development (Thematic Area 2),I,A,Annual,SH_STA_BRTC,Proportion of births attended by skilled health personnel,FJ,Fiji,F,Female,Y15T49,15-49,_T,National,_T,Total,_T,All education levels,_T,All occupations,_Z,Not applicable,_T,No breakdown by disability,2021,,99.8,,PERCENT,percent,N,National,C,Country Data,"Fiji Bureau of Statistics. 2021. Fiji Multiple Indicator Cluster Survey 2021, Fact Sheet. Suva, Fiji: Fiji Bureau of
Statistics.",,,,,
DATAFLOW,SPC:DF_BP50_2(1.0),Blue Pacific 2050: People-Centered Development (Thematic Area 2),I,A,Annual,SH_MED_DEN,Health worker density,FM,Micronesia (Federated States of),_T,Total,_T,All ages,_T,National,_T,Total,_T,All education levels,221,Medical Doctors,_Z,Not applicable,_T,No breakdown by disability,2000,,5.71,,PER_10000_POP,"per 10,000 population",G,Global,_X,Not Available,,,,,"NHWA data portal, December 2024 update https://apps.who.int/nhwaportal/",
DATAFLOW,SPC:DF_BP50_2(1.0),Blue Pacific 2050: People-Centered Development (Thematic Area 2),I,A,Annual,SH_MED_DEN,Health worker density,FM,Micronesia (Federated States of),_T,Total,_T,All ages,_T,National,_T,Total,_T,All education levels,221,Medical Doctors,_Z,Not applicable,_T,No breakdown by disability,2003,,5.34,,PER_10000_POP,"per 10,000 population",G,Global,_X,Not Available,,,,,"NHWA data portal, December 2024 update https://apps.who.int/nhwaportal/",
DATAFLOW,SPC:DF_BP50_2(1.0),Blue Pacific 2050: People-Centered Development (Thematic Area 2),I,A,Annual,SH_MED_DEN,Health worker density,FM,Micronesia (Federated States of),_T,Total,_T,All ages,_T,National,_T,Total,_T,All education levels,221,Medical Doctors,_Z,Not applicable,_T,No breakdown by disability,2005,,5.57,,PER_10000_POP,"per 10,000 population",G,Global,_X,Not Available,,,,,"NHWA data portal, December 2024 update https://apps.who.int/nhwaportal/",
DATAFLOW,SPC:DF_BP50_2(1.0),Blue Pacific 2050: People-Centered Development (Thematic Area 2),I,A,Annual,SH_MED_DEN,Health worker density,FM,Micronesia (Federated States of),_T,Total,_T,All ages,_T,National,_T,Total,_T,All education levels,221,Medical Doctors,_Z,Not applicable,_T,No breakdown by disability,2008,,5.88,,PER_10000_POP,"per 10,000 population",G,Global,_X,Not Available,,,,,"NHWA data portal, December 2024 update https://apps.who.int/nhwaportal/",
DATAFLOW,SPC:DF_BP50_2(1.0),Blue Pacific 2050: People-Centered Development (Thematic Area 2),I,A,Annual,SH_MED_DEN,Health worker density,FM,Micronesia (Federated States of),_T,Total,_T,All ages,_T,National,_T,Total,_T,All education levels,221,Medical Doctors,_Z,Not applicable,_T,No breakdown by disability,2009,,1.94,,PER_10000_POP,"per 10,000 population",G,Global,_X,Not Available,,,,,,
DATAFLOW,SPC:DF_BP50_2(1.0),Blue Pacific 2050: People-Centered Development (Thematic Area 2),I,A,Annual,SH_MED_DEN,Health worker density,FM,Micronesia (Federated States of),_T,Total,_T,All ages,_T,National,_T,Total,_T,All education levels,221,Medical Doctors,_Z,Not applicable,_T,No breakdown by disability,2012,,6.67,,PER_10000_POP,"per 10,000 population",G,Global,_X,Not Available,,,,,"NHWA data portal, December 2024 update https://apps.who.int/nhwaportal/",
DATAFLOW,SPC:DF_BP50_2(1.0),Blue Pacific 2050: People-Centered Development (Thematic Area 2),I,A,Annual,SH_MED_DEN,Health worker density,FM,Micronesia (Federated States of),_T,Total,_T,All ages,_T,National,_T,Total,_T,All education levels,221,Medical Doctors,_Z,Not applicable,_T,No breakdown by disability,2019,,7.62,,PER_10000_POP,"per 10,000 population",G,Global,_X,Not Available,,,,,"NHWA data portal, December 2024 update https://apps.who.int/nhwaportal/",
DATAFLOW,SPC:DF_BP50_2(1.0),Blue Pacific 2050: People-Centered Development (Thematic Area 2),I,A,Annual,SH_MED_DEN,Health worker density,FM,Micronesia (Federated States of),_T,Total,_T,All ages,_T,National,_T,Total,_T,All education levels,221,Medical Doctors,_Z,Not applicable,_T,No breakdown by disability,2020,,9.74,,PER_10000_POP,"per 10,000 population",G,Global,_X,Not Available,,,,,"NHWA data portal, December 2024 update https://apps.who.int/nhwaportal/",
DATAFLOW,SPC:DF_BP50_2(1.0),Blue Pacific 2050: People-Centered Development (Thematic Area 2),I,A,Annual,SH_STA_MORT,Maternal mortality ratio,SB,Solomon Islands,F,Female,_T,All ages,_T,National,_T,Total,_T,All education levels,_T,All occupations,_Z,Not applicable,_T,No breakdown by disability,2000,,150,,PER_100000_LIVE_BIRTHS,"per 100,000 live births",G,Global,E,Estimated,"Estimates by WHO, UNICEF, UNFPA, World Bank Group and UNDESA/Population Division. Geneva: World Health Organization; 2023.",,,,,
DATAFLOW,SPC:DF_BP50_2(1.0),Blue Pacific 2050: People-Centered Development (Thematic Area 2),I,A,Annual,SH_STA_MORT,Maternal mortality ratio,SB,Solomon Islands,F,Female,_T,All ages,_T,National,_T,Total,_T,All education levels,_T,All occupations,_Z,Not applicable,_T,No breakdown by disability,2001,,157,,PER_100000_LIVE_BIRTHS,"per 100,000 live births",G,Global,E,Estimated,"Estimates by WHO, UNICEF, UNFPA, World Bank Group and UNDESA/Population Division. Geneva: World Health Organization; 2023.",,,,,
DATAFLOW,SPC:DF_BP50_2(1.0),Blue Pacific 2050: People-Centered Development (Thematic Area 2),I,A,Annual,SH_STA_MORT,Maternal mortality ratio,SB,Solomon Islands,F,Female,_T,All ages,_T,National,_T,Total,_T,All education levels,_T,All occupations,_Z,Not applicable,_T,No breakdown by disability,2002,,152,,PER_100000_LIVE_BIRTHS,"per 100,000 live births",G,Global,E,Estimated,"Estimates by WHO, UNICEF, UNFPA, World Bank Group and UNDESA/Population Division. Geneva: World Health Organization; 2023.",,,,,
DATAFLOW,SPC:DF_BP50_2(1.0),Blue Pacific 2050: People-Centered Development (Thematic Area 2),I,A,Annual,SH_STA_MORT,Maternal mortality ratio,SB,Solomon Islands,F,Female,_T,All ages,_T,National,_T,Total,_T,All education levels,_T,All occupations,_Z,Not applicable,_T,No breakdown by disability,2003,,157,,PER_100000_LIVE_BIRTHS,"per 100,000 live births",G,Global,E,Estimated,"Estimates by WHO, UNICEF, UNFPA, World Bank Group and UNDESA/Population Division. Geneva: World Health Organization; 2023.",,,,,
DATAFLOW,SPC:DF_BP50_2(1.0),Blue Pacific 2050: People-Centered Development (Thematic Area 2),I,A,Annual,SH_STA_MORT,Maternal mortality ratio,SB,Solomon Islands,F,Female,_T,All ages,_T,National,_T,Total,_T,All education levels,_T,All occupations,_Z,Not applicable,_T,No breakdown by disability,2004,,159,,PER_100000_LIVE_BIRTHS,"per 100,000 live births",G,Global,E,Estimated,"Estimates by WHO, UNICEF, UNFPA, World Bank Group and UNDESA/Population Division. Geneva: World Health Organization; 2023.",,,,,
DATAFLOW,SPC:DF_BP50_2(1.0),Blue Pacific 2050: People-Centered Development (Thematic Area 2),I,A,Annual,SH_STA_MORT,Maternal mortality ratio,SB,Solomon Islands,F,Female,_T,All ages,_T,National,_T,Total,_T,All education levels,_T,All occupations,_Z,Not applicable,_T,No breakdown by disability,2005,,153,,PER_100000_LIVE_BIRTHS,"per 100,000 live births",G,Global,E,Estimated,"Estimates by WHO, UNICEF, UNFPA, World Bank Group and UNDESA/Population Division. Geneva: World Health Organization; 2023.",,,,,
DATAFLOW,SPC:DF_BP50_2(1.0),Blue Pacific 2050: People-Centered Development (Thematic Area 2),I,A,Annual,SH_STA_MORT,Maternal mortality ratio,SB,Solomon Islands,F,Female,_T,All ages,_T,National,_T,Total,_T,All education levels,_T,All occupations,_Z,Not applicable,_T,No breakdown by disability,2006,,147,,PER_100000_LIVE_BIRTHS,"per 100,000 live births",G,Global,E,Estimated,"Estimates by WHO, UNICEF, UNFPA, World Bank Group and UNDESA/Population Division. Geneva: World Health Organization; 2023.",,,,,
DATAFLOW,SPC:DF_BP50_2(1.0),Blue Pacific 2050: People-Centered Development (Thematic Area 2),I,A,Annual,SH_STA_MORT,Maternal mortality ratio,SB,Solomon Islands,F,Female,_T,All ages,_T,National,_T,Total,_T,All education levels,_T,All occupations,_Z,Not applicable,_T,No breakdown by disability,2007,,155,,PER_100000_LIVE_BIRTHS,"per 100,000 live births",G,Global,E,Estimated,"Estimates by WHO, UNICEF, UNFPA, World Bank Group and UNDESA/Population Division. Geneva: World Health Organization; 2023.",,,,,
DATAFLOW,SPC:DF_BP50_2(1.0),Blue Pacific 2050: People-Centered Development (Thematic Area 2),I,A,Annual,SH_STA_MORT,Maternal mortality ratio,SB,Solomon Islands,F,Female,_T,All ages,_T,National,_T,Total,_T,All education levels,_T,All occupations,_Z,Not applicable,_T,No breakdown by disability,2008,,152,,PER_100000_LIVE_BIRTHS,"per 100,000 live births",G,Global,E,Estimated,"Estimates by WHO, UNICEF, UNFPA, World Bank Group and UNDESA/Population Division. Geneva: World Health Organization; 2023.",,,,,
DATAFLOW,SPC:DF_BP50_2(1.0),Blue Pacific 2050: People-Centered Development (Thematic Area 2),I,A,Annual,SH_STA_MORT,Maternal mortality ratio,SB,Solomon Islands,F,Female,_T,All ages,_T,National,_T,Total,_T,All education levels,_T,All occupations,_Z,Not applicable,_T,No breakdown by disability,2009,,146,,PER_100000_LIVE_BIRTHS,"per 100,000 live births",G,Global,E,Estimated,"Estimates by WHO, UNICEF, UNFPA, World Bank Group and UNDESA/Population Division. Geneva: World Health Organization; 2023.",,,,,
DATAFLOW,SPC:DF_BP50_2(1.0),Blue Pacific 2050: People-Centered Development (Thematic Area 2),I,A,Annual,SH_STA_MORT,Maternal mortality ratio,SB,Solomon Islands,F,Female,_T,All ages,_T,National,_T,Total,_T,All education levels,_T,All occupations,_Z,Not applicable,_T,No breakdown by disability,2010,,147,,PER_100000_LIVE_BIRTHS,"per 100,000 live births",G,Global,E,Estimated,"Estimates by WHO, UNICEF, UNFPA, World Bank Group and UNDESA/Population Division. Geneva: World Health Organization; 2023.",,,,,
DATAFLOW,SPC:DF_BP50_2(1.0),Blue Pacific 2050: People-Centered Development (Thematic Area 2),I,A,Annual,SH_STA_MORT,Maternal mortality ratio,SB,Solomon Islands,F,Female,_T,All ages,_T,National,_T,Total,_T,All education levels,_T,All occupations,_Z,Not applicable,_T,No breakdown by disability,2011,,141,,PER_100000_LIVE_BIRTHS,"per 100,000 live births",G,Global,E,Estimated,"Estimates by WHO, UNICEF, UNFPA, World Bank Group and UNDESA/Population Division. Geneva: World Health Organization; 2023.",,,,,
DATAFLOW,SPC:DF_BP50_2(1.0),Blue Pacific 2050: People-Centered Development (Thematic Area 2),I,A,Annual,SH_STA_MORT,Maternal mortality ratio,SB,Solomon Islands,F,Female,_T,All ages,_T,National,_T,Total,_T,All education levels,_T,All occupations,_Z,Not applicable,_T,No breakdown by disability,2012,,142,,PER_100000_LIVE_BIRTHS,"per 100,000 live births",G,Global,E,Estimated,"Estimates by WHO, UNICEF, UNFPA, World Bank Group and UNDESA/Population Division. Geneva: World Health Organization; 2023.",,,,,
DATAFLOW,SPC:DF_BP50_2(1.0),Blue Pacific 2050: People-Centered Development (Thematic Area 2),I,A,Annual,SH_STA_MORT,Maternal mortality ratio,SB,Solomon Islands,F,Female,_T,All ages,_T,National,_T,Total,_T,All education levels,_T,All occupations,_Z,Not applicable,_T,No breakdown by disability,2013,,138,,PER_100000_LIVE_BIRTHS,"per 100,000 live births",G,Global,E,Estimated,"Estimates by WHO, UNICEF, UNFPA, World Bank Group and UNDESA/Population Division. Geneva: World Health Organization; 2023.",,,,,
DATAFLOW,SPC:DF_BP50_2(1.0),Blue Pacific 2050: People-Centered Development (Thematic Area 2),I,A,Annual,SH_STA_MORT,Maternal mortality ratio,SB,Solomon Islands,F,Female,_T,All ages,_T,National,_T,Total,_T,All education levels,_T,All occupations,_Z,Not applicable,_T,No breakdown by disability,2014,,140,,PER_100000_LIVE_BIRTHS,"per 100,000 live births",G,Global,E,Estimated,"Estimates by WHO, UNICEF, UNFPA, World Bank Group and UNDESA/Population Division. Geneva: World Health Organization; 2023.",,,,,
DATAFLOW,SPC:DF_BP50_2(1.0),Blue Pacific 2050: People-Centered Development (Thematic Area 2),I,A,Annual,SH_STA_MORT,Maternal mortality ratio,SB,Solomon Islands,F,Female,_T,All ages,_T,National,_T,Total,_T,All education levels,_T,All occupations,_Z,Not applicable,_T,No breakdown by disability,2015,,141,,PER_100000_LIVE_BIRTHS,"per 100,000 live births",G,Global,E,Estimated,"Estimates by WHO, UNICEF, UNFPA, World Bank Group and UNDESA/Population Division. Geneva: World Health Organization; 2023.",,,,,
DATAFLOW,SPC:DF_BP50_2(1.0),Blue Pacific 2050: People-Centered Development (Thematic Area 2),I,A,Annual,SH_STA_MORT,Maternal mortality ratio,SB,Solomon Islands,F,Female,_T,All ages,_T,National,_T,Total,_T,All education levels,_T,All occupations,_Z,Not applicable,_T,No breakdown by disability,2016,,133,,PER_100000_LIVE_BIRTHS,"per 100,000 live births",G,Global,E,Estimated,"Estimates by WHO, UNICEF, UNFPA, World Bank Group and UNDESA/Population Division. Geneva: World Health Organization; 2023.",,,,,
DATAFLOW,SPC:DF_BP50_2(1.0),Blue Pacific 2050: People-Centered Development (Thematic Area 2),I,A,Annual,SH_STA_MORT,Maternal mortality ratio,SB,Solomon Islands,F,Female,_T,All ages,_T,National,_T,Total,_T,All education levels,_T,All occupations,_Z,Not applicable,_T,No breakdown by disability,2017,,133,,PER_100000_LIVE_BIRTHS,"per 100,000 live births",G,Global,E,Estimated,"Estimates by WHO, UNICEF, UNFPA, World Bank Group and UNDESA/Population Division. Geneva: World Health Organization; 2023.",,,,,
DATAFLOW,SPC:DF_BP50_2(1.0),Blue Pacific 2050: People-Centered Development (Thematic Area 2),I,A,Annual,SH_STA_MORT,Maternal mortality ratio,SB,Solomon Islands,F,Female,_T,All ages,_T,National,_T,Total,_T,All education levels,_T,All occupations,_Z,Not applicable,_T,No breakdown by disability,2018,,127,,PER_100000_LIVE_BIRTHS,"per 100,000 live births",G,Global,E,Estimated,"Estimates by WHO, UNICEF, UNFPA, World Bank Group and UNDESA/Population Division. Geneva: World Health Organization; 2023.",,,,,
DATAFLOW,SPC:DF_BP50_2(1.0),Blue Pacific 2050: People-Centered Development (Thematic Area 2),I,A,Annual,SH_STA_MORT,Maternal mortality ratio,SB,Solomon Islands,F,Female,_T,All ages,_T,National,_T,Total,_T,All education levels,_T,All occupations,_Z,Not applicable,_T,No breakdown by disability,2019,,127,,PER_100000_LIVE_BIRTHS,"per 100,000 live births",G,Global,E,Estimated,"Estimates by WHO, UNICEF, UNFPA, World Bank Group and UNDESA/Population Division. Geneva: World Health Organization; 2023.",,,,,
DATAFLOW,SPC:DF_BP50_2(1.0),Blue Pacific 2050: People-Centered Development (Thematic Area 2),I,A,Annual,SH_STA_MORT,Maternal mortality ratio,SB,Solomon Islands,F,Female,_T,All ages,_T,National,_T,Total,_T,All education levels,_T,All occupations,_Z,Not applicable,_T,No breakdown by disability,2020,,122,,PER_100000_LIVE_BIRTHS,"per 100,000 live births",G,Global,E,Estimated,"Estimates by WHO, UNICEF, UNFPA, World Bank Group and UNDESA/Population Division. Geneva: World Health Organization; 2023.",,,,,
DATAFLOW,SPC:DF_BP50_2(1.0),Blue Pacific 2050: People-Centered Development (Thematic Area 2),I,A,Annual,SH_MED_DEN,Health worker density,TV,Tuvalu,_T,Total,_T,All ages,_T,National,_T,Total,_T,All education levels,222,Nursing and Midwifery Professionals,_Z,Not applicable,_T,No breakdown by disability,2002,,40.63,,PER_10000_POP,"per 10,000 population",G,Global,_X,Not Available,,,,,"NHWA data portal, December 2024 update https://apps.who.int/nhwaportal/",
DATAFLOW,SPC:DF_BP50_2(1.0),Blue Pacific 2050: People-Centered Development (Thematic Area 2),I,A,Annual,SH_MED_DEN,Health worker density,TV,Tuvalu,_T,Total,_T,All ages,_T,National,_T,Total,_T,All education levels,222,Nursing and Midwifery Professionals,_Z,Not applicable,_T,No breakdown by disability,2003,,51.55,,PER_10000_POP,"per 10,000 population",G,Global,_X,Not Available,,,,,"NHWA data portal, December 2024 update https://apps.who.int/nhwaportal/",
DATAFLOW,SPC:DF_BP50_2(1.0),Blue Pacific 2050: People-Centered Development (Thematic Area 2),I,A,Annual,SH_MED_DEN,Health worker density,TV,Tuvalu,_T,Total,_T,All ages,_T,National,_T,Total,_T,All education levels,222,Nursing and Midwifery Professionals,_Z,Not applicable,_T,No breakdown by disability,2008,,62.14,,PER_10000_POP,"per 10,000 population",G,Global,_X,Not Available,,,,,"NHWA data portal, December 2024 update https://apps.who.int/nhwaportal/",
DATAFLOW,SPC:DF_BP50_2(1.0),Blue Pacific 2050: People-Centered Development (Thematic Area 2),I,A,Annual,SH_MED_DEN,Health worker density,TV,Tuvalu,_T,Total,_T,All ages,_T,National,_T,Total,_T,All education levels,222,Nursing and Midwifery Professionals,_Z,Not applicable,_T,No breakdown by disability,2014,,37.27,,PER_10000_POP,"per 10,000 population",G,Global,_X,Not Available,,,,,"NHWA data portal, December 2024 update https://apps.who.int/nhwaportal/",
DATAFLOW,SPC:DF_BP50_2(1.0),Blue Pacific 2050: People-Centered Development (Thematic Area 2),I,A,Annual,SH_MED_DEN,Health worker density,TV,Tuvalu,_T,Total,_T,All ages,_T,National,_T,Total,_T,All education levels,222,Nursing and Midwifery Professionals,_Z,Not applicable,_T,No breakdown by disability,2018,,45.37,,PER_10000_POP,"per 10,000 population",G,Global,_X,Not Available,,,,,"NHWA data portal, December 2024 update https://apps.who.int/nhwaportal/",
DATAFLOW,SPC:DF_BP50_2(1.0),Blue Pacific 2050: People-Centered Development (Thematic Area 2),I,A,Annual,SH_MED_DEN,Health worker density,TV,Tuvalu,_T,Total,_T,All ages,_T,National,_T,Total,_T,All education levels,222,Nursing and Midwifery Professionals,_Z,Not applicable,_T,No breakdown by disability,2020,,39.42,,PER_10000_POP,"per 10,000 population",G,Global,_X,Not Available,,,,,"NHWA data portal, December 2024 update https://apps.who.int/nhwaportal/",
DATAFLOW,SPC:DF_BP50_2(1.0),Blue Pacific 2050: People-Centered Development (Thematic Area 2),I,A,Annual,SH_MED_DEN,Health worker density,NU,Niue,_T,Total,_T,All ages,_T,National,_T,Total,_T,All education levels,2261,Dentists,_Z,Not applicable,_T,No breakdown by disability,1996,,8.7,,PER_10000_POP,"per 10,000 population",G,Global,_X,Not Available,,,,,"NHWA data portal, December 2024 update https://apps.who.int/nhwaportal/",
DATAFLOW,SPC:DF_BP50_2(1.0),Blue Pacific 2050: People-Centered Development (Thematic Area 2),I,A,Annual,SH_MED_DEN,Health worker density,NU,Niue,_T,Total,_T,All ages,_T,National,_T,Total,_T,All education levels,2261,Dentists,_Z,Not applicable,_T,No breakdown by disability,2003,,10.53,,PER_10000_POP,"per 10,000 population",G,Global,_X,Not Available,,,,,"NHWA data portal, December 2024 update https://apps.who.int/nhwaportal/",
DATAFLOW,SPC:DF_BP50_2(1.0),Blue Pacific 2050: People-Centered Development (Thematic Area 2),I,A,Annual,SH_MED_DEN,Health worker density,NU,Niue,_T,Total,_T,All ages,_T,National,_T,Total,_T,All education levels,2261,Dentists,_Z,Not applicable,_T,No breakdown by disability,2004,,10.53,,PER_10000_POP,"per 10,000 population",G,Global,_X,Not Available,,,,,"NHWA data portal, December 2024 update https://apps.who.int/nhwaportal/",
DATAFLOW,SPC:DF_BP50_2(1.0),Blue Pacific 2050: People-Centered Development (Thematic Area 2),I,A,Annual,SH_MED_DEN,Health worker density,NU,Niue,_T,Total,_T,All ages,_T,National,_T,Total,_T,All education levels,2261,Dentists,_Z,Not applicable,_T,No breakdown by disability,2006,,16.67,,PER_10000_POP,"per 10,000 population",G,Global,_X,Not Available,,,,,"NHWA data portal, December 2024 update https://apps.who.int/nhwaportal/",
DATAFLOW,SPC:DF_BP50_2(1.0),Blue Pacific 2050: People-Centered Development (Thematic Area 2),I,A,Annual,SH_MED_DEN,Health worker density,NU,Niue,_T,Total,_T,All ages,_T,National,_T,Total,_T,All education levels,2261,Dentists,_Z,Not applicable,_T,No breakdown by disability,2008,,11.11,,PER_10000_POP,"per 10,000 population",G,Global,_X,Not Available,,,,,"NHWA data portal, December 2024 update https://apps.who.int/nhwaportal/",
DATAFLOW,SPC:DF_BP50_2(1.0),Blue Pacific 2050: People-Centered Development (Thematic Area 2),I,A,Annual,SH_STA_BRTC,Proportion of births attended by skilled health personnel,PW,Palau,_T,Total,_T,All ages,_T,National,_T,Total,_T,All education levels,_T,All occupations,_Z,Not applicable,_T,No breakdown by disability,2000,,100,,PERCENT,percent,G,Global,C,Country Data,"Ministry of Finance [Palau], United Nations Development Programme (UNDP). The Millennium Development Goals: Initial Status Report. Republic of Palau 2008. Suva: UNDP; 2009. ",,,,,
DATAFLOW,SPC:DF_BP50_2(1.0),Blue Pacific 2050: People-Centered Development (Thematic Area 2),I,A,Annual,SH_STA_BRTC,Proportion of births attended by skilled health personnel,PW,Palau,_T,Total,_T,All ages,_T,National,_T,Total,_T,All education levels,_T,All occupations,_Z,Not applicable,_T,No breakdown by disability,2002,,100,,PERCENT,percent,G,Global,C,Country Data,"Secretariat of the Pacific Community (SPC), United Nations Development Programme (UNDP), the UN/CROP MDG Working Group. Pacific Islands Regional Millennium Development Goals Report 2004. Noumea: Secretariat of the Pacific Community (SPC); 2004.",,,,,
DATAFLOW,SPC:DF_BP50_2(1.0),Blue Pacific 2050: People-Centered Development (Thematic Area 2),I,A,Annual,SH_STA_BRTC,Proportion of births attended by skilled health personnel,PW,Palau,_T,Total,_T,All ages,_T,National,_T,Total,_T,All education levels,_T,All occupations,_Z,Not applicable,_T,No breakdown by disability,2006,,100,,PERCENT,percent,G,Global,C,Country Data,Western Pacific Country Health Information Profiles: 2007 Revision. Manila: World Health Organization Regional Office for the Western Pacific (WPRO); 2007.,,,,,
DATAFLOW,SPC:DF_BP50_2(1.0),Blue Pacific 2050: People-Centered Development (Thematic Area 2),I,A,Annual,SH_STA_BRTC,Proportion of births attended by skilled health personnel,PW,Palau,_T,Total,_T,All ages,_T,National,_T,Total,_T,All education levels,_T,All occupations,_Z,Not applicable,_T,No breakdown by disability,2007,,100,,PERCENT,percent,N,National,C,Country Data,2013 Statistical Yearbook. Koror: Palau Ministry of Finance; 2014.,,,,,
DATAFLOW,SPC:DF_BP50_2(1.0),Blue Pacific 2050: People-Centered Development (Thematic Area 2),I,A,Annual,SH_STA_BRTC,Proportion of births attended by skilled health personnel,PW,Palau,_T,Total,_T,All ages,_T,National,_T,Total,_T,All education levels,_T,All occupations,_Z,Not applicable,_T,No breakdown by disability,2008,,100,,PERCENT,percent,N,National,C,Country Data,2013 Statistical Yearbook. Koror: Palau Ministry of Finance; 2014.,,,,,
DATAFLOW,SPC:DF_BP50_2(1.0),Blue Pacific 2050: People-Centered Development (Thematic Area 2),I,A,Annual,SH_STA_BRTC,Proportion of births attended by skilled health personnel,PW,Palau,_T,Total,_T,All ages,_T,National,_T,Total,_T,All education levels,_T,All occupations,_Z,Not applicable,_T,No breakdown by disability,2009,,99.3,,PERCENT,percent,N,National,C,Country Data,2013 Statistical Yearbook. Koror: Palau Ministry of Finance; 2014.,,,,,
DATAFLOW,SPC:DF_BP50_2(1.0),Blue Pacific 2050: People-Centered Development (Thematic Area 2),I,A,Annual,SH_STA_BRTC,Proportion of births attended by skilled health personnel,PW,Palau,_T,Total,_T,All ages,_T,National,_T,Total,_T,All education levels,_T,All occupations,_Z,Not applicable,_T,No breakdown by disability,2010,,99.6,,PERCENT,percent,N,National,C,Country Data,2013 Statistical Yearbook. Koror: Palau Ministry of Finance; 2014.,,,,,
DATAFLOW,SPC:DF_BP50_2(1.0),Blue Pacific 2050: People-Centered Development (Thematic Area 2),I,A,Annual,SH_STA_BRTC,Proportion of births attended by skilled health personnel,PW,Palau,_T,Total,_T,All ages,_T,National,_T,Total,_T,All education levels,_T,All occupations,_Z,Not applicable,_T,No breakdown by disability,2011,,100,,PERCENT,percent,N,National,C,Country Data,2013 Statistical Yearbook. Koror: Palau Ministry of Finance; 2014.,,,,,
DATAFLOW,SPC:DF_BP50_2(1.0),Blue Pacific 2050: People-Centered Development (Thematic Area 2),I,A,Annual,SH_STA_BRTC,Proportion of births attended by skilled health personnel,PW,Palau,_T,Total,_T,All ages,_T,National,_T,Total,_T,All education levels,_T,All occupations,_Z,Not applicable,_T,No breakdown by disability,2012,,97.4,,PERCENT,percent,N,National,C,Country Data,2013 Statistical Yearbook. Koror: Palau Ministry of Finance; 2014.,,,,,
DATAFLOW,SPC:DF_BP50_2(1.0),Blue Pacific 2050: People-Centered Development (Thematic Area 2),I,A,Annual,SH_STA_BRTC,Proportion of births attended by skilled health personnel,PW,Palau,_T,Total,_T,All ages,_T,National,_T,Total,_T,All education levels,_T,All occupations,_Z,Not applicable,_T,No breakdown by disability,2013,,99.1,,PERCENT,percent,N,National,C,Country Data,2013 Statistical Yearbook. Koror: Palau Ministry of Finance; 2014.,,,,,
DATAFLOW,SPC:DF_BP50_2(1.0),Blue Pacific 2050: People-Centered Development (Thematic Area 2),I,A,Annual,SH_STA_BRTC,Proportion of births attended by skilled health personnel,PW,Palau,_T,Total,_T,All ages,_T,National,_T,Total,_T,All education levels,_T,All occupations,_Z,Not applicable,_T,No breakdown by disability,2014,,100,,PERCENT,percent,N,National,C,Country Data,2014 Statistical Yearbook. Koror: Palau Ministry of Finance; 2015.,,,,,
DATAFLOW,SPC:DF_BP50_2(1.0),Blue Pacific 2050: People-Centered Development (Thematic Area 2),I,A,Annual,SH_STA_BRTC,Proportion of births attended by skilled health personnel,PW,Palau,_T,Total,_T,All ages,_T,National,_T,Total,_T,All education levels,_T,All occupations,_Z,Not applicable,_T,No breakdown by disability,2015,,100,,PERCENT,percent,N,National,C,Country Data,2015 Statistical Yearbook. Koror: Palau Ministry of Finance; 2016.,,,,,
DATAFLOW,SPC:DF_BP50_2(1.0),Blue Pacific 2050: People-Centered Development (Thematic Area 2),I,A,Annual,SH_STA_BRTC,Proportion of births attended by skilled health personnel,PW,Palau,_T,Total,_T,All ages,_T,National,_T,Total,_T,All education levels,_T,All occupations,_Z,Not applicable,_T,No breakdown by disability,2016,,100,,PERCENT,percent,N,National,C,Country Data,2016 Statistical Yearbook. Koror: Palau Ministry of Finance; 2017.,,,,,
DATAFLOW,SPC:DF_BP50_2(1.0),Blue Pacific 2050: People-Centered Development (Thematic Area 2),I,A,Annual,SH_STA_BRTC,Proportion of births attended by skilled health personnel,PW,Palau,_T,Total,_T,All ages,_T,National,_T,Total,_T,All education levels,_T,All occupations,_Z,Not applicable,_T,No breakdown by disability,2017,,100,,PERCENT,percent,N,National,C,Country Data,2017 Statistical Yearbook. Koror: Palau Ministry of Finance; 2018.,,,,,
DATAFLOW,SPC:DF_BP50_2(1.0),Blue Pacific 2050: People-Centered Development (Thematic Area 2),I,A,Annual,SH_STA_BRTC,Proportion of births attended by skilled health personnel,PW,Palau,_T,Total,_T,All ages,_T,National,_T,Total,_T,All education levels,_T,All occupations,_Z,Not applicable,_T,No breakdown by disability,2018,,100,,PERCENT,percent,N,National,C,Country Data,2018 Statistical Yearbook. Koror: Palau Ministry of Finance; 2019.,,,,,
DATAFLOW,SPC:DF_BP50_2(1.0),Blue Pacific 2050: People-Centered Development (Thematic Area 2),I,A,Annual,SH_MED_DEN,Health worker density,NC,New Caledonia,_T,Total,_T,All ages,_T,National,_T,Total,_T,All education levels,2262,Pharmacists,_Z,Not applicable,_T,No breakdown by disability,1990,,3.22,,PER_10000_POP,"per 10,000 population",N,National,C,Country Data,"Nouvelle-Caledonie, DASS-NC, INSEE, Eurostat ",,A,Normal value,,
DATAFLOW,SPC:DF_BP50_2(1.0),Blue Pacific 2050: People-Centered Development (Thematic Area 2),I,A,Annual,SH_MED_DEN,Health worker density,NC,New Caledonia,_T,Total,_T,All ages,_T,National,_T,Total,_T,All education levels,2262,Pharmacists,_Z,Not applicable,_T,No breakdown by disability,1992,,3.28,,PER_10000_POP,"per 10,000 population",N,National,C,Country Data,"Nouvelle-Caledonie, DASS-NC, INSEE, Eurostat ",,A,Normal value,,
DATAFLOW,SPC:DF_BP50_2(1.0),Blue Pacific 2050: People-Centered Development (Thematic Area 2),I,A,Annual,SH_MED_DEN,Health worker density,NC,New Caledonia,_T,Total,_T,All ages,_T,National,_T,Total,_T,All education levels,2262,Pharmacists,_Z,Not applicable,_T,No breakdown by disability,1993,,4.01,,PER_10000_POP,"per 10,000 population",N,National,C,Country Data,"Nouvelle-Caledonie, DASS-NC, INSEE, Eurostat ",,A,Normal value,,
DATAFLOW,SPC:DF_BP50_2(1.0),Blue Pacific 2050: People-Centered Development (Thematic Area 2),I,A,Annual,SH_MED_DEN,Health worker density,NC,New Caledonia,_T,Total,_T,All ages,_T,National,_T,Total,_T,All education levels,2262,Pharmacists,_Z,Not applicable,_T,No breakdown by disability,1994,,4.12,,PER_10000_POP,"per 10,000 population",N,National,C,Country Data,"Nouvelle-Caledonie, DASS-NC, INSEE, Eurostat ",,A,Normal value,,
DATAFLOW,SPC:DF_BP50_2(1.0),Blue Pacific 2050: People-Centered Development (Thematic Area 2),I,A,Annual,SH_MED_DEN,Health worker density,NC,New Caledonia,_T,Total,_T,All ages,_T,National,_T,Total,_T,All education levels,2262,Pharmacists,_Z,Not applicable,_T,No breakdown by disability,1995,,4.23,,PER_10000_POP,"per 10,000 population",N,National,C,Country Data,"Nouvelle-Caledonie, DASS-NC, INSEE, Eurostat ",,A,Normal value,,
DATAFLOW,SPC:DF_BP50_2(1.0),Blue Pacific 2050: People-Centered Development (Thematic Area 2),I,A,Annual,SH_MED_DEN,Health worker density,NC,New Caledonia,_T,Total,_T,All ages,_T,National,_T,Total,_T,All education levels,2262,Pharmacists,_Z,Not applicable,_T,No breakdown by disability,1996,,3.75,,PER_10000_POP,"per 10,000 population",N,National,C,Country Data,"Nouvelle-Caledonie, DASS-NC, INSEE, Eurostat ",,A,Normal value,,
DATAFLOW,SPC:DF_BP50_2(1.0),Blue Pacific 2050: People-Centered Development (Thematic Area 2),I,A,Annual,SH_MED_DEN,Health worker density,NC,New Caledonia,_T,Total,_T,All ages,_T,National,_T,Total,_T,All education levels,2262,Pharmacists,_Z,Not applicable,_T,No breakdown by disability,1997,,3.67,,PER_10000_POP,"per 10,000 population",N,National,C,Country Data,"Nouvelle-Caledonie, DASS-NC, INSEE, Eurostat ",,A,Normal value,,
DATAFLOW,SPC:DF_BP50_2(1.0),Blue Pacific 2050: People-Centered Development (Thematic Area 2),I,A,Annual,SH_MED_DEN,Health worker density,NC,New Caledonia,_T,Total,_T,All ages,_T,National,_T,Total,_T,All education levels,2262,Pharmacists,_Z,Not applicable,_T,No breakdown by disability,1998,,3.95,,PER_10000_POP,"per 10,000 population",N,National,C,Country Data,"Nouvelle-Caledonie, DASS-NC, INSEE, Eurostat ",,A,Normal value,,
DATAFLOW,SPC:DF_BP50_2(1.0),Blue Pacific 2050: People-Centered Development (Thematic Area 2),I,A,Annual,SH_MED_DEN,Health worker density,NC,New Caledonia,_T,Total,_T,All ages,_T,National,_T,Total,_T,All education levels,2262,Pharmacists,_Z,Not applicable,_T,No breakdown by disability,1999,,4.35,,PER_10000_POP,"per 10,000 population",N,National,C,Country Data,"Nouvelle-Caledonie, DASS-NC, INSEE, Eurostat ",,A,Normal value,,
DATAFLOW,SPC:DF_BP50_2(1.0),Blue Pacific 2050: People-Centered Development (Thematic Area 2),I,A,Annual,SH_MED_DEN,Health worker density,NC,New Caledonia,_T,Total,_T,All ages,_T,National,_T,Total,_T,All education levels,2262,Pharmacists,_Z,Not applicable,_T,No breakdown by disability,2000,,4.41,,PER_10000_POP,"per 10,000 population",N,National,C,Country Data,"Nouvelle-Caledonie, DASS-NC, INSEE, Eurostat ",,A,Normal value,,
DATAFLOW,SPC:DF_BP50_2(1.0),Blue Pacific 2050: People-Centered Development (Thematic Area 2),I,A,Annual,SH_MED_DEN,Health worker density,NC,New Caledonia,_T,Total,_T,All ages,_T,National,_T,Total,_T,All education levels,2262,Pharmacists,_Z,Not applicable,_T,No breakdown by disability,2001,,4.37,,PER_10000_POP,"per 10,000 population",N,National,C,Country Data,"Nouvelle-Caledonie, DASS-NC, INSEE, Eurostat ",,A,Normal value,,
DATAFLOW,SPC:DF_BP50_2(1.0),Blue Pacific 2050: People-Centered Development (Thematic Area 2),I,A,Annual,SH_MED_DEN,Health worker density,NC,New Caledonia,_T,Total,_T,All ages,_T,National,_T,Total,_T,All education levels,2262,Pharmacists,_Z,Not applicable,_T,No breakdown by disability,2003,,5.14,,PER_10000_POP,"per 10,000 population",N,National,C,Country Data,"Nouvelle-Caledonie, DASS-NC, INSEE, Eurostat ",,A,Normal value,,
DATAFLOW,SPC:DF_BP50_2(1.0),Blue Pacific 2050: People-Centered Development (Thematic Area 2),I,A,Annual,SH_MED_DEN,Health worker density,NC,New Caledonia,_T,Total,_T,All ages,_T,National,_T,Total,_T,All education levels,2262,Pharmacists,_Z,Not applicable,_T,No breakdown by disability,2004,,5.52,,PER_10000_POP,"per 10,000 population",N,National,C,Country Data,"Nouvelle-Caledonie, DASS-NC, INSEE, Eurostat ",,A,Normal value,,
DATAFLOW,SPC:DF_BP50_2(1.0),Blue Pacific 2050: People-Centered Development (Thematic Area 2),I,A,Annual,SH_MED_DEN,Health worker density,NC,New Caledonia,_T,Total,_T,All ages,_T,National,_T,Total,_T,All education levels,2262,Pharmacists,_Z,Not applicable,_T,No breakdown by disability,2006,,6.29,,PER_10000_POP,"per 10,000 population",N,National,C,Country Data,"Nouvelle-Caledonie, DASS-NC, INSEE, Eurostat ",,A,Normal value,,
DATAFLOW,SPC:DF_BP50_2(1.0),Blue Pacific 2050: People-Centered Development (Thematic Area 2),I,A,Annual,SH_MED_DEN,Health worker density,NC,New Caledonia,_T,Total,_T,All ages,_T,National,_T,Total,_T,All education levels,2262,Pharmacists,_Z,Not applicable,_T,No breakdown by disability,2007,,6.48,,PER_10000_POP,"per 10,000 population",N,National,C,Country Data,"Nouvelle-Caledonie, DASS-NC, INSEE, Eurostat ",,A,Normal value,,
DATAFLOW,SPC:DF_BP50_2(1.0),Blue Pacific 2050: People-Centered Development (Thematic Area 2),I,A,Annual,SH_MED_DEN,Health worker density,NC,New Caledonia,_T,Total,_T,All ages,_T,National,_T,Total,_T,All education levels,2262,Pharmacists,_Z,Not applicable,_T,No breakdown by disability,2008,,5.72,,PER_10000_POP,"per 10,000 population",N,National,C,Country Data,"Nouvelle-Caledonie, DASS-NC, INSEE, Eurostat ",,A,Normal value,,
DATAFLOW,SPC:DF_BP50_2(1.0),Blue Pacific 2050: People-Centered Development (Thematic Area 2),I,A,Annual,SH_MED_DEN,Health worker density,NC,New Caledonia,_T,Total,_T,All ages,_T,National,_T,Total,_T,All education levels,2262,Pharmacists,_Z,Not applicable,_T,No breakdown by disability,2010,,7.59,,PER_10000_POP,"per 10,000 population",N,National,C,Country Data,"Nouvelle-Caledonie. DASS-NC, INSEE, Eurostat ",,,,,
DATAFLOW,SPC:DF_BP50_2(1.0),Blue Pacific 2050: People-Centered Development (Thematic Area 2),I,A,Annual,SH_MED_DEN,Health worker density,NC,New Caledonia,_T,Total,_T,All ages,_T,National,_T,Total,_T,All education levels,2262,Pharmacists,_Z,Not applicable,_T,No breakdown by disability,2011,,7.94,,PER_10000_POP,"per 10,000 population",N,National,C,Country Data,"Nouvelle-Caledonie. DASS-NC, INSEE, Eurostat ",,,,,
DATAFLOW,SPC:DF_BP50_2(1.0),Blue Pacific 2050: People-Centered Development (Thematic Area 2),I,A,Annual,SH_MED_DEN,Health worker density,NC,New Caledonia,_T,Total,_T,All ages,_T,National,_T,Total,_T,All education levels,2262,Pharmacists,_Z,Not applicable,_T,No breakdown by disability,2012,,7.46,,PER_10000_POP,"per 10,000 population",N,National,C,Country Data,"Nouvelle-Caledonie. DASS-NC, INSEE, Eurostat ",,,,,
DATAFLOW,SPC:DF_BP50_2(1.0),Blue Pacific 2050: People-Centered Development (Thematic Area 2),I,A,Annual,SH_MED_DEN,Health worker density,NC,New Caledonia,_T,Total,_T,All ages,_T,National,_T,Total,_T,All education levels,2262,Pharmacists,_Z,Not applicable,_T,No breakdown by disability,2013,,7.31,,PER_10000_POP,"per 10,000 population",N,National,C,Country Data,"Nouvelle-Caledonie. DASS-NC, INSEE, Eurostat ",,,,,
DATAFLOW,SPC:DF_BP50_2(1.0),Blue Pacific 2050: People-Centered Development (Thematic Area 2),I,A,Annual,SH_MED_DEN,Health worker density,NC,New Caledonia,_T,Total,_T,All ages,_T,National,_T,Total,_T,All education levels,2262,Pharmacists,_Z,Not applicable,_T,No breakdown by disability,2014,,7.37,,PER_10000_POP,"per 10,000 population",N,National,C,Country Data,"Nouvelle-Caledonie. DASS-NC, INSEE, Eurostat ",,,,,
DATAFLOW,SPC:DF_BP50_2(1.0),Blue Pacific 2050: People-Centered Development (Thematic Area 2),I,A,Annual,SH_MED_DEN,Health worker density,NC,New Caledonia,_T,Total,_T,All ages,_T,National,_T,Total,_T,All education levels,2262,Pharmacists,_Z,Not applicable,_T,No breakdown by disability,2015,,9.49,,PER_10000_POP,"per 10,000 population",N,National,C,Country Data,"Nouvelle-Caledonie. DASS-NC, INSEE, Eurostat ",,,,,
DATAFLOW,SPC:DF_BP50_2(1.0),Blue Pacific 2050: People-Centered Development (Thematic Area 2),I,A,Annual,SH_MED_DEN,Health worker density,NC,New Caledonia,_T,Total,_T,All ages,_T,National,_T,Total,_T,All education levels,2262,Pharmacists,_Z,Not applicable,_T,No breakdown by disability,2016,,9.75,,PER_10000_POP,"per 10,000 population",N,National,C,Country Data,"Nouvelle-Caledonie. DASS-NC, INSEE, Eurostat ",,,,,
DATAFLOW,SPC:DF_BP50_2(1.0),Blue Pacific 2050: People-Centered Development (Thematic Area 2),I,A,Annual,SH_MED_DEN,Health worker density,NC,New Caledonia,_T,Total,_T,All ages,_T,National,_T,Total,_T,All education levels,2262,Pharmacists,_Z,Not applicable,_T,No breakdown by disability,2018,,9.82,,PER_10000_POP,"per 10,000 population",N,National,C,Country Data,"Nouvelle-Caledonie, DASS-NC, INSEE, Eurostat ",,A,Normal value,,
DATAFLOW,SPC:DF_BP50_2(1.0),Blue Pacific 2050: People-Centered Development (Thematic Area 2),I,A,Annual,SH_STA_MORT,Maternal mortality ratio,WS,Samoa,F,Female,_T,All ages,_T,National,_T,Total,_T,All education levels,_T,All occupations,_Z,Not applicable,_T,No breakdown by disability,2000,,75,,PER_100000_LIVE_BIRTHS,"per 100,000 live births",G,Global,E,Estimated,"Estimates by WHO, UNICEF, UNFPA, World Bank Group and UNDESA/Population Division. Geneva: World Health Organization; 2023.",,,,,
DATAFLOW,SPC:DF_BP50_2(1.0),Blue Pacific 2050: People-Centered Development (Thematic Area 2),I,A,Annual,SH_STA_MORT,Maternal mortality ratio,WS,Samoa,F,Female,_T,All ages,_T,National,_T,Total,_T,All education levels,_T,All occupations,_Z,Not applicable,_T,No breakdown by disability,2001,,73,,PER_100000_LIVE_BIRTHS,"per 100,000 live births",G,Global,E,Estimated,"Estimates by WHO, UNICEF, UNFPA, World Bank Group and UNDESA/Population Division. Geneva: World Health Organization; 2023.",,,,,
DATAFLOW,SPC:DF_BP50_2(1.0),Blue Pacific 2050: People-Centered Development (Thematic Area 2),I,A,Annual,SH_STA_MORT,Maternal mortality ratio,WS,Samoa,F,Female,_T,All ages,_T,National,_T,Total,_T,All education levels,_T,All occupations,_Z,Not applicable,_T,No breakdown by disability,2002,,67,,PER_100000_LIVE_BIRTHS,"per 100,000 live births",G,Global,E,Estimated,"Estimates by WHO, UNICEF, UNFPA, World Bank Group and UNDESA/Population Division. Geneva: World Health Organization; 2023.",,,,,
DATAFLOW,SPC:DF_BP50_2(1.0),Blue Pacific 2050: People-Centered Development (Thematic Area 2),I,A,Annual,SH_STA_MORT,Maternal mortality ratio,WS,Samoa,F,Female,_T,All ages,_T,National,_T,Total,_T,All education levels,_T,All occupations,_Z,Not applicable,_T,No breakdown by disability,2003,,64,,PER_100000_LIVE_BIRTHS,"per 100,000 live births",G,Global,E,Estimated,"Estimates by WHO, UNICEF, UNFPA, World Bank Group and UNDESA/Population Division. Geneva: World Health Organization; 2023.",,,,,
DATAFLOW,SPC:DF_BP50_2(1.0),Blue Pacific 2050: People-Centered Development (Thematic Area 2),I,A,Annual,SH_STA_MORT,Maternal mortality ratio,WS,Samoa,F,Female,_T,All ages,_T,National,_T,Total,_T,All education levels,_T,All occupations,_Z,Not applicable,_T,No breakdown by disability,2004,,62,,PER_100000_LIVE_BIRTHS,"per 100,000 live births",G,Global,E,Estimated,"Estimates by WHO, UNICEF, UNFPA, World Bank Group and UNDESA/Population Division. Geneva: World Health Organization; 2023.",,,,,
DATAFLOW,SPC:DF_BP50_2(1.0),Blue Pacific 2050: People-Centered Development (Thematic Area 2),I,A,Annual,SH_STA_MORT,Maternal mortality ratio,WS,Samoa,F,Female,_T,All ages,_T,National,_T,Total,_T,All education levels,_T,All occupations,_Z,Not applicable,_T,No breakdown by disability,2005,,62,,PER_100000_LIVE_BIRTHS,"per 100,000 live births",G,Global,E,Estimated,"Estimates by WHO, UNICEF, UNFPA, World Bank Group and UNDESA/Population Division. Geneva: World Health Organization; 2023.",,,,,
DATAFLOW,SPC:DF_BP50_2(1.0),Blue Pacific 2050: People-Centered Development (Thematic Area 2),I,A,Annual,SH_STA_MORT,Maternal mortality ratio,WS,Samoa,F,Female,_T,All ages,_T,National,_T,Total,_T,All education levels,_T,All occupations,_Z,Not applicable,_T,No breakdown by disability,2006,,58,,PER_100000_LIVE_BIRTHS,"per 100,000 live births",G,Global,E,Estimated,"Estimates by WHO, UNICEF, UNFPA, World Bank Group and UNDESA/Population Division. Geneva: World Health Organization; 2023.",,,,,
DATAFLOW,SPC:DF_BP50_2(1.0),Blue Pacific 2050: People-Centered Development (Thematic Area 2),I,A,Annual,SH_STA_MORT,Maternal mortality ratio,WS,Samoa,F,Female,_T,All ages,_T,National,_T,Total,_T,All education levels,_T,All occupations,_Z,Not applicable,_T,No breakdown by disability,2007,,59,,PER_100000_LIVE_BIRTHS,"per 100,000 live births",G,Global,E,Estimated,"Estimates by WHO, UNICEF, UNFPA, World Bank Group and UNDESA/Population Division. Geneva: World Health Organization; 2023.",,,,,
DATAFLOW,SPC:DF_BP50_2(1.0),Blue Pacific 2050: People-Centered Development (Thematic Area 2),I,A,Annual,SH_STA_MORT,Maternal mortality ratio,WS,Samoa,F,Female,_T,All ages,_T,National,_T,Total,_T,All education levels,_T,All occupations,_Z,Not applicable,_T,No breakdown by disability,2008,,59,,PER_100000_LIVE_BIRTHS,"per 100,000 live births",G,Global,E,Estimated,"Estimates by WHO, UNICEF, UNFPA, World Bank Group and UNDESA/Population Division. Geneva: World Health Organization; 2023.",,,,,
DATAFLOW,SPC:DF_BP50_2(1.0),Blue Pacific 2050: People-Centered Development (Thematic Area 2),I,A,Annual,SH_STA_MORT,Maternal mortality ratio,WS,Samoa,F,Female,_T,All ages,_T,National,_T,Total,_T,All education levels,_T,All occupations,_Z,Not applicable,_T,No breakdown by disability,2009,,62,,PER_100000_LIVE_BIRTHS,"per 100,000 live births",G,Global,E,Estimated,"Estimates by WHO, UNICEF, UNFPA, World Bank Group and UNDESA/Population Division. Geneva: World Health Organization; 2023.",,,,,
DATAFLOW,SPC:DF_BP50_2(1.0),Blue Pacific 2050: People-Centered Development (Thematic Area 2),I,A,Annual,SH_STA_MORT,Maternal mortality ratio,WS,Samoa,F,Female,_T,All ages,_T,National,_T,Total,_T,All education levels,_T,All occupations,_Z,Not applicable,_T,No breakdown by disability,2010,,62,,PER_100000_LIVE_BIRTHS,"per 100,000 live births",G,Global,E,Estimated,"Estimates by WHO, UNICEF, UNFPA, World Bank Group and UNDESA/Population Division. Geneva: World Health Organization; 2023.",,,,,
DATAFLOW,SPC:DF_BP50_2(1.0),Blue Pacific 2050: People-Centered Development (Thematic Area 2),I,A,Annual,SH_STA_MORT,Maternal mortality ratio,WS,Samoa,F,Female,_T,All ages,_T,National,_T,Total,_T,All education levels,_T,All occupations,_Z,Not applicable,_T,No breakdown by disability,2011,,59,,PER_100000_LIVE_BIRTHS,"per 100,000 live births",G,Global,E,Estimated,"Estimates by WHO, UNICEF, UNFPA, World Bank Group and UNDESA/Population Division. Geneva: World Health Organization; 2023.",,,,,
DATAFLOW,SPC:DF_BP50_2(1.0),Blue Pacific 2050: People-Centered Development (Thematic Area 2),I,A,Annual,SH_STA_MORT,Maternal mortality ratio,WS,Samoa,F,Female,_T,All ages,_T,National,_T,Total,_T,All education levels,_T,All occupations,_Z,Not applicable,_T,No breakdown by disability,2012,,63,,PER_100000_LIVE_BIRTHS,"per 100,000 live births",G,Global,E,Estimated,"Estimates by WHO, UNICEF, UNFPA, World Bank Group and UNDESA/Population Division. Geneva: World Health Organization; 2023.",,,,,
DATAFLOW,SPC:DF_BP50_2(1.0),Blue Pacific 2050: People-Centered Development (Thematic Area 2),I,A,Annual,SH_STA_MORT,Maternal mortality ratio,WS,Samoa,F,Female,_T,All ages,_T,National,_T,Total,_T,All education levels,_T,All occupations,_Z,Not applicable,_T,No breakdown by disability,2013,,58,,PER_100000_LIVE_BIRTHS,"per 100,000 live births",G,Global,E,Estimated,"Estimates by WHO, UNICEF, UNFPA, World Bank Group and UNDESA/Population Division. Geneva: World Health Organization; 2023.",,,,,
DATAFLOW,SPC:DF_BP50_2(1.0),Blue Pacific 2050: People-Centered Development (Thematic Area 2),I,A,Annual,SH_STA_MORT,Maternal mortality ratio,WS,Samoa,F,Female,_T,All ages,_T,National,_T,Total,_T,All education levels,_T,All occupations,_Z,Not applicable,_T,No breakdown by disability,2014,,60,,PER_100000_LIVE_BIRTHS,"per 100,000 live births",G,Global,E,Estimated,"Estimates by WHO, UNICEF, UNFPA, World Bank Group and UNDESA/Population Division. Geneva: World Health Organization; 2023.",,,,,
DATAFLOW,SPC:DF_BP50_2(1.0),Blue Pacific 2050: People-Centered Development (Thematic Area 2),I,A,Annual,SH_STA_MORT,Maternal mortality ratio,WS,Samoa,F,Female,_T,All ages,_T,National,_T,Total,_T,All education levels,_T,All occupations,_Z,Not applicable,_T,No breakdown by disability,2015,,58,,PER_100000_LIVE_BIRTHS,"per 100,000 live births",G,Global,E,Estimated,"Estimates by WHO, UNICEF, UNFPA, World Bank Group and UNDESA/Population Division. Geneva: World Health Organization; 2023.",,,,,
DATAFLOW,SPC:DF_BP50_2(1.0),Blue Pacific 2050: People-Centered Development (Thematic Area 2),I,A,Annual,SH_STA_MORT,Maternal mortality ratio,WS,Samoa,F,Female,_T,All ages,_T,National,_T,Total,_T,All education levels,_T,All occupations,_Z,Not applicable,_T,No breakdown by disability,2016,,57,,PER_100000_LIVE_BIRTHS,"per 100,000 live births",G,Global,E,Estimated,"Estimates by WHO, UNICEF, UNFPA, World Bank Group and UNDESA/Population Division. Geneva: World Health Organization; 2023.",,,,,
DATAFLOW,SPC:DF_BP50_2(1.0),Blue Pacific 2050: People-Centered Development (Thematic Area 2),I,A,Annual,SH_STA_MORT,Maternal mortality ratio,WS,Samoa,F,Female,_T,All ages,_T,National,_T,Total,_T,All education levels,_T,All occupations,_Z,Not applicable,_T,No breakdown by disability,2017,,59,,PER_100000_LIVE_BIRTHS,"per 100,000 live births",G,Global,E,Estimated,"Estimates by WHO, UNICEF, UNFPA, World Bank Group and UNDESA/Population Division. Geneva: World Health Organization; 2023.",,,,,
DATAFLOW,SPC:DF_BP50_2(1.0),Blue Pacific 2050: People-Centered Development (Thematic Area 2),I,A,Annual,SH_STA_MORT,Maternal mortality ratio,WS,Samoa,F,Female,_T,All ages,_T,National,_T,Total,_T,All education levels,_T,All occupations,_Z,Not applicable,_T,No breakdown by disability,2018,,58,,PER_100000_LIVE_BIRTHS,"per 100,000 live births",G,Global,E,Estimated,"Estimates by WHO, UNICEF, UNFPA, World Bank Group and UNDESA/Population Division. Geneva: World Health Organization; 2023.",,,,,
DATAFLOW,SPC:DF_BP50_2(1.0),Blue Pacific 2050: People-Centered Development (Thematic Area 2),I,A,Annual,SH_STA_MORT,Maternal mortality ratio,WS,Samoa,F,Female,_T,All ages,_T,National,_T,Total,_T,All education levels,_T,All occupations,_Z,Not applicable,_T,No breakdown by disability,2019,,66,,PER_100000_LIVE_BIRTHS,"per 100,000 live births",G,Global,E,Estimated,"Estimates by WHO, UNICEF, UNFPA, World Bank Group and UNDESA/Population Division. Geneva: World Health Organization; 2023.",,,,,
DATAFLOW,SPC:DF_BP50_2(1.0),Blue Pacific 2050: People-Centered Development (Thematic Area 2),I,A,Annual,SH_STA_MORT,Maternal mortality ratio,WS,Samoa,F,Female,_T,All ages,_T,National,_T,Total,_T,All education levels,_T,All occupations,_Z,Not applicable,_T,No breakdown by disability,2020,,59,,PER_100000_LIVE_BIRTHS,"per 100,000 live births",G,Global,E,Estimated,"Estimates by WHO, UNICEF, UNFPA, World Bank Group and UNDESA/Population Division. Geneva: World Health Organization; 2023.",,,,,
DATAFLOW,SPC:DF_BP50_2(1.0),Blue Pacific 2050: People-Centered Development (Thematic Area 2),I,A,Annual,SH_STA_BRTC,Proportion of births attended by skilled health personnel,WS,Samoa,_T,Total,_T,All ages,_T,National,_T,Total,_T,All education levels,_T,All occupations,_Z,Not applicable,_T,No breakdown by disability,2000,,80,,PERCENT,percent,G,Global,C,Country Data,"Secretariat of the Pacific Community (SPC), United Nations Development Programme (UNDP), the UN/CROP MDG Working Group. Pacific Islands Regional Millennium Development Goals Report 2004. Noumea: Secretariat of the Pacific Community (SPC); 2004.",,,,,
DATAFLOW,SPC:DF_BP50_2(1.0),Blue Pacific 2050: People-Centered Development (Thematic Area 2),I,A,Annual,SH_STA_BRTC,Proportion of births attended by skilled health personnel,WS,Samoa,_T,Total,_T,All ages,_T,National,_T,Total,_T,All education levels,_T,All occupations,_Z,Not applicable,_T,No breakdown by disability,2009,,80.8,,PERCENT,percent,R,Regional,C,Country Data,"Secretariat of the Pacific Community (SPC), United Nations Development Programme (UNDP). Pacific Islands Regional Millennium Development Goals Report 2004. Noumea: Secretariat of the Pacific Community (SPC); 2004.",,,,,
DATAFLOW,SPC:DF_BP50_2(1.0),Blue Pacific 2050: People-Centered Development (Thematic Area 2),I,A,Annual,SH_STA_BRTC,Proportion of births attended by skilled health personnel,WS,Samoa,_T,Total,_T,All ages,_T,National,_T,Total,_T,All education levels,_T,All occupations,_Z,Not applicable,_T,No breakdown by disability,2014,,82.5,,PERCENT,percent,N,National,C,Country Data,"Ministry of Health [Samoa], Bureau of Statistics [Samoa]. Samoa Demographic and Health Survey 2009. Ministry of Health [Samoa]; 2010.",,,,,
DATAFLOW,SPC:DF_BP50_2(1.0),Blue Pacific 2050: People-Centered Development (Thematic Area 2),I,A,Annual,SH_STA_BRTC,Proportion of births attended by skilled health personnel,WS,Samoa,_T,Total,_T,All ages,_T,National,_T,Total,_T,All education levels,_T,All occupations,_Z,Not applicable,_T,No breakdown by disability,2015,,82.5,,PERCENT,percent,N,National,C,Country Data,Samoa Bureau of Statistics -  Samoa  Demographic and Health Survey 2014.,,,,,
DATAFLOW,SPC:DF_BP50_2(1.0),Blue Pacific 2050: People-Centered Development (Thematic Area 2),I,A,Annual,SH_STA_BRTC,Proportion of births attended by skilled health personnel,WS,Samoa,_T,Total,_T,All ages,_T,National,_T,Total,_T,All education levels,_T,All occupations,_Z,Not applicable,_T,No breakdown by disability,2020,,88.9,,PERCENT,percent,N,National,C,Country Data,"Samoa Bureau of Statistics. 2021. Samoa Demographic and Health - Multiple Indicator Cluster Survey 2019-20, Survey Findings Report. Apia, Samoa: Samoa Bureau of Statistics.",,,,,
DATAFLOW,SPC:DF_BP50_2(1.0),Blue Pacific 2050: People-Centered Development (Thematic Area 2),I,A,Annual,SH_MED_DEN,Health worker density,NR,Nauru,_T,Total,_T,All ages,_T,National,_T,Total,_T,All education levels,2262,Pharmacists,_Z,Not applicable,_T,No breakdown by disability,2004,,9.9,,PER_10000_POP,"per 10,000 population",G,Global,_X,Not Available,,,,,"NHWA data portal, December 2024 update https://apps.who.int/nhwaportal/",
DATAFLOW,SPC:DF_BP50_2(1.0),Blue Pacific 2050: People-Centered Development (Thematic Area 2),I,A,Annual,SH_MED_DEN,Health worker density,NR,Nauru,_T,Total,_T,All ages,_T,National,_T,Total,_T,All education levels,2262,Pharmacists,_Z,Not applicable,_T,No breakdown by disability,2009,,0.7,,PER_1000_POP,"per 1,000 population",G,Global,C,Country Data,UN Global Database,,,,,
DATAFLOW,SPC:DF_BP50_2(1.0),Blue Pacific 2050: People-Centered Development (Thematic Area 2),I,A,Annual,SH_MED_DEN,Health worker density,NR,Nauru,_T,Total,_T,All ages,_T,National,_T,Total,_T,All education levels,2262,Pharmacists,_Z,Not applicable,_T,No breakdown by disability,2011,,1.98,,PER_10000_POP,"per 10,000 population",G,Global,_X,Not Available,,,,,"NHWA data portal, December 2024 update https://apps.who.int/nhwaportal/",
DATAFLOW,SPC:DF_BP50_2(1.0),Blue Pacific 2050: People-Centered Development (Thematic Area 2),I,A,Annual,SH_MED_DEN,Health worker density,NR,Nauru,_T,Total,_T,All ages,_T,National,_T,Total,_T,All education levels,2262,Pharmacists,_Z,Not applicable,_T,No breakdown by disability,2015,,1.82,,PER_10000_POP,"per 10,000 population",G,Global,_X,Not Available,,,,,"NHWA data portal, December 2024 update https://apps.who.int/nhwaportal/",
DATAFLOW,SPC:DF_BP50_2(1.0),Blue Pacific 2050: People-Centered Development (Thematic Area 2),I,A,Annual,SH_MED_DEN,Health worker density,PG,Papua New Guinea,_T,Total,_T,All ages,_T,National,_T,Total,_T,All education levels,221,Medical Doctors,_Z,Not applicable,_T,No breakdown by disability,2000,,0.5,,PER_10000_POP,"per 10,000 population",G,Global,_X,Not Available,,,,,"NHWA data portal, December 2024 update https://apps.who.int/nhwaportal/",
DATAFLOW,SPC:DF_BP50_2(1.0),Blue Pacific 2050: People-Centered Development (Thematic Area 2),I,A,Annual,SH_MED_DEN,Health worker density,PG,Papua New Guinea,_T,Total,_T,All ages,_T,National,_T,Total,_T,All education levels,221,Medical Doctors,_Z,Not applicable,_T,No breakdown by disability,2008,,0.46,,PER_10000_POP,"per 10,000 population",G,Global,_X,Not Available,,,,,"NHWA data portal, December 2024 update https://apps.who.int/nhwaportal/",
DATAFLOW,SPC:DF_BP50_2(1.0),Blue Pacific 2050: People-Centered Development (Thematic Area 2),I,A,Annual,SH_MED_DEN,Health worker density,PG,Papua New Guinea,_T,Total,_T,All ages,_T,National,_T,Total,_T,All education levels,221,Medical Doctors,_Z,Not applicable,_T,No breakdown by disability,2010,,0.49,,PER_10000_POP,"per 10,000 population",G,Global,_X,Not Available,,,,,"NHWA data portal, December 2024 update https://apps.who.int/nhwaportal/",
DATAFLOW,SPC:DF_BP50_2(1.0),Blue Pacific 2050: People-Centered Development (Thematic Area 2),I,A,Annual,SH_MED_DEN,Health worker density,PG,Papua New Guinea,_T,Total,_T,All ages,_T,National,_T,Total,_T,All education levels,221,Medical Doctors,_Z,Not applicable,_T,No breakdown by disability,2018,,0.64,,PER_10000_POP,"per 10,000 population",G,Global,_X,Not Available,,,,,"NHWA data portal, December 2024 update https://apps.who.int/nhwaportal/",
DATAFLOW,SPC:DF_BP50_2(1.0),Blue Pacific 2050: People-Centered Development (Thematic Area 2),I,A,Annual,SH_MED_DEN,Health worker density,PG,Papua New Guinea,_T,Total,_T,All ages,_T,National,_T,Total,_T,All education levels,221,Medical Doctors,_Z,Not applicable,_T,No breakdown by disability,2019,,0.6,,PER_10000_POP,"per 10,000 population",G,Global,_X,Not Available,,,,,"NHWA data portal, December 2024 update https://apps.who.int/nhwaportal/",
DATAFLOW,SPC:DF_BP50_2(1.0),Blue Pacific 2050: People-Centered Development (Thematic Area 2),I,A,Annual,SH_MED_DEN,Health worker density,PG,Papua New Guinea,_T,Total,_T,All ages,_T,National,_T,Total,_T,All education levels,221,Medical Doctors,_Z,Not applicable,_T,No breakdown by disability,2021,,0.63,,PER_10000_POP,"per 10,000 population",G,Global,_X,Not Available,,,,,"NHWA data portal, December 2024 update https://apps.who.int/nhwaportal/",
DATAFLOW,SPC:DF_BP50_2(1.0),Blue Pacific 2050: People-Centered Development (Thematic Area 2),I,A,Annual,SH_MED_DEN,Health worker density,PG,Papua New Guinea,_T,Total,_T,All ages,_T,National,_T,Total,_T,All education levels,221,Medical Doctors,_Z,Not applicable,_T,No breakdown by disability,2023,,0.61,,PER_10000_POP,"per 10,000 population",G,Global,_X,Not Available,,,,,"NHWA data portal, December 2024 update https://apps.who.int/nhwaportal/",
DATAFLOW,SPC:DF_BP50_2(1.0),Blue Pacific 2050: People-Centered Development (Thematic Area 2),I,A,Annual,SH_STA_BRTC,Proportion of births attended by skilled health personnel,CK,Cook Islands,_T,Total,_T,All ages,_T,National,_T,Total,_T,All education levels,_T,All occupations,_Z,Not applicable,_T,No breakdown by disability,2005,,100,,PERCENT,percent,R,Regional,C,Country Data,Pacific Islands Regional Millennium Development Goals Report 2004. Noumea: Secretariat of the Pacific Community (SPC); 2004.,,,,,
DATAFLOW,SPC:DF_BP50_2(1.0),Blue Pacific 2050: People-Centered Development (Thematic Area 2),I,A,Annual,SH_STA_BRTC,Proportion of births attended by skilled health personnel,CK,Cook Islands,_T,Total,_T,All ages,_T,National,_T,Total,_T,All education levels,_T,All occupations,_Z,Not applicable,_T,No breakdown by disability,2008,,100,,PERCENT,percent,R,Regional,C,Country Data,Western Pacific Country Health Information Profiles: 2009 Revision. World Health Organization Regional Office for the Western Pacific (WPRO); 2009.,,,,,
DATAFLOW,SPC:DF_BP50_2(1.0),Blue Pacific 2050: People-Centered Development (Thematic Area 2),I,A,Annual,SH_STA_BRTC,Proportion of births attended by skilled health personnel,CK,Cook Islands,_T,Total,_T,All ages,_T,National,_T,Total,_T,All education levels,_T,All occupations,_Z,Not applicable,_T,No breakdown by disability,2009,,100,,PERCENT,percent,R,Regional,C,Country Data,Western Pacific Country Health Information Profiles: 2011 Revision. Manila: World Health Organization Regional Office for the Western Pacific (WPRO); 2011.,,,,,
DATAFLOW,SPC:DF_BP50_2(1.0),Blue Pacific 2050: People-Centered Development (Thematic Area 2),I,A,Annual,SH_MED_DEN,Health worker density,TO,Tonga,_T,Total,_T,All ages,_T,National,_T,Total,_T,All education levels,222,Nursing and Midwifery Professionals,_Z,Not applicable,_T,No breakdown by disability,2001,,33.01,,PER_10000_POP,"per 10,000 population",G,Global,_X,Not Available,,,,,"NHWA data portal, December 2024 update https://apps.who.int/nhwaportal/",
DATAFLOW,SPC:DF_BP50_2(1.0),Blue Pacific 2050: People-Centered Development (Thematic Area 2),I,A,Annual,SH_MED_DEN,Health worker density,TO,Tonga,_T,Total,_T,All ages,_T,National,_T,Total,_T,All education levels,222,Nursing and Midwifery Professionals,_Z,Not applicable,_T,No breakdown by disability,2002,,33.69,,PER_10000_POP,"per 10,000 population",G,Global,_X,Not Available,,,,,"NHWA data portal, December 2024 update https://apps.who.int/nhwaportal/",
DATAFLOW,SPC:DF_BP50_2(1.0),Blue Pacific 2050: People-Centered Development (Thematic Area 2),I,A,Annual,SH_MED_DEN,Health worker density,TO,Tonga,_T,Total,_T,All ages,_T,National,_T,Total,_T,All education levels,222,Nursing and Midwifery Professionals,_Z,Not applicable,_T,No breakdown by disability,2008,,34.02,,PER_10000_POP,"per 10,000 population",G,Global,_X,Not Available,,,,,"NHWA data portal, December 2024 update https://apps.who.int/nhwaportal/",
DATAFLOW,SPC:DF_BP50_2(1.0),Blue Pacific 2050: People-Centered Development (Thematic Area 2),I,A,Annual,SH_MED_DEN,Health worker density,TO,Tonga,_T,Total,_T,All ages,_T,National,_T,Total,_T,All education levels,222,Nursing and Midwifery Professionals,_Z,Not applicable,_T,No breakdown by disability,2009,,35.26,,PER_10000_POP,"per 10,000 population",G,Global,_X,Not Available,,,,,"NHWA data portal, December 2024 update https://apps.who.int/nhwaportal/",
DATAFLOW,SPC:DF_BP50_2(1.0),Blue Pacific 2050: People-Centered Development (Thematic Area 2),I,A,Annual,SH_MED_DEN,Health worker density,TO,Tonga,_T,Total,_T,All ages,_T,National,_T,Total,_T,All education levels,222,Nursing and Midwifery Professionals,_Z,Not applicable,_T,No breakdown by disability,2010,,37.24,,PER_10000_POP,"per 10,000 population",G,Global,_X,Not Available,,,,,"NHWA data portal, December 2024 update https://apps.who.int/nhwaportal/",
DATAFLOW,SPC:DF_BP50_2(1.0),Blue Pacific 2050: People-Centered Development (Thematic Area 2),I,A,Annual,SH_MED_DEN,Health worker density,TO,Tonga,_T,Total,_T,All ages,_T,National,_T,Total,_T,All education levels,222,Nursing and Midwifery Professionals,_Z,Not applicable,_T,No breakdown by disability,2013,,38.1,,PER_10000_POP,"per 10,000 population",G,Global,_X,Not Available,,,,,"NHWA data portal, December 2024 update https://apps.who.int/nhwaportal/",
DATAFLOW,SPC:DF_BP50_2(1.0),Blue Pacific 2050: People-Centered Development (Thematic Area 2),I,A,Annual,SH_MED_DEN,Health worker density,TO,Tonga,_T,Total,_T,All ages,_T,National,_T,Total,_T,All education levels,222,Nursing and Midwifery Professionals,_Z,Not applicable,_T,No breakdown by disability,2018,,39.02,,PER_10000_POP,"per 10,000 population",G,Global,_X,Not Available,,,,,"NHWA data portal, December 2024 update https://apps.who.int/nhwaportal/",
DATAFLOW,SPC:DF_BP50_2(1.0),Blue Pacific 2050: People-Centered Development (Thematic Area 2),I,A,Annual,SH_MED_DEN,Health worker density,TO,Tonga,_T,Total,_T,All ages,_T,National,_T,Total,_T,All education levels,222,Nursing and Midwifery Professionals,_Z,Not applicable,_T,No breakdown by disability,2019,,42.86,,PER_10000_POP,"per 10,000 population",G,Global,_X,Not Available,,,,,"NHWA data portal, December 2024 update https://apps.who.int/nhwaportal/",
DATAFLOW,SPC:DF_BP50_2(1.0),Blue Pacific 2050: People-Centered Development (Thematic Area 2),I,A,Annual,SH_MED_DEN,Health worker density,TO,Tonga,_T,Total,_T,All ages,_T,National,_T,Total,_T,All education levels,222,Nursing and Midwifery Professionals,_Z,Not applicable,_T,No breakdown by disability,2020,,45.41,,PER_10000_POP,"per 10,000 population",G,Global,_X,Not Available,,,,,"NHWA data portal, December 2024 update https://apps.who.int/nhwaportal/",
DATAFLOW,SPC:DF_BP50_2(1.0),Blue Pacific 2050: People-Centered Development (Thematic Area 2),I,A,Annual,SH_MED_DEN,Health worker density,TO,Tonga,_T,Total,_T,All ages,_T,National,_T,Total,_T,All education levels,222,Nursing and Midwifery Professionals,_Z,Not applicable,_T,No breakdown by disability,2021,,41.99,,PER_10000_POP,"per 10,000 population",G,Global,_X,Not Available,,,,,"NHWA data portal, December 2024 update https://apps.who.int/nhwaportal/",
DATAFLOW,SPC:DF_BP50_2(1.0),Blue Pacific 2050: People-Centered Development (Thematic Area 2),I,A,Annual,SH_MED_DEN,Health worker density,FJ,Fiji,_T,Total,_T,All ages,_T,National,_T,Total,_T,All education levels,222,Nursing and Midwifery Professionals,_Z,Not applicable,_T,No breakdown by disability,1999,,18.95,,PER_10000_POP,"per 10,000 population",G,Global,_X,Not Available,,,,,"NHWA data portal, December 2024 update https://apps.who.int/nhwaportal/",
DATAFLOW,SPC:DF_BP50_2(1.0),Blue Pacific 2050: People-Centered Development (Thematic Area 2),I,A,Annual,SH_MED_DEN,Health worker density,FJ,Fiji,_T,Total,_T,All ages,_T,National,_T,Total,_T,All education levels,222,Nursing and Midwifery Professionals,_Z,Not applicable,_T,No breakdown by disability,2003,,19.16,,PER_10000_POP,"per 10,000 population",G,Global,_X,Not Available,,,,,"NHWA data portal, December 2024 update https://apps.who.int/nhwaportal/",
DATAFLOW,SPC:DF_BP50_2(1.0),Blue Pacific 2050: People-Centered Development (Thematic Area 2),I,A,Annual,SH_MED_DEN,Health worker density,FJ,Fiji,_T,Total,_T,All ages,_T,National,_T,Total,_T,All education levels,222,Nursing and Midwifery Professionals,_Z,Not applicable,_T,No breakdown by disability,2008,,19.75,,PER_10000_POP,"per 10,000 population",G,Global,_X,Not Available,,,,,"NHWA data portal, December 2024 update https://apps.who.int/nhwaportal/",
DATAFLOW,SPC:DF_BP50_2(1.0),Blue Pacific 2050: People-Centered Development (Thematic Area 2),I,A,Annual,SH_MED_DEN,Health worker density,FJ,Fiji,_T,Total,_T,All ages,_T,National,_T,Total,_T,All education levels,222,Nursing and Midwifery Professionals,_Z,Not applicable,_T,No breakdown by disability,2009,,21.57,,PER_10000_POP,"per 10,000 population",G,Global,_X,Not Available,,,,,"NHWA data portal, December 2024 update https://apps.who.int/nhwaportal/",
DATAFLOW,SPC:DF_BP50_2(1.0),Blue Pacific 2050: People-Centered Development (Thematic Area 2),I,A,Annual,SH_MED_DEN,Health worker density,FJ,Fiji,_T,Total,_T,All ages,_T,National,_T,Total,_T,All education levels,222,Nursing and Midwifery Professionals,_Z,Not applicable,_T,No breakdown by disability,2013,,27.42,,PER_10000_POP,"per 10,000 population",G,Global,_X,Not Available,,,,,"NHWA data portal, December 2024 update https://apps.who.int/nhwaportal/",
DATAFLOW,SPC:DF_BP50_2(1.0),Blue Pacific 2050: People-Centered Development (Thematic Area 2),I,A,Annual,SH_MED_DEN,Health worker density,FJ,Fiji,_T,Total,_T,All ages,_T,National,_T,Total,_T,All education levels,222,Nursing and Midwifery Professionals,_Z,Not applicable,_T,No breakdown by disability,2015,,28.53,,PER_10000_POP,"per 10,000 population",G,Global,_X,Not Available,,,,,"NHWA data portal, December 2024 update https://apps.who.int/nhwaportal/",
DATAFLOW,SPC:DF_BP50_2(1.0),Blue Pacific 2050: People-Centered Development (Thematic Area 2),I,A,Annual,SH_MED_DEN,Health worker density,FJ,Fiji,_T,Total,_T,All ages,_T,National,_T,Total,_T,All education levels,222,Nursing and Midwifery Professionals,_Z,Not applicable,_T,No breakdown by disability,2018,,32.51,,PER_10000_POP,"per 10,000 population",G,Global,_X,Not Available,,,,,"NHWA data portal, December 2024 update https://apps.who.int/nhwaportal/",
DATAFLOW,SPC:DF_BP50_2(1.0),Blue Pacific 2050: People-Centered Development (Thematic Area 2),I,A,Annual,SH_MED_DEN,Health worker density,FJ,Fiji,_T,Total,_T,All ages,_T,National,_T,Total,_T,All education levels,222,Nursing and Midwifery Professionals,_Z,Not applicable,_T,No breakdown by disability,2019,,38.52,,PER_10000_POP,"per 10,000 population",G,Global,_X,Not Available,,,,,"NHWA data portal, December 2024 update https://apps.who.int/nhwaportal/",
DATAFLOW,SPC:DF_BP50_2(1.0),Blue Pacific 2050: People-Centered Development (Thematic Area 2),I,A,Annual,SH_STA_MORT,Maternal mortality ratio,NR,Nauru,F,Female,_T,All ages,_T,National,_T,Total,_T,All education levels,_T,All occupations,_Z,Not applicable,_T,No breakdown by disability,2015,,0,,PER_100000_LIVE_BIRTHS,"per 100,000 live births",N,National,C,Country Data,"Nauru Vital Statistics Report, 2015-17 (2019)",,,,,
DATAFLOW,SPC:DF_BP50_2(1.0),Blue Pacific 2050: People-Centered Development (Thematic Area 2),I,A,Annual,SH_MED_DEN,Health worker density,VU,Vanuatu,_T,Total,_T,All ages,_T,National,_T,Total,_T,All education levels,222,Nursing and Midwifery Professionals,_Z,Not applicable,_T,No breakdown by disability,1997,,24.51,,PER_10000_POP,"per 10,000 population",G,Global,_X,Not Available,,,,,"NHWA data portal, December 2024 update https://apps.who.int/nhwaportal/",
DATAFLOW,SPC:DF_BP50_2(1.0),Blue Pacific 2050: People-Centered Development (Thematic Area 2),I,A,Annual,SH_MED_DEN,Health worker density,VU,Vanuatu,_T,Total,_T,All ages,_T,National,_T,Total,_T,All education levels,222,Nursing and Midwifery Professionals,_Z,Not applicable,_T,No breakdown by disability,2004,,17.5,,PER_10000_POP,"per 10,000 population",G,Global,_X,Not Available,,,,,"NHWA data portal, December 2024 update https://apps.who.int/nhwaportal/",
DATAFLOW,SPC:DF_BP50_2(1.0),Blue Pacific 2050: People-Centered Development (Thematic Area 2),I,A,Annual,SH_MED_DEN,Health worker density,VU,Vanuatu,_T,Total,_T,All ages,_T,National,_T,Total,_T,All education levels,222,Nursing and Midwifery Professionals,_Z,Not applicable,_T,No breakdown by disability,2007,,15.55,,PER_10000_POP,"per 10,000 population",G,Global,_X,Not Available,,,,,"NHWA data portal, December 2024 update https://apps.who.int/nhwaportal/",
DATAFLOW,SPC:DF_BP50_2(1.0),Blue Pacific 2050: People-Centered Development (Thematic Area 2),I,A,Annual,SH_MED_DEN,Health worker density,VU,Vanuatu,_T,Total,_T,All ages,_T,National,_T,Total,_T,All education levels,222,Nursing and Midwifery Professionals,_Z,Not applicable,_T,No breakdown by disability,2008,,16.75,,PER_10000_POP,"per 10,000 population",G,Global,_X,Not Available,,,,,"NHWA data portal, December 2024 update https://apps.who.int/nhwaportal/",
DATAFLOW,SPC:DF_BP50_2(1.0),Blue Pacific 2050: People-Centered Development (Thematic Area 2),I,A,Annual,SH_MED_DEN,Health worker density,VU,Vanuatu,_T,Total,_T,All ages,_T,National,_T,Total,_T,All education levels,222,Nursing and Midwifery Professionals,_Z,Not applicable,_T,No breakdown by disability,2012,,18.44,,PER_10000_POP,"per 10,000 population",G,Global,_X,Not Available,,,,,"NHWA data portal, December 2024 update https://apps.who.int/nhwaportal/",
DATAFLOW,SPC:DF_BP50_2(1.0),Blue Pacific 2050: People-Centered Development (Thematic Area 2),I,A,Annual,SH_MED_DEN,Health worker density,VU,Vanuatu,_T,Total,_T,All ages,_T,National,_T,Total,_T,All education levels,222,Nursing and Midwifery Professionals,_Z,Not applicable,_T,No breakdown by disability,2018,,14.62,,PER_10000_POP,"per 10,000 population",G,Global,_X,Not Available,,,,,"NHWA data portal, December 2024 update https://apps.who.int/nhwaportal/",
DATAFLOW,SPC:DF_BP50_2(1.0),Blue Pacific 2050: People-Centered Development (Thematic Area 2),I,A,Annual,SH_MED_DEN,Health worker density,VU,Vanuatu,_T,Total,_T,All ages,_T,National,_T,Total,_T,All education levels,222,Nursing and Midwifery Professionals,_Z,Not applicable,_T,No breakdown by disability,2019,,14.59,,PER_10000_POP,"per 10,000 population",G,Global,_X,Not Available,,,,,"NHWA data portal, December 2024 update https://apps.who.int/nhwaportal/",
DATAFLOW,SPC:DF_BP50_2(1.0),Blue Pacific 2050: People-Centered Development (Thematic Area 2),I,A,Annual,SH_MED_DEN,Health worker density,PW,Palau,_T,Total,_T,All ages,_T,National,_T,Total,_T,All education levels,222,Nursing and Midwifery Professionals,_Z,Not applicable,_T,No breakdown by disability,1998,,61.08,,PER_10000_POP,"per 10,000 population",G,Global,_X,Not Available,,,,,"NHWA data portal, December 2024 update https://apps.who.int/nhwaportal/",
DATAFLOW,SPC:DF_BP50_2(1.0),Blue Pacific 2050: People-Centered Development (Thematic Area 2),I,A,Annual,SH_MED_DEN,Health worker density,PW,Palau,_T,Total,_T,All ages,_T,National,_T,Total,_T,All education levels,222,Nursing and Midwifery Professionals,_Z,Not applicable,_T,No breakdown by disability,2004,,60.61,,PER_10000_POP,"per 10,000 population",G,Global,_X,Not Available,,,,,"NHWA data portal, December 2024 update https://apps.who.int/nhwaportal/",
DATAFLOW,SPC:DF_BP50_2(1.0),Blue Pacific 2050: People-Centered Development (Thematic Area 2),I,A,Annual,SH_MED_DEN,Health worker density,PW,Palau,_T,Total,_T,All ages,_T,National,_T,Total,_T,All education levels,222,Nursing and Midwifery Professionals,_Z,Not applicable,_T,No breakdown by disability,2006,,60.2,,PER_10000_POP,"per 10,000 population",G,Global,_X,Not Available,,,,,"NHWA data portal, December 2024 update https://apps.who.int/nhwaportal/",
DATAFLOW,SPC:DF_BP50_2(1.0),Blue Pacific 2050: People-Centered Development (Thematic Area 2),I,A,Annual,SH_MED_DEN,Health worker density,PW,Palau,_T,Total,_T,All ages,_T,National,_T,Total,_T,All education levels,222,Nursing and Midwifery Professionals,_Z,Not applicable,_T,No breakdown by disability,2007,,5.3,,PER_1000_POP,"per 1,000 population",N,National,C,Country Data,"Global Health Workforce Statistics database, Global Health Observatory, WHO",,,,,
DATAFLOW,SPC:DF_BP50_2(1.0),Blue Pacific 2050: People-Centered Development (Thematic Area 2),I,A,Annual,SH_MED_DEN,Health worker density,PW,Palau,_T,Total,_T,All ages,_T,National,_T,Total,_T,All education levels,222,Nursing and Midwifery Professionals,_Z,Not applicable,_T,No breakdown by disability,2009,,59.89,,PER_10000_POP,"per 10,000 population",G,Global,_X,Not Available,,,,,"NHWA data portal, December 2024 update https://apps.who.int/nhwaportal/",
DATAFLOW,SPC:DF_BP50_2(1.0),Blue Pacific 2050: People-Centered Development (Thematic Area 2),I,A,Annual,SH_MED_DEN,Health worker density,PW,Palau,_T,Total,_T,All ages,_T,National,_T,Total,_T,All education levels,222,Nursing and Midwifery Professionals,_Z,Not applicable,_T,No breakdown by disability,2010,,64.67,,PER_10000_POP,"per 10,000 population",G,Global,_X,Not Available,,,,,"NHWA data portal, December 2024 update https://apps.who.int/nhwaportal/",
DATAFLOW,SPC:DF_BP50_2(1.0),Blue Pacific 2050: People-Centered Development (Thematic Area 2),I,A,Annual,SH_MED_DEN,Health worker density,PW,Palau,_T,Total,_T,All ages,_T,National,_T,Total,_T,All education levels,222,Nursing and Midwifery Professionals,_Z,Not applicable,_T,No breakdown by disability,2014,,62.71,,PER_10000_POP,"per 10,000 population",G,Global,_X,Not Available,,,,,"NHWA data portal, December 2024 update https://apps.who.int/nhwaportal/",
DATAFLOW,SPC:DF_BP50_2(1.0),Blue Pacific 2050: People-Centered Development (Thematic Area 2),I,A,Annual,SH_MED_DEN,Health worker density,PW,Palau,_T,Total,_T,All ages,_T,National,_T,Total,_T,All education levels,222,Nursing and Midwifery Professionals,_Z,Not applicable,_T,No breakdown by disability,2017,,55.06,,PER_10000_POP,"per 10,000 population",G,Global,_X,Not Available,,,,,"NHWA data portal, December 2024 update https://apps.who.int/nhwaportal/",
DATAFLOW,SPC:DF_BP50_2(1.0),Blue Pacific 2050: People-Centered Development (Thematic Area 2),I,A,Annual,SH_MED_DEN,Health worker density,PW,Palau,_T,Total,_T,All ages,_T,National,_T,Total,_T,All education levels,222,Nursing and Midwifery Professionals,_Z,Not applicable,_T,No breakdown by disability,2018,,73.03,,PER_10000_POP,"per 10,000 population",G,Global,_X,Not Available,,,,,"NHWA data portal, December 2024 update https://apps.who.int/nhwaportal/",
DATAFLOW,SPC:DF_BP50_2(1.0),Blue Pacific 2050: People-Centered Development (Thematic Area 2),I,A,Annual,SH_MED_DEN,Health worker density,PW,Palau,_T,Total,_T,All ages,_T,National,_T,Total,_T,All education levels,222,Nursing and Midwifery Professionals,_Z,Not applicable,_T,No breakdown by disability,2019,,66.85,,PER_10000_POP,"per 10,000 population",G,Global,_X,Not Available,,,,,"NHWA data portal, December 2024 update https://apps.who.int/nhwaportal/",
DATAFLOW,SPC:DF_BP50_2(1.0),Blue Pacific 2050: People-Centered Development (Thematic Area 2),I,A,Annual,SH_MED_DEN,Health worker density,PW,Palau,_T,Total,_T,All ages,_T,National,_T,Total,_T,All education levels,222,Nursing and Midwifery Professionals,_Z,Not applicable,_T,No breakdown by disability,2020,,65.73,,PER_10000_POP,"per 10,000 population",G,Global,_X,Not Available,,,,,"NHWA data portal, December 2024 update https://apps.who.int/nhwaportal/",
DATAFLOW,SPC:DF_BP50_2(1.0),Blue Pacific 2050: People-Centered Development (Thematic Area 2),I,A,Annual,SH_MED_DEN,Health worker density,PW,Palau,_T,Total,_T,All ages,_T,National,_T,Total,_T,All education levels,222,Nursing and Midwifery Professionals,_Z,Not applicable,_T,No breakdown by disability,2021,,90.45,,PER_10000_POP,"per 10,000 population",G,Global,_X,Not Available,,,,,"NHWA data portal, December 2024 update https://apps.who.int/nhwaportal/",
DATAFLOW,SPC:DF_BP50_2(1.0),Blue Pacific 2050: People-Centered Development (Thematic Area 2),I,A,Annual,SH_MED_DEN,Health worker density,PW,Palau,_T,Total,_T,All ages,_T,National,_T,Total,_T,All education levels,222,Nursing and Midwifery Professionals,_Z,Not applicable,_T,No breakdown by disability,2022,,62.36,,PER_10000_POP,"per 10,000 population",G,Global,_X,Not Available,,,,,"NHWA data portal, December 2024 update https://apps.who.int/nhwaportal/",
DATAFLOW,SPC:DF_BP50_2(1.0),Blue Pacific 2050: People-Centered Development (Thematic Area 2),I,A,Annual,SH_MED_DEN,Health worker density,PW,Palau,_T,Total,_T,All ages,_T,National,_T,Total,_T,All education levels,222,Nursing and Midwifery Professionals,_Z,Not applicable,_T,No breakdown by disability,2023,,66.1,,PER_10000_POP,"per 10,000 population",G,Global,_X,Not Available,,,,,"NHWA data portal, December 2024 update https://apps.who.int/nhwaportal/",
DATAFLOW,SPC:DF_BP50_2(1.0),Blue Pacific 2050: People-Centered Development (Thematic Area 2),I,A,Annual,SH_MED_DEN,Health worker density,NU,Niue,_T,Total,_T,All ages,_T,National,_T,Total,_T,All education levels,221,Medical Doctors,_Z,Not applicable,_T,No breakdown by disability,1996,,13.04,,PER_10000_POP,"per 10,000 population",G,Global,_X,Not Available,,,,,"NHWA data portal, December 2024 update https://apps.who.int/nhwaportal/",
DATAFLOW,SPC:DF_BP50_2(1.0),Blue Pacific 2050: People-Centered Development (Thematic Area 2),I,A,Annual,SH_MED_DEN,Health worker density,NU,Niue,_T,Total,_T,All ages,_T,National,_T,Total,_T,All education levels,221,Medical Doctors,_Z,Not applicable,_T,No breakdown by disability,2003,,21.05,,PER_10000_POP,"per 10,000 population",G,Global,_X,Not Available,,,,,"NHWA data portal, December 2024 update https://apps.who.int/nhwaportal/",
DATAFLOW,SPC:DF_BP50_2(1.0),Blue Pacific 2050: People-Centered Development (Thematic Area 2),I,A,Annual,SH_MED_DEN,Health worker density,NU,Niue,_T,Total,_T,All ages,_T,National,_T,Total,_T,All education levels,221,Medical Doctors,_Z,Not applicable,_T,No breakdown by disability,2004,,21.05,,PER_10000_POP,"per 10,000 population",G,Global,_X,Not Available,,,,,"NHWA data portal, December 2024 update https://apps.who.int/nhwaportal/",
DATAFLOW,SPC:DF_BP50_2(1.0),Blue Pacific 2050: People-Centered Development (Thematic Area 2),I,A,Annual,SH_MED_DEN,Health worker density,NU,Niue,_T,Total,_T,All ages,_T,National,_T,Total,_T,All education levels,221,Medical Doctors,_Z,Not applicable,_T,No breakdown by disability,2006,,22.22,,PER_10000_POP,"per 10,000 population",G,Global,_X,Not Available,,,,,"NHWA data portal, December 2024 update https://apps.who.int/nhwaportal/",
DATAFLOW,SPC:DF_BP50_2(1.0),Blue Pacific 2050: People-Centered Development (Thematic Area 2),I,A,Annual,SH_MED_DEN,Health worker density,NU,Niue,_T,Total,_T,All ages,_T,National,_T,Total,_T,All education levels,221,Medical Doctors,_Z,Not applicable,_T,No breakdown by disability,2008,,16.67,,PER_10000_POP,"per 10,000 population",G,Global,_X,Not Available,,,,,"NHWA data portal, December 2024 update https://apps.who.int/nhwaportal/",
DATAFLOW,SPC:DF_BP50_2(1.0),Blue Pacific 2050: People-Centered Development (Thematic Area 2),I,A,Annual,SH_MED_DEN,Health worker density,NR,Nauru,_T,Total,_T,All ages,_T,National,_T,Total,_T,All education levels,2261,Dentists,_Z,Not applicable,_T,No breakdown by disability,2004,,0.99,,PER_10000_POP,"per 10,000 population",G,Global,_X,Not Available,,,,,"NHWA data portal, December 2024 update https://apps.who.int/nhwaportal/",
DATAFLOW,SPC:DF_BP50_2(1.0),Blue Pacific 2050: People-Centered Development (Thematic Area 2),I,A,Annual,SH_MED_DEN,Health worker density,NR,Nauru,_T,Total,_T,All ages,_T,National,_T,Total,_T,All education levels,2261,Dentists,_Z,Not applicable,_T,No breakdown by disability,2008,,1,,PER_10000_POP,"per 10,000 population",G,Global,_X,Not Available,,,,,"NHWA data portal, December 2024 update https://apps.who.int/nhwaportal/",
DATAFLOW,SPC:DF_BP50_2(1.0),Blue Pacific 2050: People-Centered Development (Thematic Area 2),I,A,Annual,SH_MED_DEN,Health worker density,NR,Nauru,_T,Total,_T,All ages,_T,National,_T,Total,_T,All education levels,2261,Dentists,_Z,Not applicable,_T,No breakdown by disability,2009,,1,,PER_10000_POP,"per 10,000 population",G,Global,_X,Not Available,,,,,"NHWA data portal, December 2024 update https://apps.who.int/nhwaportal/",
DATAFLOW,SPC:DF_BP50_2(1.0),Blue Pacific 2050: People-Centered Development (Thematic Area 2),I,A,Annual,SH_MED_DEN,Health worker density,NR,Nauru,_T,Total,_T,All ages,_T,National,_T,Total,_T,All education levels,2261,Dentists,_Z,Not applicable,_T,No breakdown by disability,2011,,0.99,,PER_10000_POP,"per 10,000 population",G,Global,_X,Not Available,,,,,"NHWA data portal, December 2024 update https://apps.who.int/nhwaportal/",
DATAFLOW,SPC:DF_BP50_2(1.0),Blue Pacific 2050: People-Centered Development (Thematic Area 2),I,A,Annual,SH_MED_DEN,Health worker density,NR,Nauru,_T,Total,_T,All ages,_T,National,_T,Total,_T,All education levels,2261,Dentists,_Z,Not applicable,_T,No breakdown by disability,2015,,1.82,,PER_10000_POP,"per 10,000 population",G,Global,_X,Not Available,,,,,"NHWA data portal, December 2024 update https://apps.who.int/nhwaportal/",
DATAFLOW,SPC:DF_BP50_2(1.0),Blue Pacific 2050: People-Centered Development (Thematic Area 2),I,A,Annual,SH_MED_DEN,Health worker density,NR,Nauru,_T,Total,_T,All ages,_T,National,_T,Total,_T,All education levels,2261,Dentists,_Z,Not applicable,_T,No breakdown by disability,2019,,3.45,,PER_10000_POP,"per 10,000 population",G,Global,_X,Not Available,,,,,"NHWA data portal, December 2024 update https://apps.who.int/nhwaportal/",
DATAFLOW,SPC:DF_BP50_2(1.0),Blue Pacific 2050: People-Centered Development (Thematic Area 2),I,A,Annual,SH_MED_DEN,Health worker density,CK,Cook Islands,_T,Total,_T,All ages,_T,National,_T,Total,_T,All education levels,2262,Pharmacists,_Z,Not applicable,_T,No breakdown by disability,2001,,1.32,,PER_10000_POP,"per 10,000 population",G,Global,_X,Not Available,,,,,"NHWA data portal, December 2024 update https://apps.who.int/nhwaportal/",
DATAFLOW,SPC:DF_BP50_2(1.0),Blue Pacific 2050: People-Centered Development (Thematic Area 2),I,A,Annual,SH_MED_DEN,Health worker density,CK,Cook Islands,_T,Total,_T,All ages,_T,National,_T,Total,_T,All education levels,2262,Pharmacists,_Z,Not applicable,_T,No breakdown by disability,2004,,1.33,,PER_10000_POP,"per 10,000 population",G,Global,_X,Not Available,,,,,"NHWA data portal, December 2024 update https://apps.who.int/nhwaportal/",
DATAFLOW,SPC:DF_BP50_2(1.0),Blue Pacific 2050: People-Centered Development (Thematic Area 2),I,A,Annual,SH_MED_DEN,Health worker density,CK,Cook Islands,_T,Total,_T,All ages,_T,National,_T,Total,_T,All education levels,2262,Pharmacists,_Z,Not applicable,_T,No breakdown by disability,2009,,0.61,,PER_10000_POP,"per 10,000 population",G,Global,_X,Not Available,,,,,"NHWA data portal, December 2024 update https://apps.who.int/nhwaportal/",
DATAFLOW,SPC:DF_BP50_2(1.0),Blue Pacific 2050: People-Centered Development (Thematic Area 2),I,A,Annual,SH_MED_DEN,Health worker density,CK,Cook Islands,_T,Total,_T,All ages,_T,National,_T,Total,_T,All education levels,2262,Pharmacists,_Z,Not applicable,_T,No breakdown by disability,2014,,0.57,,PER_10000_POP,"per 10,000 population",G,Global,_X,Not Available,,,,,"NHWA data portal, December 2024 update https://apps.who.int/nhwaportal/",
DATAFLOW,SPC:DF_BP50_2(1.0),Blue Pacific 2050: People-Centered Development (Thematic Area 2),I,A,Annual,SH_MED_DEN,Health worker density,NC,New Caledonia,_T,Total,_T,All ages,_T,National,_T,Total,_T,All education levels,2222,Midwifery Professionals,_Z,Not applicable,_T,No breakdown by disability,2004,,14.93,,PER_10000_POP,"per 10,000 population",N,National,C,Country Data,"Nouvelle-Caledonie, DASS-NC, INSEE, Eurostat ",,A,Normal value,"For midwives, density is measured in relation to the number of women aged 15 to 49.",
DATAFLOW,SPC:DF_BP50_2(1.0),Blue Pacific 2050: People-Centered Development (Thematic Area 2),I,A,Annual,SH_MED_DEN,Health worker density,NC,New Caledonia,_T,Total,_T,All ages,_T,National,_T,Total,_T,All education levels,2222,Midwifery Professionals,_Z,Not applicable,_T,No breakdown by disability,2005,,12.14,,PER_10000_POP,"per 10,000 population",N,National,C,Country Data,"Nouvelle-Caledonie, DASS-NC, INSEE, Eurostat ",,A,Normal value,"For midwives, density is measured in relation to the number of women aged 15 to 49.",
DATAFLOW,SPC:DF_BP50_2(1.0),Blue Pacific 2050: People-Centered Development (Thematic Area 2),I,A,Annual,SH_MED_DEN,Health worker density,NC,New Caledonia,_T,Total,_T,All ages,_T,National,_T,Total,_T,All education levels,2222,Midwifery Professionals,_Z,Not applicable,_T,No breakdown by disability,2006,,15.16,,PER_10000_POP,"per 10,000 population",N,National,C,Country Data,"Nouvelle-Caledonie, DASS-NC, INSEE, Eurostat ",,A,Normal value,"For midwives, density is measured in relation to the number of women aged 15 to 49.",
DATAFLOW,SPC:DF_BP50_2(1.0),Blue Pacific 2050: People-Centered Development (Thematic Area 2),I,A,Annual,SH_MED_DEN,Health worker density,NC,New Caledonia,_T,Total,_T,All ages,_T,National,_T,Total,_T,All education levels,2222,Midwifery Professionals,_Z,Not applicable,_T,No breakdown by disability,2007,,13.79,,PER_10000_POP,"per 10,000 population",N,National,C,Country Data,"Nouvelle-Caledonie, DASS-NC, INSEE, Eurostat ",,A,Normal value,"For midwives, density is measured in relation to the number of women aged 15 to 49.",
DATAFLOW,SPC:DF_BP50_2(1.0),Blue Pacific 2050: People-Centered Development (Thematic Area 2),I,A,Annual,SH_MED_DEN,Health worker density,NC,New Caledonia,_T,Total,_T,All ages,_T,National,_T,Total,_T,All education levels,2222,Midwifery Professionals,_Z,Not applicable,_T,No breakdown by disability,2008,,16.32,,PER_10000_POP,"per 10,000 population",N,National,C,Country Data,"Nouvelle-Caledonie, DASS-NC, INSEE, Eurostat ",,A,Normal value,"For midwives, density is measured in relation to the number of women aged 15 to 49.",
DATAFLOW,SPC:DF_BP50_2(1.0),Blue Pacific 2050: People-Centered Development (Thematic Area 2),I,A,Annual,SH_MED_DEN,Health worker density,NC,New Caledonia,_T,Total,_T,All ages,_T,National,_T,Total,_T,All education levels,2222,Midwifery Professionals,_Z,Not applicable,_T,No breakdown by disability,2010,,12.78,,PER_10000_POP,"per 10,000 population",N,National,C,Country Data,"Nouvelle-Caledonie, DASS-NC, INSEE, Eurostat ",,A,Normal value,"For midwives, density is measured in relation to the number of women aged 15 to 49.",
DATAFLOW,SPC:DF_BP50_2(1.0),Blue Pacific 2050: People-Centered Development (Thematic Area 2),I,A,Annual,SH_MED_DEN,Health worker density,NC,New Caledonia,_T,Total,_T,All ages,_T,National,_T,Total,_T,All education levels,2222,Midwifery Professionals,_Z,Not applicable,_T,No breakdown by disability,2011,,16.94,,PER_10000_POP,"per 10,000 population",N,National,C,Country Data,"Nouvelle-Caledonie, DASS-NC, INSEE, Eurostat ",,A,Normal value,"For midwives, density is measured in relation to the number of women aged 15 to 49.",
DATAFLOW,SPC:DF_BP50_2(1.0),Blue Pacific 2050: People-Centered Development (Thematic Area 2),I,A,Annual,SH_MED_DEN,Health worker density,NC,New Caledonia,_T,Total,_T,All ages,_T,National,_T,Total,_T,All education levels,2222,Midwifery Professionals,_Z,Not applicable,_T,No breakdown by disability,2012,,16.49,,PER_10000_POP,"per 10,000 population",N,National,C,Country Data,"Nouvelle-Caledonie, DASS-NC, INSEE, Eurostat ",,A,Normal value,"For midwives, density is measured in relation to the number of women aged 15 to 49.",
DATAFLOW,SPC:DF_BP50_2(1.0),Blue Pacific 2050: People-Centered Development (Thematic Area 2),I,A,Annual,SH_MED_DEN,Health worker density,NC,New Caledonia,_T,Total,_T,All ages,_T,National,_T,Total,_T,All education levels,2222,Midwifery Professionals,_Z,Not applicable,_T,No breakdown by disability,2013,,17.72,,PER_10000_POP,"per 10,000 population",N,National,C,Country Data,"Nouvelle-Caledonie, DASS-NC, INSEE, Eurostat ",,A,Normal value,"For midwives, density is measured in relation to the number of women aged 15 to 49.",
DATAFLOW,SPC:DF_BP50_2(1.0),Blue Pacific 2050: People-Centered Development (Thematic Area 2),I,A,Annual,SH_MED_DEN,Health worker density,NC,New Caledonia,_T,Total,_T,All ages,_T,National,_T,Total,_T,All education levels,2222,Midwifery Professionals,_Z,Not applicable,_T,No breakdown by disability,2014,,19.35,,PER_10000_POP,"per 10,000 population",N,National,C,Country Data,"Nouvelle-Caledonie, DASS-NC, INSEE, Eurostat ",,A,Normal value,"For midwives, density is measured in relation to the number of women aged 15 to 49.",
DATAFLOW,SPC:DF_BP50_2(1.0),Blue Pacific 2050: People-Centered Development (Thematic Area 2),I,A,Annual,SH_MED_DEN,Health worker density,NC,New Caledonia,_T,Total,_T,All ages,_T,National,_T,Total,_T,All education levels,2222,Midwifery Professionals,_Z,Not applicable,_T,No breakdown by disability,2015,,20.05,,PER_10000_POP,"per 10,000 population",N,National,C,Country Data,"Nouvelle-Caledonie, DASS-NC, INSEE, Eurostat ",,A,Normal value,"For midwives, density is measured in relation to the number of women aged 15 to 49.",
DATAFLOW,SPC:DF_BP50_2(1.0),Blue Pacific 2050: People-Centered Development (Thematic Area 2),I,A,Annual,SH_MED_DEN,Health worker density,NC,New Caledonia,_T,Total,_T,All ages,_T,National,_T,Total,_T,All education levels,2222,Midwifery Professionals,_Z,Not applicable,_T,No breakdown by disability,2016,,21.04,,PER_10000_POP,"per 10,000 population",N,National,C,Country Data,"Nouvelle-Caledonie, DASS-NC, INSEE, Eurostat ",,A,Normal value,"For midwives, density is measured in relation to the number of women aged 15 to 49.",
DATAFLOW,SPC:DF_BP50_2(1.0),Blue Pacific 2050: People-Centered Development (Thematic Area 2),I,A,Annual,SH_MED_DEN,Health worker density,NC,New Caledonia,_T,Total,_T,All ages,_T,National,_T,Total,_T,All education levels,2222,Midwifery Professionals,_Z,Not applicable,_T,No breakdown by disability,2017,,19.77,,PER_10000_POP,"per 10,000 population",N,National,C,Country Data,"Nouvelle-Caledonie, DASS-NC, INSEE, Eurostat ",,A,Normal value,"For midwives, density is measured in relation to the number of women aged 15 to 49.",
DATAFLOW,SPC:DF_BP50_2(1.0),Blue Pacific 2050: People-Centered Development (Thematic Area 2),I,A,Annual,SH_MED_DEN,Health worker density,NC,New Caledonia,_T,Total,_T,All ages,_T,National,_T,Total,_T,All education levels,2222,Midwifery Professionals,_Z,Not applicable,_T,No breakdown by disability,2018,,19.49,,PER_10000_POP,"per 10,000 population",N,National,C,Country Data,"Nouvelle-Caledonie, DASS-NC, INSEE, Eurostat ",,A,Normal value,"For midwives, density is measured in relation to the number of women aged 15 to 49.",
DATAFLOW,SPC:DF_BP50_2(1.0),Blue Pacific 2050: People-Centered Development (Thematic Area 2),I,A,Annual,SH_MED_DEN,Health worker density,FJ,Fiji,_T,Total,_T,All ages,_T,National,_T,Total,_T,All education levels,221,Medical Doctors,_Z,Not applicable,_T,No breakdown by disability,1999,,3.26,,PER_10000_POP,"per 10,000 population",G,Global,_X,Not Available,,,,,"NHWA data portal, December 2024 update https://apps.who.int/nhwaportal/",
DATAFLOW,SPC:DF_BP50_2(1.0),Blue Pacific 2050: People-Centered Development (Thematic Area 2),I,A,Annual,SH_MED_DEN,Health worker density,FJ,Fiji,_T,Total,_T,All ages,_T,National,_T,Total,_T,All education levels,221,Medical Doctors,_Z,Not applicable,_T,No breakdown by disability,2003,,4.39,,PER_10000_POP,"per 10,000 population",G,Global,_X,Not Available,,,,,"NHWA data portal, December 2024 update https://apps.who.int/nhwaportal/",
DATAFLOW,SPC:DF_BP50_2(1.0),Blue Pacific 2050: People-Centered Development (Thematic Area 2),I,A,Annual,SH_MED_DEN,Health worker density,FJ,Fiji,_T,Total,_T,All ages,_T,National,_T,Total,_T,All education levels,221,Medical Doctors,_Z,Not applicable,_T,No breakdown by disability,2008,,3.73,,PER_10000_POP,"per 10,000 population",G,Global,_X,Not Available,,,,,"NHWA data portal, December 2024 update https://apps.who.int/nhwaportal/",
DATAFLOW,SPC:DF_BP50_2(1.0),Blue Pacific 2050: People-Centered Development (Thematic Area 2),I,A,Annual,SH_MED_DEN,Health worker density,FJ,Fiji,_T,Total,_T,All ages,_T,National,_T,Total,_T,All education levels,221,Medical Doctors,_Z,Not applicable,_T,No breakdown by disability,2009,,4.1,,PER_10000_POP,"per 10,000 population",G,Global,_X,Not Available,,,,,"NHWA data portal, December 2024 update https://apps.who.int/nhwaportal/",
DATAFLOW,SPC:DF_BP50_2(1.0),Blue Pacific 2050: People-Centered Development (Thematic Area 2),I,A,Annual,SH_MED_DEN,Health worker density,FJ,Fiji,_T,Total,_T,All ages,_T,National,_T,Total,_T,All education levels,221,Medical Doctors,_Z,Not applicable,_T,No breakdown by disability,2013,,7.7,,PER_10000_POP,"per 10,000 population",G,Global,_X,Not Available,,,,,"NHWA data portal, December 2024 update https://apps.who.int/nhwaportal/",
DATAFLOW,SPC:DF_BP50_2(1.0),Blue Pacific 2050: People-Centered Development (Thematic Area 2),I,A,Annual,SH_MED_DEN,Health worker density,FJ,Fiji,_T,Total,_T,All ages,_T,National,_T,Total,_T,All education levels,221,Medical Doctors,_Z,Not applicable,_T,No breakdown by disability,2015,,8.13,,PER_10000_POP,"per 10,000 population",G,Global,_X,Not Available,,,,,"NHWA data portal, December 2024 update https://apps.who.int/nhwaportal/",
DATAFLOW,SPC:DF_BP50_2(1.0),Blue Pacific 2050: People-Centered Development (Thematic Area 2),I,A,Annual,SH_MED_DEN,Health worker density,TO,Tonga,_T,Total,_T,All ages,_T,National,_T,Total,_T,All education levels,2261,Dentists,_Z,Not applicable,_T,No breakdown by disability,2001,,3.2,,PER_10000_POP,"per 10,000 population",G,Global,_X,Not Available,,,,,"NHWA data portal, December 2024 update https://apps.who.int/nhwaportal/",
DATAFLOW,SPC:DF_BP50_2(1.0),Blue Pacific 2050: People-Centered Development (Thematic Area 2),I,A,Annual,SH_MED_DEN,Health worker density,TO,Tonga,_T,Total,_T,All ages,_T,National,_T,Total,_T,All education levels,2261,Dentists,_Z,Not applicable,_T,No breakdown by disability,2003,,2.2,,PER_10000_POP,"per 10,000 population",G,Global,_X,Not Available,,,,,"NHWA data portal, December 2024 update https://apps.who.int/nhwaportal/",
DATAFLOW,SPC:DF_BP50_2(1.0),Blue Pacific 2050: People-Centered Development (Thematic Area 2),I,A,Annual,SH_MED_DEN,Health worker density,TO,Tonga,_T,Total,_T,All ages,_T,National,_T,Total,_T,All education levels,2261,Dentists,_Z,Not applicable,_T,No breakdown by disability,2009,,1.03,,PER_10000_POP,"per 10,000 population",G,Global,_X,Not Available,,,,,"NHWA data portal, December 2024 update https://apps.who.int/nhwaportal/",
DATAFLOW,SPC:DF_BP50_2(1.0),Blue Pacific 2050: People-Centered Development (Thematic Area 2),I,A,Annual,SH_MED_DEN,Health worker density,TO,Tonga,_T,Total,_T,All ages,_T,National,_T,Total,_T,All education levels,2261,Dentists,_Z,Not applicable,_T,No breakdown by disability,2010,,0.93,,PER_10000_POP,"per 10,000 population",G,Global,_X,Not Available,,,,,"NHWA data portal, December 2024 update https://apps.who.int/nhwaportal/",
DATAFLOW,SPC:DF_BP50_2(1.0),Blue Pacific 2050: People-Centered Development (Thematic Area 2),I,A,Annual,SH_MED_DEN,Health worker density,TO,Tonga,_T,Total,_T,All ages,_T,National,_T,Total,_T,All education levels,2261,Dentists,_Z,Not applicable,_T,No breakdown by disability,2013,,1.12,,PER_10000_POP,"per 10,000 population",G,Global,_X,Not Available,,,,,"NHWA data portal, December 2024 update https://apps.who.int/nhwaportal/",
DATAFLOW,SPC:DF_BP50_2(1.0),Blue Pacific 2050: People-Centered Development (Thematic Area 2),I,A,Annual,SH_MED_DEN,Health worker density,TO,Tonga,_T,Total,_T,All ages,_T,National,_T,Total,_T,All education levels,2261,Dentists,_Z,Not applicable,_T,No breakdown by disability,2019,,1.61,,PER_10000_POP,"per 10,000 population",G,Global,_X,Not Available,,,,,"NHWA data portal, December 2024 update https://apps.who.int/nhwaportal/",
DATAFLOW,SPC:DF_BP50_2(1.0),Blue Pacific 2050: People-Centered Development (Thematic Area 2),I,A,Annual,SH_MED_DEN,Health worker density,TO,Tonga,_T,Total,_T,All ages,_T,National,_T,Total,_T,All education levels,2261,Dentists,_Z,Not applicable,_T,No breakdown by disability,2020,,1.42,,PER_10000_POP,"per 10,000 population",G,Global,_X,Not Available,,,,,"NHWA data portal, December 2024 update https://apps.who.int/nhwaportal/",
DATAFLOW,SPC:DF_BP50_2(1.0),Blue Pacific 2050: People-Centered Development (Thematic Area 2),I,A,Annual,SH_MED_DEN,Health worker density,SB,Solomon Islands,_T,Total,_T,All ages,_T,National,_T,Total,_T,All education levels,222,Nursing and Midwifery Professionals,_Z,Not applicable,_T,No breakdown by disability,1999,,8.39,,PER_10000_POP,"per 10,000 population",G,Global,_X,Not Available,,,,,"NHWA data portal, December 2024 update https://apps.who.int/nhwaportal/",
DATAFLOW,SPC:DF_BP50_2(1.0),Blue Pacific 2050: People-Centered Development (Thematic Area 2),I,A,Annual,SH_MED_DEN,Health worker density,SB,Solomon Islands,_T,Total,_T,All ages,_T,National,_T,Total,_T,All education levels,222,Nursing and Midwifery Professionals,_Z,Not applicable,_T,No breakdown by disability,2003,,13.51,,PER_10000_POP,"per 10,000 population",G,Global,_X,Not Available,,,,,"NHWA data portal, December 2024 update https://apps.who.int/nhwaportal/",
DATAFLOW,SPC:DF_BP50_2(1.0),Blue Pacific 2050: People-Centered Development (Thematic Area 2),I,A,Annual,SH_MED_DEN,Health worker density,SB,Solomon Islands,_T,Total,_T,All ages,_T,National,_T,Total,_T,All education levels,222,Nursing and Midwifery Professionals,_Z,Not applicable,_T,No breakdown by disability,2005,,14.37,,PER_10000_POP,"per 10,000 population",G,Global,_X,Not Available,,,,,"NHWA data portal, December 2024 update https://apps.who.int/nhwaportal/",
DATAFLOW,SPC:DF_BP50_2(1.0),Blue Pacific 2050: People-Centered Development (Thematic Area 2),I,A,Annual,SH_MED_DEN,Health worker density,SB,Solomon Islands,_T,Total,_T,All ages,_T,National,_T,Total,_T,All education levels,222,Nursing and Midwifery Professionals,_Z,Not applicable,_T,No breakdown by disability,2009,,20.85,,PER_10000_POP,"per 10,000 population",G,Global,_X,Not Available,,,,,"NHWA data portal, December 2024 update https://apps.who.int/nhwaportal/",
DATAFLOW,SPC:DF_BP50_2(1.0),Blue Pacific 2050: People-Centered Development (Thematic Area 2),I,A,Annual,SH_MED_DEN,Health worker density,SB,Solomon Islands,_T,Total,_T,All ages,_T,National,_T,Total,_T,All education levels,222,Nursing and Midwifery Professionals,_Z,Not applicable,_T,No breakdown by disability,2011,,17.49,,PER_10000_POP,"per 10,000 population",G,Global,_X,Not Available,,,,,"NHWA data portal, December 2024 update https://apps.who.int/nhwaportal/",
DATAFLOW,SPC:DF_BP50_2(1.0),Blue Pacific 2050: People-Centered Development (Thematic Area 2),I,A,Annual,SH_MED_DEN,Health worker density,SB,Solomon Islands,_T,Total,_T,All ages,_T,National,_T,Total,_T,All education levels,222,Nursing and Midwifery Professionals,_Z,Not applicable,_T,No breakdown by disability,2012,,16.84,,PER_10000_POP,"per 10,000 population",G,Global,_X,Not Available,,,,,"NHWA data portal, December 2024 update https://apps.who.int/nhwaportal/",
DATAFLOW,SPC:DF_BP50_2(1.0),Blue Pacific 2050: People-Centered Development (Thematic Area 2),I,A,Annual,SH_MED_DEN,Health worker density,SB,Solomon Islands,_T,Total,_T,All ages,_T,National,_T,Total,_T,All education levels,222,Nursing and Midwifery Professionals,_Z,Not applicable,_T,No breakdown by disability,2013,,19.15,,PER_10000_POP,"per 10,000 population",G,Global,_X,Not Available,,,,,"NHWA data portal, December 2024 update https://apps.who.int/nhwaportal/",
DATAFLOW,SPC:DF_BP50_2(1.0),Blue Pacific 2050: People-Centered Development (Thematic Area 2),I,A,Annual,SH_MED_DEN,Health worker density,SB,Solomon Islands,_T,Total,_T,All ages,_T,National,_T,Total,_T,All education levels,222,Nursing and Midwifery Professionals,_Z,Not applicable,_T,No breakdown by disability,2015,,1.78,,PER_1000_POP,"per 1,000 population",N,National,C,Country Data,"Solomon Islands Education Report 2015-16, Ministry of Education",,,,,
DATAFLOW,SPC:DF_BP50_2(1.0),Blue Pacific 2050: People-Centered Development (Thematic Area 2),I,A,Annual,SH_MED_DEN,Health worker density,SB,Solomon Islands,_T,Total,_T,All ages,_T,National,_T,Total,_T,All education levels,222,Nursing and Midwifery Professionals,_Z,Not applicable,_T,No breakdown by disability,2018,,19.93,,PER_10000_POP,"per 10,000 population",G,Global,_X,Not Available,,,,,"NHWA data portal, December 2024 update https://apps.who.int/nhwaportal/",
DATAFLOW,SPC:DF_BP50_2(1.0),Blue Pacific 2050: People-Centered Development (Thematic Area 2),I,A,Annual,SH_MED_DEN,Health worker density,SB,Solomon Islands,_T,Total,_T,All ages,_T,National,_T,Total,_T,All education levels,222,Nursing and Midwifery Professionals,_Z,Not applicable,_T,No breakdown by disability,2023,,20.01,,PER_10000_POP,"per 10,000 population",G,Global,_X,Not Available,,,,,"NHWA data portal, December 2024 update https://apps.who.int/nhwaportal/",
DATAFLOW,SPC:DF_BP50_2(1.0),Blue Pacific 2050: People-Centered Development (Thematic Area 2),I,A,Annual,SH_MED_DEN,Health worker density,PG,Papua New Guinea,_T,Total,_T,All ages,_T,National,_T,Total,_T,All education levels,2262,Pharmacists,_Z,Not applicable,_T,No breakdown by disability,2012,,0.44,,PER_10000_POP,"per 10,000 population",G,Global,_X,Not Available,,,,,"NHWA data portal, December 2024 update https://apps.who.int/nhwaportal/",
DATAFLOW,SPC:DF_BP50_2(1.0),Blue Pacific 2050: People-Centered Development (Thematic Area 2),I,A,Annual,SH_MED_DEN,Health worker density,PG,Papua New Guinea,_T,Total,_T,All ages,_T,National,_T,Total,_T,All education levels,2262,Pharmacists,_Z,Not applicable,_T,No breakdown by disability,2017,,0.62,,PER_10000_POP,"per 10,000 population",G,Global,_X,Not Available,,,,,"NHWA data portal, December 2024 update https://apps.who.int/nhwaportal/",
DATAFLOW,SPC:DF_BP50_2(1.0),Blue Pacific 2050: People-Centered Development (Thematic Area 2),I,A,Annual,SH_MED_DEN,Health worker density,PG,Papua New Guinea,_T,Total,_T,All ages,_T,National,_T,Total,_T,All education levels,2262,Pharmacists,_Z,Not applicable,_T,No breakdown by disability,2018,,0.12,,PER_10000_POP,"per 10,000 population",G,Global,_X,Not Available,,,,,"NHWA data portal, December 2024 update https://apps.who.int/nhwaportal/",
DATAFLOW,SPC:DF_BP50_2(1.0),Blue Pacific 2050: People-Centered Development (Thematic Area 2),I,A,Annual,SH_MED_DEN,Health worker density,PG,Papua New Guinea,_T,Total,_T,All ages,_T,National,_T,Total,_T,All education levels,2262,Pharmacists,_Z,Not applicable,_T,No breakdown by disability,2021,,0.08,,PER_10000_POP,"per 10,000 population",G,Global,_X,Not Available,,,,,"NHWA data portal, December 2024 update https://apps.who.int/nhwaportal/",
DATAFLOW,SPC:DF_BP50_2(1.0),Blue Pacific 2050: People-Centered Development (Thematic Area 2),I,A,Annual,SH_MED_DEN,Health worker density,PG,Papua New Guinea,_T,Total,_T,All ages,_T,National,_T,Total,_T,All education levels,2262,Pharmacists,_Z,Not applicable,_T,No breakdown by disability,2023,,0.08,,PER_10000_POP,"per 10,000 population",G,Global,_X,Not Available,,,,,"NHWA data portal, December 2024 update https://apps.who.int/nhwaportal/",
DATAFLOW,SPC:DF_BP50_2(1.0),Blue Pacific 2050: People-Centered Development (Thematic Area 2),I,A,Annual,SH_MED_DEN,Health worker density,KI,Kiribati,_T,Total,_T,All ages,_T,National,_T,Total,_T,All education levels,222,Nursing and Midwifery Professionals,_Z,Not applicable,_T,No breakdown by disability,1998,,22.29,,PER_10000_POP,"per 10,000 population",G,Global,_X,Not Available,,,,,"NHWA data portal, December 2024 update https://apps.who.int/nhwaportal/",
DATAFLOW,SPC:DF_BP50_2(1.0),Blue Pacific 2050: People-Centered Development (Thematic Area 2),I,A,Annual,SH_MED_DEN,Health worker density,KI,Kiribati,_T,Total,_T,All ages,_T,National,_T,Total,_T,All education levels,222,Nursing and Midwifery Professionals,_Z,Not applicable,_T,No breakdown by disability,2004,,27.06,,PER_10000_POP,"per 10,000 population",G,Global,_X,Not Available,,,,,"NHWA data portal, December 2024 update https://apps.who.int/nhwaportal/",
DATAFLOW,SPC:DF_BP50_2(1.0),Blue Pacific 2050: People-Centered Development (Thematic Area 2),I,A,Annual,SH_MED_DEN,Health worker density,KI,Kiribati,_T,Total,_T,All ages,_T,National,_T,Total,_T,All education levels,222,Nursing and Midwifery Professionals,_Z,Not applicable,_T,No breakdown by disability,2008,,34.65,,PER_10000_POP,"per 10,000 population",G,Global,_X,Not Available,,,,,"NHWA data portal, December 2024 update https://apps.who.int/nhwaportal/",
DATAFLOW,SPC:DF_BP50_2(1.0),Blue Pacific 2050: People-Centered Development (Thematic Area 2),I,A,Annual,SH_MED_DEN,Health worker density,KI,Kiribati,_T,Total,_T,All ages,_T,National,_T,Total,_T,All education levels,222,Nursing and Midwifery Professionals,_Z,Not applicable,_T,No breakdown by disability,2010,,37.17,,PER_10000_POP,"per 10,000 population",G,Global,_X,Not Available,,,,,"NHWA data portal, December 2024 update https://apps.who.int/nhwaportal/",
DATAFLOW,SPC:DF_BP50_2(1.0),Blue Pacific 2050: People-Centered Development (Thematic Area 2),I,A,Annual,SH_MED_DEN,Health worker density,KI,Kiribati,_T,Total,_T,All ages,_T,National,_T,Total,_T,All education levels,222,Nursing and Midwifery Professionals,_Z,Not applicable,_T,No breakdown by disability,2011,,37.25,,PER_10000_POP,"per 10,000 population",G,Global,_X,Not Available,,,,,"NHWA data portal, December 2024 update https://apps.who.int/nhwaportal/",
DATAFLOW,SPC:DF_BP50_2(1.0),Blue Pacific 2050: People-Centered Development (Thematic Area 2),I,A,Annual,SH_MED_DEN,Health worker density,KI,Kiribati,_T,Total,_T,All ages,_T,National,_T,Total,_T,All education levels,222,Nursing and Midwifery Professionals,_Z,Not applicable,_T,No breakdown by disability,2013,,54.48,,PER_10000_POP,"per 10,000 population",G,Global,_X,Not Available,,,,,"NHWA data portal, December 2024 update https://apps.who.int/nhwaportal/",
DATAFLOW,SPC:DF_BP50_2(1.0),Blue Pacific 2050: People-Centered Development (Thematic Area 2),I,A,Annual,SH_MED_DEN,Health worker density,KI,Kiribati,_T,Total,_T,All ages,_T,National,_T,Total,_T,All education levels,222,Nursing and Midwifery Professionals,_Z,Not applicable,_T,No breakdown by disability,2018,,36.28,,PER_10000_POP,"per 10,000 population",G,Global,_X,Not Available,,,,,"NHWA data portal, December 2024 update https://apps.who.int/nhwaportal/",
DATAFLOW,SPC:DF_BP50_2(1.0),Blue Pacific 2050: People-Centered Development (Thematic Area 2),I,A,Annual,SH_STA_MORT,Maternal mortality ratio,TO,Tonga,F,Female,_T,All ages,_T,National,_T,Total,_T,All education levels,_T,All occupations,_Z,Not applicable,_T,No breakdown by disability,2000,,94,,PER_100000_LIVE_BIRTHS,"per 100,000 live births",G,Global,E,Estimated,"Estimates by WHO, UNICEF, UNFPA, World Bank Group and UNDESA/Population Division. Geneva: World Health Organization; 2023.",,,,,
DATAFLOW,SPC:DF_BP50_2(1.0),Blue Pacific 2050: People-Centered Development (Thematic Area 2),I,A,Annual,SH_STA_MORT,Maternal mortality ratio,TO,Tonga,F,Female,_T,All ages,_T,National,_T,Total,_T,All education levels,_T,All occupations,_Z,Not applicable,_T,No breakdown by disability,2001,,95,,PER_100000_LIVE_BIRTHS,"per 100,000 live births",G,Global,E,Estimated,"Estimates by WHO, UNICEF, UNFPA, World Bank Group and UNDESA/Population Division. Geneva: World Health Organization; 2023.",,,,,
DATAFLOW,SPC:DF_BP50_2(1.0),Blue Pacific 2050: People-Centered Development (Thematic Area 2),I,A,Annual,SH_STA_MORT,Maternal mortality ratio,TO,Tonga,F,Female,_T,All ages,_T,National,_T,Total,_T,All education levels,_T,All occupations,_Z,Not applicable,_T,No breakdown by disability,2002,,94,,PER_100000_LIVE_BIRTHS,"per 100,000 live births",G,Global,E,Estimated,"Estimates by WHO, UNICEF, UNFPA, World Bank Group and UNDESA/Population Division. Geneva: World Health Organization; 2023.",,,,,
DATAFLOW,SPC:DF_BP50_2(1.0),Blue Pacific 2050: People-Centered Development (Thematic Area 2),I,A,Annual,SH_STA_MORT,Maternal mortality ratio,TO,Tonga,F,Female,_T,All ages,_T,National,_T,Total,_T,All education levels,_T,All occupations,_Z,Not applicable,_T,No breakdown by disability,2003,,94,,PER_100000_LIVE_BIRTHS,"per 100,000 live births",G,Global,E,Estimated,"Estimates by WHO, UNICEF, UNFPA, World Bank Group and UNDESA/Population Division. Geneva: World Health Organization; 2023.",,,,,
DATAFLOW,SPC:DF_BP50_2(1.0),Blue Pacific 2050: People-Centered Development (Thematic Area 2),I,A,Annual,SH_STA_MORT,Maternal mortality ratio,TO,Tonga,F,Female,_T,All ages,_T,National,_T,Total,_T,All education levels,_T,All occupations,_Z,Not applicable,_T,No breakdown by disability,2004,,95,,PER_100000_LIVE_BIRTHS,"per 100,000 live births",G,Global,E,Estimated,"Estimates by WHO, UNICEF, UNFPA, World Bank Group and UNDESA/Population Division. Geneva: World Health Organization; 2023.",,,,,
DATAFLOW,SPC:DF_BP50_2(1.0),Blue Pacific 2050: People-Centered Development (Thematic Area 2),I,A,Annual,SH_STA_MORT,Maternal mortality ratio,TO,Tonga,F,Female,_T,All ages,_T,National,_T,Total,_T,All education levels,_T,All occupations,_Z,Not applicable,_T,No breakdown by disability,2005,,95,,PER_100000_LIVE_BIRTHS,"per 100,000 live births",G,Global,E,Estimated,"Estimates by WHO, UNICEF, UNFPA, World Bank Group and UNDESA/Population Division. Geneva: World Health Organization; 2023.",,,,,
DATAFLOW,SPC:DF_BP50_2(1.0),Blue Pacific 2050: People-Centered Development (Thematic Area 2),I,A,Annual,SH_STA_MORT,Maternal mortality ratio,TO,Tonga,F,Female,_T,All ages,_T,National,_T,Total,_T,All education levels,_T,All occupations,_Z,Not applicable,_T,No breakdown by disability,2006,,99,,PER_100000_LIVE_BIRTHS,"per 100,000 live births",G,Global,E,Estimated,"Estimates by WHO, UNICEF, UNFPA, World Bank Group and UNDESA/Population Division. Geneva: World Health Organization; 2023.",,,,,
DATAFLOW,SPC:DF_BP50_2(1.0),Blue Pacific 2050: People-Centered Development (Thematic Area 2),I,A,Annual,SH_STA_MORT,Maternal mortality ratio,TO,Tonga,F,Female,_T,All ages,_T,National,_T,Total,_T,All education levels,_T,All occupations,_Z,Not applicable,_T,No breakdown by disability,2007,,97,,PER_100000_LIVE_BIRTHS,"per 100,000 live births",G,Global,E,Estimated,"Estimates by WHO, UNICEF, UNFPA, World Bank Group and UNDESA/Population Division. Geneva: World Health Organization; 2023.",,,,,
DATAFLOW,SPC:DF_BP50_2(1.0),Blue Pacific 2050: People-Centered Development (Thematic Area 2),I,A,Annual,SH_STA_MORT,Maternal mortality ratio,TO,Tonga,F,Female,_T,All ages,_T,National,_T,Total,_T,All education levels,_T,All occupations,_Z,Not applicable,_T,No breakdown by disability,2008,,97,,PER_100000_LIVE_BIRTHS,"per 100,000 live births",G,Global,E,Estimated,"Estimates by WHO, UNICEF, UNFPA, World Bank Group and UNDESA/Population Division. Geneva: World Health Organization; 2023.",,,,,
DATAFLOW,SPC:DF_BP50_2(1.0),Blue Pacific 2050: People-Centered Development (Thematic Area 2),I,A,Annual,SH_STA_MORT,Maternal mortality ratio,TO,Tonga,F,Female,_T,All ages,_T,National,_T,Total,_T,All education levels,_T,All occupations,_Z,Not applicable,_T,No breakdown by disability,2009,,103,,PER_100000_LIVE_BIRTHS,"per 100,000 live births",G,Global,E,Estimated,"Estimates by WHO, UNICEF, UNFPA, World Bank Group and UNDESA/Population Division. Geneva: World Health Organization; 2023.",,,,,
DATAFLOW,SPC:DF_BP50_2(1.0),Blue Pacific 2050: People-Centered Development (Thematic Area 2),I,A,Annual,SH_STA_MORT,Maternal mortality ratio,TO,Tonga,F,Female,_T,All ages,_T,National,_T,Total,_T,All education levels,_T,All occupations,_Z,Not applicable,_T,No breakdown by disability,2010,,93,,PER_100000_LIVE_BIRTHS,"per 100,000 live births",G,Global,E,Estimated,"Estimates by WHO, UNICEF, UNFPA, World Bank Group and UNDESA/Population Division. Geneva: World Health Organization; 2023.",,,,,
DATAFLOW,SPC:DF_BP50_2(1.0),Blue Pacific 2050: People-Centered Development (Thematic Area 2),I,A,Annual,SH_STA_MORT,Maternal mortality ratio,TO,Tonga,F,Female,_T,All ages,_T,National,_T,Total,_T,All education levels,_T,All occupations,_Z,Not applicable,_T,No breakdown by disability,2011,,93,,PER_100000_LIVE_BIRTHS,"per 100,000 live births",G,Global,E,Estimated,"Estimates by WHO, UNICEF, UNFPA, World Bank Group and UNDESA/Population Division. Geneva: World Health Organization; 2023.",,,,,
DATAFLOW,SPC:DF_BP50_2(1.0),Blue Pacific 2050: People-Centered Development (Thematic Area 2),I,A,Annual,SH_STA_MORT,Maternal mortality ratio,TO,Tonga,F,Female,_T,All ages,_T,National,_T,Total,_T,All education levels,_T,All occupations,_Z,Not applicable,_T,No breakdown by disability,2012,,92,,PER_100000_LIVE_BIRTHS,"per 100,000 live births",G,Global,E,Estimated,"Estimates by WHO, UNICEF, UNFPA, World Bank Group and UNDESA/Population Division. Geneva: World Health Organization; 2023.",,,,,
DATAFLOW,SPC:DF_BP50_2(1.0),Blue Pacific 2050: People-Centered Development (Thematic Area 2),I,A,Annual,SH_STA_MORT,Maternal mortality ratio,TO,Tonga,F,Female,_T,All ages,_T,National,_T,Total,_T,All education levels,_T,All occupations,_Z,Not applicable,_T,No breakdown by disability,2013,,93,,PER_100000_LIVE_BIRTHS,"per 100,000 live births",G,Global,E,Estimated,"Estimates by WHO, UNICEF, UNFPA, World Bank Group and UNDESA/Population Division. Geneva: World Health Organization; 2023.",,,,,
DATAFLOW,SPC:DF_BP50_2(1.0),Blue Pacific 2050: People-Centered Development (Thematic Area 2),I,A,Annual,SH_STA_MORT,Maternal mortality ratio,TO,Tonga,F,Female,_T,All ages,_T,National,_T,Total,_T,All education levels,_T,All occupations,_Z,Not applicable,_T,No breakdown by disability,2014,,94,,PER_100000_LIVE_BIRTHS,"per 100,000 live births",G,Global,E,Estimated,"Estimates by WHO, UNICEF, UNFPA, World Bank Group and UNDESA/Population Division. Geneva: World Health Organization; 2023.",,,,,
DATAFLOW,SPC:DF_BP50_2(1.0),Blue Pacific 2050: People-Centered Development (Thematic Area 2),I,A,Annual,SH_STA_MORT,Maternal mortality ratio,TO,Tonga,F,Female,_T,All ages,_T,National,_T,Total,_T,All education levels,_T,All occupations,_Z,Not applicable,_T,No breakdown by disability,2015,,86,,PER_100000_LIVE_BIRTHS,"per 100,000 live births",G,Global,E,Estimated,"Estimates by WHO, UNICEF, UNFPA, World Bank Group and UNDESA/Population Division. Geneva: World Health Organization; 2023.",,,,,
DATAFLOW,SPC:DF_BP50_2(1.0),Blue Pacific 2050: People-Centered Development (Thematic Area 2),I,A,Annual,SH_STA_MORT,Maternal mortality ratio,TO,Tonga,F,Female,_T,All ages,_T,National,_T,Total,_T,All education levels,_T,All occupations,_Z,Not applicable,_T,No breakdown by disability,2016,,84,,PER_100000_LIVE_BIRTHS,"per 100,000 live births",G,Global,E,Estimated,"Estimates by WHO, UNICEF, UNFPA, World Bank Group and UNDESA/Population Division. Geneva: World Health Organization; 2023.",,,,,
DATAFLOW,SPC:DF_BP50_2(1.0),Blue Pacific 2050: People-Centered Development (Thematic Area 2),I,A,Annual,SH_STA_MORT,Maternal mortality ratio,TO,Tonga,F,Female,_T,All ages,_T,National,_T,Total,_T,All education levels,_T,All occupations,_Z,Not applicable,_T,No breakdown by disability,2017,,84,,PER_100000_LIVE_BIRTHS,"per 100,000 live births",G,Global,E,Estimated,"Estimates by WHO, UNICEF, UNFPA, World Bank Group and UNDESA/Population Division. Geneva: World Health Organization; 2023.",,,,,
DATAFLOW,SPC:DF_BP50_2(1.0),Blue Pacific 2050: People-Centered Development (Thematic Area 2),I,A,Annual,SH_STA_MORT,Maternal mortality ratio,TO,Tonga,F,Female,_T,All ages,_T,National,_T,Total,_T,All education levels,_T,All occupations,_Z,Not applicable,_T,No breakdown by disability,2018,,84,,PER_100000_LIVE_BIRTHS,"per 100,000 live births",G,Global,E,Estimated,"Estimates by WHO, UNICEF, UNFPA, World Bank Group and UNDESA/Population Division. Geneva: World Health Organization; 2023.",,,,,
DATAFLOW,SPC:DF_BP50_2(1.0),Blue Pacific 2050: People-Centered Development (Thematic Area 2),I,A,Annual,SH_STA_MORT,Maternal mortality ratio,TO,Tonga,F,Female,_T,All ages,_T,National,_T,Total,_T,All education levels,_T,All occupations,_Z,Not applicable,_T,No breakdown by disability,2019,,125,,PER_100000_LIVE_BIRTHS,"per 100,000 live births",G,Global,E,Estimated,"Estimates by WHO, UNICEF, UNFPA, World Bank Group and UNDESA/Population Division. Geneva: World Health Organization; 2023.",,,,,
DATAFLOW,SPC:DF_BP50_2(1.0),Blue Pacific 2050: People-Centered Development (Thematic Area 2),I,A,Annual,SH_STA_MORT,Maternal mortality ratio,TO,Tonga,F,Female,_T,All ages,_T,National,_T,Total,_T,All education levels,_T,All occupations,_Z,Not applicable,_T,No breakdown by disability,2020,,126,,PER_100000_LIVE_BIRTHS,"per 100,000 live births",G,Global,E,Estimated,"Estimates by WHO, UNICEF, UNFPA, World Bank Group and UNDESA/Population Division. Geneva: World Health Organization; 2023.",,,,,
DATAFLOW,SPC:DF_BP50_2(1.0),Blue Pacific 2050: People-Centered Development (Thematic Area 2),I,A,Annual,SH_STA_MORT,Maternal mortality ratio,MH,Marshall Islands,F,Female,_T,All ages,_T,National,_T,Total,_T,All education levels,_T,All occupations,_Z,Not applicable,_T,No breakdown by disability,2016,,121,,PER_100000_LIVE_BIRTHS,"per 100,000 live births",N,National,C,Country Data,Country data,,,,,
DATAFLOW,SPC:DF_BP50_2(1.0),Blue Pacific 2050: People-Centered Development (Thematic Area 2),I,A,Annual,SH_STA_MORT,Maternal mortality ratio,MH,Marshall Islands,F,Female,_T,All ages,_T,National,_T,Total,_T,All education levels,_T,All occupations,_Z,Not applicable,_T,No breakdown by disability,2017,,92,,PER_100000_LIVE_BIRTHS,"per 100,000 live births",G,Global,E,Estimated,"UNSD Database - (Country data, from Marshall Islands Ministry of Health Annual Report 2011, gives a MMR of 105 in 2011.)",,,,,
DATAFLOW,SPC:DF_BP50_2(1.0),Blue Pacific 2050: People-Centered Development (Thematic Area 2),I,A,Annual,SH_STA_MORT,Maternal mortality ratio,MH,Marshall Islands,F,Female,_T,All ages,_T,National,_T,Total,_T,All education levels,_T,All occupations,_Z,Not applicable,_T,No breakdown by disability,2018,,193,,PER_100000_LIVE_BIRTHS,"per 100,000 live births",N,National,C,Country Data,"Republic of the Marshall Islands, Ministry of Health and Human Services, QUAD Report, FY2019 to FY2021. 2024",,,,,
DATAFLOW,SPC:DF_BP50_2(1.0),Blue Pacific 2050: People-Centered Development (Thematic Area 2),I,A,Annual,SH_STA_MORT,Maternal mortality ratio,MH,Marshall Islands,F,Female,_T,All ages,_T,National,_T,Total,_T,All education levels,_T,All occupations,_Z,Not applicable,_T,No breakdown by disability,2019,,237,,PER_100000_LIVE_BIRTHS,"per 100,000 live births",N,National,C,Country Data,"Republic of the Marshall Islands, Ministry of Health and Human Services, QUAD Report, FY2019 to FY2021. 2024",,,,,
DATAFLOW,SPC:DF_BP50_2(1.0),Blue Pacific 2050: People-Centered Development (Thematic Area 2),I,A,Annual,SH_STA_MORT,Maternal mortality ratio,MH,Marshall Islands,F,Female,_T,All ages,_T,National,_T,Total,_T,All education levels,_T,All occupations,_Z,Not applicable,_T,No breakdown by disability,2020,,302,,PER_100000_LIVE_BIRTHS,"per 100,000 live births",N,National,C,Country Data,"Republic of the Marshall Islands, Ministry of Health and Human Services, QUAD Report, FY2019 to FY2021. 2024",,,,,
DATAFLOW,SPC:DF_BP50_2(1.0),Blue Pacific 2050: People-Centered Development (Thematic Area 2),I,A,Annual,SH_STA_MORT,Maternal mortality ratio,MH,Marshall Islands,F,Female,_T,All ages,_T,National,_T,Total,_T,All education levels,_T,All occupations,_Z,Not applicable,_T,No breakdown by disability,2021,,305,,PER_100000_LIVE_BIRTHS,"per 100,000 live births",N,National,C,Country Data,"Republic of the Marshall Islands, Ministry of Health and Human Services, QUAD Report, FY2019 to FY2021. 2024",,,,,
DATAFLOW,SPC:DF_BP50_2(1.0),Blue Pacific 2050: People-Centered Development (Thematic Area 2),I,A,Annual,SH_MED_DEN,Health worker density,WS,Samoa,_T,Total,_T,All ages,_T,National,_T,Total,_T,All education levels,2262,Pharmacists,_Z,Not applicable,_T,No breakdown by disability,2003,,1.08,,PER_10000_POP,"per 10,000 population",G,Global,_X,Not Available,,,,,"NHWA data portal, December 2024 update https://apps.who.int/nhwaportal/",
DATAFLOW,SPC:DF_BP50_2(1.0),Blue Pacific 2050: People-Centered Development (Thematic Area 2),I,A,Annual,SH_MED_DEN,Health worker density,WS,Samoa,_T,Total,_T,All ages,_T,National,_T,Total,_T,All education levels,2262,Pharmacists,_Z,Not applicable,_T,No breakdown by disability,2008,,0.84,,PER_10000_POP,"per 10,000 population",G,Global,_X,Not Available,,,,,"NHWA data portal, December 2024 update https://apps.who.int/nhwaportal/",
DATAFLOW,SPC:DF_BP50_2(1.0),Blue Pacific 2050: People-Centered Development (Thematic Area 2),I,A,Annual,SH_MED_DEN,Health worker density,WS,Samoa,_T,Total,_T,All ages,_T,National,_T,Total,_T,All education levels,2262,Pharmacists,_Z,Not applicable,_T,No breakdown by disability,2013,,0.71,,PER_10000_POP,"per 10,000 population",G,Global,_X,Not Available,,,,,"NHWA data portal, December 2024 update https://apps.who.int/nhwaportal/",
DATAFLOW,SPC:DF_BP50_2(1.0),Blue Pacific 2050: People-Centered Development (Thematic Area 2),I,A,Annual,SH_MED_DEN,Health worker density,WS,Samoa,_T,Total,_T,All ages,_T,National,_T,Total,_T,All education levels,2262,Pharmacists,_Z,Not applicable,_T,No breakdown by disability,2015,,0.32,,PER_1000_POP,"per 1,000 population",N,National,C,Country Data,Samoa Ministry of Health - Health Sector Plan Report,,,,,
DATAFLOW,SPC:DF_BP50_2(1.0),Blue Pacific 2050: People-Centered Development (Thematic Area 2),I,A,Annual,SH_MED_DEN,Health worker density,WS,Samoa,_T,Total,_T,All ages,_T,National,_T,Total,_T,All education levels,2262,Pharmacists,_Z,Not applicable,_T,No breakdown by disability,2020,,0.24,,PER_10000_POP,"per 10,000 population",G,Global,_X,Not Available,,,,,"NHWA data portal, December 2024 update https://apps.who.int/nhwaportal/",
DATAFLOW,SPC:DF_BP50_2(1.0),Blue Pacific 2050: People-Centered Development (Thematic Area 2),I,A,Annual,SH_STA_MORT,Maternal mortality ratio,TV,Tuvalu,F,Female,_T,All ages,_T,National,_T,Total,_T,All education levels,_T,All occupations,_Z,Not applicable,_T,No breakdown by disability,2010,,0,,PER_100000_LIVE_BIRTHS,"per 100,000 live births",N,National,C,Country Data,Ministry of Health cited in Tuvalu - The Status of Health 2010.,,,,,
DATAFLOW,SPC:DF_BP50_2(1.0),Blue Pacific 2050: People-Centered Development (Thematic Area 2),I,A,Annual,SH_MED_DEN,Health worker density,PF,French Polynesia,_T,Total,_T,All ages,_T,National,_T,Total,_T,All education levels,2262,Pharmacists,_Z,Not applicable,_T,No breakdown by disability,2001,,4.3,,PER_10000_POP,"per 10,000 population",N,National,C,Country Data,"Polynesie Francaise, ISPF, PolyBref 2004, Ordre national des Medecins, des Chirurgiens-Dentistes, Direction de la Sante",,A,Normal value,,
DATAFLOW,SPC:DF_BP50_2(1.0),Blue Pacific 2050: People-Centered Development (Thematic Area 2),I,A,Annual,SH_MED_DEN,Health worker density,PF,French Polynesia,_T,Total,_T,All ages,_T,National,_T,Total,_T,All education levels,2262,Pharmacists,_Z,Not applicable,_T,No breakdown by disability,2002,,4,,PER_10000_POP,"per 10,000 population",N,National,C,Country Data,"Polynesie Francaise, ISPF, PolyBref 2005, Ordre national des Medecins, des Chirurgiens-Dentistes, Direction de la Sante",,A,Normal value,,
DATAFLOW,SPC:DF_BP50_2(1.0),Blue Pacific 2050: People-Centered Development (Thematic Area 2),I,A,Annual,SH_MED_DEN,Health worker density,PF,French Polynesia,_T,Total,_T,All ages,_T,National,_T,Total,_T,All education levels,2262,Pharmacists,_Z,Not applicable,_T,No breakdown by disability,2003,,4,,PER_10000_POP,"per 10,000 population",N,National,C,Country Data,"Polynesie Francaise, ISPF, PolyBref 2006, Ordre national des Medecins, des Chirurgiens-Dentistes, Direction de la Sante",,A,Normal value,,
DATAFLOW,SPC:DF_BP50_2(1.0),Blue Pacific 2050: People-Centered Development (Thematic Area 2),I,A,Annual,SH_MED_DEN,Health worker density,PF,French Polynesia,_T,Total,_T,All ages,_T,National,_T,Total,_T,All education levels,2262,Pharmacists,_Z,Not applicable,_T,No breakdown by disability,2004,,4,,PER_10000_POP,"per 10,000 population",N,National,C,Country Data,"Polynesie Francaise, ISPF, PolyBref 2007, Ordre national des Medecins, des Chirurgiens-Dentistes, Direction de la Sante",,A,Normal value,,
DATAFLOW,SPC:DF_BP50_2(1.0),Blue Pacific 2050: People-Centered Development (Thematic Area 2),I,A,Annual,SH_MED_DEN,Health worker density,PF,French Polynesia,_T,Total,_T,All ages,_T,National,_T,Total,_T,All education levels,2262,Pharmacists,_Z,Not applicable,_T,No breakdown by disability,2005,,4.1,,PER_10000_POP,"per 10,000 population",N,National,C,Country Data,"Polynesie Francaise, ISPF, PolyBref 2008, Ordre national des Medecins, des Chirurgiens-Dentistes, Direction de la Sante",,A,Normal value,,
DATAFLOW,SPC:DF_BP50_2(1.0),Blue Pacific 2050: People-Centered Development (Thematic Area 2),I,A,Annual,SH_MED_DEN,Health worker density,PF,French Polynesia,_T,Total,_T,All ages,_T,National,_T,Total,_T,All education levels,2262,Pharmacists,_Z,Not applicable,_T,No breakdown by disability,2006,,4,,PER_10000_POP,"per 10,000 population",N,National,C,Country Data,"Polynesie Francaise, ISPF, PolyBref 2009, Ordre national des Medecins, des Chirurgiens-Dentistes, Direction de la Sante",,A,Normal value,,
DATAFLOW,SPC:DF_BP50_2(1.0),Blue Pacific 2050: People-Centered Development (Thematic Area 2),I,A,Annual,SH_MED_DEN,Health worker density,PF,French Polynesia,_T,Total,_T,All ages,_T,National,_T,Total,_T,All education levels,2262,Pharmacists,_Z,Not applicable,_T,No breakdown by disability,2007,,4.1,,PER_10000_POP,"per 10,000 population",N,National,C,Country Data,"Polynesie Francaise, ISPF, PolyBref 2010, Ordre national des Medecins, des Chirurgiens-Dentistes, Direction de la Sante",,A,Normal value,,
DATAFLOW,SPC:DF_BP50_2(1.0),Blue Pacific 2050: People-Centered Development (Thematic Area 2),I,A,Annual,SH_MED_DEN,Health worker density,PF,French Polynesia,_T,Total,_T,All ages,_T,National,_T,Total,_T,All education levels,2262,Pharmacists,_Z,Not applicable,_T,No breakdown by disability,2008,,4.1,,PER_10000_POP,"per 10,000 population",N,National,C,Country Data,"Polynesie Francaise, ISPF, PolyBref 2011, Ordre national des Medecins, des Chirurgiens-Dentistes, Direction de la Sante",,A,Normal value,,
DATAFLOW,SPC:DF_BP50_2(1.0),Blue Pacific 2050: People-Centered Development (Thematic Area 2),I,A,Annual,SH_MED_DEN,Health worker density,PF,French Polynesia,_T,Total,_T,All ages,_T,National,_T,Total,_T,All education levels,2262,Pharmacists,_Z,Not applicable,_T,No breakdown by disability,2009,,4.2,,PER_10000_POP,"per 10,000 population",N,National,C,Country Data,"Polynesie Francaise, ISPF, PolyBref 2012, Ordre national des Medecins, des Chirurgiens-Dentistes, Direction de la Sante",,A,Normal value,,
DATAFLOW,SPC:DF_BP50_2(1.0),Blue Pacific 2050: People-Centered Development (Thematic Area 2),I,A,Annual,SH_MED_DEN,Health worker density,PF,French Polynesia,_T,Total,_T,All ages,_T,National,_T,Total,_T,All education levels,2262,Pharmacists,_Z,Not applicable,_T,No breakdown by disability,2010,,4.2,,PER_10000_POP,"per 10,000 population",N,National,C,Country Data,"Polynesie Francaise, ISPF, PolyBref 2013, Ordre national des Medecins, des Chirurgiens-Dentistes, Direction de la Sante",,A,Normal value,,
DATAFLOW,SPC:DF_BP50_2(1.0),Blue Pacific 2050: People-Centered Development (Thematic Area 2),I,A,Annual,SH_MED_DEN,Health worker density,PF,French Polynesia,_T,Total,_T,All ages,_T,National,_T,Total,_T,All education levels,2262,Pharmacists,_Z,Not applicable,_T,No breakdown by disability,2011,,5.3,,PER_10000_POP,"per 10,000 population",N,National,C,Country Data,"Polynesie Francaise, ISPF, PolyBref 2014, Ordre national des Medecins, des Chirurgiens-Dentistes, Direction de la Sante",,A,Normal value,,
DATAFLOW,SPC:DF_BP50_2(1.0),Blue Pacific 2050: People-Centered Development (Thematic Area 2),I,A,Annual,SH_MED_DEN,Health worker density,PF,French Polynesia,_T,Total,_T,All ages,_T,National,_T,Total,_T,All education levels,2262,Pharmacists,_Z,Not applicable,_T,No breakdown by disability,2012,,5.3,,PER_10000_POP,"per 10,000 population",N,National,C,Country Data,"Polynesie Francaise, ISPF, PolyBref 2015, Conseil de l'ordre des medecins, pharmaciens et chirurgiens dentistes - Direction de la Sante",,A,Normal value,,
DATAFLOW,SPC:DF_BP50_2(1.0),Blue Pacific 2050: People-Centered Development (Thematic Area 2),I,A,Annual,SH_MED_DEN,Health worker density,PF,French Polynesia,_T,Total,_T,All ages,_T,National,_T,Total,_T,All education levels,2262,Pharmacists,_Z,Not applicable,_T,No breakdown by disability,2013,,5.1,,PER_10000_POP,"per 10,000 population",N,National,C,Country Data,"Polynesie Francaise, ISPF, PolyBref 2016, Conseil de l'ordre des medecins, pharmaciens et chirurgiens dentistes - Direction de la Sante",,A,Normal value,,
DATAFLOW,SPC:DF_BP50_2(1.0),Blue Pacific 2050: People-Centered Development (Thematic Area 2),I,A,Annual,SH_MED_DEN,Health worker density,PF,French Polynesia,_T,Total,_T,All ages,_T,National,_T,Total,_T,All education levels,2262,Pharmacists,_Z,Not applicable,_T,No breakdown by disability,2014,,5.5,,PER_10000_POP,"per 10,000 population",N,National,C,Country Data,"Polynesie Francaise, ISPF, PolyBref 2017, Conseil de l'ordre des medecins, pharmaciens et chirurgiens dentistes - Direction de la Sante",,A,Normal value,,
DATAFLOW,SPC:DF_BP50_2(1.0),Blue Pacific 2050: People-Centered Development (Thematic Area 2),I,A,Annual,SH_MED_DEN,Health worker density,PF,French Polynesia,_T,Total,_T,All ages,_T,National,_T,Total,_T,All education levels,2262,Pharmacists,_Z,Not applicable,_T,No breakdown by disability,2022,,7.57,,PER_10000_POP,"per 10,000 population",N,National,C,Country Data,"Polynesie Francaise, ISPF, PolyBref 2022, Agence de regulation de l'action sanitaire et sociale",,A,Normal value,,
DATAFLOW,SPC:DF_BP50_2(1.0),Blue Pacific 2050: People-Centered Development (Thematic Area 2),I,A,Annual,SH_STA_BRTC,Proportion of births attended by skilled health personnel,PF,French Polynesia,_T,Total,_T,All ages,_T,National,_T,Total,_T,All education levels,_T,All occupations,_Z,Not applicable,_T,No breakdown by disability,2010,,97.6,,PERCENT,percent,N,National,C,Country Data,"Polynesie francaise. Direction de la Sante, enquete mortalite",,,,,
DATAFLOW,SPC:DF_BP50_2(1.0),Blue Pacific 2050: People-Centered Development (Thematic Area 2),I,A,Annual,SH_STA_BRTC,Proportion of births attended by skilled health personnel,PF,French Polynesia,_T,Total,_T,All ages,_T,National,_T,Total,_T,All education levels,_T,All occupations,_Z,Not applicable,_T,No breakdown by disability,2016,,99.7,,PERCENT,percent,N,National,C,Country Data,"French Polynesia, Sustainable Development Goals in French Polynesia 2021.",,,,,
DATAFLOW,SPC:DF_BP50_2(1.0),Blue Pacific 2050: People-Centered Development (Thematic Area 2),I,A,Annual,SH_STA_MORT,Maternal mortality ratio,PF,French Polynesia,_T,Total,_T,All ages,_T,National,_T,Total,_T,All education levels,_T,All occupations,_Z,Not applicable,_T,No breakdown by disability,2023,,0,,PER_100000_LIVE_BIRTHS,"per 100,000 live births",N,National,C,Country Data,"French Polynesia Government, preliminary 2023 Sustainable Development Goals in French Polynesia, 2024.",,,,,
DATAFLOW,SPC:DF_BP50_2(1.0),Blue Pacific 2050: People-Centered Development (Thematic Area 2),I,A,Annual,SH_MED_DEN,Health worker density,PF,French Polynesia,_T,Total,_T,All ages,_T,National,_T,Total,_T,All education levels,222,Nursing and Midwifery Professionals,_Z,Not applicable,_T,No breakdown by disability,2023,,35,,PER_10000_POP,"per 10,000 population",N,National,C,Country Data,"French Polynesia Government, preliminary 2023 Sustainable Development Goals in French Polynesia, 2024.",,,,,
DATAFLOW,SPC:DF_BP50_2(1.0),Blue Pacific 2050: People-Centered Development (Thematic Area 2),I,A,Annual,SH_STA_BRTC,Proportion of births attended by skilled health personnel,NR,Nauru,F,Female,Y15T49,15-49,_T,National,_T,Total,_T,All education levels,_T,All occupations,_Z,Not applicable,_T,No breakdown by disability,2023,,98,,PERCENT,percent,N,National,C,Country Data,"Nauru Bureau of Statistics. 2024. Nauru Multiple Indicator Cluster Survey 2023, Survey Findings Report.",,A,Normal value,,
